Period,Method,StrategyNo,Strategy,Symbol,Direction,Regime,Trades,TotalR,AvgR,PF,WinRate,AvgWinR,AvgLossR,LOW_SAMPLE,HighMinusLowAvgR,MaxMinusMinAvgR,Eligible,ClearDependence,Group,EligibleStrategies,EligibleIDs,SameSignStrategies,Support,Aggregation,CILow,CIHigh,ValidBootstraps
Historical,primary,1.0,1_EJ_Log1,EURJPY,Long,LOW,222.0,24.897142852,0.11214929212612613,1.5764371236012076,58.55855855855856,0.5237582417461539,-0.4694720497282609,False,0.08867639595644268,0.19854965900629762,True,False,,,,,,,,,
Historical,primary,1.0,1_EJ_Log1,EURJPY,Long,NORMAL,118.0,0.26857143099999997,0.002276029076271186,1.0092337918322503,54.23728813559322,0.4586607143125,-0.5386243386111111,False,0.08867639595644268,0.19854965900629762,True,False,,,,,,,,,
Historical,primary,1.0,1_EJ_Log1,EURJPY,Long,HIGH,109.0,21.890000001,0.20082568808256882,1.742285520524168,59.63302752293578,0.7904615384923077,-0.6702272727499999,False,0.08867639595644268,0.19854965900629762,True,False,,,,,,,,,
Historical,primary,2.0,2_EJ_NightBlitz_20,EURJPY,Long,LOW,271.0,19.655555569,0.07252972534686347,1.309092815415375,54.981549815498155,0.5587024609463088,-0.5212386156721311,False,0.03343945550715113,0.03343945550715113,True,False,,,,,,,,,
Historical,primary,2.0,2_EJ_NightBlitz_20,EURJPY,Long,NORMAL,139.0,13.013333337,0.0936211031438849,1.3462630086142755,57.55395683453237,0.6324444444874999,-0.6479693486551724,False,0.03343945550715113,0.03343945550715113,True,False,,,,,,,,,
Historical,primary,2.0,2_EJ_NightBlitz_20,EURJPY,Long,HIGH,137.0,14.517777777000001,0.1059691808540146,1.3672700696799172,56.934306569343065,0.6929059829102565,-0.6699811676271186,False,0.03343945550715113,0.03343945550715113,True,False,,,,,,,,,
Historical,primary,3.0,3_EJ_NightBlitz_21,EURJPY,Long,LOW,270.0,12.491999995,0.04626666664814815,1.3671525980190453,52.59259259259259,0.3275774647535211,-0.2679055118110236,False,-0.0013420924948634796,0.009633573079802824,True,False,,,,,,,,,
Historical,primary,3.0,3_EJ_NightBlitz_21,EURJPY,Long,NORMAL,139.0,5.092000006,0.03663309356834533,1.2411593839973678,56.83453237410072,0.3317299578481013,-0.35191111106666667,False,-0.0013420924948634796,0.009633573079802824,True,False,,,,,,,,,
Historical,primary,3.0,3_EJ_NightBlitz_21,EURJPY,Long,HIGH,137.0,6.154666659,0.04492457415328467,1.2445433351380903,56.20437956204379,0.4067878787012987,-0.4265762712033898,False,-0.0013420924948634796,0.009633573079802824,True,False,,,,,,,,,
Historical,primary,4.0,4_GJ_Port_Log1,GBPJPY,Long,LOW,209.0,4.309230768,0.020618329033492824,1.2277235771957258,54.066985645933016,0.2055956432654867,-0.19711538459375,False,0.024289243974259113,0.024289243974259113,True,False,,,,,,,,,
Historical,primary,4.0,4_GJ_Port_Log1,GBPJPY,Long,NORMAL,155.0,4.14076923,0.026714640193548387,1.2739997963690215,54.83870967741935,0.22650678730588233,-0.21901895204347827,False,0.024289243974259113,0.024289243974259113,True,False,,,,,,,,,
Historical,primary,4.0,4_GJ_Port_Log1,GBPJPY,Long,HIGH,129.0,5.793076918,0.04490757300775194,1.3542666286649763,62.7906976744186,0.27339981003703706,-0.34067307697916666,False,0.024289243974259113,0.024289243974259113,True,False,,,,,,,,,
Historical,primary,5.0,5_GJ_Port_Log2,GBPJPY,Short,LOW,260.0,13.076666662000001,0.05029487177692308,1.2060038507889619,53.46153846153846,0.5507513988561151,-0.5246097337107438,False,0.11982927472028362,0.11982927472028362,True,False,,,,,,,,,
Historical,primary,5.0,5_GJ_Port_Log2,GBPJPY,Short,NORMAL,213.0,21.554444445,0.10119457485915494,1.363392840435577,53.990610328638496,0.7032077294608696,-0.6052494330918368,False,0.11982927472028362,0.11982927472028362,True,False,,,,,,,,,
Historical,primary,5.0,5_GJ_Port_Log2,GBPJPY,Short,HIGH,179.0,30.452222223,0.1701241464972067,1.4953012614369698,53.63128491620112,0.9576504629791667,-0.7497831978414634,False,0.11982927472028362,0.11982927472028362,True,False,,,,,,,,,
Historical,primary,6.0,6_GJ_Old_Mon,GBPJPY,Long,LOW,112.0,-1.1680000000000001,-0.01042857142857143,0.9701370423399468,47.32142857142857,0.7159245283018868,-0.6629152542372881,False,-0.0513896103896104,0.34205731225296443,True,False,,,,,,,,,
Historical,primary,6.0,6_GJ_Old_Mon,GBPJPY,Long,NORMAL,92.0,25.782,0.2802391304347826,1.7843149184716478,55.434782608695656,1.1500784313725492,-0.8017560975609757,False,-0.0513896103896104,0.34205731225296443,True,False,,,,,,,,,
Historical,primary,6.0,6_GJ_Old_Mon,GBPJPY,Long,HIGH,55.0,-3.400000000000001,-0.061818181818181835,0.8697617405960315,45.45454545454545,0.9082399999999999,-0.8702000000000001,False,-0.0513896103896104,0.34205731225296443,True,False,,,,,,,,,
Historical,primary,7.0,7_GJ_Mon_Blitz,GBPJPY,Long,LOW,129.0,4.092307688,0.031723315410852715,1.3489439848418956,51.162790697674424,0.2396969696818182,-0.1861538462063492,False,-0.038340807588934905,0.06891067068751615,True,False,,,,,,,,,
Historical,primary,7.0,7_GJ_Mon_Blitz,GBPJPY,Long,NORMAL,106.0,6.603076922,0.06229317850943396,1.5622952966019419,58.490566037735846,0.29590570719354836,-0.2668881119090909,False,-0.038340807588934905,0.06891067068751615,True,False,,,,,,,,,
Historical,primary,7.0,7_GJ_Mon_Blitz,GBPJPY,Long,HIGH,73.0,-0.48307692900000004,-0.006617492178082192,0.9566627556702098,52.054794520547944,0.2806275302631579,-0.31848351654285717,False,-0.038340807588934905,0.06891067068751615,True,False,,,,,,,,,
Historical,primary,8.0,8_AJ_Core1,AUDJPY,Long,LOW,135.0,6.372857143,0.047206349207407405,1.2819848293113287,57.77777777777777,0.371446886474359,-0.39649122810526316,False,0.12339804633105414,0.1791163002988782,True,False,,,,,,,,,
Historical,primary,8.0,8_AJ_Core1,AUDJPY,Long,NORMAL,96.0,-0.817142857,-0.008511904760416666,0.963115811200195,50.0,0.4445238095208333,-0.4615476190416667,False,0.12339804633105414,0.1791163002988782,True,False,,,,,,,,,
Historical,primary,8.0,8_AJ_Core1,AUDJPY,Long,HIGH,78.0,13.307142852,0.17060439553846155,1.9957242112879898,52.56410256410257,0.6505226479512195,-0.3611969111891892,False,0.12339804633105414,0.1791163002988782,True,False,,,,,,,,,
Historical,primary,9.0,9_AJ_Core2,AUDJPY,Short,LOW,67.0,12.140000001,0.18119402986567165,1.6664226899603312,55.223880597014926,0.8204504504324324,-0.6072222221666668,False,0.08547263683608272,0.08742665982398348,True,False,,,,,,,,,
Historical,primary,9.0,9_AJ_Core2,AUDJPY,Short,NORMAL,58.0,15.580000001999998,0.26862068968965513,1.854791514452706,60.3448275862069,0.9659047619142858,-0.7924637680434783,False,0.08547263683608272,0.08742665982398348,True,False,,,,,,,,,
Historical,primary,9.0,9_AJ_Core2,AUDJPY,Short,HIGH,57.0,15.200000002,0.2666666667017544,1.6399101880830822,49.122807017543856,1.3911904763214284,-0.8190804598275863,False,0.08547263683608272,0.08742665982398348,True,False,,,,,,,,,
Historical,primary,10.0,10_AJ_SatA,AUDJPY,Short,LOW,79.0,-1.212,-0.015341772151898733,0.8321794516754362,39.24050632911392,0.1938709677419355,-0.15045833333333333,False,-0.05130229564471145,0.1011162900188324,True,False,,,,,,,,,
Historical,primary,10.0,10_AJ_SatA,AUDJPY,Short,NORMAL,72.0,2.482,0.034472222222222224,1.3678126852400712,48.61111111111111,0.26371428571428573,-0.18744444444444444,False,-0.05130229564471145,0.1011162900188324,True,False,,,,,,,,,
Historical,primary,10.0,10_AJ_SatA,AUDJPY,Short,HIGH,59.0,-3.9320000000000004,-0.06664406779661018,0.6110781404549951,47.45762711864407,0.22064285714285714,-0.3261290322580645,False,-0.05130229564471145,0.1011162900188324,True,False,,,,,,,,,
Historical,primary,11.0,11_AJ_SatB,AUDJPY,Short,LOW,79.0,9.314545454,0.11790563865822784,1.6968171925740647,53.16455696202531,0.5400432900238096,-0.36127764127027023,False,-0.0014803691158549598,0.1510369518387834,True,False,,,,,,,,,
Historical,primary,11.0,11_AJ_SatB,AUDJPY,Short,NORMAL,72.0,-2.3854545490000003,-0.03313131318055556,0.8537346709436423,41.66666666666667,0.46412121213333335,-0.3883116884047619,False,-0.0014803691158549598,0.1510369518387834,True,False,,,,,,,,,
Historical,primary,11.0,11_AJ_SatB,AUDJPY,Short,HIGH,59.0,6.869090903,0.11642526954237288,1.5790038306912475,57.6271186440678,0.5509625667941176,-0.47454545472,False,-0.0014803691158549598,0.1510369518387834,True,False,,,,,,,,,
Historical,primary,12.0,12_UJ_Short_Core,USDJPY,Short,LOW,124.0,16.591,0.1337983870967742,1.903304840202537,61.29032258064516,0.4599736842105263,-0.3907872340425532,False,0.27862827956989245,0.33843843137254903,True,False,,,,,,,,,
Historical,primary,12.0,12_UJ_Short_Core,USDJPY,Short,NORMAL,85.0,6.289,0.07398823529411765,1.40093076628841,55.294117647058826,0.46755319148936175,-0.41278947368421054,False,0.27862827956989245,0.33843843137254903,True,False,,,,,,,,,
Historical,primary,12.0,12_UJ_Short_Core,USDJPY,Short,HIGH,75.0,30.932,0.41242666666666666,3.4611712285168683,61.33333333333333,0.9456521739130435,-0.4333793103448276,False,0.27862827956989245,0.33843843137254903,True,False,,,,,,,,,
Historical,primary,13.0,13_UJ_Fix_MidWeek,USDJPY,Long,LOW,54.0,3.713684213,0.06877192987037037,2.711790395108471,61.111111111111114,0.178277512,-0.10330827061904763,False,-0.004561403584656079,0.009948400458605663,True,False,,,,,,,,,
Historical,primary,13.0,13_UJ_Fix_MidWeek,USDJPY,Long,NORMAL,34.0,2.0,0.058823529411764705,2.4053254435271216,55.88235294117647,0.180166205,-0.09487719300000001,False,-0.004561403584656079,0.009948400458605663,True,False,,,,,,,,,
Historical,primary,13.0,13_UJ_Fix_MidWeek,USDJPY,Long,HIGH,28.0,1.797894736,0.06421052628571429,2.1738831604781237,64.28571428571429,0.18497076022222222,-0.1531578948,False,-0.004561403584656079,0.009948400458605663,True,False,,,,,,,,,
Historical,primary,14.0,14_UJ_Sat_3rd,USDJPY,Short,LOW,18.0,2.4155555570000002,0.13419753094444445,1.54926730702126,55.55555555555556,0.6813333335,-0.54972222225,True,0.2799691358055556,0.36461111125,False,False,,,,,,,,,
Historical,primary,14.0,14_UJ_Sat_3rd,USDJPY,Short,NORMAL,10.0,0.495555555,0.0495555555,1.345736433801334,70.0,0.2755555554285714,-0.4777777776666667,True,0.2799691358055556,0.36461111125,False,False,,,,,,,,,
Historical,primary,14.0,14_UJ_Sat_3rd,USDJPY,Short,HIGH,8.0,3.313333334,0.41416666675,4.152219874117571,62.5,0.8728888890000001,-0.35037037033333335,True,0.2799691358055556,0.36461111125,False,False,,,,,,,,,
Historical,primary,15.0,15_UJ_Sat_Aug,USDJPY,Short,LOW,12.0,1.32,0.11,1.2346666666666668,41.66666666666667,1.389,-0.8035714285714286,True,0.20411764705882351,0.441875,False,False,,,,,,,,,
Historical,primary,15.0,15_UJ_Sat_Aug,USDJPY,Short,NORMAL,8.0,4.415,0.551875,4.532,75.0,0.9441666666666667,-0.625,True,0.20411764705882351,0.441875,False,False,,,,,,,,,
Historical,primary,15.0,15_UJ_Sat_Aug,USDJPY,Short,HIGH,17.0,5.34,0.3141176470588235,1.7922848664688427,52.94117647058824,1.3422222222222222,-0.8425,True,0.20411764705882351,0.441875,False,False,,,,,,,,,
Historical,primary,16.0,16_UJ_T10A,USDJPY,Long,LOW,15.0,3.76,0.25066666666666665,5.22999999947125,73.33333333333333,0.42262626263636366,-0.22222222225,True,0.32044444433333336,0.841111110875,False,False,,,,,,,,,
Historical,primary,16.0,16_UJ_T10A,USDJPY,Long,NORMAL,8.0,-2.159999999,-0.269999999875,0.25688073411855067,37.5,0.24888888900000003,-0.5813333332,True,0.32044444433333336,0.841111110875,False,False,,,,,,,,,
Historical,primary,16.0,16_UJ_T10A,USDJPY,Long,HIGH,8.0,4.568888888,0.571111111,7.287461769592908,75.0,0.8825925925,-0.36333333349999997,True,0.32044444433333336,0.841111110875,False,False,,,,,,,,,
Historical,primary,17.0,17_EA_1B_Wed_Short,EURAUD,Short,LOW,83.0,19.022857143,0.22919104991566264,2.413438063865404,60.24096385542169,0.64962857144,-0.40783549784848483,False,-0.02223452815479307,0.13673866901566262,True,False,,,,,,,,,
Historical,primary,17.0,17_EA_1B_Wed_Short,EURAUD,Short,NORMAL,60.0,5.5471428540000005,0.0924523809,1.3108140556802619,56.666666666666664,0.6880672268235295,-0.6864285714615386,False,-0.02223452815479307,0.13673866901566262,True,False,,,,,,,,,
Historical,primary,17.0,17_EA_1B_Wed_Short,EURAUD,Short,HIGH,46.0,9.520000001,0.20695652176086957,1.7303814117542828,58.69565217391305,0.8353439153703703,-0.6860150375789473,False,-0.02223452815479307,0.13673866901566262,True,False,,,,,,,,,
Historical,primary,18.0,18_EA_2_MonWed_Short,EURAUD,Short,LOW,246.0,15.564444447,0.06327009937804878,1.2726989565962534,51.6260162601626,0.5719685039527559,-0.48369114877118646,False,0.09701272888558757,0.09738789248812614,True,False,,,,,,,,,
Historical,primary,18.0,18_EA_2_MonWed_Short,EURAUD,Short,NORMAL,147.0,9.245555559000001,0.06289493577551021,1.2377768253636041,55.78231292517006,0.5869376693902439,-0.5982051281692308,False,0.09701272888558757,0.09738789248812614,True,False,,,,,,,,,
Historical,primary,18.0,18_EA_2_MonWed_Short,EURAUD,Short,HIGH,110.0,17.631111109,0.16028282826363635,1.490555538309814,56.36363636363636,0.8640681003387096,-0.7487731481666667,False,0.09701272888558757,0.09738789248812614,True,False,,,,,,,,,
Historical,primary,19.0,19_EA_3_WedThu_Long,EURAUD,Long,LOW,171.0,7.556666668999999,0.04419103315204678,1.24556779211378,53.216374269005854,0.4211965811978022,-0.38465277775,False,0.12530835636443674,0.12530835636443674,True,False,,,,,,,,,
Historical,primary,19.0,19_EA_3_WedThu_Long,EURAUD,Long,NORMAL,114.0,6.520000006,0.05719298250877193,1.3308525037321857,57.01754385964912,0.4034871795384615,-0.40217687069387753,False,0.12530835636443674,0.12530835636443674,True,False,,,,,,,,,
Historical,primary,19.0,19_EA_3_WedThu_Long,EURAUD,Long,HIGH,91.0,15.424444446,0.16949938951648352,1.5840626052398852,56.043956043956044,0.8202614379411765,-0.660222222225,False,0.12530835636443674,0.12530835636443674,True,False,,,,,,,,,
Historical,primary,20.0,20_EA_1A_MonTue_Short,EURAUD,Short,LOW,201.0,9.61,0.04781094527363184,1.2310318299836525,55.72139303482587,0.4571964285714286,-0.4673707865168539,False,0.04803175135558164,0.049824178110694964,True,False,,,,,,,,,
Historical,primary,20.0,20_EA_1A_MonTue_Short,EURAUD,Short,NORMAL,108.0,4.97,0.046018518518518514,1.1902902213033157,51.85185185185185,0.5551428571428572,-0.5121176470588235,False,0.04803175135558164,0.049824178110694964,True,False,,,,,,,,,
Historical,primary,20.0,20_EA_1A_MonTue_Short,EURAUD,Short,HIGH,89.0,8.53,0.09584269662921348,1.3089684149521876,52.80898876404494,0.7688936170212766,-0.6573333333333333,False,0.04803175135558164,0.049824178110694964,True,False,,,,,,,,,
Historical,primary,21.0,21_GA_B_3,GBPAUD,Long,LOW,158.0,-0.3981818140000002,-0.0025201380632911404,0.9695452652330501,48.734177215189874,0.16462809922077923,-0.16141414140740742,False,0.03313251189662447,0.05551201962554112,True,False,,,,,,,,,
Historical,primary,21.0,21_GA_B_3,GBPAUD,Long,NORMAL,77.0,-1.917272726,-0.02489964579220779,0.7974549821719907,48.05194805194805,0.20401719910810812,-0.236647727325,False,0.03313251189662447,0.05551201962554112,True,False,,,,,,,,,
Historical,primary,21.0,21_GA_B_3,GBPAUD,Long,HIGH,72.0,2.2040909159999997,0.03061237383333333,1.271546173214503,50.0,0.2866919193888889,-0.2254671717222222,False,0.03313251189662447,0.05551201962554112,True,False,,,,,,,,,
Historical,primary,22.0,22_GA_C_2,GBPAUD,Long,LOW,116.0,26.778571434000003,0.23084975374137934,1.97885117506671,61.206896551724135,0.7624748491971831,-0.6079365079777778,False,-0.0740430309913793,0.26046880129137934,True,False,,,,,,,,,
Historical,primary,22.0,22_GA_C_2,GBPAUD,Long,NORMAL,60.0,-1.7771428529999986,-0.02961904754999998,0.9277500292015115,48.333333333333336,0.7868965517931035,-0.7934562211290322,False,-0.0740430309913793,0.26046880129137934,True,False,,,,,,,,,
Historical,primary,22.0,22_GA_C_2,GBPAUD,Long,HIGH,68.0,10.662857147000002,0.15680672275000004,1.4439685940551497,55.88235294117647,0.9126315790263159,-0.8005714285333333,False,-0.0740430309913793,0.26046880129137934,True,False,,,,,,,,,
Historical,primary,23.0,23_GA_F_2,GBPAUD,Short,LOW,97.0,-1.8211111130000002,-0.018774341371134023,0.9003283871497222,47.42268041237113,0.3576086956086956,-0.36542222222,False,0.21705211915446734,0.21705211915446734,True,False,,,,,,,,,
Historical,primary,23.0,23_GA_F_2,GBPAUD,Short,NORMAL,64.0,6.487777782,0.10137152784375,1.7096499761718436,56.25,0.43416666677777777,-0.32650793650000004,False,0.21705211915446734,0.21705211915446734,True,False,,,,,,,,,
Historical,primary,23.0,23_GA_F_2,GBPAUD,Short,HIGH,60.0,11.896666667,0.19827777778333333,2.454360228061814,61.66666666666667,0.5426126126486487,-0.3556521739565217,False,0.21705211915446734,0.21705211915446734,True,False,,,,,,,,,
Historical,primary,24.0,24_GA_D_1,GBPAUD,Long,LOW,97.0,6.165555556999999,0.06356242842268041,1.4204743503965291,56.70103092783505,0.37870707069090903,-0.34912698407142856,False,0.029233867843986253,0.029233867843986253,True,False,,,,,,,,,
Historical,primary,24.0,24_GA_D_1,GBPAUD,Long,NORMAL,64.0,5.594444444,0.0874131944375,1.4797522629488304,60.9375,0.4424501424358975,-0.46644444444,False,0.029233867843986253,0.029233867843986253,True,False,,,,,,,,,
Historical,primary,24.0,24_GA_D_1,GBPAUD,Long,HIGH,60.0,5.567777776,0.09279629626666666,1.402943068346475,53.333333333333336,0.60579861109375,-0.4934920635357143,False,0.029233867843986253,0.029233867843986253,True,False,,,,,,,,,
Historical,primary,25.0,25_AU_China_Demand,AUDUSD,Long,LOW,261.0,13.03,0.049923371647509575,1.3690434043758408,53.25670498084292,0.34775179856115107,-0.2967016806722689,False,0.03610604011719631,0.03610604011719631,True,False,,,,,,,,,
Historical,primary,25.0,25_AU_China_Demand,AUDUSD,Long,NORMAL,155.0,11.9625,0.07717741935483871,1.5104,56.12903225806451,0.4068965517241379,-0.3446691176470588,False,0.03610604011719631,0.03610604011719631,True,False,,,,,,,,,
Historical,primary,25.0,25_AU_China_Demand,AUDUSD,Long,HIGH,119.0,10.2375,0.08602941176470588,1.4191402251791199,57.14285714285714,0.5097426470588236,-0.4885,False,0.03610604011719631,0.03610604011719631,True,False,,,,,,,,,
Historical,primary,26.0,26_AJ_China_Demand,AUDJPY,Long,LOW,117.0,6.571111114,0.05616334285470085,1.3590771100350232,58.119658119658126,0.36575163404411765,-0.38125000002083337,False,0.08493405084900285,0.08493405084900285,True,False,,,,,,,,,
Historical,primary,26.0,26_AJ_China_Demand,AUDJPY,Long,NORMAL,72.0,5.693333336999999,0.07907407412499999,1.4423342545354398,52.77777777777778,0.4885380117105263,-0.3785620914117647,False,0.08493405084900285,0.08493405084900285,True,False,,,,,,,,,
Historical,primary,26.0,26_AJ_China_Demand,AUDJPY,Long,HIGH,81.0,11.42888889,0.1410973937037037,1.5515873016675477,54.32098765432099,0.7306565656590909,-0.5599999999729729,False,0.08493405084900285,0.08493405084900285,True,False,,,,,,,,,
Historical,primary,27.0,27_EA_China_Demand,EURAUD,Short,LOW,129.0,14.216666663,0.11020671831782945,1.8117624663127259,60.46511627906976,0.4067948717948718,-0.3433986928823529,False,-0.03701227388727389,0.03701227388727389,True,False,,,,,,,,,
Historical,primary,27.0,27_EA_China_Demand,EURAUD,Short,NORMAL,104.0,10.124999998,0.09735576921153846,1.5668035080475315,61.53846153846154,0.43731770828125,-0.4465833333,False,-0.03701227388727389,0.03701227388727389,True,False,,,,,,,,,
Historical,primary,27.0,27_EA_China_Demand,EURAUD,Short,HIGH,72.0,5.269999999,0.07319444443055556,1.2607189973034063,58.333333333333336,0.6067460317380953,-0.6737777778,False,-0.03701227388727389,0.03701227388727389,True,False,,,,,,,,,
Historical,primary,28.0,28_GA_China_Demand,GBPAUD,Short,LOW,133.0,4.561333334,0.03429573935338346,1.1852995342355053,49.62406015037594,0.44208080803030303,-0.36740298501492535,False,0.0018993825856409297,0.0746084751408694,True,False,,,,,,,,,
Historical,primary,28.0,28_GA_China_Demand,GBPAUD,Short,NORMAL,87.0,9.474666661,0.10890421449425287,1.6140153802070323,59.77011494252874,0.4789487178653846,-0.4408761905142857,False,0.0018993825856409297,0.0746084751408694,True,False,,,,,,,,,
Historical,primary,28.0,28_GA_China_Demand,GBPAUD,Short,HIGH,82.0,2.967999999,0.03619512193902439,1.1668665666666742,53.65853658536586,0.47169696965909086,-0.4680701754210526,False,0.0018993825856409297,0.0746084751408694,True,False,,,,,,,,,
Historical,primary,,,,,LOW,3865.0,252.628459336,0.06536312013868047,1.3721108372546211,54.20439844760673,0.4446467499145585,-0.3853044731753689,False,0.05681591337105078,,,,Portfolio,25.0,1|2|3|4|5|6|7|8|9|10|11|12|13|17|18|19|20|21|22|23|24|25|26|27|28,16.0,DESCRIPTIVE_ONLY,trade_weighted,,,
Historical,primary,,,,,LOW,,,0.07059432776331342,,,,,,0.045789509203824505,,,,Portfolio,25.0,1|2|3|4|5|6|7|8|9|10|11|12|13|17|18|19|20|21|22|23|24|25|26|27|28,16.0,DESCRIPTIVE_ONLY,strategy_equal_weighted,,,0.0
Historical,primary,,,,,NORMAL,2517.0,174.279158585,0.06924082581843465,1.3351613981561,55.02582439411998,0.5012743185862816,-0.4609802949086879,False,0.05681591337105078,,,,Portfolio,25.0,1|2|3|4|5|6|7|8|9|10|11|12|13|17|18|19|20|21|22|23|24|25|26|27|28,16.0,DESCRIPTIVE_ONLY,trade_weighted,,,
Historical,primary,,,,,NORMAL,,,0.07010278129158726,,,,,,0.045789509203824505,,,,Portfolio,25.0,1|2|3|4|5|6|7|8|9|10|11|12|13|17|18|19|20|21|22|23|24|25|26|27|28,16.0,DESCRIPTIVE_ONLY,strategy_equal_weighted,,,0.0
Historical,primary,,,,,HIGH,2158.0,263.662354314,0.12217903350973125,1.496303759708702,55.74606116774792,0.6607766690590191,-0.5580377926092437,False,0.05681591337105078,,,,Portfolio,25.0,1|2|3|4|5|6|7|8|9|10|11|12|13|17|18|19|20|21|22|23|24|25|26|27|28,16.0,DESCRIPTIVE_ONLY,trade_weighted,,,
Historical,primary,,,,,HIGH,,,0.11638383696713793,,,,,,0.045789509203824505,,,,Portfolio,25.0,1|2|3|4|5|6|7|8|9|10|11|12|13|17|18|19|20|21|22|23|24|25|26|27|28,16.0,DESCRIPTIVE_ONLY,strategy_equal_weighted,,,0.0
Historical,primary,,,,,LOW,2173.0,138.341657016,0.06366390106580763,1.3591413242422543,54.44086516336861,0.4425552184775994,-0.3902747380374873,False,0.06337248858042976,,,,JPY,14.0,1|2|3|4|5|6|7|8|9|10|11|12|13|26,8.0,DESCRIPTIVE_ONLY,trade_weighted,,,
Historical,primary,,,,,LOW,,,0.06520368102250633,,,,,,0.04930362892325266,,,,JPY,14.0,1|2|3|4|5|6|7|8|9|10|11|12|13|26,8.0,DESCRIPTIVE_ONLY,strategy_equal_weighted,,,0.0
Historical,primary,,,,,NORMAL,1477.0,108.04648686,0.07315266544346649,1.353286195788216,54.43466486120515,0.5147751634116915,-0.4564667828701492,False,0.06337248858042976,,,,JPY,14.0,1|2|3|4|5|6|7|8|9|10|11|12|13|26,8.0,DESCRIPTIVE_ONLY,trade_weighted,,,
Historical,primary,,,,,NORMAL,,,0.07687909161337206,,,,,,0.04930362892325266,,,,JPY,14.0,1|2|3|4|5|6|7|8|9|10|11|12|13|26,8.0,DESCRIPTIVE_ONLY,strategy_equal_weighted,,,0.0
Historical,primary,,,,,HIGH,1289.0,163.749906254,0.1270363896462374,1.5253396034152262,55.779674166020165,0.6612696248748261,-0.5487728063926056,False,0.06337248858042976,,,,JPY,14.0,1|2|3|4|5|6|7|8|9|10|11|12|13|26,8.0,DESCRIPTIVE_ONLY,trade_weighted,,,
Historical,primary,,,,,HIGH,,,0.11450730994575899,,,,,,0.04930362892325266,,,,JPY,14.0,1|2|3|4|5|6|7|8|9|10|11|12|13|26,8.0,DESCRIPTIVE_ONLY,strategy_equal_weighted,,,0.0
Historical,primary,,,,,LOW,1692.0,114.28680232,0.06754539144208038,1.3891206470212387,53.90070921985816,0.4473597780833333,-0.3789746003767742,False,0.04742865695837992,,,,AUD_nonJPY,11.0,17|18|19|20|21|22|23|24|25|27|28,8.0,DESCRIPTIVE_ONLY,trade_weighted,,,
Historical,primary,,,,,LOW,,,0.07745515088797703,,,,,,0.04131699319727951,,,,AUD_nonJPY,11.0,17|18|19|20|21|22|23|24|25|27|28,8.0,DESCRIPTIVE_ONLY,strategy_equal_weighted,,,0.0
Historical,primary,,,,,NORMAL,1040.0,66.232671725,0.06368526127403847,1.3092773065228702,55.86538461538461,0.48259156602237524,-0.46758303086026204,False,0.04742865695837992,,,,AUD_nonJPY,11.0,17|18|19|20|21|22|23|24|25|27|28,8.0,DESCRIPTIVE_ONLY,trade_weighted,,,
Historical,primary,,,,,NORMAL,,,0.06147838633658845,,,,,,0.04131699319727951,,,,AUD_nonJPY,11.0,17|18|19|20|21|22|23|24|25|27|28,8.0,DESCRIPTIVE_ONLY,strategy_equal_weighted,,,0.0
Historical,primary,,,,,HIGH,869.0,99.91244806,0.1149740484004603,1.4550803551622356,55.69620253164557,0.6600443648615703,-0.5717422513880208,False,0.04742865695837992,,,,AUD_nonJPY,11.0,17|18|19|20|21|22|23|24|25|27|28,8.0,DESCRIPTIVE_ONLY,trade_weighted,,,
Historical,primary,,,,,HIGH,,,0.11877214408525653,,,,,,0.04131699319727951,,,,AUD_nonJPY,11.0,17|18|19|20|21|22|23|24|25|27|28,8.0,DESCRIPTIVE_ONLY,strategy_equal_weighted,,,0.0
Historical,primary,,,,,LOW,2337.0,137.828501188,0.05897668001198117,1.3668555099829893,54.59991442019684,0.40245369635266454,-0.3557788024223485,False,0.037145352178380275,,,,Long,14.0,1|2|3|4|6|7|8|13|19|21|22|24|25|26,9.0,DESCRIPTIVE_ONLY,trade_weighted,,,
Historical,primary,,,,,LOW,,,0.05935763056926539,,,,,,0.029202930270764968,,,,Long,14.0,1|2|3|4|6|7|8|13|19|21|22|24|25|26,9.0,DESCRIPTIVE_ONLY,strategy_equal_weighted,,,0.0
Historical,primary,,,,,NORMAL,1429.0,79.998470278,0.05598213455423373,1.2901296323960576,55.00349895031491,0.4525852533969466,-0.4301615271326053,False,0.037145352178380275,,,,Long,14.0,1|2|3|4|6|7|8|13|19|21|22|24|25|26,9.0,DESCRIPTIVE_ONLY,trade_weighted,,,
Historical,primary,,,,,NORMAL,,,0.05703055547582265,,,,,,0.029202930270764968,,,,Long,14.0,1|2|3|4|6|7|8|13|19|21|22|24|25|26,9.0,DESCRIPTIVE_ONLY,strategy_equal_weighted,,,0.0
Historical,primary,,,,,HIGH,1245.0,119.671930077,0.09612203219036144,1.4259996132383164,56.06425702811245,0.573914339222063,-0.5154500526605504,False,0.037145352178380275,,,,Long,14.0,1|2|3|4|6|7|8|13|19|21|22|24|25|26,9.0,DESCRIPTIVE_ONLY,trade_weighted,,,
Historical,primary,,,,,HIGH,,,0.08856056084003036,,,,,,0.029202930270764968,,,,Long,14.0,1|2|3|4|6|7|8|13|19|21|22|24|25|26,9.0,DESCRIPTIVE_ONLY,strategy_equal_weighted,,,0.0
Historical,primary,,,,,LOW,1528.0,114.799958148,0.07513086266230366,1.378622752391649,53.59947643979057,0.5103834243284493,-0.4294675161147309,False,0.08258044537384089,,,,Short,11.0,5|9|10|11|12|17|18|20|23|27|28,7.0,DESCRIPTIVE_ONLY,trade_weighted,,,
Historical,primary,,,,,LOW,,,0.08489557873755639,,,,,,0.06689970057317297,,,,Short,11.0,5|9|10|11|12|17|18|20|23|27|28,7.0,DESCRIPTIVE_ONLY,strategy_equal_weighted,,,0.0
Historical,primary,,,,,NORMAL,1088.0,94.280688307,0.08665504439981618,1.385997240859256,55.05514705882353,0.5651634759131887,-0.5015446278542094,False,0.08258044537384089,,,,Short,11.0,5|9|10|11|12|17|18|20|23|27|28,7.0,DESCRIPTIVE_ONLY,trade_weighted,,,
Historical,primary,,,,,NORMAL,,,0.08674015960256042,,,,,,0.06689970057317297,,,,Short,11.0,5|9|10|11|12|17|18|20|23|27|28,7.0,DESCRIPTIVE_ONLY,strategy_equal_weighted,,,0.0
Historical,primary,,,,,HIGH,913.0,143.99042423699998,0.15771130803614455,1.5751985238594512,55.312157721796275,0.7808358893089109,-0.6150656016314496,False,0.08258044537384089,,,,Short,11.0,5|9|10|11|12|17|18|20|23|27|28,7.0,DESCRIPTIVE_ONLY,trade_weighted,,,
Historical,primary,,,,,HIGH,,,0.15179527931072936,,,,,,0.06689970057317297,,,,Short,11.0,5|9|10|11|12|17|18|20|23|27|28,7.0,DESCRIPTIVE_ONLY,strategy_equal_weighted,,,0.0
Historical,robustness,1.0,1_EJ_Log1,EURJPY,Long,LOW,188.0,7.354285709,0.03911854100531915,1.1751318249971803,53.72340425531915,0.48858557283168313,-0.4826765189310345,False,0.13644098281968087,0.13644098281968087,True,False,,,,,,,,,
Historical,robustness,1.0,1_EJ_Log1,EURJPY,Long,NORMAL,140.0,18.217142859,0.13012244899285713,1.6208978479761724,60.71428571428571,0.5594957983294118,-0.5334545454363636,False,0.13644098281968087,0.13644098281968087,True,False,,,,,,,,,
Historical,robustness,1.0,1_EJ_Log1,EURJPY,Long,HIGH,120.0,21.067142859,0.175559523825,1.6922174240027175,60.0,0.7152976190833333,-0.6340476190625001,False,0.13644098281968087,0.13644098281968087,True,False,,,,,,,,,
Historical,robustness,2.0,2_EJ_NightBlitz_20,EURJPY,Long,LOW,227.0,11.326666678,0.04989721003524229,1.2086113045942846,55.06607929515418,0.524977777864,-0.537579757970297,False,0.07725320569945159,0.07725320569945159,True,False,,,,,,,,,
Historical,robustness,2.0,2_EJ_NightBlitz_20,EURJPY,Long,NORMAL,172.0,18.168888892000002,0.10563307495348838,1.3995308835496734,55.23255813953488,0.6699415205263158,-0.5905916306233767,False,0.07725320569945159,0.07725320569945159,True,False,,,,,,,,,
Historical,robustness,2.0,2_EJ_NightBlitz_20,EURJPY,Long,HIGH,147.0,18.691111113,0.12715041573469388,1.4680839223592523,59.183673469387756,0.6738186462528736,-0.6655185185166667,False,0.07725320569945159,0.07725320569945159,True,False,,,,,,,,,
Historical,robustness,3.0,3_EJ_NightBlitz_21,EURJPY,Long,LOW,226.0,7.771999997,0.03438938051769912,1.2601883675172885,52.654867256637175,0.31632492995798317,-0.28179874215094336,False,0.062635562747607,0.08358308278274798,True,False,,,,,,,,,
Historical,robustness,3.0,3_EJ_NightBlitz_21,EURJPY,Long,NORMAL,172.0,2.312000003,0.01344186048255814,1.0814084508184587,52.90697674418605,0.3374945054945055,-0.3506172839135802,False,0.062635562747607,0.08358308278274798,True,False,,,,,,,,,
Historical,robustness,3.0,3_EJ_NightBlitz_21,EURJPY,Long,HIGH,147.0,14.262666659999999,0.09702494326530611,1.6656088603696098,59.863945578231295,0.40557575749999997,-0.36944827586206896,False,0.062635562747607,0.08358308278274798,True,False,,,,,,,,,
Historical,robustness,4.0,4_GJ_Port_Log1,GBPJPY,Long,LOW,190.0,-0.5223076940000003,-0.0027489878631578963,0.9746981665622021,54.736842105263165,0.19346893491346154,-0.2400357781976744,False,0.06755792082444821,0.06755792082444821,True,False,,,,,,,,,
Historical,robustness,4.0,4_GJ_Port_Log1,GBPJPY,Long,NORMAL,148.0,4.720000001,0.03189189189864865,1.3422197436261256,53.37837837837838,0.234333008721519,-0.1998885172173913,False,0.06755792082444821,0.06755792082444821,True,False,,,,,,,,,
Historical,robustness,4.0,4_GJ_Port_Log1,GBPJPY,Long,HIGH,155.0,10.045384609,0.06480893296129031,1.6297135688260502,61.935483870967744,0.27080929482291666,-0.2750397878275862,False,0.06755792082444821,0.06755792082444821,True,False,,,,,,,,,
Historical,robustness,5.0,5_GJ_Port_Log2,GBPJPY,Short,LOW,233.0,1.129999997,0.004849785394849785,1.0182509914629663,51.072961373390555,0.5297852474117647,-0.5431091617982456,False,0.14904471517585727,0.14904471517585727,True,False,,,,,,,,,
Historical,robustness,5.0,5_GJ_Port_Log2,GBPJPY,Short,NORMAL,221.0,33.48222222,0.1515032679638009,1.5840262030452474,57.01357466063348,0.7207319223730159,-0.6034736842,False,0.14904471517585727,0.14904471517585727,True,False,,,,,,,,,
Historical,robustness,5.0,5_GJ_Port_Log2,GBPJPY,Short,HIGH,198.0,30.471111113,0.15389450057070705,1.4685700617027744,53.03030303030303,0.9095343915619047,-0.7068478260978261,False,0.14904471517585727,0.14904471517585727,True,False,,,,,,,,,
Historical,robustness,6.0,6_GJ_Old_Mon,GBPJPY,Long,LOW,100.0,-5.082,-0.05082,0.8582743041998997,47.0,0.6548085106382978,-0.676566037735849,False,0.1425422222222222,0.2645874418604651,True,False,,,,,,,,,
Historical,robustness,6.0,6_GJ_Old_Mon,GBPJPY,Long,NORMAL,86.0,18.384,0.21376744186046512,1.6074544012688343,54.65116279069767,1.035063829787234,-0.776,False,0.1425422222222222,0.2645874418604651,True,False,,,,,,,,,
Historical,robustness,6.0,6_GJ_Old_Mon,GBPJPY,Long,HIGH,72.0,6.603999999999999,0.0917222222222222,1.2065815815815817,47.22222222222222,1.1344705882352941,-0.8412631578947368,False,0.1425422222222222,0.2645874418604651,True,False,,,,,,,,,
Historical,robustness,7.0,7_GJ_Mon_Blitz,GBPJPY,Long,LOW,118.0,-1.1230769250000001,-0.009517601059322036,0.9157287155975488,46.61016949152542,0.2218881118909091,-0.21153846157142858,False,0.05446515343432203,0.08136070841575768,True,False,,,,,,,,,
Historical,robustness,7.0,7_GJ_Mon_Blitz,GBPJPY,Long,NORMAL,101.0,7.256153843,0.07184310735643565,1.7414714662883564,56.43564356435643,0.29898785422807017,-0.22241258745454545,False,0.05446515343432203,0.08136070841575768,True,False,,,,,,,,,
Historical,robustness,7.0,7_GJ_Mon_Blitz,GBPJPY,Long,HIGH,88.0,3.9553846089999998,0.044947552375,1.343808504321623,60.22727272727273,0.2916981131320755,-0.32870329677142857,False,0.05446515343432203,0.08136070841575768,True,False,,,,,,,,,
Historical,robustness,8.0,8_AJ_Core1,AUDJPY,Long,LOW,130.0,0.3799999939999999,0.002923076876923076,1.0148404371655588,54.61538461538461,0.3659959758309859,-0.4339951574576271,False,0.15648286370723535,0.15648286370723535,True,False,,,,,,,,,
Historical,robustness,8.0,8_AJ_Core1,AUDJPY,Long,NORMAL,77.0,2.157142859,0.028014842324675323,1.1619650328611806,57.14285714285714,0.35172077925,-0.4035930735757576,False,0.15648286370723535,0.15648286370723535,True,False,,,,,,,,,
Historical,robustness,8.0,8_AJ_Core1,AUDJPY,Long,HIGH,101.0,16.099999999,0.15940594058415844,1.8387913069843753,50.495049504950494,0.6920448178627451,-0.38388571424,False,0.15648286370723535,0.15648286370723535,True,False,,,,,,,,,
Historical,robustness,9.0,9_AJ_Core2,AUDJPY,Short,LOW,65.0,11.203333335,0.1723589743846154,1.576303155151883,55.38461538461539,0.8512037036944444,-0.6703448275172414,False,0.008540496551892512,0.20393732193019942,True,False,,,,,,,,,
Historical,robustness,9.0,9_AJ_Core2,AUDJPY,Short,NORMAL,54.0,20.320000001,0.3762962963148148,2.4289732772453565,61.111111111111114,1.0466666666666666,-0.6771428570952381,False,0.008540496551892512,0.20393732193019942,True,False,,,,,,,,,
Historical,robustness,9.0,9_AJ_Core2,AUDJPY,Short,HIGH,63.0,11.396666668999998,0.1808994709365079,1.4294686597824662,49.2063492063492,1.2236559140967742,-0.829270833375,False,0.008540496551892512,0.20393732193019942,True,False,,,,,,,,,
Historical,robustness,10.0,10_AJ_SatA,AUDJPY,Short,LOW,76.0,-0.07399999999999993,-0.0009736842105263149,0.9886293792255686,47.368421052631575,0.17872222222222223,-0.1627,False,-0.0654674922600619,0.09568360071301246,True,False,,,,,,,,,
Historical,robustness,10.0,10_AJ_SatA,AUDJPY,Short,NORMAL,66.0,1.9300000000000002,0.029242424242424243,1.315875613747954,40.909090909090914,0.29777777777777775,-0.16078947368421054,False,-0.0654674922600619,0.09568360071301246,True,False,,,,,,,,,
Historical,robustness,10.0,10_AJ_SatA,AUDJPY,Short,HIGH,68.0,-4.518,-0.06644117647058823,0.6058279532367824,45.588235294117645,0.224,-0.3097837837837838,False,-0.0654674922600619,0.09568360071301246,True,False,,,,,,,,,
Historical,robustness,11.0,11_AJ_SatB,AUDJPY,Short,LOW,76.0,5.38909091,0.07090909092105263,1.3844357977077826,48.68421052631579,0.5245208845675675,-0.35944055946153847,False,0.012272727137770889,0.04147382911942958,True,False,,,,,,,,,
Historical,robustness,11.0,11_AJ_SatB,AUDJPY,Short,NORMAL,66.0,2.75272727,0.04170798893939394,1.2282870926223934,51.515151515151516,0.4356149732352941,-0.376818181875,False,0.012272727137770889,0.04147382911942958,True,False,,,,,,,,,
Historical,robustness,11.0,11_AJ_SatB,AUDJPY,Short,HIGH,68.0,5.656363627999999,0.08318181805882352,1.3657848317837666,51.470588235294116,0.6034285713428572,-0.4685950414848485,False,0.012272727137770889,0.04147382911942958,True,False,,,,,,,,,
Historical,robustness,12.0,12_UJ_Short_Core,USDJPY,Short,LOW,113.0,10.491,0.09284070796460177,1.6091626988735337,60.17699115044248,0.40754411764705883,-0.3827111111111111,False,0.22000544588155213,0.22000544588155213,True,False,,,,,,,,,
Historical,robustness,12.0,12_UJ_Short_Core,USDJPY,Short,NORMAL,93.0,18.919,0.20343010752688173,2.421946636602781,60.215053763440864,0.5754285714285714,-0.3695833333333333,False,0.22000544588155213,0.22000544588155213,True,False,,,,,,,,,
Historical,robustness,12.0,12_UJ_Short_Core,USDJPY,Short,HIGH,78.0,24.402,0.3128461538461539,2.5162172238101155,57.692307692307686,0.8999111111111111,-0.48769696969696974,False,0.22000544588155213,0.22000544588155213,True,False,,,,,,,,,
Historical,robustness,13.0,13_UJ_Fix_MidWeek,USDJPY,Long,LOW,47.0,3.6600000010000002,0.07787234044680852,3.1279069773255817,61.702127659574465,0.1855172414137931,-0.09555555555555556,False,-0.02415417405971175,0.02415417405971175,True,False,,,,,,,,,
Historical,robustness,13.0,13_UJ_Fix_MidWeek,USDJPY,Long,NORMAL,38.0,2.18631579,0.05753462605263158,2.2217647063202075,57.89473684210527,0.18071770336363635,-0.11184210525,False,-0.02415417405971175,0.02415417405971175,True,False,,,,,,,,,
Historical,robustness,13.0,13_UJ_Fix_MidWeek,USDJPY,Long,HIGH,31.0,1.665263158,0.05371816638709677,2.0312907432875678,61.29032258064516,0.1726315789473684,-0.13456140349999998,False,-0.02415417405971175,0.02415417405971175,True,False,,,,,,,,,
Historical,robustness,14.0,14_UJ_Sat_3rd,USDJPY,Short,LOW,18.0,4.215555557,0.23419753094444445,2.1298391904148253,66.66666666666666,0.6622222223333333,-0.6218518518333334,True,-0.0673456790277778,0.23308641994444446,False,False,,,,,,,,,
Historical,robustness,14.0,14_UJ_Sat_3rd,USDJPY,Short,NORMAL,6.0,0.006666666000000012,0.001111111000000002,1.009999998995,66.66666666666666,0.16833333325,-0.3333333335,True,-0.0673456790277778,0.23308641994444446,False,False,,,,,,,,,
Historical,robustness,14.0,14_UJ_Sat_3rd,USDJPY,Short,HIGH,12.0,2.002222223,0.16685185191666665,1.8059033993838822,50.0,0.7477777778333333,-0.414074074,True,-0.0673456790277778,0.23308641994444446,False,False,,,,,,,,,
Historical,robustness,15.0,15_UJ_Sat_Aug,USDJPY,Short,LOW,8.0,2.295,0.286875,1.6954545454545455,50.0,1.39875,-0.825,True,0.10332500000000006,0.63395,False,False,,,,,,,,,
Historical,robustness,15.0,15_UJ_Sat_Aug,USDJPY,Short,NORMAL,4.0,-0.9749999999999999,-0.24374999999999997,0.5806451612903226,25.0,1.35,-0.775,True,0.10332500000000006,0.63395,False,False,,,,,,,,,
Historical,robustness,15.0,15_UJ_Sat_Aug,USDJPY,Short,HIGH,25.0,9.755,0.39020000000000005,2.2209011264080103,60.0,1.183,-0.799,False,0.10332500000000006,0.63395,False,False,,,,,,,,,
Historical,robustness,16.0,16_UJ_T10A,USDJPY,Long,LOW,13.0,1.2688888889999999,0.0976068376153846,1.5642292490333878,69.23076923076923,0.3908641975555555,-0.56222222225,True,0.2957264956068376,0.2957264956068376,False,False,,,,,,,,,
Historical,robustness,16.0,16_UJ_T10A,USDJPY,Long,NORMAL,9.0,1.3600000010000002,0.15111111122222223,2.4676259014155586,55.55555555555556,0.4573333334,-0.23166666649999998,True,0.2957264956068376,0.2957264956068376,False,False,,,,,,,,,
Historical,robustness,16.0,16_UJ_T10A,USDJPY,Long,HIGH,9.0,3.539999999,0.3933333332222222,3.628712869893883,66.66666666666666,0.8144444443333333,-0.448888889,True,0.2957264956068376,0.2957264956068376,False,False,,,,,,,,,
Historical,robustness,17.0,17_EA_1B_Wed_Short,EURAUD,Short,LOW,81.0,20.418571427,0.25208112872839505,2.5227999146008058,64.19753086419753,0.650521978,-0.46236453203448274,False,-0.08716354630531814,0.1610862307819665,True,False,,,,,,,,,
Historical,robustness,17.0,17_EA_1B_Wed_Short,EURAUD,Short,NORMAL,56.0,5.095714285000001,0.09099489794642858,1.329606357352548,57.14285714285714,0.6423660714375,-0.6441666667083333,False,-0.08716354630531814,0.1610862307819665,True,False,,,,,,,,,
Historical,robustness,17.0,17_EA_1B_Wed_Short,EURAUD,Short,HIGH,52.0,8.575714286,0.1649175824230769,1.5542936288426858,51.92307692307693,0.8906349206296297,-0.61885714284,False,-0.08716354630531814,0.1610862307819665,True,False,,,,,,,,,
Historical,robustness,18.0,18_EA_2_MonWed_Short,EURAUD,Short,LOW,218.0,22.525555558,0.10332823650458715,1.4765408302788645,53.21100917431193,0.6016762452413793,-0.4634204793137255,False,-0.0328578391031273,0.03665401124608375,True,False,,,,,,,,,
Historical,robustness,18.0,18_EA_2_MonWed_Short,EURAUD,Short,NORMAL,147.0,9.801111113000001,0.0666742252585034,1.2482061960690263,58.50340136054422,0.573126614988372,-0.6473406192786886,False,-0.0328578391031273,0.03665401124608375,True,False,,,,,,,,,
Historical,robustness,18.0,18_EA_2_MonWed_Short,EURAUD,Short,HIGH,137.0,9.654444444000001,0.07047039740145986,1.2138620197360661,49.63503649635037,0.8058496731764705,-0.6638725489999999,False,-0.0328578391031273,0.03665401124608375,True,False,,,,,,,,,
Historical,robustness,19.0,19_EA_3_WedThu_Long,EURAUD,Long,LOW,163.0,10.966666671999999,0.06728016363190183,1.3756851402829553,56.44171779141104,0.43649758457608695,-0.4111424099859155,False,0.06690707917365372,0.09568988827222222,True,False,,,,,,,,,
Historical,robustness,19.0,19_EA_3_WedThu_Long,EURAUD,Long,NORMAL,105.0,4.042222226,0.03849735453333333,1.1988956319303852,50.476190476190474,0.4597274633584906,-0.3908333333076923,False,0.06690707917365372,0.09568988827222222,True,False,,,,,,,,,
Historical,robustness,19.0,19_EA_3_WedThu_Long,EURAUD,Long,HIGH,108.0,14.492222223,0.13418724280555555,1.529428478703333,57.407407407407405,0.6752508960483871,-0.5950724637391305,False,0.06690707917365372,0.09568988827222222,True,False,,,,,,,,,
Historical,robustness,20.0,20_EA_1A_MonTue_Short,EURAUD,Short,LOW,170.0,12.478,0.07339999999999999,1.3384874131944444,55.294117647058826,0.5249148936170213,-0.48505263157894735,False,-0.020844444444444436,0.03459327731092436,True,False,,,,,,,,,
Historical,robustness,20.0,20_EA_1A_MonTue_Short,EURAUD,Short,NORMAL,119.0,4.618,0.03880672268907563,1.171303509162401,52.94117647058824,0.5012063492063492,-0.4901454545454545,False,-0.020844444444444436,0.03459327731092436,True,False,,,,,,,,,
Historical,robustness,20.0,20_EA_1A_MonTue_Short,EURAUD,Short,HIGH,108.0,5.676,0.05255555555555556,1.1801904761904762,52.77777777777778,0.6522105263157895,-0.6176470588235294,False,-0.020844444444444436,0.03459327731092436,True,False,,,,,,,,,
Historical,robustness,21.0,21_GA_B_3,GBPAUD,Long,LOW,135.0,-0.052727269000000195,-0.0003905723629629644,0.995534855390652,43.7037037037037,0.19925269650847457,-0.15537679425,False,0.029286676336988934,0.05480519485700469,True,False,,,,,,,,,
Historical,robustness,21.0,21_GA_B_3,GBPAUD,Long,NORMAL,94.0,-2.435454543,-0.025909090882978724,0.749251217058316,51.06382978723404,0.1516098485625,-0.21114624508695654,False,0.029286676336988934,0.05480519485700469,True,False,,,,,,,,,
Historical,robustness,21.0,21_GA_B_3,GBPAUD,Long,HIGH,77.0,2.2250000059999997,0.02889610397402597,1.2435444555756752,54.54545454545454,0.2704978356666667,-0.26102597405714284,False,0.029286676336988934,0.05480519485700469,True,False,,,,,,,,,
Historical,robustness,22.0,22_GA_C_2,GBPAUD,Long,LOW,104.0,10.680000006000002,0.10269230775000002,1.3443415782144172,52.88461538461539,0.7581038961818183,-0.6329737608979592,False,0.06998870992123288,0.08206248974253733,True,False,,,,,,,,,
Historical,robustness,22.0,22_GA_C_2,GBPAUD,Long,NORMAL,67.0,12.378571432000001,0.18475479749253734,1.5958192946341032,61.19402985074627,0.808641115097561,-0.7990659341153846,False,0.06998870992123288,0.08206248974253733,True,False,,,,,,,,,
Historical,robustness,22.0,22_GA_C_2,GBPAUD,Long,HIGH,73.0,12.605714290000002,0.1726810176712329,1.5213281344301626,57.534246575342465,0.8758503402142859,-0.7799999999677419,False,0.06998870992123288,0.08206248974253733,True,False,,,,,,,,,
Historical,robustness,23.0,23_GA_F_2,GBPAUD,Short,LOW,95.0,-3.042222222,-0.03202339181052632,0.8403405446544887,46.31578947368421,0.36391414143181816,-0.38108888890000003,False,0.26416143894689,0.26416143894689,True,False,,,,,,,,,
Historical,robustness,23.0,23_GA_F_2,GBPAUD,Short,NORMAL,60.0,4.284444447,0.07140740745,1.5025413791934408,55.00000000000001,0.38818181824242426,-0.3157613168518519,False,0.26416143894689,0.26416143894689,True,False,,,,,,,,,
Historical,robustness,23.0,23_GA_F_2,GBPAUD,Short,HIGH,66.0,15.321111111,0.23213804713636366,2.9119523015464264,63.63636363636363,0.555582010595238,-0.3338888889166667,False,0.26416143894689,0.26416143894689,True,False,,,,,,,,,
Historical,robustness,24.0,24_GA_D_1,GBPAUD,Long,LOW,95.0,4.947777779,0.052081871357894736,1.335670134306061,58.94736842105262,0.35156746030357144,-0.3779487178974359,False,0.05256459323301436,0.05256459323301436,True,False,,,,,,,,,
Historical,robustness,24.0,24_GA_D_1,GBPAUD,Long,NORMAL,60.0,5.4733333349999995,0.09122222225,1.4734262375755334,56.666666666666664,0.5010130719117647,-0.44465811961538465,False,0.05256459323301436,0.05256459323301436,True,False,,,,,,,,,
Historical,robustness,24.0,24_GA_D_1,GBPAUD,Long,HIGH,66.0,6.906666663,0.1046464645909091,1.4989965477925427,54.54545454545454,0.5763271604444444,-0.46137037043333334,False,0.05256459323301436,0.05256459323301436,True,False,,,,,,,,,
Historical,robustness,25.0,25_AU_China_Demand,AUDUSD,Long,LOW,247.0,19.265,0.07799595141700405,1.5898652786282916,55.87044534412956,0.37626811594202897,-0.30811320754716975,False,-0.03197482465644067,0.03197482465644067,True,False,,,,,,,,,
Historical,robustness,25.0,25_AU_China_Demand,AUDUSD,Long,NORMAL,146.0,9.43,0.0645890410958904,1.422680412371134,56.849315068493155,0.38240963855421684,-0.3541269841269841,False,-0.03197482465644067,0.03197482465644067,True,False,,,,,,,,,
Historical,robustness,25.0,25_AU_China_Demand,AUDUSD,Long,HIGH,142.0,6.535,0.04602112676056338,1.2317375886524822,51.40845070422535,0.4758219178082192,-0.41470588235294115,False,-0.03197482465644067,0.03197482465644067,True,False,,,,,,,,,
Historical,robustness,26.0,26_AJ_China_Demand,AUDJPY,Long,LOW,113.0,5.913333338,0.052330383522123894,1.293578994056637,56.63716814159292,0.407118055625,-0.419629629625,False,0.08619546908183649,0.08619546908183649,True,False,,,,,,,,,
Historical,robustness,26.0,26_AJ_China_Demand,AUDJPY,Long,NORMAL,56.0,3.78888889,0.06765873017857142,1.4276398296193726,57.14285714285714,0.39527777778125,-0.369166666625,False,0.08619546908183649,0.08619546908183649,True,False,,,,,,,,,
Historical,robustness,26.0,26_AJ_China_Demand,AUDJPY,Long,HIGH,101.0,13.991111112999999,0.1385258526039604,1.6112621360552983,53.46534653465347,0.682962962962963,-0.48699763589361705,False,0.08619546908183649,0.08619546908183649,True,False,,,,,,,,,
Historical,robustness,27.0,27_EA_China_Demand,EURAUD,Short,LOW,115.0,15.753333329,0.13698550720869565,1.924310580473411,60.86956521739131,0.46852380949999994,-0.3787407408,False,-0.07134976838395338,0.07134976838395338,True,False,,,,,,,,,
Historical,robustness,27.0,27_EA_China_Demand,EURAUD,Short,NORMAL,93.0,7.491666665,0.08055555553763441,1.4716189276046583,59.13978494623656,0.42503030299999994,-0.4180263157894737,False,-0.07134976838395338,0.07134976838395338,True,False,,,,,,,,,
Historical,robustness,27.0,27_EA_China_Demand,EURAUD,Short,HIGH,97.0,6.366666666,0.06563573882474227,1.2809443259207038,60.824742268041234,0.4920056497118644,-0.5963596491315789,False,-0.07134976838395338,0.07134976838395338,True,False,,,,,,,,,
Historical,robustness,28.0,28_GA_China_Demand,GBPAUD,Short,LOW,126.0,6.090666668,0.04833862434920635,1.2647808950688701,50.79365079365079,0.454583333296875,-0.37101075262903227,False,0.030711021023134076,0.036578100725998965,True,False,,,,,,,,,
Historical,robustness,28.0,28_GA_China_Demand,GBPAUD,Short,NORMAL,82.0,3.4826666609999997,0.04247154464634146,1.2053136296064029,53.65853658536586,0.46466666652272726,-0.44638596489473686,False,0.030711021023134076,0.036578100725998965,True,False,,,,,,,,,
Historical,robustness,28.0,28_GA_China_Demand,GBPAUD,Short,HIGH,94.0,7.430666665,0.07904964537234042,1.4158644876082458,57.446808510638306,0.46849382714814813,-0.446700000025,False,0.030711021023134076,0.036578100725998965,True,False,,,,,,,,,
Historical,robustness,,,,,LOW,3490.0,185.628391734,0.05318865092664756,1.286509988889235,53.75358166189111,0.4443088488267591,-0.4031705094368388,False,0.06062542582365207,,,,Portfolio,25.0,1|2|3|4|5|6|7|8|9|10|11|12|13|17|18|19|20|21|22|23|24|25|26|27|28,18.0,DESCRIPTIVE_ONLY,trade_weighted,,,
Historical,robustness,,,,,LOW,,,0.056607961788417004,,,,,,0.05412976778822932,,,,Portfolio,25.0,1|2|3|4|5|6|7|8|9|10|11|12|13|17|18|19|20|21|22|23|24|25|26|27|28,18.0,DESCRIPTIVE_ONLY,strategy_equal_weighted,,,0.0
Historical,robustness,,,,,NORMAL,2538.0,218.648424916,0.0861498916138692,1.4408861361809577,55.55555555555556,0.5067928285595745,-0.4408261896471111,False,0.06062542582365207,,,,Portfolio,25.0,1|2|3|4|5|6|7|8|9|10|11|12|13|17|18|19|20|21|22|23|24|25|26|27|28,18.0,DESCRIPTIVE_ONLY,trade_weighted,,,
Historical,robustness,,,,,NORMAL,,,0.0906461114841765,,,,,,0.05412976778822932,,,,Portfolio,25.0,1|2|3|4|5|6|7|8|9|10|11|12|13|17|18|19|20|21|22|23|24|25|26|27|28,18.0,DESCRIPTIVE_ONLY,strategy_equal_weighted,,,0.0
Historical,robustness,,,,,HIGH,2503.0,284.876634106,0.11381407675029963,1.487208660980238,55.533359968038354,0.6256031619021583,-0.5277181957924187,False,0.06062542582365207,,,,Portfolio,25.0,1|2|3|4|5|6|7|8|9|10|11|12|13|17|18|19|20|21|22|23|24|25|26|27|28,18.0,DESCRIPTIVE_ONLY,trade_weighted,,,
Historical,robustness,,,,,HIGH,,,0.11073772957664632,,,,,,0.05412976778822932,,,,Portfolio,25.0,1|2|3|4|5|6|7|8|9|10|11|12|13|17|18|19|20|21|22|23|24|25|26|27|28,18.0,DESCRIPTIVE_ONLY,strategy_equal_weighted,,,0.0
Historical,robustness,,,,,LOW,1941.0,65.597769786,0.03379586284698609,1.1764150864529488,53.374549201442555,0.4222349536042471,-0.4122368538226164,False,0.09370745997971654,,,,JPY,14.0,1|2|3|4|5|6|7|8|9|10|11|12|13|26,12.0,DESCRIPTIVE_ONLY,trade_weighted,,,
Historical,robustness,,,,,LOW,,,0.03810208699544495,,,,,,0.07741536421172165,,,,JPY,14.0,1|2|3|4|5|6|7|8|9|10|11|12|13|26,12.0,DESCRIPTIVE_ONLY,strategy_equal_weighted,,,0.0
Historical,robustness,,,,,NORMAL,1509.0,154.986149295,0.10270785241550695,1.5382069423237574,55.53346587143804,0.5285843993400955,-0.4304448091958146,False,0.09370745997971654,,,,JPY,14.0,1|2|3|4|5|6|7|8|9|10|11|12|13|26,12.0,DESCRIPTIVE_ONLY,trade_weighted,,,
Historical,robustness,,,,,NORMAL,,,0.1087205792205462,,,,,,0.07741536421172165,,,,JPY,14.0,1|2|3|4|5|6|7|8|9|10|11|12|13|26,12.0,DESCRIPTIVE_ONLY,strategy_equal_weighted,,,0.0
Historical,robustness,,,,,HIGH,1483.0,189.087427752,0.12750332282670263,1.5539827968164073,55.83277140930546,0.640593083634058,-0.5235025237684049,False,0.09370745997971654,,,,JPY,14.0,1|2|3|4|5|6|7|8|9|10|11|12|13|26,12.0,DESCRIPTIVE_ONLY,trade_weighted,,,
Historical,robustness,,,,,HIGH,,,0.1155174512071666,,,,,,0.07741536421172165,,,,JPY,14.0,1|2|3|4|5|6|7|8|9|10|11|12|13|26,12.0,DESCRIPTIVE_ONLY,strategy_equal_weighted,,,0.0
Historical,robustness,,,,,LOW,1549.0,120.030621948,0.07748910390445449,1.4348031840715556,54.22853453841188,0.4715333196011905,-0.39157073264822695,False,0.016421882717114145,,,,AUD_nonJPY,11.0,17|18|19|20|21|22|23|24|25|27|28,6.0,DESCRIPTIVE_ONLY,trade_weighted,,,
Historical,robustness,,,,,LOW,,,0.08016089334310869,,,,,,0.02449355415832999,,,,AUD_nonJPY,11.0,17|18|19|20|21|22|23|24|25|27|28,6.0,DESCRIPTIVE_ONLY,strategy_equal_weighted,,,0.0
Historical,robustness,,,,,NORMAL,1029.0,63.662275621,0.06186810070068027,1.3061247272045504,55.587949465500486,0.47486741542307687,-0.4560567675460527,False,0.016421882717114145,,,,AUD_nonJPY,11.0,17|18|19|20|21|22|23|24|25|27|28,6.0,DESCRIPTIVE_ONLY,trade_weighted,,,
Historical,robustness,,,,,NORMAL,,,0.06764224345606962,,,,,,0.02449355415832999,,,,AUD_nonJPY,11.0,17|18|19|20|21|22|23|24|25|27|28,6.0,DESCRIPTIVE_ONLY,strategy_equal_weighted,,,0.0
Historical,robustness,,,,,HIGH,1020.0,95.789206354,0.09391098662156863,1.3935656684815425,55.09803921568628,0.603518366183274,-0.5337458671951755,False,0.016421882717114145,,,,AUD_nonJPY,11.0,17|18|19|20|21|22|23|24|25|27|28,6.0,DESCRIPTIVE_ONLY,trade_weighted,,,
Historical,robustness,,,,,HIGH,,,0.10465444750143868,,,,,,0.02449355415832999,,,,AUD_nonJPY,11.0,17|18|19|20|21|22|23|24|25|27|28,6.0,DESCRIPTIVE_ONLY,strategy_equal_weighted,,,0.0
Historical,robustness,,,,,LOW,2096.0,76.754507175,0.03661951678196565,1.210217573240952,53.62595419847328,0.39312622215658366,-0.37797035872567286,False,0.06963425308651035,,,,Long,14.0,1|2|3|4|6|7|8|13|19|21|22|24|25|26,12.0,DESCRIPTIVE_ONLY,trade_weighted,,,
Historical,robustness,,,,,LOW,,,0.035221718948248125,,,,,,0.06758510289182437,,,,Long,14.0,1|2|3|4|6|7|8|13|19|21|22|24|25|26,12.0,DESCRIPTIVE_ONLY,strategy_equal_weighted,,,0.0
Historical,robustness,,,,,NORMAL,1471.0,107.43920558800001,0.07303820910129165,1.402943941455018,55.472467709041474,0.4584250250710784,-0.407077274610687,False,0.06963425308651035,,,,Long,14.0,1|2|3|4|6|7|8|13|19|21|22|24|25|26,12.0,DESCRIPTIVE_ONLY,trade_weighted,,,
Historical,robustness,,,,,NORMAL,,,0.07664731061350813,,,,,,0.06758510289182437,,,,Long,14.0,1|2|3|4|6|7|8|13|19|21|22|24|25|26,12.0,DESCRIPTIVE_ONLY,strategy_equal_weighted,,,0.0
Historical,robustness,,,,,HIGH,1437.0,152.686667301,0.106253769868476,1.5106692760085787,56.71537926235213,0.5542084893889571,-0.4830262545250404,False,0.06963425308651035,,,,Long,14.0,1|2|3|4|6|7|8|13|19|21|22|24|25|26,12.0,DESCRIPTIVE_ONLY,trade_weighted,,,
Historical,robustness,,,,,HIGH,,,0.1028068218400725,,,,,,0.06758510289182437,,,,Long,14.0,1|2|3|4|6|7|8|13|19|21|22|24|25|26,12.0,DESCRIPTIVE_ONLY,strategy_equal_weighted,,,0.0
Historical,robustness,,,,,LOW,1394.0,108.873884559,0.07810178232352942,1.3850186095824955,53.9454806312769,0.5208105408178192,-0.4411476476380655,False,0.045903815054519376,,,,Short,11.0,5|9|10|11|12|17|18|20|23|27|28,6.0,DESCRIPTIVE_ONLY,trade_weighted,,,
Historical,robustness,,,,,LOW,,,0.08382681631226828,,,,,,0.03700479583819924,,,,Short,11.0,5|9|10|11|12|17|18|20|23|27|28,6.0,DESCRIPTIVE_ONLY,strategy_equal_weighted,,,0.0
Historical,robustness,,,,,NORMAL,1067.0,111.209219328,0.1042260724723524,1.4850074263385444,55.670103092783506,0.5732374878973064,-0.4878592520914894,False,0.045903815054519376,,,,Short,11.0,5|9|10|11|12|17|18|20|23|27|28,6.0,DESCRIPTIVE_ONLY,trade_weighted,,,
Historical,robustness,,,,,NORMAL,,,0.10846276713775448,,,,,,0.03700479583819924,,,,Short,11.0,5|9|10|11|12|17|18|20|23|27|28,6.0,DESCRIPTIVE_ONLY,strategy_equal_weighted,,,0.0
Historical,robustness,,,,,HIGH,1066.0,132.189966805,0.1240055973780488,1.4626580444109465,53.93996247654784,0.7267973498991305,-0.5842914302392638,False,0.045903815054519376,,,,Short,11.0,5|9|10|11|12|17|18|20|23|27|28,6.0,DESCRIPTIVE_ONLY,trade_weighted,,,
Historical,robustness,,,,,HIGH,,,0.12083161215046752,,,,,,0.03700479583819924,,,,Short,11.0,5|9|10|11|12|17|18|20|23|27|28,6.0,DESCRIPTIVE_ONLY,strategy_equal_weighted,,,0.0
RecentA,primary,1.0,1_EJ_Log1,EURJPY,Long,LOW,49.0,8.287142855,0.1691253643877551,1.6660160732453717,61.224489795918366,0.6909999999666667,-0.6548872181052632,False,0.2138616485819419,0.2138616485819419,True,False,,,,,,,,,
RecentA,primary,1.0,1_EJ_Log1,EURJPY,Long,NORMAL,32.0,10.160000001,0.31750000003125,2.001408054139639,59.375,1.0687218045789475,-0.7804395604615385,False,0.2138616485819419,0.2138616485819419,True,False,,,,,,,,,
RecentA,primary,1.0,1_EJ_Log1,EURJPY,Long,HIGH,66.0,25.277142856,0.382987012969697,2.354616444514758,60.60606060606061,1.098428571425,-0.7176923077307692,False,0.2138616485819419,0.2138616485819419,True,False,,,,,,,,,
RecentA,primary,2.0,2_EJ_NightBlitz_20,EURJPY,Long,LOW,58.0,5.888888892000001,0.10153256710344828,1.2747537585734798,55.172413793103445,0.85381944453125,-0.8243589743461539,False,0.0595383834507686,0.18143039597988508,True,False,,,,,,,,,
RecentA,primary,2.0,2_EJ_NightBlitz_20,EURJPY,Long,NORMAL,36.0,10.186666671000001,0.28296296308333335,1.9677010771037176,61.111111111111114,0.9415151516818182,-0.751904761857143,False,0.0595383834507686,0.18143039597988508,True,False,,,,,,,,,
RecentA,primary,2.0,2_EJ_NightBlitz_20,EURJPY,Long,HIGH,83.0,13.368888896000001,0.16107095055421689,1.4893443958825276,55.42168674698795,0.8845410629782609,-0.7383783784054054,False,0.0595383834507686,0.18143039597988508,True,False,,,,,,,,,
RecentA,primary,3.0,3_EJ_NightBlitz_21,EURJPY,Long,LOW,58.0,5.971999998,0.10296551720689656,1.6036388138343545,60.3448275862069,0.45329523802857147,-0.4301449275217391,False,-0.015672344580390532,0.08192904956793841,True,False,,,,,,,,,
RecentA,primary,3.0,3_EJ_NightBlitz_21,EURJPY,Long,NORMAL,36.0,6.0919999989999996,0.16922222219444444,2.314441887200006,72.22222222222221,0.4125641025,-0.4634666666,False,-0.015672344580390532,0.08192904956793841,True,False,,,,,,,,,
RecentA,primary,3.0,3_EJ_NightBlitz_21,EURJPY,Long,HIGH,83.0,7.245333328,0.08729317262650603,1.4597292720520476,53.01204819277109,0.52284848475,-0.4041025641282051,False,-0.015672344580390532,0.08192904956793841,True,False,,,,,,,,,
RecentA,primary,4.0,4_GJ_Port_Log1,GBPJPY,Long,LOW,57.0,2.19461538,0.038502024210526314,1.5594117631125954,56.14035087719298,0.1911778845625,-0.15692307704,False,0.03432231562529457,0.04438778865433855,True,False,,,,,,,,,
RecentA,primary,4.0,4_GJ_Port_Log1,GBPJPY,Long,NORMAL,37.0,3.066923076,0.08288981286486487,2.361680327645038,64.86486486486487,0.2216346153333333,-0.18769230766666667,False,0.03432231562529457,0.04438778865433855,True,False,,,,,,,,,
RecentA,primary,4.0,4_GJ_Port_Log1,GBPJPY,Long,HIGH,67.0,4.879230768999999,0.07282433983582089,1.5846621809155121,62.68656716417911,0.31487179483333333,-0.33381538456000004,False,0.03432231562529457,0.04438778865433855,True,False,,,,,,,,,
RecentA,primary,5.0,5_GJ_Port_Log2,GBPJPY,Short,LOW,72.0,5.2655555529999996,0.07313271601388888,1.2603989228670434,47.22222222222222,0.749607843117647,-0.5321345029736841,False,0.09611331573611112,0.09611331573611112,True,False,,,,,,,,,
RecentA,primary,5.0,5_GJ_Port_Log2,GBPJPY,Short,NORMAL,55.0,4.931111112,0.08965656567272727,1.328789450343328,50.90909090909091,0.7117460317857143,-0.555473251037037,False,0.09611331573611112,0.09611331573611112,True,False,,,,,,,,,
RecentA,primary,5.0,5_GJ_Port_Log2,GBPJPY,Short,HIGH,84.0,14.216666667,0.16924603175,1.440235342734121,44.047619047619044,1.2570270269729729,-0.6870921985319148,False,0.09611331573611112,0.09611331573611112,True,False,,,,,,,,,
RecentA,primary,6.0,6_GJ_Old_Mon,GBPJPY,Long,LOW,32.0,-2.4760000000000004,-0.07737500000000001,0.8286742319402158,40.625,0.9212307692307692,-0.7606315789473684,False,0.6553749999999999,0.6553749999999999,True,False,,,,,,,,,
RecentA,primary,6.0,6_GJ_Old_Mon,GBPJPY,Long,NORMAL,16.0,4.43,0.276875,2.005903723887375,68.75,0.8030909090909091,-0.8808,True,0.6553749999999999,0.6553749999999999,True,False,,,,,,,,,
RecentA,primary,6.0,6_GJ_Old_Mon,GBPJPY,Long,HIGH,36.0,20.808,0.578,2.4486215538847116,58.333333333333336,1.6748571428571428,-0.9576,False,0.6553749999999999,0.6553749999999999,True,False,,,,,,,,,
RecentA,primary,7.0,7_GJ_Mon_Blitz,GBPJPY,Long,LOW,36.0,0.481538463,0.013376068416666668,1.0873569637401717,55.55555555555556,0.29969230765,-0.344519230625,False,0.03878992345175439,0.11227481919871796,True,False,,,,,,,,,
RecentA,primary,7.0,7_GJ_Mon_Blitz,GBPJPY,Long,NORMAL,26.0,3.266923078,0.12565088761538462,2.4435757986633955,61.53846153846154,0.345625000125,-0.22630769239999998,False,0.03878992345175439,0.11227481919871796,True,False,,,,,,,,,
RecentA,primary,7.0,7_GJ_Mon_Blitz,GBPJPY,Long,HIGH,38.0,1.982307691,0.05216599186842105,1.3335490548666504,55.26315789473685,0.37739926738095236,-0.3495927602352941,False,0.03878992345175439,0.11227481919871796,True,False,,,,,,,,,
RecentA,primary,8.0,8_AJ_Core1,AUDJPY,Long,LOW,39.0,1.552857142,0.039816849794871795,1.1491288241856876,53.84615384615385,0.5697959182857143,-0.5784920634444445,False,0.15022176017810118,0.2703617216634615,True,False,,,,,,,,,
RecentA,primary,8.0,8_AJ_Core1,AUDJPY,Long,NORMAL,24.0,7.4442857149999995,0.31017857145833333,2.7622590466190236,66.66666666666666,0.7292857143125,-0.52803571425,False,0.15022176017810118,0.2703617216634615,True,False,,,,,,,,,
RecentA,primary,8.0,8_AJ_Core1,AUDJPY,Long,HIGH,37.0,7.031428569,0.19003860997297298,1.7024404164835165,64.86486486486487,0.7100595237083334,-0.77,False,0.15022176017810118,0.2703617216634615,True,False,,,,,,,,,
RecentA,primary,9.0,9_AJ_Core2,AUDJPY,Short,LOW,19.0,9.08,0.47789473684210526,2.65191024853536,68.42105263157895,1.1212820513076922,-0.9161111111666668,True,-0.2181977671602871,0.2181977671602871,False,False,,,,,,,,,
RecentA,primary,9.0,9_AJ_Core2,AUDJPY,Short,NORMAL,16.0,7.023333334,0.438958333375,2.500712250854701,62.5,1.1703333334,-0.7799999999999999,True,-0.2181977671602871,0.2181977671602871,False,False,,,,,,,,,
RecentA,primary,9.0,9_AJ_Core2,AUDJPY,Short,HIGH,22.0,5.713333333,0.25969696968181816,1.6018258426192538,50.0,1.3824242424545454,-0.8630303030909091,False,-0.2181977671602871,0.2181977671602871,False,False,,,,,,,,,
RecentA,primary,10.0,10_AJ_SatA,AUDJPY,Short,LOW,25.0,0.6380000000000001,0.025520000000000004,1.1904477611940298,52.0,0.3067692307692308,-0.2791666666666667,False,0.05722074074074074,0.07374074074074075,True,False,,,,,,,,,
RecentA,primary,10.0,10_AJ_SatA,AUDJPY,Short,NORMAL,18.0,0.16199999999999998,0.009,1.0607651912978244,50.0,0.3142222222222222,-0.2962222222222222,True,0.05722074074074074,0.07374074074074075,True,False,,,,,,,,,
RecentA,primary,10.0,10_AJ_SatA,AUDJPY,Short,HIGH,27.0,2.234,0.08274074074074074,1.8719750195160034,55.55555555555556,0.31973333333333337,-0.2135,False,0.05722074074074074,0.07374074074074075,True,False,,,,,,,,,
RecentA,primary,11.0,11_AJ_SatB,AUDJPY,Short,LOW,25.0,-0.5381818190000001,-0.021527272760000004,0.9079601988607569,44.0,0.482644628,-0.41766233764285715,False,0.05930505053777778,0.3150626262044445,True,False,,,,,,,,,
RecentA,primary,11.0,11_AJ_SatB,AUDJPY,Short,NORMAL,18.0,5.283636362,0.2935353534444445,3.415627596121155,61.111111111111114,0.6791735536363637,-0.31246753257142856,True,0.05930505053777778,0.3150626262044445,True,False,,,,,,,,,
RecentA,primary,11.0,11_AJ_SatB,AUDJPY,Short,HIGH,27.0,1.0199999999999998,0.03777777777777777,1.1109353371509325,51.85185185185185,0.7296103896428571,-0.7072727273076923,False,0.05930505053777778,0.3150626262044445,True,False,,,,,,,,,
RecentA,primary,12.0,12_UJ_Short_Core,USDJPY,Short,LOW,28.0,5.635,0.20124999999999998,1.8843377275580666,50.0,0.8576428571428572,-0.4551428571428571,False,0.36403,0.5013928571428572,True,False,,,,,,,,,
RecentA,primary,12.0,12_UJ_Short_Core,USDJPY,Short,NORMAL,14.0,9.837,0.7026428571428571,8.222466960352422,78.57142857142857,1.0180909090909092,-0.681,True,0.36403,0.5013928571428572,True,False,,,,,,,,,
RecentA,primary,12.0,12_UJ_Short_Core,USDJPY,Short,HIGH,50.0,28.264,0.56528,3.6709506709506705,66.0,1.177151515151515,-0.6224705882352941,False,0.36403,0.5013928571428572,True,False,,,,,,,,,
RecentA,primary,13.0,13_UJ_Fix_MidWeek,USDJPY,Long,LOW,13.0,0.7947368419999999,0.061133603230769225,1.8144552315595073,61.53846153846154,0.2213157895,-0.1951578948,True,0.09628744936923078,0.11381376496923076,False,False,,,,,,,,,
RecentA,primary,13.0,13_UJ_Fix_MidWeek,USDJPY,Long,NORMAL,5.0,0.8747368409999999,0.17494736819999998,2.573863633480759,80.0,0.35763157875,-0.555789474,True,0.09628744936923078,0.11381376496923076,False,False,,,,,,,,,
RecentA,primary,13.0,13_UJ_Fix_MidWeek,USDJPY,Long,HIGH,20.0,3.1484210519999998,0.1574210526,3.158008656719405,70.0,0.3290977443571429,-0.24315789483333336,False,0.09628744936923078,0.11381376496923076,False,False,,,,,,,,,
RecentA,primary,14.0,14_UJ_Sat_3rd,USDJPY,Short,LOW,3.0,3.497777779,1.1659259263333335,inf,100.0,1.1659259263333335,,True,-0.6062433864761906,0.9958730161428572,False,False,,,,,,,,,
RecentA,primary,14.0,14_UJ_Sat_3rd,USDJPY,Short,NORMAL,1.0,1.555555556,1.555555556,inf,100.0,1.555555556,,True,-0.6062433864761906,0.9958730161428572,False,False,,,,,,,,,
RecentA,primary,14.0,14_UJ_Sat_3rd,USDJPY,Short,HIGH,7.0,3.917777779,0.5596825398571429,4.258780038587575,57.14285714285714,1.28000000025,-0.4007407406666667,True,-0.6062433864761906,0.9958730161428572,False,False,,,,,,,,,
RecentA,primary,15.0,15_UJ_Sat_Aug,USDJPY,Short,LOW,0.0,0.0,,,,,,True,,,False,False,,,,,,,,,
RecentA,primary,15.0,15_UJ_Sat_Aug,USDJPY,Short,NORMAL,6.0,-0.5,-0.08333333333333333,0.875,33.33333333333333,1.75,-1.0,True,,,False,False,,,,,,,,,
RecentA,primary,15.0,15_UJ_Sat_Aug,USDJPY,Short,HIGH,6.0,-0.5,-0.08333333333333333,0.875,33.33333333333333,1.75,-1.0,True,,,False,False,,,,,,,,,
RecentA,primary,16.0,16_UJ_T10A,USDJPY,Long,LOW,2.0,0.842222222,0.421111111,inf,100.0,0.421111111,,True,-0.3655555554,0.5037037037333333,False,False,,,,,,,,,
RecentA,primary,16.0,16_UJ_T10A,USDJPY,Long,NORMAL,3.0,1.677777778,0.5592592593333333,inf,100.0,0.5592592593333333,,True,-0.3655555554,0.5037037037333333,False,False,,,,,,,,,
RecentA,primary,16.0,16_UJ_T10A,USDJPY,Long,HIGH,5.0,0.277777778,0.055555555599999994,1.38461538504142,60.0,0.3333333333333333,-0.36111111100000004,True,-0.3655555554,0.5037037037333333,False,False,,,,,,,,,
RecentA,primary,17.0,17_EA_1B_Wed_Short,EURAUD,Short,LOW,20.0,0.5414285700000002,0.02707142850000001,1.0823376056883625,65.0,0.5474725273846154,-0.9393877551428572,False,0.16894047624999997,0.32586090239473686,True,False,,,,,,,,,
RecentA,primary,17.0,17_EA_1B_Wed_Short,EURAUD,Short,NORMAL,19.0,6.705714287,0.35293233089473686,2.693362193686869,63.1578947368421,0.8888095239166667,-0.5657142857142857,True,0.16894047624999997,0.32586090239473686,True,False,,,,,,,,,
RecentA,primary,17.0,17_EA_1B_Wed_Short,EURAUD,Short,HIGH,24.0,4.704285714,0.19601190475,1.777384324842591,62.5,0.717047619,-0.6723809523333333,False,0.16894047624999997,0.32586090239473686,True,False,,,,,,,,,
RecentA,primary,18.0,18_EA_2_MonWed_Short,EURAUD,Short,LOW,57.0,-11.392222222,-0.19986354775438595,0.5092379858344233,38.59649122807017,0.5373232323181818,-0.6632380952285715,False,0.11594435588165868,0.26341910335438595,True,False,,,,,,,,,
RecentA,primary,18.0,18_EA_2_MonWed_Short,EURAUD,Short,NORMAL,40.0,2.542222224,0.06355555560000001,1.181285159785626,57.49999999999999,0.7202415459565217,-0.8249019607647059,False,0.11594435588165868,0.26341910335438595,True,False,,,,,,,,,
RecentA,primary,18.0,18_EA_2_MonWed_Short,EURAUD,Short,HIGH,55.0,-4.615555553,-0.08391919187272727,0.7999614755879781,45.45454545454545,0.73831111116,-0.7691111110666667,False,0.11594435588165868,0.26341910335438595,True,False,,,,,,,,,
RecentA,primary,19.0,19_EA_3_WedThu_Long,EURAUD,Long,LOW,32.0,6.2455555590000005,0.19517361121875001,2.1916472340935265,65.625,0.5469841271428572,-0.5241111111000001,False,-0.0551263298783245,0.08300558948704269,True,False,,,,,,,,,
RecentA,primary,19.0,19_EA_3_WedThu_Long,EURAUD,Long,NORMAL,41.0,4.5988888910000005,0.11216802173170733,1.513969949425351,60.97560975609756,0.54186666668,-0.559236111,False,-0.0551263298783245,0.08300558948704269,True,False,,,,,,,,,
RecentA,primary,19.0,19_EA_3_WedThu_Long,EURAUD,Long,HIGH,47.0,6.582222223,0.14004728134042552,1.6757157523403183,57.446808510638306,0.6045679012592593,-0.48705555555,False,-0.0551263298783245,0.08300558948704269,True,False,,,,,,,,,
RecentA,primary,20.0,20_EA_1A_MonTue_Short,EURAUD,Short,LOW,48.0,-4.318,-0.08995833333333332,0.7494196843082637,37.5,0.7174444444444444,-0.5744,False,0.12470833333333332,0.2909583333333333,True,False,,,,,,,,,
RecentA,primary,20.0,20_EA_1A_MonTue_Short,EURAUD,Short,NORMAL,32.0,6.432,0.201,2.023877745940783,59.375,0.6691578947368422,-0.48323076923076924,False,0.12470833333333332,0.2909583333333333,True,False,,,,,,,,,
RecentA,primary,20.0,20_EA_1A_MonTue_Short,EURAUD,Short,HIGH,40.0,1.3900000000000001,0.03475,1.094971303634873,47.5,0.8434736842105263,-0.6969523809523809,False,0.12470833333333332,0.2909583333333333,True,False,,,,,,,,,
RecentA,primary,21.0,21_GA_B_3,GBPAUD,Long,LOW,41.0,-0.433181815,-0.01056541012195122,0.8688772711238247,43.90243902439025,0.15946969705555555,-0.1436363635652174,False,0.025237127344173445,0.07110260016740577,True,False,,,,,,,,,
RecentA,primary,21.0,21_GA_B_3,GBPAUD,Long,NORMAL,22.0,1.331818181,0.06053719004545455,2.0612097051305103,54.54545454545454,0.21556818183333334,-0.13944444455555555,False,0.025237127344173445,0.07110260016740577,True,False,,,,,,,,,
RecentA,primary,21.0,21_GA_B_3,GBPAUD,Long,HIGH,36.0,0.52818182,0.014671717222222222,1.1252965284020864,55.55555555555556,0.2371818182,-0.263465909,False,0.025237127344173445,0.07110260016740577,True,False,,,,,,,,,
RecentA,primary,22.0,22_GA_C_2,GBPAUD,Long,LOW,20.0,-2.0799999999999996,-0.10399999999999998,0.7400928239960711,55.00000000000001,0.5384415584545454,-0.8892063492222222,False,0.15080672270588236,0.15080672270588236,True,False,,,,,,,,,
RecentA,primary,22.0,22_GA_C_2,GBPAUD,Long,NORMAL,25.0,-1.8228571409999996,-0.07291428563999998,0.8123253421366958,40.0,0.7890000001,-0.6475238094666668,False,0.15080672270588236,0.15080672270588236,True,False,,,,,,,,,
RecentA,primary,22.0,22_GA_C_2,GBPAUD,Long,HIGH,34.0,1.5914285720000005,0.04680672270588237,1.1219752546071187,52.94117647058824,0.8132539683333334,-0.815446428625,False,0.15080672270588236,0.15080672270588236,True,False,,,,,,,,,
RecentA,primary,23.0,23_GA_F_2,GBPAUD,Short,LOW,25.0,-2.865555557,-0.11462222228,0.40794306698018884,36.0,0.21938271611111113,-0.302500000125,False,0.14775947716235294,0.14775947716235294,True,False,,,,,,,,,
RecentA,primary,23.0,23_GA_F_2,GBPAUD,Short,NORMAL,18.0,-1.875555556,-0.10419753088888889,0.47772277228274185,38.88888888888889,0.24507936514285714,-0.32646464654545454,True,0.14775947716235294,0.14775947716235294,True,False,,,,,,,,,
RecentA,primary,23.0,23_GA_F_2,GBPAUD,Short,HIGH,34.0,1.126666666,0.03313725488235294,1.3260450159366632,47.05882352941176,0.2863888888125,-0.19197530861111112,False,0.14775947716235294,0.14775947716235294,True,False,,,,,,,,,
RecentA,primary,24.0,24_GA_D_1,GBPAUD,Long,LOW,25.0,-0.4500000009999999,-0.01800000004,0.9019132960057873,52.0,0.31829059830769235,-0.38231481491666663,False,0.30313071895176474,0.30313071895176474,True,False,,,,,,,,,
RecentA,primary,24.0,24_GA_D_1,GBPAUD,Long,NORMAL,18.0,-0.11111111100000005,-0.006172839500000003,0.9574829932343728,55.55555555555556,0.2502222222,-0.326666666625,True,0.30313071895176474,0.30313071895176474,True,False,,,,,,,,,
RecentA,primary,24.0,24_GA_D_1,GBPAUD,Long,HIGH,34.0,9.694444443,0.2851307189117647,3.0168747106090934,58.82352941176471,0.7250555555,-0.34333333335714283,False,0.30313071895176474,0.30313071895176474,True,False,,,,,,,,,
RecentA,primary,25.0,25_AU_China_Demand,AUDUSD,Long,LOW,74.0,7.115,0.09614864864864865,1.62508236327696,59.45945945945946,0.42039772727272723,-0.3925,False,-0.03745146555005711,0.13959692451071762,True,False,,,,,,,,,
RecentA,primary,25.0,25_AU_China_Demand,AUDUSD,Long,NORMAL,29.0,-1.26,-0.043448275862068966,0.8391318225343122,51.724137931034484,0.43816666666666665,-0.5594642857142856,False,-0.03745146555005711,0.13959692451071762,True,False,,,,,,,,,
RecentA,primary,25.0,25_AU_China_Demand,AUDUSD,Long,HIGH,71.0,4.1674999999999995,0.058697183098591545,1.2614081856672414,57.74647887323944,0.49048780487804877,-0.5314166666666666,False,-0.03745146555005711,0.13959692451071762,True,False,,,,,,,,,
RecentA,primary,26.0,26_AJ_China_Demand,AUDJPY,Long,LOW,36.0,7.488888891,0.20802469141666668,2.0252509890949346,69.44444444444444,0.5917333334,-0.664040404,False,0.048136924734848485,0.2311616163015152,True,False,,,,,,,,,
RecentA,primary,26.0,26_AJ_China_Demand,AUDJPY,Long,NORMAL,20.0,0.4999999969999998,0.02499999984999999,1.1288659785750346,55.00000000000001,0.39818181799999997,-0.43111111122222223,False,0.048136924734848485,0.2311616163015152,True,False,,,,,,,,,
RecentA,primary,26.0,26_AJ_China_Demand,AUDJPY,Long,HIGH,33.0,8.453333333,0.25616161615151517,2.4865181712762627,57.57575757575758,0.7442105262631579,-0.40619047614285714,False,0.048136924734848485,0.2311616163015152,True,False,,,,,,,,,
RecentA,primary,27.0,27_EA_China_Demand,EURAUD,Short,LOW,36.0,4.375000001,0.12152777780555556,1.600961538598901,50.0,0.6475000000555555,-0.40444444444444444,False,-0.17905303032070707,0.20274030628934508,True,False,,,,,,,,,
RecentA,primary,27.0,27_EA_China_Demand,EURAUD,Short,NORMAL,31.0,4.501666667,0.14521505377419355,1.9447359219191473,61.29032258064516,0.48771929821052634,-0.39708333324999995,False,-0.17905303032070707,0.20274030628934508,True,False,,,,,,,,,
RecentA,primary,27.0,27_EA_China_Demand,EURAUD,Short,HIGH,33.0,-1.898333333,-0.05752525251515152,0.7990118228479631,42.42424242424242,0.539047619,-0.49710526310526315,False,-0.17905303032070707,0.20274030628934508,True,False,,,,,,,,,
RecentA,primary,28.0,28_GA_China_Demand,GBPAUD,Short,LOW,35.0,4.427999999,0.1265142856857143,1.9581650313822612,68.57142857142857,0.37705555554166664,-0.4201212121818182,False,-0.12049408371601733,0.12049408371601733,True,False,,,,,,,,,
RecentA,primary,28.0,28_GA_China_Demand,GBPAUD,Short,NORMAL,32.0,1.363999999,0.04262499996875,1.1890243901315167,56.25,0.47666666655555556,-0.555076923,False,-0.12049408371601733,0.12049408371601733,True,False,,,,,,,,,
RecentA,primary,28.0,28_GA_China_Demand,GBPAUD,Short,HIGH,33.0,0.1986666649999999,0.006020201969696967,1.027767424290544,42.42424242424242,0.5252380951428571,-0.3765614035263158,False,-0.12049408371601733,0.12049408371601733,True,False,,,,,,,,,
RecentA,primary,,,,,LOW,965.0,55.771066732,0.0577938515357513,1.2490699173697615,53.575129533678755,0.5409833270309478,-0.5020567563744395,False,0.09309585629817095,,,,Portfolio,23.0,1|2|3|4|5|6|7|8|10|11|12|17|18|19|20|21|22|23|24|25|26|27|28,18.0,DESCRIPTIVE_ONLY,trade_weighted,,,
RecentA,primary,,,,,LOW,,,0.039294337570422534,,,,,,0.10459326176613079,,,,Portfolio,23.0,1|2|3|4|5|6|7|8|10|11|12|17|18|19|20|21|22|23|24|25|26|27|28,18.0,DESCRIPTIVE_ONLY,strategy_equal_weighted,,,0.0
RecentA,primary,,,,,NORMAL,670.0,98.398735961,0.14686378501641792,1.6882066616852107,58.805970149253724,0.6126325040228426,-0.525656142,False,0.09309585629817095,,,,Portfolio,23.0,1|2|3|4|5|6|7|8|10|11|12|17|18|19|20|21|22|23|24|25|26|27|28,18.0,DESCRIPTIVE_ONLY,trade_weighted,,,
RecentA,primary,,,,,NORMAL,,,0.1494093240644141,,,,,,0.10459326176613079,,,,Portfolio,23.0,1|2|3|4|5|6|7|8|10|11|12|17|18|19|20|21|22|23|24|25|26|27|28,18.0,DESCRIPTIVE_ONLY,strategy_equal_weighted,,,0.0
RecentA,primary,,,,,HIGH,1132.0,170.807149268,0.15088970783392225,1.590687701560014,54.68197879858657,0.7430916651243942,-0.5636775661676413,False,0.09309585629817095,,,,Portfolio,23.0,1|2|3|4|5|6|7|8|10|11|12|17|18|19|20|21|22|23|24|25|26|27|28,18.0,DESCRIPTIVE_ONLY,trade_weighted,,,
RecentA,primary,,,,,HIGH,,,0.14388759933655332,,,,,,0.10459326176613079,,,,Portfolio,23.0,1|2|3|4|5|6|7|8|10|11|12|17|18|19|20|21|22|23|24|25|26|27|28,18.0,DESCRIPTIVE_ONLY,strategy_equal_weighted,,,0.0
RecentA,primary,,,,,LOW,552.0,54.605042198,0.09892217789492753,1.427814981629509,55.434782608695656,0.5955623927810458,-0.5188497967195123,False,0.1143016166796021,,,,JPY,12.0,1|2|3|4|5|6|7|8|10|11|12|26,11.0,DESCRIPTIVE_ONLY,trade_weighted,,,
RecentA,primary,,,,,LOW,,,0.07286196048256002,,,,,,0.146770226538079,,,,JPY,12.0,1|2|3|4|5|6|7|8|10|11|12|26,11.0,DESCRIPTIVE_ONLY,strategy_equal_weighted,,,0.0
RecentA,primary,,,,,NORMAL,363.0,75.99194952,0.20934421355371902,2.0441386521491904,61.70798898071625,0.6641585153973215,-0.5312376491167884,False,0.1143016166796021,,,,JPY,12.0,1|2|3|4|5|6|7|8|10|11|12|26,11.0,DESCRIPTIVE_ONLY,trade_weighted,,,
RecentA,primary,,,,,NORMAL,,,0.2237595194464699,,,,,,0.146770226538079,,,,JPY,12.0,1|2|3|4|5|6|7|8|10|11|12|26,11.0,DESCRIPTIVE_ONLY,strategy_equal_weighted,,,0.0
RecentA,primary,,,,,HIGH,691.0,147.337642051,0.21322379457452964,1.8296144341238207,56.43994211287988,0.8331676261307692,-0.5900256881727575,False,0.1143016166796021,,,,JPY,12.0,1|2|3|4|5|6|7|8|10|11|12|26,11.0,DESCRIPTIVE_ONLY,trade_weighted,,,
RecentA,primary,,,,,HIGH,,,0.21963218702063902,,,,,,0.146770226538079,,,,JPY,12.0,1|2|3|4|5|6|7|8|10|11|12|26,11.0,DESCRIPTIVE_ONLY,strategy_equal_weighted,,,0.0
RecentA,primary,,,,,LOW,413.0,1.1660245340000013,0.002823303956416468,1.0121107327029346,51.08958837772397,0.4618307482654028,-0.48140131675,False,0.0503955332703409,,,,AUD_nonJPY,11.0,17|18|19|20|21|22|23|24|25|27|28,7.0,DESCRIPTIVE_ONLY,trade_weighted,,,
RecentA,primary,,,,,LOW,,,0.00267511257536346,,,,,,0.05858202746945995,,,,AUD_nonJPY,11.0,17|18|19|20|21|22|23|24|25|27|28,7.0,DESCRIPTIVE_ONLY,strategy_equal_weighted,,,0.0
RecentA,primary,,,,,NORMAL,307.0,22.406786441,0.07298627505211727,1.319189935866285,55.37459283387622,0.5447394066823529,-0.519991945888889,False,0.0503955332703409,,,,AUD_nonJPY,11.0,17|18|19|20|21|22|23|24|25|27|28,7.0,DESCRIPTIVE_ONLY,trade_weighted,,,
RecentA,primary,,,,,NORMAL,,,0.06830002001126222,,,,,,0.05858202746945995,,,,AUD_nonJPY,11.0,17|18|19|20|21|22|23|24|25|27|28,7.0,DESCRIPTIVE_ONLY,strategy_equal_weighted,,,0.0
RecentA,primary,,,,,HIGH,441.0,23.469507217,0.05321883722675737,1.2103589421224688,51.92743764172335,0.5896871900480349,-0.526268204264151,False,0.0503955332703409,,,,AUD_nonJPY,11.0,17|18|19|20|21|22|23|24|25|27|28,7.0,DESCRIPTIVE_ONLY,trade_weighted,,,
RecentA,primary,,,,,HIGH,,,0.06125714004482341,,,,,,0.05858202746945995,,,,AUD_nonJPY,11.0,17|18|19|20|21|22|23|24|25|27|28,7.0,DESCRIPTIVE_ONLY,strategy_equal_weighted,,,0.0
RecentA,primary,,,,,LOW,572.0,41.424264428,0.07242004270629371,1.3484899686314786,56.81818181818182,0.49320660402769234,-0.4851750280857143,False,0.09429827806182223,,,,Long,13.0,1|2|3|4|6|7|8|19|21|22|24|25|26,10.0,DESCRIPTIVE_ONLY,trade_weighted,,,
RecentA,primary,,,,,LOW,,,0.05805576401863684,,,,,,0.12085926038582749,,,,Long,13.0,1|2|3|4|6|7|8|19|21|22|24|25|26,10.0,DESCRIPTIVE_ONLY,strategy_equal_weighted,,,0.0
RecentA,primary,,,,,NORMAL,370.0,50.436051976,0.13631365398918918,1.688565813747316,60.54054054054055,0.5521608377276785,-0.5086664977430556,False,0.09429827806182223,,,,Long,13.0,1|2|3|4|6|7|8|19|21|22|24|25|26,10.0,DESCRIPTIVE_ONLY,trade_weighted,,,
RecentA,primary,,,,,NORMAL,,,0.12618840522097718,,,,,,0.12085926038582749,,,,Long,13.0,1|2|3|4|6|7|8|19|21|22|24|25|26,10.0,DESCRIPTIVE_ONLY,strategy_equal_weighted,,,0.0
RecentA,primary,,,,,HIGH,690.0,115.03564133,0.16671832076811594,1.7372984354460002,57.971014492753625,0.6776470357700001,-0.5380109413034483,False,0.09429827806182223,,,,Long,13.0,1|2|3|4|6|7|8|19|21|22|24|25|26,10.0,DESCRIPTIVE_ONLY,trade_weighted,,,
RecentA,primary,,,,,HIGH,,,0.17891502440446433,,,,,,0.12085926038582749,,,,Long,13.0,1|2|3|4|6|7|8|19|21|22|24|25|26,10.0,DESCRIPTIVE_ONLY,strategy_equal_weighted,,,0.0
RecentA,primary,,,,,LOW,393.0,14.346802304,0.03650585827989822,1.136571917661351,48.854961832061065,0.6218553841979166,-0.5226339873731344,False,0.08967402393277146,,,,Short,10.0,5|10|11|12|17|18|20|23|27|28,8.0,DESCRIPTIVE_ONLY,trade_weighted,,,
RecentA,primary,,,,,LOW,,,0.014904483187743945,,,,,,0.08344746356052504,,,,Short,10.0,5|10|11|12|17|18|20|23|27|28,8.0,DESCRIPTIVE_ONLY,strategy_equal_weighted,,,0.0
RecentA,primary,,,,,NORMAL,300.0,47.962683985,0.15987561328333333,1.687829392578947,56.666666666666664,0.6923128172588235,-0.5447694917890625,False,0.08967402393277146,,,,Short,10.0,5|10|11|12|17|18|20|23|27|28,8.0,DESCRIPTIVE_ONLY,trade_weighted,,,
RecentA,primary,,,,,NORMAL,,,0.17959651856088205,,,,,,0.08344746356052504,,,,Short,10.0,5|10|11|12|17|18|20|23|27|28,8.0,DESCRIPTIVE_ONLY,strategy_equal_weighted,,,0.0
RecentA,primary,,,,,HIGH,442.0,55.771507938,0.12617988221266968,1.418882950284486,49.547511312217196,0.8626252347214611,-0.5970556881883409,False,0.08967402393277146,,,,Short,10.0,5|10|11|12|17|18|20|23|27|28,8.0,DESCRIPTIVE_ONLY,trade_weighted,,,
RecentA,primary,,,,,HIGH,,,0.09835194674826898,,,,,,0.08344746356052504,,,,Short,10.0,5|10|11|12|17|18|20|23|27|28,8.0,DESCRIPTIVE_ONLY,strategy_equal_weighted,,,0.0
RecentA,robustness,1.0,1_EJ_Log1,EURJPY,Long,LOW,54.0,12.431428568,0.23021164014814813,1.9153255492366827,62.96296296296296,0.7650840335588236,-0.67907142865,False,0.11978835983545846,0.11978835983545846,True,False,,,,,,,,,
RecentA,robustness,1.0,1_EJ_Log1,EURJPY,Long,NORMAL,32.0,9.942857145,0.31071428578125,2.0926216642857143,59.375,1.0022556392105262,-0.7,False,0.11978835983545846,0.11978835983545846,True,False,,,,,,,,,
RecentA,robustness,1.0,1_EJ_Log1,EURJPY,Long,HIGH,61.0,21.349999999,0.3499999999836066,2.1498807416026833,59.01639344262295,1.1088095238055555,-0.74268571432,False,0.11978835983545846,0.11978835983545846,True,False,,,,,,,,,
RecentA,robustness,2.0,2_EJ_NightBlitz_20,EURJPY,Long,LOW,67.0,12.268888894,0.18311774468656716,1.5730745279768767,59.70149253731343,0.84194444455,-0.7929218106666667,False,-0.017725152006567158,0.04680028428656713,True,False,,,,,,,,,
RecentA,robustness,2.0,2_EJ_NightBlitz_20,EURJPY,Long,NORMAL,35.0,4.771111114000001,0.13631746040000003,1.3789938219384026,54.285714285714285,0.9136842106842105,-0.7868055555625,False,-0.017725152006567158,0.04680028428656713,True,False,,,,,,,,,
RecentA,robustness,2.0,2_EJ_NightBlitz_20,EURJPY,Long,HIGH,75.0,12.404444451,0.16539259268,1.4906390087701746,54.666666666666664,0.9191869920487805,-0.743594771264706,False,-0.017725152006567158,0.04680028428656713,True,False,,,,,,,,,
RecentA,robustness,3.0,3_EJ_NightBlitz_21,EURJPY,Long,LOW,67.0,7.705333333,0.11500497511940298,1.7134567901586533,61.19402985074627,0.45134959346341463,-0.4153846153461539,False,-0.04200941963940298,0.10212825397714284,True,False,,,,,,,,,
RecentA,robustness,3.0,3_EJ_NightBlitz_21,EURJPY,Long,NORMAL,35.0,6.129333331,0.17512380945714284,2.3896614265250395,68.57142857142857,0.4391666665416667,-0.4009696969090909,False,-0.04200941963940298,0.10212825397714284,True,False,,,,,,,,,
RecentA,robustness,3.0,3_EJ_NightBlitz_21,EURJPY,Long,HIGH,75.0,5.4746666610000005,0.07299555548,1.3631057654135228,53.333333333333336,0.5137999999,-0.43078095242857145,False,-0.04200941963940298,0.10212825397714284,True,False,,,,,,,,,
RecentA,robustness,4.0,4_GJ_Port_Log1,GBPJPY,Long,LOW,61.0,3.742307689,0.06134930637704918,1.9318138275165,55.73770491803278,0.22819004520588235,-0.1487464388148148,False,0.017428166140807964,0.03362012990422079,True,False,,,,,,,,,
RecentA,robustness,4.0,4_GJ_Port_Log1,GBPJPY,Long,NORMAL,44.0,1.986923075,0.04515734261363636,1.4895754353975166,65.9090909090909,0.20846153841379308,-0.2898901099285714,False,0.017428166140807964,0.03362012990422079,True,False,,,,,,,,,
RecentA,robustness,4.0,4_GJ_Port_Log1,GBPJPY,Long,HIGH,56.0,4.411538461,0.07877747251785715,1.6843675418050776,62.5,0.3102197801714286,-0.30695970690476193,False,0.017428166140807964,0.03362012990422079,True,False,,,,,,,,,
RecentA,robustness,5.0,5_GJ_Port_Log2,GBPJPY,Short,LOW,81.0,-0.9700000040000002,-0.011975308691358027,0.9623706895032438,41.9753086419753,0.7296405228235293,-0.5484633570212766,False,0.15245623739285055,0.26548500889770726,True,False,,,,,,,,,
RecentA,robustness,5.0,5_GJ_Port_Log2,GBPJPY,Short,NORMAL,63.0,15.971111113000001,0.2535097002063492,2.043333091560596,58.730158730158735,0.8453753754054054,-0.5887606837307693,False,0.15245623739285055,0.26548500889770726,True,False,,,,,,,,,
RecentA,robustness,5.0,5_GJ_Port_Log2,GBPJPY,Short,HIGH,67.0,9.412222223,0.14048092870149254,1.356163807653643,41.7910447761194,1.2799603174285714,-0.6776068375641026,False,0.15245623739285055,0.26548500889770726,True,False,,,,,,,,,
RecentA,robustness,6.0,6_GJ_Old_Mon,GBPJPY,Long,LOW,36.0,2.4519999999999995,0.0681111111111111,1.1756195387480302,52.77777777777778,0.8638947368421052,-0.8212941176470588,False,0.3952888888888889,0.3952888888888889,True,False,,,,,,,,,
RecentA,robustness,6.0,6_GJ_Old_Mon,GBPJPY,Long,NORMAL,18.0,6.4079999999999995,0.356,2.0872073294876143,55.55555555555556,1.2302,-0.73675,True,0.3952888888888889,0.3952888888888889,True,False,,,,,,,,,
RecentA,robustness,6.0,6_GJ_Old_Mon,GBPJPY,Long,HIGH,30.0,13.902000000000001,0.46340000000000003,2.040257407961688,53.333333333333336,1.7041250000000001,-0.9545714285714286,False,0.3952888888888889,0.3952888888888889,True,False,,,,,,,,,
RecentA,robustness,7.0,7_GJ_Mon_Blitz,GBPJPY,Long,LOW,40.0,1.373076926,0.03432692315,1.2550364344066418,62.5,0.27027692312,-0.3589230768,False,0.005136946274242417,0.07883546999814814,True,False,,,,,,,,,
RecentA,robustness,7.0,7_GJ_Mon_Blitz,GBPJPY,Long,NORMAL,27.0,3.055384615,0.11316239314814815,2.1519721573269215,51.85185185185185,0.4076923077142857,-0.2040236686923077,False,0.005136946274242417,0.07883546999814814,True,False,,,,,,,,,
RecentA,robustness,7.0,7_GJ_Mon_Blitz,GBPJPY,Long,HIGH,33.0,1.3023076909999998,0.03946386942424242,1.2291864082975135,54.54545454545454,0.388034188,-0.3788205128666667,False,0.005136946274242417,0.07883546999814814,True,False,,,,,,,,,
RecentA,robustness,8.0,8_AJ_Core1,AUDJPY,Long,LOW,38.0,4.561428568,0.12003759389473685,1.445203569133101,55.26315789473685,0.7051020406190476,-0.6026890755882353,False,0.10657465099097745,0.10657465099097745,True,False,,,,,,,,,
RecentA,robustness,8.0,8_AJ_Core1,AUDJPY,Long,NORMAL,27.0,3.535714287,0.13095238099999998,1.652345809409594,66.66666666666666,0.4975396826111111,-0.6022222222222222,False,0.10657465099097745,0.10657465099097745,True,False,,,,,,,,,
RecentA,robustness,8.0,8_AJ_Core1,AUDJPY,Long,HIGH,35.0,7.9314285710000005,0.2266122448857143,1.8830920947932126,62.857142857142854,0.7687662337272727,-0.6908791208461539,False,0.10657465099097745,0.10657465099097745,True,False,,,,,,,,,
RecentA,robustness,9.0,9_AJ_Core2,AUDJPY,Short,LOW,15.0,7.233333334,0.48222222226666667,3.0686367969429327,73.33333333333333,0.9754545455454546,-0.87416666675,True,-0.10022222230666672,0.18614379085490196,False,False,,,,,,,,,
RecentA,robustness,9.0,9_AJ_Core2,AUDJPY,Short,NORMAL,17.0,5.033333334,0.2960784314117647,1.9710610934386534,64.70588235294117,0.9287878788181818,-0.8638888888333334,True,-0.10022222230666672,0.18614379085490196,False,False,,,,,,,,,
RecentA,robustness,9.0,9_AJ_Core2,AUDJPY,Short,HIGH,25.0,9.549999998999999,0.38199999995999995,1.8689717923686102,48.0,1.7116666666666667,-0.8453846154615385,False,-0.10022222230666672,0.18614379085490196,False,False,,,,,,,,,
RecentA,robustness,10.0,10_AJ_SatA,AUDJPY,Short,LOW,22.0,1.098,0.04990909090909091,1.379930795847751,59.09090909090909,0.3067692307692308,-0.3211111111111111,False,0.007824242424242421,0.0464,True,False,,,,,,,,,
RecentA,robustness,10.0,10_AJ_SatA,AUDJPY,Short,NORMAL,18.0,0.204,0.011333333333333332,1.0777439024390243,50.0,0.3142222222222222,-0.29155555555555557,True,0.007824242424242421,0.0464,True,False,,,,,,,,,
RecentA,robustness,10.0,10_AJ_SatA,AUDJPY,Short,HIGH,30.0,1.732,0.05773333333333333,1.5652741514360313,50.0,0.31973333333333337,-0.20426666666666668,False,0.007824242424242421,0.0464,True,False,,,,,,,,,
RecentA,robustness,11.0,11_AJ_SatB,AUDJPY,Short,LOW,22.0,0.850909089,0.03867768586363636,1.2185894436792206,45.45454545454545,0.4743636362,-0.32439393941666667,False,0.07647382923636363,0.07647382923636363,True,False,,,,,,,,,
RecentA,robustness,11.0,11_AJ_SatB,AUDJPY,Short,NORMAL,18.0,1.4600000009999998,0.08111111116666665,1.3274877653273853,55.55555555555556,0.5918181819,-0.55727272725,True,0.07647382923636363,0.07647382923636363,True,False,,,,,,,,,
RecentA,robustness,11.0,11_AJ_SatB,AUDJPY,Short,HIGH,30.0,3.4545454529999997,0.11515151509999999,1.3891050581558269,53.333333333333336,0.7707954545,-0.6341558442142857,False,0.07647382923636363,0.07647382923636363,True,False,,,,,,,,,
RecentA,robustness,12.0,12_UJ_Short_Core,USDJPY,Short,LOW,29.0,2.586,0.08917241379310345,1.3507867607162236,44.827586206896555,0.766,-0.49146666666666666,False,0.42123667711598745,0.8946170598911071,True,False,,,,,,,,,
RecentA,robustness,12.0,12_UJ_Short_Core,USDJPY,Short,NORMAL,19.0,18.692,0.9837894736842105,16.65494137353434,89.47368421052632,1.1697647058823528,-0.597,True,0.42123667711598745,0.8946170598911071,True,False,,,,,,,,,
RecentA,robustness,12.0,12_UJ_Short_Core,USDJPY,Short,HIGH,44.0,22.458,0.5104090909090909,3.303384615384615,63.63636363636363,1.1502857142857141,-0.609375,False,0.42123667711598745,0.8946170598911071,True,False,,,,,,,,,
RecentA,robustness,13.0,13_UJ_Fix_MidWeek,USDJPY,Long,LOW,12.0,0.377894737,0.03149122808333333,1.3872707659480246,58.333333333333336,0.19338345871428572,-0.1951578948,True,0.0009649121388888918,0.45048245616666666,False,False,,,,,,,,,
RecentA,robustness,13.0,13_UJ_Fix_MidWeek,USDJPY,Long,NORMAL,8.0,3.855789474,0.48197368425,inf,100.0,0.48197368425,,True,0.0009649121388888918,0.45048245616666666,False,False,,,,,,,,,
RecentA,robustness,13.0,13_UJ_Fix_MidWeek,USDJPY,Long,HIGH,18.0,0.584210524,0.03245614022222222,1.2899686507594184,61.111111111111114,0.23626794245454547,-0.287819549,True,0.0009649121388888918,0.45048245616666666,False,False,,,,,,,,,
RecentA,robustness,14.0,14_UJ_Sat_3rd,USDJPY,Short,LOW,3.0,3.497777779,1.1659259263333335,inf,100.0,1.1659259263333335,,True,-1.5666666670000002,1.7358518520666668,False,False,,,,,,,,,
RecentA,robustness,14.0,14_UJ_Sat_3rd,USDJPY,Short,NORMAL,5.0,6.675555557,1.3351111114,inf,100.0,1.3351111114,,True,-1.5666666670000002,1.7358518520666668,False,False,,,,,,,,,
RecentA,robustness,14.0,14_UJ_Sat_3rd,USDJPY,Short,HIGH,3.0,-1.202222222,-0.4007407406666667,0.0,0.0,,-0.4007407406666667,True,-1.5666666670000002,1.7358518520666668,False,False,,,,,,,,,
RecentA,robustness,15.0,15_UJ_Sat_Aug,USDJPY,Short,LOW,3.0,-0.25,-0.08333333333333333,0.875,33.33333333333333,1.75,-1.0,True,0.0,0.0,False,False,,,,,,,,,
RecentA,robustness,15.0,15_UJ_Sat_Aug,USDJPY,Short,NORMAL,3.0,-0.25,-0.08333333333333333,0.875,33.33333333333333,1.75,-1.0,True,0.0,0.0,False,False,,,,,,,,,
RecentA,robustness,15.0,15_UJ_Sat_Aug,USDJPY,Short,HIGH,6.0,-0.5,-0.08333333333333333,0.875,33.33333333333333,1.75,-1.0,True,0.0,0.0,False,False,,,,,,,,,
RecentA,robustness,16.0,16_UJ_T10A,USDJPY,Long,LOW,3.0,1.015555556,0.33851851866666666,inf,100.0,0.33851851866666666,,True,-0.38,0.5181481478333334,False,False,,,,,,,,,
RecentA,robustness,16.0,16_UJ_T10A,USDJPY,Long,NORMAL,4.0,1.906666666,0.4766666665,inf,100.0,0.4766666665,,True,-0.38,0.5181481478333334,False,False,,,,,,,,,
RecentA,robustness,16.0,16_UJ_T10A,USDJPY,Long,HIGH,3.0,-0.12444444400000006,-0.041481481333333355,0.8276923082546744,33.33333333333333,0.597777778,-0.36111111100000004,True,-0.38,0.5181481478333334,False,False,,,,,,,,,
RecentA,robustness,17.0,17_EA_1B_Wed_Short,EURAUD,Short,LOW,19.0,-1.5542857149999998,-0.08180451131578946,0.7749741467378485,57.89473684210527,0.48662337654545457,-0.863392857125,True,0.4726888650776942,0.4726888650776942,False,False,,,,,,,,,
RecentA,robustness,17.0,17_EA_1B_Wed_Short,EURAUD,Short,NORMAL,23.0,5.297142857,0.230310559,1.867977527903937,56.52173913043478,0.876923077,-0.6102857144,False,0.4726888650776942,0.4726888650776942,False,False,,,,,,,,,
RecentA,robustness,17.0,17_EA_1B_Wed_Short,EURAUD,Short,HIGH,21.0,8.208571429,0.3908843537619047,3.2947284353577406,76.19047619047619,0.7366071428125,-0.7154285712,False,0.4726888650776942,0.4726888650776942,False,False,,,,,,,,,
RecentA,robustness,18.0,18_EA_2_MonWed_Short,EURAUD,Short,LOW,50.0,-9.486666666,-0.18973333332,0.4847314423988216,38.0,0.4697076023684211,-0.5939068100322581,False,0.10756161620636365,0.18346896552689657,True,False,,,,,,,,,
RecentA,robustness,18.0,18_EA_2_MonWed_Short,EURAUD,Short,NORMAL,58.0,-0.36333333200000006,-0.006264367793103449,0.9848540991749829,51.724137931034484,0.7875185185333333,-0.8567460317142858,False,0.10756161620636365,0.18346896552689657,True,False,,,,,,,,,
RecentA,robustness,18.0,18_EA_2_MonWed_Short,EURAUD,Short,HIGH,44.0,-3.6155555529999996,-0.08217171711363636,0.7981264347737648,47.72727272727273,0.6806878307619048,-0.7786956521304348,False,0.10756161620636365,0.18346896552689657,True,False,,,,,,,,,
RecentA,robustness,19.0,19_EA_3_WedThu_Long,EURAUD,Long,LOW,34.0,6.871111115,0.20209150338235293,2.3834451911252947,61.76470588235294,0.5637037038571429,-0.41388888883333336,False,0.05671802047478991,0.2659559884935065,True,False,,,,,,,,,
RecentA,robustness,19.0,19_EA_3_WedThu_Long,EURAUD,Long,NORMAL,44.0,-0.31444444399999993,-0.0071464646363636345,0.9747411639059733,52.27272727272727,0.5275845410869565,-0.5928042328095239,False,0.05671802047478991,0.2659559884935065,True,False,,,,,,,,,
RecentA,robustness,19.0,19_EA_3_WedThu_Long,EURAUD,Long,HIGH,42.0,10.870000002,0.25880952385714284,2.6685996936669247,69.04761904761905,0.5994636015517242,-0.5011111109999999,False,0.05671802047478991,0.2659559884935065,True,False,,,,,,,,,
RecentA,robustness,20.0,20_EA_1A_MonTue_Short,EURAUD,Short,LOW,39.0,-1.5239999999999996,-0.039076923076923065,0.8742159128425223,38.46153846153847,0.7061333333333334,-0.5048333333333334,False,0.06013247863247862,0.13396581196581198,True,False,,,,,,,,,
RecentA,robustness,20.0,20_EA_1A_MonTue_Short,EURAUD,Short,NORMAL,45.0,4.2700000000000005,0.0948888888888889,1.3596092302509686,51.11111111111111,0.701913043478261,-0.5397272727272727,False,0.06013247863247862,0.13396581196581198,True,False,,,,,,,,,
RecentA,robustness,20.0,20_EA_1A_MonTue_Short,EURAUD,Short,HIGH,36.0,0.758,0.021055555555555557,1.0535310734463277,50.0,0.8287777777777777,-0.7866666666666666,False,0.06013247863247862,0.13396581196581198,True,False,,,,,,,,,
RecentA,robustness,21.0,21_GA_B_3,GBPAUD,Long,LOW,34.0,0.11045454899999997,0.003248663205882352,1.0439421352546459,47.05882352941176,0.1640056819375,-0.13964646455555557,False,0.042103609594117644,0.0652613638,True,False,,,,,,,,,
RecentA,robustness,21.0,21_GA_B_3,GBPAUD,Long,NORMAL,25.0,-0.49772727499999997,-0.019909091,0.755307261561874,48.0,0.12803030291666667,-0.1695075758333333,False,0.042103609594117644,0.0652613638,True,False,,,,,,,,,
RecentA,robustness,21.0,21_GA_B_3,GBPAUD,Long,HIGH,40.0,1.814090912,0.045352272799999996,1.4292320937500211,55.00000000000001,0.27456611577272727,-0.23479797972222224,False,0.042103609594117644,0.0652613638,True,False,,,,,,,,,
RecentA,robustness,22.0,22_GA_C_2,GBPAUD,Long,LOW,23.0,-1.8342857129999997,-0.07975155273913041,0.8068882540168346,47.82608695652174,0.6967532469090909,-0.7915476190833334,False,0.13059188888618925,0.15110007637433154,True,False,,,,,,,,,
RecentA,robustness,22.0,22_GA_C_2,GBPAUD,Long,NORMAL,22.0,-2.2057142849999996,-0.1002597402272727,0.7460526316403004,45.45454545454545,0.648,-0.72380952375,False,0.13059188888618925,0.15110007637433154,True,False,,,,,,,,,
RecentA,robustness,22.0,22_GA_C_2,GBPAUD,Long,HIGH,34.0,1.7285714290000005,0.05084033614705884,1.1374219193933872,52.94117647058824,0.7948412698888889,-0.7861607143125,False,0.13059188888618925,0.15110007637433154,True,False,,,,,,,,,
RecentA,robustness,23.0,23_GA_F_2,GBPAUD,Short,LOW,23.0,-1.040000001,-0.04521739134782608,0.7106646057202688,47.82608695652174,0.2322222222727273,-0.2995370371666667,False,0.017170253317523053,0.050471380588744584,True,False,,,,,,,,,
RecentA,robustness,23.0,23_GA_F_2,GBPAUD,Short,NORMAL,21.0,-1.648888891,-0.07851851861904761,0.5863991077470238,38.095238095238095,0.292222222125,-0.30666666676923077,False,0.017170253317523053,0.050471380588744584,True,False,,,,,,,,,
RecentA,robustness,23.0,23_GA_F_2,GBPAUD,Short,HIGH,33.0,-0.925555555,-0.02804713803030303,0.7850322581658107,39.39393939393939,0.26,-0.21527777774999998,False,0.017170253317523053,0.050471380588744584,True,False,,,,,,,,,
RecentA,robustness,24.0,24_GA_D_1,GBPAUD,Long,LOW,23.0,-1.012222222,-0.044009661826086954,0.7337814144204431,52.17391304347826,0.2325,-0.34565656563636366,False,0.3628985507048748,0.3628985507048748,True,False,,,,,,,,,
RecentA,robustness,24.0,24_GA_D_1,GBPAUD,Long,NORMAL,21.0,-0.37777777999999995,-0.017989418095238092,0.9112966339913132,42.857142857142854,0.4312345677777778,-0.3549074075,False,0.3628985507048748,0.3628985507048748,True,False,,,,,,,,,
RecentA,robustness,24.0,24_GA_D_1,GBPAUD,Long,HIGH,33.0,10.523333333,0.31888888887878786,3.6663851348254743,66.66666666666666,0.6577272727272727,-0.3587878788181818,False,0.3628985507048748,0.3628985507048748,True,False,,,,,,,,,
RecentA,robustness,25.0,25_AU_China_Demand,AUDUSD,Long,LOW,55.0,1.215,0.02209090909090909,1.1128133704735377,50.90909090909091,0.42803571428571424,-0.41423076923076924,False,0.05435970819304152,0.05435970819304152,True,False,,,,,,,,,
RecentA,robustness,25.0,25_AU_China_Demand,AUDUSD,Long,NORMAL,38.0,2.6149999999999998,0.0688157894736842,1.3224414303329224,60.526315789473685,0.46630434782608693,-0.5406666666666666,False,0.05435970819304152,0.05435970819304152,True,False,,,,,,,,,
RecentA,robustness,25.0,25_AU_China_Demand,AUDUSD,Long,HIGH,81.0,6.1925,0.07645061728395061,1.3804331131930578,60.49382716049383,0.4585714285714286,-0.508671875,False,0.05435970819304152,0.05435970819304152,True,False,,,,,,,,,
RecentA,robustness,26.0,26_AJ_China_Demand,AUDJPY,Long,LOW,32.0,7.935555559,0.24798611121875,2.4393389771921012,68.75,0.6113131314090909,-0.5513333332,False,-0.024945175587171076,0.2463486844819079,True,False,,,,,,,,,
RecentA,robustness,26.0,26_AJ_China_Demand,AUDJPY,Long,NORMAL,19.0,0.031111108000000026,0.0016374267368421066,1.0063897757173916,52.63157894736842,0.48999999980000003,-0.5409876544444444,True,-0.024945175587171076,0.2463486844819079,True,False,,,,,,,,,
RecentA,robustness,26.0,26_AJ_China_Demand,AUDJPY,Long,HIGH,38.0,8.475555554,0.22304093563157892,2.306164383299552,60.526315789473685,0.6506280192608696,-0.4325925926,False,-0.024945175587171076,0.2463486844819079,True,False,,,,,,,,,
RecentA,robustness,27.0,27_EA_China_Demand,EURAUD,Short,LOW,22.0,2.055000002,0.093409091,1.4326315794595013,45.45454545454545,0.6805000001,-0.39583333325,False,-0.16152737058064515,0.21779913064447493,True,False,,,,,,,,,
RecentA,robustness,27.0,27_EA_China_Demand,EURAUD,Short,NORMAL,47.0,7.035,0.14968085106382978,1.9402985074207932,59.57446808510638,0.5184523809642857,-0.39377192984210524,False,-0.16152737058064515,0.21779913064447493,True,False,,,,,,,,,
RecentA,robustness,27.0,27_EA_China_Demand,EURAUD,Short,HIGH,31.0,-2.111666667,-0.06811827958064516,0.7719171916503211,41.935483870967744,0.5497435896153846,-0.5143518517777778,False,-0.16152737058064515,0.21779913064447493,True,False,,,,,,,,,
RecentA,robustness,28.0,28_GA_China_Demand,GBPAUD,Short,LOW,36.0,0.5319999980000001,0.014777777722222225,1.0639013450384567,52.77777777777778,0.46617543857894733,-0.5203333334375,False,0.03370370372222222,0.11784126988492064,True,False,,,,,,,,,
RecentA,robustness,28.0,28_GA_China_Demand,GBPAUD,Short,NORMAL,28.0,3.713333333,0.13261904760714285,1.927714856833397,67.85714285714286,0.4061052631052632,-0.44474074066666663,False,0.03370370372222222,0.11784126988492064,True,False,,,,,,,,,
RecentA,robustness,28.0,28_GA_China_Demand,GBPAUD,Short,HIGH,36.0,1.745333332,0.048481481444444446,1.2619047617439834,50.0,0.4671851850555555,-0.37022222216666667,False,0.03370370372222222,0.11784126988492064,True,False,,,,,,,,,
RecentA,robustness,,,,,LOW,943.0,62.241595375,0.06600381269883351,1.2868653642094685,53.446447507953344,0.5539941469702381,-0.4987849533287356,False,0.08098097558701556,,,,Portfolio,22.0,1|2|3|4|5|6|7|8|10|11|12|18|19|20|21|22|23|24|25|26|27|28,18.0,DESCRIPTIVE_ONLY,trade_weighted,,,
RecentA,robustness,,,,,LOW,,,0.052898107712347195,,,,,,0.08732912319171061,,,,Portfolio,22.0,1|2|3|4|5|6|7|8|10|11|12|18|19|20|21|22|23|24|25|26|27|28,18.0,DESCRIPTIVE_ONLY,strategy_equal_weighted,,,0.0
RecentA,robustness,,,,,NORMAL,764.0,106.931481003,0.1399626714698953,1.6190498901054988,57.98429319371727,0.6313009404401807,-0.5414885128902822,False,0.08098097558701556,,,,Portfolio,22.0,1|2|3|4|5|6|7|8|10|11|12|18|19|20|21|22|23|24|25|26|27|28,18.0,DESCRIPTIVE_ONLY,trade_weighted,,,
RecentA,robustness,,,,,NORMAL,,,0.12794207700864085,,,,,,0.08732912319171061,,,,Portfolio,22.0,1|2|3|4|5|6|7|8|10|11|12|18|19|20|21|22|23|24|25|26|27|28,18.0,DESCRIPTIVE_ONLY,strategy_equal_weighted,,,0.0
RecentA,robustness,,,,,HIGH,1060.0,155.803875583,0.14698478828584907,1.5849458086302795,55.00000000000001,0.7241165706415095,-0.5583985012599582,False,0.08098097558701556,,,,Portfolio,22.0,1|2|3|4|5|6|7|8|10|11|12|18|19|20|21|22|23|24|25|26|27|28,18.0,DESCRIPTIVE_ONLY,trade_weighted,,,
RecentA,robustness,,,,,HIGH,,,0.1402272309040578,,,,,,0.08732912319171061,,,,Portfolio,22.0,1|2|3|4|5|6|7|8|10|11|12|18|19|20|21|22|23|24|25|26|27|28,18.0,DESCRIPTIVE_ONLY,strategy_equal_weighted,,,0.0
RecentA,robustness,,,,,LOW,585.0,67.909490028,0.11608459833846153,1.5171443030461718,56.58119658119658,0.6018906836827794,-0.5190368627312253,False,0.07567415034357343,,,,JPY,12.0,1|2|3|4|5|6|7|8|10|11|12|26,9.0,DESCRIPTIVE_ONLY,trade_weighted,,,
RecentA,robustness,,,,,LOW,,,0.10216077396501984,,,,,,0.10146068758888986,,,,JPY,12.0,1|2|3|4|5|6|7|8|10|11|12|26,9.0,DESCRIPTIVE_ONLY,strategy_equal_weighted,,,0.0
RecentA,robustness,,,,,NORMAL,392.0,89.40889082,0.2280839051530612,2.1209669374692157,62.5,0.6904873364285714,-0.546304839760274,False,0.07567415034357343,,,,JPY,12.0,1|2|3|4|5|6|7|8|10|11|12|26,9.0,DESCRIPTIVE_ONLY,trade_weighted,,,
RecentA,robustness,,,,,NORMAL,,,0.21656739312729825,,,,,,0.10146068758888986,,,,JPY,12.0,1|2|3|4|5|6|7|8|10|11|12|26,9.0,DESCRIPTIVE_ONLY,strategy_equal_weighted,,,0.0
RecentA,robustness,,,,,HIGH,629.0,120.616252921,0.19175874868203496,1.7225233858716402,54.68998410174881,0.8359120933343024,-0.5857456392491228,False,0.07567415034357343,,,,JPY,12.0,1|2|3|4|5|6|7|8|10|11|12|26,9.0,DESCRIPTIVE_ONLY,trade_weighted,,,
RecentA,robustness,,,,,HIGH,,,0.2036214615539097,,,,,,0.10146068758888986,,,,JPY,12.0,1|2|3|4|5|6|7|8|10|11|12|26,9.0,DESCRIPTIVE_ONLY,strategy_equal_weighted,,,0.0
RecentA,robustness,,,,,LOW,358.0,-5.6678946529999985,-0.01583210796927374,0.9338288931779435,48.324022346368714,0.4623539524508671,-0.4706325737747252,False,0.09747392389038743,,,,AUD_nonJPY,10.0,18|19|20|21|22|23|24|25|27|28,9.0,DESCRIPTIVE_ONLY,trade_weighted,,,
RecentA,robustness,,,,,LOW,,,-0.006217091790859993,,,,,,0.07037124591509555,,,,AUD_nonJPY,10.0,18|19|20|21|22|23|24|25|27|28,9.0,DESCRIPTIVE_ONLY,strategy_equal_weighted,,,0.0
RecentA,robustness,,,,,NORMAL,372.0,17.522590183000002,0.047103737051075276,1.1884669711537337,53.2258064516129,0.5580652484343435,-0.5374238670924855,False,0.09747392389038743,,,,AUD_nonJPY,10.0,18|19|20|21|22|23|24|25|27|28,9.0,DESCRIPTIVE_ONLY,trade_weighted,,,
RecentA,robustness,,,,,NORMAL,,,0.021591697666252026,,,,,,0.07037124591509555,,,,AUD_nonJPY,10.0,18|19|20|21|22|23|24|25|27|28,9.0,DESCRIPTIVE_ONLY,strategy_equal_weighted,,,0.0
RecentA,robustness,,,,,HIGH,431.0,35.187622662,0.08164181592111369,1.3539340775130018,55.4524361948956,0.5632058601548118,-0.5178050933072916,False,0.09747392389038743,,,,AUD_nonJPY,10.0,18|19|20|21|22|23|24|25|27|28,9.0,DESCRIPTIVE_ONLY,trade_weighted,,,
RecentA,robustness,,,,,HIGH,,,0.06415415412423556,,,,,,0.07037124591509555,,,,AUD_nonJPY,10.0,18|19|20|21|22|23|24|25|27|28,9.0,DESCRIPTIVE_ONLY,strategy_equal_weighted,,,0.0
RecentA,robustness,,,,,LOW,579.0,59.213527559,0.10226861409153713,1.5042098885058472,57.68566493955095,0.5288975412844311,-0.48328498448559676,False,0.06109561089928857,,,,Long,13.0,1|2|3|4|6|7|8|19|21|22|24|25|26,10.0,DESCRIPTIVE_ONLY,trade_weighted,,,
RecentA,robustness,,,,,LOW,,,0.08952425129382248,,,,,,0.09278531098078825,,,,Long,13.0,1|2|3|4|6|7|8|19|21|22|24|25|26,10.0,DESCRIPTIVE_ONLY,strategy_equal_weighted,,,0.0
RecentA,robustness,,,,,NORMAL,399.0,40.842227031,0.1023614712556391,1.4831638722112626,58.1453634085213,0.5404009641465517,-0.5123078584909091,False,0.06109561089928857,,,,Long,13.0,1|2|3|4|6|7|8|19|21|22|24|25|26,10.0,DESCRIPTIVE_ONLY,trade_weighted,,,
RecentA,robustness,,,,,NORMAL,,,0.0917366288193715,,,,,,0.09278531098078825,,,,Long,13.0,1|2|3|4|6|7|8|19|21|22|24|25|26,10.0,DESCRIPTIVE_ONLY,strategy_equal_weighted,,,0.0
RecentA,robustness,,,,,HIGH,654.0,106.840203144,0.1633642249908257,1.7309312158682615,58.56269113149847,0.6606010073028721,-0.5393726297158672,False,0.06109561089928857,,,,Long,13.0,1|2|3|4|6|7|8|19|21|22|24|25|26,10.0,DESCRIPTIVE_ONLY,trade_weighted,,,
RecentA,robustness,,,,,HIGH,,,0.18230956227461073,,,,,,0.09278531098078825,,,,Long,13.0,1|2|3|4|6|7|8|19|21|22|24|25|26,10.0,DESCRIPTIVE_ONLY,strategy_equal_weighted,,,0.0
RecentA,robustness,,,,,LOW,364.0,3.0280678160000005,0.008318867626373627,1.0304226902229017,46.7032967032967,0.6033015957882353,-0.5184021013958333,False,0.11228131079480864,,,,Short,9.0,5|10|11|12|18|20|23|27|28,8.0,DESCRIPTIVE_ONLY,trade_weighted,,,
RecentA,robustness,,,,,LOW,,,-6.321905339355671e-06,,,,,,0.07944796305193183,,,,Short,9.0,5|10|11|12|18|20|23|27|28,8.0,DESCRIPTIVE_ONLY,strategy_equal_weighted,,,0.0
RecentA,robustness,,,,,NORMAL,365.0,66.089253972,0.18106644923835616,1.7492769577277727,57.80821917808219,0.7312478338056873,-0.5727534997467532,False,0.11228131079480864,,,,Short,9.0,5|10|11|12|18|20|23|27|28,8.0,DESCRIPTIVE_ONLY,trade_weighted,,,
RecentA,robustness,,,,,NORMAL,,,0.18023883550425224,,,,,,0.07944796305193183,,,,Short,9.0,5|10|11|12|18|20|23|27|28,8.0,DESCRIPTIVE_ONLY,strategy_equal_weighted,,,0.0
RecentA,robustness,,,,,HIGH,406.0,48.963672439,0.12060017842118227,1.4073987877274308,49.26108374384236,0.845748874435,-0.5834276817864078,False,0.11228131079480864,,,,Short,9.0,5|10|11|12|18|20|23|27|28,8.0,DESCRIPTIVE_ONLY,trade_weighted,,,
RecentA,robustness,,,,,HIGH,,,0.07944164114659247,,,,,,0.07944796305193183,,,,Short,9.0,5|10|11|12|18|20|23|27|28,8.0,DESCRIPTIVE_ONLY,strategy_equal_weighted,,,0.0
RecentB,primary,1.0,1_EJ_Log1,EURJPY,Long,LOW,64.0,5.980000001,0.093437500015625,1.3830176595232695,57.8125,0.5835907335945946,-0.5782539682222222,False,0.20102678569270832,0.20102678569270832,True,False,,,,,,,,,
RecentB,primary,1.0,1_EJ_Log1,EURJPY,Long,NORMAL,35.0,7.625714286,0.21787755102857143,1.7062715003673241,57.14285714285714,0.9211428571999999,-0.7198095238666667,False,0.20102678569270832,0.20102678569270832,True,False,,,,,,,,,
RecentB,primary,1.0,1_EJ_Log1,EURJPY,Long,HIGH,48.0,14.134285714,0.29446428570833333,2.0472057577446736,54.166666666666664,1.0627472527692308,-0.6135064935454545,False,0.20102678569270832,0.20102678569270832,True,False,,,,,,,,,
RecentB,primary,2.0,2_EJ_NightBlitz_20,EURJPY,Long,LOW,80.0,8.437777781,0.1054722222625,1.4253865115325113,58.75,0.6015602837021277,-0.6010774409999999,False,0.009356060646590933,0.10023348349425679,True,False,,,,,,,,,
RecentB,primary,2.0,2_EJ_NightBlitz_20,EURJPY,Long,NORMAL,37.0,7.611111113000001,0.20570570575675678,1.6375651527362882,62.16216216216216,0.8499516909565218,-0.8526984127857142,False,0.009356060646590933,0.10023348349425679,True,False,,,,,,,,,
RecentB,primary,2.0,2_EJ_NightBlitz_20,EURJPY,Long,HIGH,55.0,6.315555560000001,0.11482828290909093,1.2835478401718579,52.72727272727272,0.9858237549310345,-0.8566666666538462,False,0.009356060646590933,0.10023348349425679,True,False,,,,,,,,,
RecentB,primary,3.0,3_EJ_NightBlitz_21,EURJPY,Long,LOW,80.0,7.664000001,0.0958000000125,1.7194892979458773,63.74999999999999,0.35913725490196075,-0.3804285713928572,False,-0.02722857153035714,0.10696010305839766,True,False,,,,,,,,,
RecentB,primary,3.0,3_EJ_NightBlitz_21,EURJPY,Long,NORMAL,37.0,6.494666667,0.17553153154054052,2.1138806315212326,67.56756756756756,0.49301333327999997,-0.48588888874999997,False,-0.02722857153035714,0.10696010305839766,True,False,,,,,,,,,
RecentB,primary,3.0,3_EJ_NightBlitz_21,EURJPY,Long,HIGH,56.0,3.839999995,0.06857142848214286,1.3122628207335438,55.35714285714286,0.5205591397096775,-0.512388889,False,-0.02722857153035714,0.10696010305839766,True,False,,,,,,,,,
RecentB,primary,4.0,4_GJ_Port_Log1,GBPJPY,Long,LOW,69.0,0.45076923099999994,0.0065328874057971,1.0738965952337876,47.82608695652174,0.19850815854545456,-0.1694444444722222,False,0.07968642508356459,0.07968642508356459,True,False,,,,,,,,,
RecentB,primary,4.0,4_GJ_Port_Log1,GBPJPY,Long,NORMAL,45.0,3.712307688,0.0824957264,1.908851222742762,62.22222222222222,0.2784615383571428,-0.24027149329411768,False,0.07968642508356459,0.07968642508356459,True,False,,,,,,,,,
RecentB,primary,4.0,4_GJ_Port_Log1,GBPJPY,Long,HIGH,47.0,4.052307687,0.0862193124893617,1.75235646833681,57.446808510638306,0.34957264944444444,-0.2693076924,False,0.07968642508356459,0.07968642508356459,True,False,,,,,,,,,
RecentB,primary,5.0,5_GJ_Port_Log2,GBPJPY,Short,LOW,97.0,1.201111115,0.01238258881443299,1.045019157233883,47.42268041237113,0.6061111111956522,-0.5231372549019607,False,0.11106683073780581,0.11106683073780581,True,False,,,,,,,,,
RecentB,primary,5.0,5_GJ_Port_Log2,GBPJPY,Short,NORMAL,55.0,2.168888889,0.03943434343636364,1.119806051673743,45.45454545454545,0.81088888896,-0.6034444444999999,False,0.11106683073780581,0.11106683073780581,True,False,,,,,,,,,
RecentB,primary,5.0,5_GJ_Port_Log2,GBPJPY,Short,HIGH,67.0,8.27111111,0.1234494195522388,1.319594710574977,47.76119402985074,1.06722222221875,-0.7394285714571428,False,0.11106683073780581,0.11106683073780581,True,False,,,,,,,,,
RecentB,primary,6.0,6_GJ_Old_Mon,GBPJPY,Long,LOW,40.0,8.13,0.20325000000000001,1.6518601667735728,57.49999999999999,0.8957391304347826,-0.7336470588235294,False,0.7773653846153845,1.0178376068376067,True,False,,,,,,,,,
RecentB,primary,6.0,6_GJ_Old_Mon,GBPJPY,Long,NORMAL,18.0,-0.6700000000000002,-0.03722222222222223,0.9134814049586777,50.0,0.786,-0.8604444444444445,True,0.7773653846153845,1.0178376068376067,True,False,,,,,,,,,
RecentB,primary,6.0,6_GJ_Old_Mon,GBPJPY,Long,HIGH,26.0,25.496,0.9806153846153846,5.544741532976827,76.92307692307693,1.5553000000000001,-0.935,False,0.7773653846153845,1.0178376068376067,True,False,,,,,,,,,
RecentB,primary,7.0,7_GJ_Mon_Blitz,GBPJPY,Long,LOW,46.0,1.3953846120000002,0.030334448086956525,1.3046691291245986,54.347826086956516,0.23901538456000002,-0.21809523819047621,False,0.2292933435259467,0.2292933435259467,True,False,,,,,,,,,
RecentB,primary,7.0,7_GJ_Mon_Blitz,GBPJPY,Long,NORMAL,24.0,1.515384616,0.06314102566666667,1.4394378766593046,45.83333333333333,0.45125874127272725,-0.2652662721538462,False,0.2292933435259467,0.2292933435259467,True,False,,,,,,,,,
RecentB,primary,7.0,7_GJ_Mon_Blitz,GBPJPY,Long,HIGH,31.0,8.04846154,0.2596277916129032,5.011886502142225,77.41935483870968,0.4189423077916667,-0.28659340671428574,False,0.2292933435259467,0.2292933435259467,True,False,,,,,,,,,
RecentB,primary,8.0,8_AJ_Core1,AUDJPY,Long,LOW,38.0,5.149999998,0.13552631573684212,2.0341365457831326,60.526315789473685,0.4404347825217392,-0.332,False,0.09998388837030073,0.13139255698949578,True,False,,,,,,,,,
RecentB,primary,8.0,8_AJ_Core1,AUDJPY,Long,NORMAL,34.0,3.540000002,0.10411764711764707,1.4579560159011529,50.0,0.6629411764705883,-0.4547058822352941,False,0.09998388837030073,0.13139255698949578,True,False,,,,,,,,,
RecentB,primary,8.0,8_AJ_Core1,AUDJPY,Long,HIGH,28.0,6.594285715,0.23551020410714285,2.353268836503067,64.28571428571429,0.6370634920555556,-0.4872857142,False,0.09998388837030073,0.13139255698949578,True,False,,,,,,,,,
RecentB,primary,9.0,9_AJ_Core2,AUDJPY,Short,LOW,19.0,-1.073333333,-0.05649122805263157,0.8795811518653545,47.368421052631575,0.8711111111111111,-0.8913333333000001,True,-0.07184210525986845,0.3993939394034091,False,False,,,,,,,,,
RecentB,primary,9.0,9_AJ_Core2,AUDJPY,Short,NORMAL,22.0,5.963333334,0.2710606060909091,1.8913801695067263,59.09090909090909,0.9733333333846154,-0.7433333333333334,False,-0.07184210525986845,0.3993939394034091,False,False,,,,,,,,,
RecentB,primary,9.0,9_AJ_Core2,AUDJPY,Short,HIGH,16.0,-2.0533333330000003,-0.12833333331250002,0.7848410758220343,31.25,1.498,-0.8675757575454545,True,-0.07184210525986845,0.3993939394034091,False,False,,,,,,,,,
RecentB,primary,10.0,10_AJ_SatA,AUDJPY,Short,LOW,28.0,-0.16399999999999992,-0.005857142857142854,0.9499694935936546,42.857142857142854,0.2595,-0.204875,False,0.007957142857142859,0.06995238095238095,True,False,,,,,,,,,
RecentB,primary,10.0,10_AJ_SatA,AUDJPY,Short,NORMAL,21.0,1.346,0.0640952380952381,1.5498366013071896,57.14285714285714,0.31616666666666665,-0.272,False,0.007957142857142859,0.06995238095238095,True,False,,,,,,,,,
RecentB,primary,10.0,10_AJ_SatA,AUDJPY,Short,HIGH,20.0,0.042000000000000086,0.002100000000000004,1.0161042944785275,40.0,0.33125,-0.21733333333333335,False,0.007957142857142859,0.06995238095238095,True,False,,,,,,,,,
RecentB,primary,11.0,11_AJ_SatB,AUDJPY,Short,LOW,29.0,0.6472727269999998,0.022319749206896545,1.1200674535952897,44.827586206896555,0.46447552438461537,-0.336931818125,False,-0.036228840206896554,0.11979653695238095,True,False,,,,,,,,,
RecentB,primary,11.0,11_AJ_SatB,AUDJPY,Short,NORMAL,21.0,2.2236363649999995,0.10588744595238093,1.4231833912263683,47.61904761904761,0.7478181819999999,-0.4776859504545454,False,-0.036228840206896554,0.11979653695238095,True,False,,,,,,,,,
RecentB,primary,11.0,11_AJ_SatB,AUDJPY,Short,HIGH,20.0,-0.27818182000000025,-0.013909091000000012,0.9399529038496888,50.0,0.4354545453,-0.4632727273,False,-0.036228840206896554,0.11979653695238095,True,False,,,,,,,,,
RecentB,primary,12.0,12_UJ_Short_Core,USDJPY,Short,LOW,32.0,11.167,0.34896875,2.3937843235147276,62.5,0.95895,-0.6676666666666667,False,-0.0552604166666667,0.08128453947368419,True,False,,,,,,,,,
RecentB,primary,12.0,12_UJ_Short_Core,USDJPY,Short,NORMAL,38.0,10.172,0.2676842105263158,1.8589765242357708,52.63157894736842,1.1007,-0.657888888888889,False,-0.0552604166666667,0.08128453947368419,True,False,,,,,,,,,
RecentB,primary,12.0,12_UJ_Short_Core,USDJPY,Short,HIGH,24.0,7.0489999999999995,0.2937083333333333,1.9220405493786787,50.0,1.2245,-0.6370833333333333,False,-0.0552604166666667,0.08128453947368419,True,False,,,,,,,,,
RecentB,primary,13.0,13_UJ_Fix_MidWeek,USDJPY,Long,LOW,14.0,2.846315788,0.20330827057142858,6.026022297559459,64.28571428571429,0.37918128644444443,-0.113263158,True,0.06370927320634917,0.2904561403777777,False,False,,,,,,,,,
RecentB,primary,13.0,13_UJ_Fix_MidWeek,USDJPY,Long,NORMAL,15.0,-0.351578949,-0.023438596599999997,0.8568980285133554,46.666666666666664,0.30075187957142857,-0.30710526325,True,0.06370927320634917,0.2904561403777777,False,False,,,,,,,,,
RecentB,primary,13.0,13_UJ_Fix_MidWeek,USDJPY,Long,HIGH,9.0,2.403157894,0.26701754377777775,5.796218481893935,66.66666666666666,0.48403508766666664,-0.167017544,True,0.06370927320634917,0.2904561403777777,False,False,,,,,,,,,
RecentB,primary,14.0,14_UJ_Sat_3rd,USDJPY,Short,LOW,6.0,5.624444446,0.9374074076666666,inf,100.0,0.9374074076666666,,True,-0.0007407406666666283,0.4040740740666665,False,False,,,,,,,,,
RecentB,primary,14.0,14_UJ_Sat_3rd,USDJPY,Short,NORMAL,5.0,2.6666666680000004,0.5333333336000001,2.333333334,60.0,1.555555556,-1.0,True,-0.0007407406666666283,0.4040740740666665,False,False,,,,,,,,,
RecentB,primary,14.0,14_UJ_Sat_3rd,USDJPY,Short,HIGH,2.0,1.873333334,0.936666667,inf,100.0,0.936666667,,True,-0.0007407406666666283,0.4040740740666665,False,False,,,,,,,,,
RecentB,primary,15.0,15_UJ_Sat_Aug,USDJPY,Short,LOW,2.0,0.75,0.375,1.75,50.0,1.75,-1.0,True,0.45833333333333337,0.9166666666666667,False,False,,,,,,,,,
RecentB,primary,15.0,15_UJ_Sat_Aug,USDJPY,Short,NORMAL,3.0,-0.25,-0.08333333333333333,0.875,33.33333333333333,1.75,-1.0,True,0.45833333333333337,0.9166666666666667,False,False,,,,,,,,,
RecentB,primary,15.0,15_UJ_Sat_Aug,USDJPY,Short,HIGH,6.0,5.0,0.8333333333333334,3.5,66.66666666666666,1.75,-1.0,True,0.45833333333333337,0.9166666666666667,False,False,,,,,,,,,
RecentB,primary,16.0,16_UJ_T10A,USDJPY,Long,LOW,4.0,-0.537777778,-0.1344444445,0.46222222199999996,75.0,0.15407407399999998,-1.0,True,0.8477777777000001,,False,False,,,,,,,,,
RecentB,primary,16.0,16_UJ_T10A,USDJPY,Long,NORMAL,0.0,0.0,,,,,,True,0.8477777777000001,,False,False,,,,,,,,,
RecentB,primary,16.0,16_UJ_T10A,USDJPY,Long,HIGH,5.0,3.566666666,0.7133333332,18.833333330000002,60.0,1.2555555553333333,-0.09999999999999999,True,0.8477777777000001,,False,False,,,,,,,,,
RecentB,primary,17.0,17_EA_1B_Wed_Short,EURAUD,Short,LOW,25.0,4.687142858,0.18748571432,2.4812641082886535,56.00000000000001,0.5608163266428571,-0.28766233772727273,False,-0.22712857144499998,0.22712857144499998,False,False,,,,,,,,,
RecentB,primary,17.0,17_EA_1B_Wed_Short,EURAUD,Short,NORMAL,13.0,1.488571429,0.11450549453846154,1.6162034300276518,69.23076923076923,0.4338095238888889,-0.6039285715,True,-0.22712857144499998,0.22712857144499998,False,False,,,,,,,,,
RecentB,primary,17.0,17_EA_1B_Wed_Short,EURAUD,Short,HIGH,16.0,-0.634285714,-0.039642857125,0.8952830189126246,50.0,0.677857142875,-0.757142857125,True,-0.22712857144499998,0.22712857144499998,False,False,,,,,,,,,
RecentB,primary,18.0,18_EA_2_MonWed_Short,EURAUD,Short,LOW,72.0,-2.793333332,-0.03879629627777778,0.8220554926921815,43.05555555555556,0.4162724013870968,-0.3828726286585366,False,0.2613813303185941,0.2613813303185941,True,False,,,,,,,,,
RecentB,primary,18.0,18_EA_2_MonWed_Short,EURAUD,Short,NORMAL,46.0,0.734444445,0.01596618358695652,1.0657515170098477,63.04347826086957,0.4104980843103448,-0.6570588235294118,False,0.2613813303185941,0.2613813303185941,True,False,,,,,,,,,
RecentB,primary,18.0,18_EA_2_MonWed_Short,EURAUD,Short,HIGH,49.0,10.906666668,0.2225850340408163,2.110281642521557,55.10204081632652,0.7677777778148148,-0.44651515150000004,False,0.2613813303185941,0.2613813303185941,True,False,,,,,,,,,
RecentB,primary,19.0,19_EA_3_WedThu_Long,EURAUD,Long,LOW,48.0,4.266666666,0.088888888875,1.5300938706336147,64.58333333333334,0.39727598567741934,-0.4734640523529412,False,0.06381481489166664,0.1600600256287356,True,False,,,,,,,,,
RecentB,primary,19.0,19_EA_3_WedThu_Long,EURAUD,Long,NORMAL,29.0,-0.21333333399999999,-0.007356321862068965,0.9651984773359875,48.275862068965516,0.42261904771428577,-0.4086666668,False,0.06381481489166664,0.1600600256287356,True,False,,,,,,,,,
RecentB,primary,19.0,19_EA_3_WedThu_Long,EURAUD,Long,HIGH,30.0,4.5811111129999995,0.15270370376666664,1.538320929910496,53.333333333333336,0.8181944445,-0.6078571427857142,False,0.06381481489166664,0.1600600256287356,True,False,,,,,,,,,
RecentB,primary,20.0,20_EA_1A_MonTue_Short,EURAUD,Short,LOW,67.0,-7.566,-0.11292537313432835,0.5641202903560317,41.7910447761194,0.3497142857142857,-0.4450769230769231,False,0.4593698175787728,0.5187602339181286,True,False,,,,,,,,,
RecentB,primary,20.0,20_EA_1A_MonTue_Short,EURAUD,Short,NORMAL,38.0,-6.548,-0.1723157894736842,0.49342410645211204,31.57894736842105,0.5315,-0.49715384615384617,False,0.4593698175787728,0.5187602339181286,True,False,,,,,,,,,
RecentB,primary,20.0,20_EA_1A_MonTue_Short,EURAUD,Short,HIGH,36.0,12.472,0.34644444444444444,2.444187123668365,58.333333333333336,1.0051428571428571,-0.5757333333333333,False,0.4593698175787728,0.5187602339181286,True,False,,,,,,,,,
RecentB,primary,21.0,21_GA_B_3,GBPAUD,Long,LOW,40.0,1.212727273,0.030318181825000002,1.568869935846682,52.5,0.15926406933333334,-0.112200957,False,-0.014689839530882359,0.054522727253571435,True,False,,,,,,,,,
RecentB,primary,21.0,21_GA_B_3,GBPAUD,Long,NORMAL,28.0,-0.677727272,-0.02420454542857143,0.7944865611053135,46.42857142857143,0.20153846146153848,-0.21984848473333332,False,-0.014689839530882359,0.054522727253571435,True,False,,,,,,,,,
RecentB,primary,21.0,21_GA_B_3,GBPAUD,Long,HIGH,34.0,0.5313636379999999,0.015628342294117643,1.166240046089124,64.70588235294117,0.16944214877272726,-0.26636363625,False,-0.014689839530882359,0.054522727253571435,True,False,,,,,,,,,
RecentB,primary,22.0,22_GA_C_2,GBPAUD,Long,LOW,31.0,-3.227142858,-0.10410138251612903,0.6710832847308629,45.16129032258064,0.47030612242857145,-0.5771428571764706,False,0.05382488487096776,0.10510978592789375,True,False,,,,,,,,,
RecentB,primary,22.0,22_GA_C_2,GBPAUD,Long,NORMAL,17.0,0.01714285800000015,0.0010084034117647147,1.0042253523240925,41.17647058823529,0.5820408164285714,-0.4507936507777777,True,0.05382488487096776,0.10510978592789375,True,False,,,,,,,,,
RecentB,primary,22.0,22_GA_C_2,GBPAUD,Long,HIGH,31.0,-1.5585714269999995,-0.050276497645161275,0.8601282052584713,35.483870967741936,0.8712987013636364,-0.5571428571,False,0.05382488487096776,0.10510978592789375,True,False,,,,,,,,,
RecentB,primary,23.0,23_GA_F_2,GBPAUD,Short,LOW,30.0,0.826666663,0.027555555433333333,1.3599419428854,53.333333333333336,0.19520833325,-0.1640476192142857,False,0.03709722228541666,0.05056944462916667,True,False,,,,,,,,,
RecentB,primary,23.0,23_GA_F_2,GBPAUD,Short,NORMAL,16.0,1.250000001,0.0781250000625,1.7621951230257287,62.5,0.28900000000000003,-0.2733333331666667,True,0.03709722228541666,0.05056944462916667,True,False,,,,,,,,,
RecentB,primary,23.0,23_GA_F_2,GBPAUD,Short,HIGH,32.0,2.068888887,0.06465277771875,1.6631054122874662,46.875,0.34592592586666665,-0.18352941182352941,False,0.03709722228541666,0.05056944462916667,True,False,,,,,,,,,
RecentB,primary,24.0,24_GA_D_1,GBPAUD,Long,LOW,30.0,1.401111111,0.0467037037,1.3302776323371674,60.0,0.31351851844444445,-0.3535185184166667,False,-0.1557662037,0.16350694443750002,True,False,,,,,,,,,
RecentB,primary,24.0,24_GA_D_1,GBPAUD,Long,NORMAL,16.0,0.871111111,0.0544444444375,1.4197002139893578,75.0,0.24555555558333333,-0.518888889,True,-0.1557662037,0.16350694443750002,True,False,,,,,,,,,
RecentB,primary,24.0,24_GA_D_1,GBPAUD,Long,HIGH,32.0,-3.49,-0.1090625,0.5354924578939226,46.875,0.2682222222666667,-0.44196078435294117,False,-0.1557662037,0.16350694443750002,True,False,,,,,,,,,
RecentB,primary,25.0,25_AU_China_Demand,AUDUSD,Long,LOW,93.0,1.1849999999999998,0.012741935483870965,1.1043593130779392,53.76344086021505,0.25079999999999997,-0.26406976744186045,False,0.12361676016830293,0.14687340153452683,True,False,,,,,,,,,
RecentB,primary,25.0,25_AU_China_Demand,AUDUSD,Long,NORMAL,34.0,-0.3575,-0.01051470588235294,0.9288557213930348,41.17647058823529,0.33339285714285716,-0.25125000000000003,False,0.12361676016830293,0.14687340153452683,True,False,,,,,,,,,
RecentB,primary,25.0,25_AU_China_Demand,AUDUSD,Long,HIGH,46.0,6.2725,0.1363586956521739,2.095633187772926,56.52173913043478,0.4614423076923077,-0.28625,False,0.12361676016830293,0.14687340153452683,True,False,,,,,,,,,
RecentB,primary,26.0,26_AJ_China_Demand,AUDJPY,Long,LOW,31.0,6.928888885,0.22351254467741935,3.5145161263028744,67.74193548387096,0.46116402104761905,-0.2755555557,False,-0.05781206159046284,0.21704789825317694,True,False,,,,,,,,,
RecentB,primary,26.0,26_AJ_China_Demand,AUDJPY,Long,NORMAL,33.0,0.21333333199999985,0.00646464642424242,1.026030368599456,54.54545454545454,0.4671604937777778,-0.5463703704,False,-0.05781206159046284,0.21704789825317694,True,False,,,,,,,,,
RecentB,primary,26.0,26_AJ_China_Demand,AUDJPY,Long,HIGH,23.0,3.8111111109999998,0.1657004830869565,1.8587881822053687,65.21739130434783,0.5499259259333333,-0.55472222225,False,-0.05781206159046284,0.21704789825317694,True,False,,,,,,,,,
RecentB,primary,27.0,27_EA_China_Demand,EURAUD,Short,LOW,44.0,5.143333333,0.11689393938636364,2.5882655677878197,68.18181818181817,0.2793888889333333,-0.23130952392857143,False,0.14685606065530302,0.14685606065530302,True,False,,,,,,,,,
RecentB,primary,27.0,27_EA_China_Demand,EURAUD,Short,NORMAL,30.0,4.263333334,0.14211111113333336,2.1925407930608505,56.666666666666664,0.46107843135294113,-0.2979166665833333,False,0.14685606065530302,0.14685606065530302,True,False,,,,,,,,,
RecentB,primary,27.0,27_EA_China_Demand,EURAUD,Short,HIGH,24.0,6.330000001,0.26375000004166665,3.098342542231678,62.5,0.6231111111333333,-0.3351851851111111,False,0.14685606065530302,0.14685606065530302,True,False,,,,,,,,,
RecentB,primary,28.0,28_GA_China_Demand,GBPAUD,Short,LOW,41.0,2.737333332,0.0667642276097561,1.666991552631579,58.536585365853654,0.2850555555,-0.24141176470588235,False,0.20727743892149392,0.20727743892149392,True,False,,,,,,,,,
RecentB,primary,28.0,28_GA_China_Demand,GBPAUD,Short,NORMAL,25.0,5.288000001,0.21152000004000002,4.966000004716,76.0,0.34849122805263155,-0.222222222,False,0.20727743892149392,0.20727743892149392,True,False,,,,,,,,,
RecentB,primary,28.0,28_GA_China_Demand,GBPAUD,Short,HIGH,32.0,8.769333329,0.27404166653125,2.798960611679502,68.75,0.6201818179999999,-0.48746666670000005,False,0.20727743892149392,0.20727743892149392,True,False,,,,,,,,,
RecentB,primary,,,,,LOW,1200.0,72.47135852,0.060392798766666665,1.3397993044179592,54.666666666666664,0.43559193040701216,-0.3927752262007366,False,0.11051225172800788,,,,Portfolio,22.0,1|2|3|4|5|6|7|8|10|11|12|18|19|20|21|22|23|24|25|26|27|28,16.0,DESCRIPTIVE_ONLY,trade_weighted,,,
RecentB,primary,,,,,LOW,,,0.06389651107940526,,,,,,0.11463582990884987,,,,Portfolio,22.0,1|2|3|4|5|6|7|8|10|11|12|18|19|20|21|22|23|24|25|26|27|28,16.0,DESCRIPTIVE_ONLY,strategy_equal_weighted,,,0.0
RecentB,primary,,,,,NORMAL,735.0,60.097506584,0.08176531508027211,1.3659831133382216,54.14965986394557,0.5635827149798995,-0.4901743700835821,False,0.11051225172800788,,,,Portfolio,22.0,1|2|3|4|5|6|7|8|10|11|12|18|19|20|21|22|23|24|25|26|27|28,16.0,DESCRIPTIVE_ONLY,trade_weighted,,,
RecentB,primary,,,,,NORMAL,,,0.07199984680672174,,,,,,0.11463582990884987,,,,Portfolio,22.0,1|2|3|4|5|6|7|8|10|11|12|18|19|20|21|22|23|24|25|26|27|28,16.0,DESCRIPTIVE_ONLY,strategy_equal_weighted,,,0.0
RecentB,primary,,,,,HIGH,845.0,144.414767668,0.17090505049467455,1.7405648957854136,55.62130177514793,0.7221723333680851,-0.5214070294518717,False,0.11051225172800788,,,,Portfolio,22.0,1|2|3|4|5|6|7|8|10|11|12|18|19|20|21|22|23|24|25|26|27|28,16.0,DESCRIPTIVE_ONLY,trade_weighted,,,
RecentB,primary,,,,,HIGH,,,0.17853234098825513,,,,,,0.11463582990884987,,,,Portfolio,22.0,1|2|3|4|5|6|7|8|10|11|12|18|19|20|21|22|23|24|25|26|27|28,16.0,DESCRIPTIVE_ONLY,strategy_equal_weighted,,,0.0
RecentB,primary,,,,,LOW,679.0,64.597853474,0.09513675032989691,1.4900142268537795,55.81737849779087,0.5182754088153034,-0.4408980818294314,False,0.10810499122910933,,,,JPY,12.0,1|2|3|4|5|6|7|8|10|11|12|26,8.0,DESCRIPTIVE_ONLY,trade_weighted,,,
RecentB,primary,,,,,LOW,,,0.1059733219468189,,,,,,0.11160049762792178,,,,JPY,12.0,1|2|3|4|5|6|7|8|10|11|12|26,8.0,DESCRIPTIVE_ONLY,strategy_equal_weighted,,,0.0
RecentB,primary,,,,,NORMAL,443.0,53.981464011,0.12185432056659143,1.4882419342407904,54.627539503386004,0.6799355565578512,-0.5500643814726368,False,0.10810499122910933,,,,JPY,12.0,1|2|3|4|5|6|7|8|10|11|12|26,8.0,DESCRIPTIVE_ONLY,trade_weighted,,,
RecentB,primary,,,,,NORMAL,,,0.10793440414354173,,,,,,0.11160049762792178,,,,JPY,12.0,1|2|3|4|5|6|7|8|10|11|12|26,8.0,DESCRIPTIVE_ONLY,strategy_equal_weighted,,,0.0
RecentB,primary,,,,,HIGH,483.0,98.165761173,0.20324174155900623,1.7955674909150592,56.31469979296067,0.8145464211544118,-0.5875755494333333,False,0.10810499122910933,,,,JPY,12.0,1|2|3|4|5|6|7|8|10|11|12|26,8.0,DESCRIPTIVE_ONLY,trade_weighted,,,
RecentB,primary,,,,,HIGH,,,0.21757381957474067,,,,,,0.11160049762792178,,,,JPY,12.0,1|2|3|4|5|6|7|8|10|11|12|26,8.0,DESCRIPTIVE_ONLY,strategy_equal_weighted,,,0.0
RecentB,primary,,,,,LOW,521.0,7.873505046,0.015112293754318619,1.0966686022212673,53.16698656429942,0.32246182818050545,-0.33380500557377046,False,0.11264739269595762,,,,AUD_nonJPY,10.0,18|19|20|21|22|23|24|25|27|28,8.0,DESCRIPTIVE_ONLY,trade_weighted,,,
RecentB,primary,,,,,LOW,,,0.013404338038508889,,,,,,0.11827822864596353,,,,AUD_nonJPY,10.0,18|19|20|21|22|23|24|25|27|28,8.0,DESCRIPTIVE_ONLY,strategy_equal_weighted,,,0.0
RecentB,primary,,,,,NORMAL,292.0,6.1160425730000005,0.020945351277397262,1.114008549026484,53.42465753424658,0.38308664022435895,-0.400339353,False,0.11264739269595762,,,,AUD_nonJPY,10.0,18|19|20|21|22|23|24|25|27|28,8.0,DESCRIPTIVE_ONLY,trade_weighted,,,
RecentB,primary,,,,,NORMAL,,,0.02887837800253771,,,,,,0.11827822864596353,,,,AUD_nonJPY,10.0,18|19|20|21|22|23|24|25|27|28,8.0,DESCRIPTIVE_ONLY,strategy_equal_weighted,,,0.0
RecentB,primary,,,,,HIGH,362.0,46.249006495,0.12775968645027624,1.6457972723752656,54.69613259668509,0.595274596611111,-0.43667904654878054,False,0.11264739269595762,,,,AUD_nonJPY,10.0,18|19|20|21|22|23|24|25|27|28,8.0,DESCRIPTIVE_ONLY,trade_weighted,,,
RecentB,primary,,,,,HIGH,,,0.13168256668447242,,,,,,0.11827822864596353,,,,AUD_nonJPY,10.0,18|19|20|21|22|23|24|25|27|28,8.0,DESCRIPTIVE_ONLY,strategy_equal_weighted,,,0.0
RecentB,primary,,,,,LOW,708.0,51.283720711,0.07243463377259887,1.4492910849246967,57.34463276836158,0.4074565581798029,-0.3792147571760797,False,0.09642411913358875,,,,Long,13.0,1|2|3|4|6|7|8|19|21|22|24|25|26,9.0,DESCRIPTIVE_ONLY,trade_weighted,,,
RecentB,primary,,,,,LOW,,,0.07449363427426016,,,,,,0.10634397473182546,,,,Long,13.0,1|2|3|4|6|7|8|19|21|22|24|25|26,9.0,DESCRIPTIVE_ONLY,strategy_equal_weighted,,,0.0
RecentB,primary,,,,,NORMAL,402.0,29.330632118,0.07296177143781095,1.3541898252017697,54.22885572139303,0.5144088059174312,-0.45251632553005466,False,0.09642411913358875,,,,Long,13.0,1|2|3|4|6|7|8|19|21|22|24|25|26,9.0,DESCRIPTIVE_ONLY,trade_weighted,,,
RecentB,primary,,,,,NORMAL,,,0.06396068356834414,,,,,,0.10634397473182546,,,,Long,13.0,1|2|3|4|6|7|8|19|21|22|24|25|26,9.0,DESCRIPTIVE_ONLY,strategy_equal_weighted,,,0.0
RecentB,primary,,,,,HIGH,501.0,84.598235206,0.16885875290618763,1.789388273728212,57.684630738522955,0.6635556888927335,-0.507911653478673,False,0.09642411913358875,,,,Long,13.0,1|2|3|4|6|7|8|19|21|22|24|25|26,9.0,DESCRIPTIVE_ONLY,trade_weighted,,,
RecentB,primary,,,,,HIGH,,,0.18083760900608561,,,,,,0.10634397473182546,,,,Long,13.0,1|2|3|4|6|7|8|19|21|22|24|25|26,9.0,DESCRIPTIVE_ONLY,strategy_equal_weighted,,,0.0
RecentB,primary,,,,,LOW,492.0,21.187637808999998,0.0430643044898374,1.2137287525419507,50.81300813008131,0.481283774904,-0.4096417599876033,False,0.13082096429504633,,,,Short,9.0,5|10|11|12|18|20|23|27|28,7.0,DESCRIPTIVE_ONLY,trade_weighted,,,
RecentB,primary,,,,,LOW,,,0.04858955535350373,,,,,,0.12661295405344064,,,,Short,9.0,5|10|11|12|18|20|23|27|28,7.0,DESCRIPTIVE_ONLY,strategy_equal_weighted,,,0.0
RecentB,primary,,,,,NORMAL,333.0,30.766874466,0.09239301641441441,1.3779810595240436,54.054054054054056,0.6231377826222222,-0.5355126737236842,False,0.13082096429504633,,,,Short,9.0,5|10|11|12|18|20|23|27|28,7.0,DESCRIPTIVE_ONLY,trade_weighted,,,
RecentB,primary,,,,,NORMAL,,,0.08361197148437824,,,,,,0.12661295405344064,,,,Short,9.0,5|10|11|12|18|20|23|27|28,7.0,DESCRIPTIVE_ONLY,strategy_equal_weighted,,,0.0
RecentB,primary,,,,,HIGH,344.0,59.816532462,0.17388526878488372,1.6809957182307336,52.616279069767444,0.8157646552099448,-0.5388765038711656,False,0.13082096429504633,,,,Short,9.0,5|10|11|12|18|20|23|27|28,7.0,DESCRIPTIVE_ONLY,trade_weighted,,,
RecentB,primary,,,,,HIGH,,,0.17520250940694437,,,,,,0.12661295405344064,,,,Short,9.0,5|10|11|12|18|20|23|27|28,7.0,DESCRIPTIVE_ONLY,strategy_equal_weighted,,,0.0
RecentB,robustness,1.0,1_EJ_Log1,EURJPY,Long,LOW,64.0,11.555714286,0.18055803571875,1.7948314828061251,60.9375,0.6690842490769231,-0.58154285712,False,0.12782906105544356,0.1809969868703474,True,False,,,,,,,,,
RecentB,robustness,1.0,1_EJ_Log1,EURJPY,Long,NORMAL,52.0,6.624285715,0.12739010990384617,1.4108266146900865,51.92307692307693,0.8425396826296295,-0.64497142864,False,0.12782906105544356,0.1809969868703474,True,False,,,,,,,,,
RecentB,robustness,1.0,1_EJ_Log1,EURJPY,Long,HIGH,31.0,9.56,0.30838709677419357,2.0341523721537365,54.83870967741935,1.1061344537647058,-0.6603061224285715,False,0.12782906105544356,0.1809969868703474,True,False,,,,,,,,,
RecentB,robustness,2.0,2_EJ_NightBlitz_20,EURJPY,Long,LOW,78.0,16.684444447,0.21390313393589744,2.0768789446759497,66.66666666666666,0.6188034188076923,-0.5958974358076923,False,-0.07296746133063425,0.20810948307875457,True,False,,,,,,,,,
RecentB,robustness,2.0,2_EJ_NightBlitz_20,EURJPY,Long,NORMAL,56.0,0.3244444480000005,0.005793650857142866,1.0139927162729159,46.42857142857143,0.9042735044615385,-0.7728888889333334,False,-0.07296746133063425,0.20810948307875457,True,False,,,,,,,,,
RecentB,robustness,2.0,2_EJ_NightBlitz_20,EURJPY,Long,HIGH,38.0,5.355555559000001,0.14093567260526318,1.3485177153513457,55.26315789473685,0.9867724869047618,-0.9039215685882354,False,-0.07296746133063425,0.20810948307875457,True,False,,,,,,,,,
RecentB,robustness,3.0,3_EJ_NightBlitz_21,EURJPY,Long,LOW,78.0,12.526666669,0.16059829062820513,2.5994211785750028,71.7948717948718,0.3635476190714286,-0.3729523809047619,False,0.030923076807692296,0.22718803415018315,True,False,,,,,,,,,
RecentB,robustness,3.0,3_EJ_NightBlitz_21,EURJPY,Long,NORMAL,56.0,-1.9973333360000003,-0.03566666671428572,0.8652029153213624,48.214285714285715,0.4748148147037037,-0.5109425287241379,False,0.030923076807692296,0.22718803415018315,True,False,,,,,,,,,
RecentB,robustness,3.0,3_EJ_NightBlitz_21,EURJPY,Long,HIGH,39.0,7.4693333299999995,0.19152136743589743,2.2183558060638635,61.53846153846154,0.5666666665833333,-0.437904762,False,0.030923076807692296,0.22718803415018315,True,False,,,,,,,,,
RecentB,robustness,4.0,4_GJ_Port_Log1,GBPJPY,Long,LOW,73.0,1.0230769229999999,0.014014752369863012,1.174083769558897,52.054794520547944,0.18157894742105263,-0.16791208797142856,False,0.05659713565286426,0.07883489785740973,True,False,,,,,,,,,
RecentB,robustness,4.0,4_GJ_Port_Log1,GBPJPY,Long,NORMAL,44.0,4.08538461,0.09284965022727273,1.8072655406153482,59.09090909090909,0.3517751477692308,-0.2811538462222222,False,0.05659713565286426,0.07883489785740973,True,False,,,,,,,,,
RecentB,robustness,4.0,4_GJ_Port_Log1,GBPJPY,Long,HIGH,44.0,3.106923073,0.07061188802272728,1.6705960475004624,54.54545454545454,0.322499999875,-0.2316538462,False,0.05659713565286426,0.07883489785740973,True,False,,,,,,,,,
RecentB,robustness,5.0,5_GJ_Port_Log2,GBPJPY,Short,LOW,96.0,-1.154444441,-0.012025462927083334,0.9569896925568449,44.79166666666667,0.5973643411627907,-0.5064360586981133,False,-0.06635060545753205,0.3868243442466843,True,False,,,,,,,,,
RecentB,robustness,5.0,5_GJ_Port_Log2,GBPJPY,Short,NORMAL,58.0,17.89,0.30844827586206897,2.186776737549828,58.620689655172406,0.9695424837058824,-0.6281018519166667,False,-0.06635060545753205,0.3868243442466843,True,False,,,,,,,,,
RecentB,robustness,5.0,5_GJ_Port_Log2,GBPJPY,Short,HIGH,65.0,-5.094444445,-0.07837606838461537,0.8227882348276169,40.0,0.9097435897692308,-0.7371225071538462,False,-0.06635060545753205,0.3868243442466843,True,False,,,,,,,,,
RecentB,robustness,6.0,6_GJ_Old_Mon,GBPJPY,Long,LOW,43.0,6.982,0.1623720930232558,1.4875698324022346,58.139534883720934,0.85208,-0.7955555555555556,False,0.8138279069767442,0.8138279069767442,True,False,,,,,,,,,
RecentB,robustness,6.0,6_GJ_Old_Mon,GBPJPY,Long,NORMAL,21.0,6.45,0.30714285714285716,1.8593125499600318,52.38095238095239,1.2687272727272727,-0.7506,False,0.8138279069767442,0.8138279069767442,True,False,,,,,,,,,
RecentB,robustness,6.0,6_GJ_Old_Mon,GBPJPY,Long,HIGH,20.0,19.524,0.9762000000000001,5.881,80.0,1.47025,-1.0,False,0.8138279069767442,0.8138279069767442,True,False,,,,,,,,,
RecentB,robustness,7.0,7_GJ_Mon_Blitz,GBPJPY,Long,LOW,48.0,4.79307692,0.09985576916666666,2.2908638891180524,60.416666666666664,0.29331564982758623,-0.1954251013157895,False,0.1441678995641026,0.2506333553603989,True,False,,,,,,,,,
RecentB,robustness,7.0,7_GJ_Mon_Blitz,GBPJPY,Long,NORMAL,27.0,-0.17846153899999997,-0.006609686629629629,0.9596521737997248,44.44444444444444,0.35371794875,-0.2948717949333333,False,0.1441678995641026,0.2506333553603989,True,False,,,,,,,,,
RecentB,robustness,7.0,7_GJ_Mon_Blitz,GBPJPY,Long,HIGH,26.0,6.344615387,0.24402366873076925,4.341977311630951,73.07692307692307,0.4338461539473684,-0.2712087911428572,False,0.1441678995641026,0.2506333553603989,True,False,,,,,,,,,
RecentB,robustness,8.0,8_AJ_Core1,AUDJPY,Long,LOW,36.0,4.3428571410000005,0.12063492058333335,1.8604585334803414,58.333333333333336,0.4471428570476191,-0.33647619046666666,False,0.15733044744696967,0.2209146767722385,True,False,,,,,,,,,
RecentB,robustness,8.0,8_AJ_Core1,AUDJPY,Long,NORMAL,31.0,1.768571429,0.05705069125806452,1.2213876968067823,48.38709677419355,0.6504761903999999,-0.4992857141875,False,0.15733044744696967,0.2209146767722385,True,False,,,,,,,,,
RecentB,robustness,8.0,8_AJ_Core1,AUDJPY,Long,HIGH,33.0,9.172857145,0.27796536803030303,3.017279297239656,66.66666666666666,0.6236363636818182,-0.41337662327272723,False,0.15733044744696967,0.2209146767722385,True,False,,,,,,,,,
RecentB,robustness,9.0,9_AJ_Core2,AUDJPY,Short,LOW,18.0,-0.503333333,-0.027962962944444447,0.9295380308413222,50.0,0.7377777777777778,-0.7937037036666666,True,-0.0871885521919192,0.46064171125401066,False,False,,,,,,,,,
RecentB,robustness,9.0,9_AJ_Core2,AUDJPY,Short,NORMAL,17.0,5.873333334,0.34549019611764703,2.171542553402363,64.70588235294117,0.9896969697272727,-0.8355555555,True,-0.0871885521919192,0.46064171125401066,False,False,,,,,,,,,
RecentB,robustness,9.0,9_AJ_Core2,AUDJPY,Short,HIGH,22.0,-2.5333333330000003,-0.11515151513636365,0.8049781883756736,31.818181818181817,1.493809523857143,-0.866,False,-0.0871885521919192,0.46064171125401066,False,False,,,,,,,,,
RecentB,robustness,10.0,10_AJ_SatA,AUDJPY,Short,LOW,25.0,-0.40399999999999997,-0.016159999999999997,0.8579465541490858,44.0,0.2218181818181818,-0.20314285714285713,False,-0.01234,0.1441,True,False,,,,,,,,,
RecentB,robustness,10.0,10_AJ_SatA,AUDJPY,Short,NORMAL,20.0,2.3120000000000003,0.11560000000000001,2.396135265700483,60.0,0.33066666666666666,-0.207,False,-0.01234,0.1441,True,False,,,,,,,,,
RecentB,robustness,10.0,10_AJ_SatA,AUDJPY,Short,HIGH,24.0,-0.6839999999999999,-0.028499999999999998,0.8215962441314554,37.5,0.35,-0.2556,False,-0.01234,0.1441,True,False,,,,,,,,,
RecentB,robustness,11.0,11_AJ_SatB,AUDJPY,Short,LOW,26.0,-3.84,-0.14769230769230768,0.34409937882087877,34.61538461538461,0.22383838377777776,-0.34438502670588234,False,0.09481351973397434,0.5327832168423077,True,False,,,,,,,,,
RecentB,robustness,11.0,11_AJ_SatB,AUDJPY,Short,NORMAL,20.0,7.701818182999999,0.38509090915,3.136157337964719,60.0,0.9422727273333332,-0.450681818125,False,0.09481351973397434,0.5327832168423077,True,False,,,,,,,,,
RecentB,robustness,11.0,11_AJ_SatB,AUDJPY,Short,HIGH,24.0,-1.2690909110000002,-0.05287878795833334,0.7818749997025488,50.0,0.37909090900000003,-0.4848484849166667,False,0.09481351973397434,0.5327832168423077,True,False,,,,,,,,,
RecentB,robustness,12.0,12_UJ_Short_Core,USDJPY,Short,LOW,33.0,9.421,0.28548484848484845,2.117821547223541,63.63636363636363,0.849952380952381,-0.7023333333333333,False,-0.05687878787878786,0.17935822510822513,True,False,,,,,,,,,
RecentB,robustness,12.0,12_UJ_Short_Core,USDJPY,Short,NORMAL,28.0,11.423,0.4079642857142857,2.9526495726495727,57.14285714285714,1.0795625,-0.4875,False,-0.05687878787878786,0.17935822510822513,True,False,,,,,,,,,
RecentB,robustness,12.0,12_UJ_Short_Core,USDJPY,Short,HIGH,33.0,7.544,0.2286060606060606,1.570607367067544,45.45454545454545,1.3843333333333334,-0.7345,False,-0.05687878787878786,0.17935822510822513,True,False,,,,,,,,,
RecentB,robustness,13.0,13_UJ_Fix_MidWeek,USDJPY,Long,LOW,15.0,2.085263156,0.13901754373333333,3.080882349301779,60.0,0.34304093555555554,-0.16701754400000002,True,-0.005716108369696965,0.026824561400000016,False,False,,,,,,,,,
RecentB,robustness,13.0,13_UJ_Fix_MidWeek,USDJPY,Long,NORMAL,12.0,1.3463157879999998,0.11219298233333332,2.470114940412604,58.333333333333336,0.32315789457142857,-0.1831578948,True,-0.005716108369696965,0.026824561400000016,False,False,,,,,,,,,
RecentB,robustness,13.0,13_UJ_Fix_MidWeek,USDJPY,Long,HIGH,11.0,1.466315789,0.13330143536363637,1.912844036103262,54.54545454545454,0.5121052631666666,-0.321263158,True,-0.005716108369696965,0.026824561400000016,False,False,,,,,,,,,
RecentB,robustness,14.0,14_UJ_Sat_3rd,USDJPY,Short,LOW,8.0,7.69777778,0.9622222225,8.697777780000001,87.5,1.242539682857143,-1.0,True,-0.6444444444999999,0.6444444444999999,False,False,,,,,,,,,
RecentB,robustness,14.0,14_UJ_Sat_3rd,USDJPY,Short,NORMAL,4.0,2.1488888900000003,0.5372222225000001,3.1488888900000003,75.0,1.04962963,-1.0,True,-0.6444444444999999,0.6444444444999999,False,False,,,,,,,,,
RecentB,robustness,14.0,14_UJ_Sat_3rd,USDJPY,Short,HIGH,1.0,0.317777778,0.317777778,inf,100.0,0.317777778,,True,-0.6444444444999999,0.6444444444999999,False,False,,,,,,,,,
RecentB,robustness,15.0,15_UJ_Sat_Aug,USDJPY,Short,LOW,0.0,0.0,,,,,,True,,,False,False,,,,,,,,,
RecentB,robustness,15.0,15_UJ_Sat_Aug,USDJPY,Short,NORMAL,5.0,0.5,0.1,1.1666666666666667,40.0,1.75,-1.0,True,,,False,False,,,,,,,,,
RecentB,robustness,15.0,15_UJ_Sat_Aug,USDJPY,Short,HIGH,6.0,5.0,0.8333333333333334,3.5,66.66666666666666,1.75,-1.0,True,,,False,False,,,,,,,,,
RecentB,robustness,16.0,16_UJ_T10A,USDJPY,Long,LOW,1.0,0.293333333,0.293333333,inf,100.0,0.293333333,,True,0.272777778,0.44833333325,False,False,,,,,,,,,
RecentB,robustness,16.0,16_UJ_T10A,USDJPY,Long,NORMAL,4.0,0.4711111109999999,0.11777777774999998,1.471111111,75.0,0.4903703703333333,-1.0,True,0.272777778,0.44833333325,False,False,,,,,,,,,
RecentB,robustness,16.0,16_UJ_T10A,USDJPY,Long,HIGH,4.0,2.264444444,0.566111111,12.322222220000002,50.0,1.232222222,-0.09999999999999999,True,0.272777778,0.44833333325,False,False,,,,,,,,,
RecentB,robustness,17.0,17_EA_1B_Wed_Short,EURAUD,Short,LOW,28.0,5.502857144,0.19653061228571428,2.925037481370559,60.71428571428571,0.4918487395882353,-0.2598701299090909,False,-0.30611044422689077,0.3208496732745098,False,False,,,,,,,,,
RecentB,robustness,17.0,17_EA_1B_Wed_Short,EURAUD,Short,NORMAL,9.0,1.901428572,0.21126984133333332,2.6784363180733366,77.77777777777779,0.43346938785714284,-0.5664285715,True,-0.30611044422689077,0.3208496732745098,False,False,,,,,,,,,
RecentB,robustness,17.0,17_EA_1B_Wed_Short,EURAUD,Short,HIGH,17.0,-1.862857143,-0.10957983194117647,0.7563527653117955,41.17647058823529,0.826122449,-0.7645714286,True,-0.30611044422689077,0.3208496732745098,False,False,,,,,,,,,
RecentB,robustness,18.0,18_EA_2_MonWed_Short,EURAUD,Short,LOW,79.0,-1.5666666639999998,-0.019831223594936706,0.9097542244083677,49.36708860759494,0.4049572649487179,-0.433999999925,False,0.2147666241298204,0.2147666241298204,True,False,,,,,,,,,
RecentB,robustness,18.0,18_EA_2_MonWed_Short,EURAUD,Short,NORMAL,45.0,2.032222222,0.045160493822222224,1.2234575442748177,55.55555555555556,0.44506666664,-0.4547222222,False,0.2147666241298204,0.2147666241298204,True,False,,,,,,,,,
RecentB,robustness,18.0,18_EA_2_MonWed_Short,EURAUD,Short,HIGH,43.0,8.382222223,0.1949354005348837,1.818842939374183,53.48837209302325,0.8095169082608696,-0.51183333335,False,0.2147666241298204,0.2147666241298204,True,False,,,,,,,,,
RecentB,robustness,19.0,19_EA_3_WedThu_Long,EURAUD,Long,LOW,55.0,4.314444445,0.07844444445454546,1.456716066802157,63.63636363636363,0.39317460322857145,-0.47233333340000005,False,0.03747058822192513,0.09486564995424837,True,False,,,,,,,,,
RecentB,robustness,19.0,19_EA_3_WedThu_Long,EURAUD,Long,NORMAL,18.0,0.37888888899999995,0.021049382722222218,1.0890571951045889,50.0,0.5148148148888888,-0.47271604944444445,True,0.03747058822192513,0.09486564995424837,True,False,,,,,,,,,
RecentB,robustness,19.0,19_EA_3_WedThu_Long,EURAUD,Long,HIGH,34.0,3.941111111,0.11591503267647059,1.4384967239228954,50.0,0.7605228758235294,-0.5286928104705882,False,0.03747058822192513,0.09486564995424837,True,False,,,,,,,,,
RecentB,robustness,20.0,20_EA_1A_MonTue_Short,EURAUD,Short,LOW,73.0,-10.952,-0.15002739726027398,0.5079079798705967,38.35616438356164,0.40371428571428575,-0.4945777777777778,False,0.5006080424215643,0.5006080424215643,True,False,,,,,,,,,
RecentB,robustness,20.0,20_EA_1A_MonTue_Short,EURAUD,Short,NORMAL,37.0,-1.5579999999999998,-0.042108108108108104,0.8367902786507438,43.24324324324324,0.49925,-0.4545714285714285,False,0.5006080424215643,0.5006080424215643,True,False,,,,,,,,,
RecentB,robustness,20.0,20_EA_1A_MonTue_Short,EURAUD,Short,HIGH,31.0,10.868,0.35058064516129034,2.526833380162967,54.83870967741935,1.058,-0.5084285714285715,False,0.5006080424215643,0.5006080424215643,True,False,,,,,,,,,
RecentB,robustness,21.0,21_GA_B_3,GBPAUD,Long,LOW,46.0,-0.5690909080000001,-0.012371541478260872,0.8546214586885214,47.82608695652174,0.15206611572727272,-0.16310606058333332,False,0.014732245349228611,0.07486245055826088,True,False,,,,,,,,,
RecentB,robustness,21.0,21_GA_B_3,GBPAUD,Long,NORMAL,25.0,1.562272727,0.062490909080000004,2.3214148405201263,60.0,0.18296969693333331,-0.1182272727,False,0.014732245349228611,0.07486245055826088,True,False,,,,,,,,,
RecentB,robustness,21.0,21_GA_B_3,GBPAUD,Long,HIGH,31.0,0.07318181999999993,0.0023607038709677394,1.0207367341640607,61.29032258064516,0.18959330147368422,-0.294090909,False,0.014732245349228611,0.07486245055826088,True,False,,,,,,,,,
RecentB,robustness,22.0,22_GA_C_2,GBPAUD,Long,LOW,29.0,-0.9728571450000001,-0.03354679810344828,0.8788687297462192,44.827586206896555,0.5429670329230769,-0.5019642858125,False,-0.07216748751724136,0.07216748751724136,True,False,,,,,,,,,
RecentB,robustness,22.0,22_GA_C_2,GBPAUD,Long,NORMAL,21.0,-0.7299999989999998,-0.0347619047142857,0.8698089173724791,47.61904761904761,0.4877142858,-0.5607142857,False,-0.07216748751724136,0.07216748751724136,True,False,,,,,,,,,
RecentB,robustness,22.0,22_GA_C_2,GBPAUD,Long,HIGH,29.0,-3.0657142829999997,-0.10571428562068964,0.730435875084734,31.03448275862069,0.9230158731111112,-0.5686428570500001,False,-0.07216748751724136,0.07216748751724136,True,False,,,,,,,,,
RecentB,robustness,23.0,23_GA_F_2,GBPAUD,Short,LOW,31.0,1.791111109,0.05777777770967742,1.6775956271894104,61.29032258064516,0.23339181284210528,-0.22027777791666667,False,0.05687242799402629,0.15170576130370372,True,False,,,,,,,,,
RecentB,robustness,23.0,23_GA_F_2,GBPAUD,Short,NORMAL,20.0,-0.741111112,-0.0370555556,0.6108518082815485,35.0,0.16619047614285715,-0.14649572653846155,False,0.05687242799402629,0.15170576130370372,True,False,,,,,,,,,
RecentB,robustness,23.0,23_GA_F_2,GBPAUD,Short,HIGH,27.0,3.095555554,0.11465020570370371,2.2338352517611235,55.55555555555556,0.37362962953333334,-0.20907407408333334,False,0.05687242799402629,0.15170576130370372,True,False,,,,,,,,,
RecentB,robustness,24.0,24_GA_D_1,GBPAUD,Long,LOW,31.0,1.864444446,0.06014336922580645,1.425240750621595,64.51612903225806,0.31244444444999997,-0.3985858584545454,False,-0.13076065315173238,0.13076065315173238,True,False,,,,,,,,,
RecentB,robustness,24.0,24_GA_D_1,GBPAUD,Long,NORMAL,20.0,-1.1755555580000001,-0.05877777790000001,0.6770451764623503,60.0,0.20537037025000002,-0.45500000012499997,False,-0.13076065315173238,0.13076065315173238,True,False,,,,,,,,,
RecentB,robustness,24.0,24_GA_D_1,GBPAUD,Long,HIGH,27.0,-1.906666666,-0.07061728392592592,0.6716417911784361,48.148148148148145,0.30000000007692307,-0.4147619047857143,False,-0.13076065315173238,0.13076065315173238,True,False,,,,,,,,,
RecentB,robustness,25.0,25_AU_China_Demand,AUDUSD,Long,LOW,84.0,0.7399999999999999,0.008809523809523809,1.0787653006918574,53.57142857142857,0.2252222222222222,-0.2408974358974359,False,0.04752026342451875,0.07958333333333333,True,False,,,,,,,,,
RecentB,robustness,25.0,25_AU_China_Demand,AUDUSD,Long,NORMAL,42.0,3.7125,0.08839285714285713,1.7462311557788945,54.761904761904766,0.37771739130434784,-0.2618421052631579,False,0.04752026342451875,0.07958333333333333,True,False,,,,,,,,,
RecentB,robustness,25.0,25_AU_China_Demand,AUDUSD,Long,HIGH,47.0,2.6475,0.056329787234042555,1.3422753716871363,46.808510638297875,0.4719318181818182,-0.3094,False,0.04752026342451875,0.07958333333333333,True,False,,,,,,,,,
RecentB,robustness,26.0,26_AJ_China_Demand,AUDJPY,Long,LOW,32.0,5.766666663,0.18020833321875,2.6038318895596473,68.75,0.42555555545454543,-0.3595555557,False,-0.11815072007060184,0.11815072007060184,True,False,,,,,,,,,
RecentB,robustness,26.0,26_AJ_China_Demand,AUDJPY,Long,NORMAL,28.0,3.51111111,0.12539682535714286,1.7034728403985635,57.14285714285714,0.5313888888125,-0.4159259259166667,False,-0.11815072007060184,0.11815072007060184,True,False,,,,,,,,,
RecentB,robustness,26.0,26_AJ_China_Demand,AUDJPY,Long,HIGH,27.0,1.675555555,0.06205761314814815,1.2463247303703973,59.25925925925925,0.529861111125,-0.6183838384545455,False,-0.11815072007060184,0.11815072007060184,True,False,,,,,,,,,
RecentB,robustness,27.0,27_EA_China_Demand,EURAUD,Short,LOW,54.0,7.903333333,0.1463580246851852,2.887738852822376,68.51851851851852,0.3267567567837838,-0.26166666675,False,0.08421889843019945,0.12844729344871797,True,False,,,,,,,,,
RecentB,robustness,27.0,27_EA_China_Demand,EURAUD,Short,NORMAL,18.0,1.838333334,0.10212962966666667,1.8021818187060894,55.55555555555556,0.413,-0.28645833325,True,0.08421889843019945,0.12844729344871797,True,False,,,,,,,,,
RecentB,robustness,27.0,27_EA_China_Demand,EURAUD,Short,HIGH,26.0,5.995000001,0.23057692311538464,2.788662357690435,57.692307692307686,0.6231111111333333,-0.3046969696363636,False,0.08421889843019945,0.12844729344871797,True,False,,,,,,,,,
RecentB,robustness,28.0,28_GA_China_Demand,GBPAUD,Short,LOW,38.0,4.911999999,0.12926315786842105,2.6431757357987484,65.78947368421053,0.31605333328,-0.22994871792307695,False,0.10464675194238979,0.10464675194238979,True,False,,,,,,,,,
RecentB,robustness,28.0,28_GA_China_Demand,GBPAUD,Short,NORMAL,23.0,3.228,0.14034782608695653,2.3969994233690133,60.86956521739131,0.3956190475714286,-0.25674074066666663,False,0.10464675194238979,0.10464675194238979,True,False,,,,,,,,,
RecentB,robustness,28.0,28_GA_China_Demand,GBPAUD,Short,HIGH,37.0,8.654666663,0.23390990981081083,2.726789038906624,70.27027027027027,0.5256410254999999,-0.4556363636363637,False,0.10464675194238979,0.10464675194238979,True,False,,,,,,,,,
RecentB,robustness,,,,,LOW,1222.0,90.237675303,0.07384425147545008,1.427675447098299,56.62847790507365,0.435308328816474,-0.39961304590530305,False,0.0592078296424922,,,,Portfolio,22.0,1|2|3|4|5|6|7|8|10|11|12|18|19|20|21|22|23|24|25|26|27|28,15.0,DESCRIPTIVE_ONLY,trade_weighted,,,
RecentB,robustness,,,,,LOW,,,0.06848962471938268,,,,,,0.08894132607931517,,,,Portfolio,22.0,1|2|3|4|5|6|7|8|10|11|12|18|19|20|21|22|23|24|25|26|27|28,15.0,DESCRIPTIVE_ONLY,strategy_equal_weighted,,,0.0
RecentB,robustness,,,,,NORMAL,761.0,80.703448818,0.10604921001051248,1.4828153845620982,53.613666228646515,0.6074882951495099,-0.4748629988721591,False,0.0592078296424922,,,,Portfolio,22.0,1|2|3|4|5|6|7|8|10|11|12|18|19|20|21|22|23|24|25|26|27|28,15.0,DESCRIPTIVE_ONLY,trade_weighted,,,
RecentB,robustness,,,,,NORMAL,,,0.09896902974214984,,,,,,0.08894132607931517,,,,Portfolio,22.0,1|2|3|4|5|6|7|8|10|11|12|18|19|20|21|22|23|24|25|26|27|28,15.0,DESCRIPTIVE_ONLY,strategy_equal_weighted,,,0.0
RecentB,robustness,,,,,HIGH,797.0,106.042508651,0.13305208111794228,1.5456429803122298,53.19949811794228,0.7084590462971698,-0.5224304488682796,False,0.0592078296424922,,,,Portfolio,22.0,1|2|3|4|5|6|7|8|10|11|12|18|19|20|21|22|23|24|25|26|27|28,15.0,DESCRIPTIVE_ONLY,trade_weighted,,,
RecentB,robustness,,,,,HIGH,,,0.15743095079869784,,,,,,0.08894132607931517,,,,Portfolio,22.0,1|2|3|4|5|6|7|8|10|11|12|18|19|20|21|22|23|24|25|26|27|28,15.0,DESCRIPTIVE_ONLY,strategy_equal_weighted,,,0.0
RecentB,robustness,,,,,LOW,674.0,77.270099544,0.11464406460534125,1.6255184023243932,58.160237388724035,0.5122443823520408,-0.4396074673950178,False,0.03986600095492661,,,,JPY,12.0,1|2|3|4|5|6|7|8|10|11|12|26,7.0,DESCRIPTIVE_ONLY,trade_weighted,,,
RecentB,robustness,,,,,LOW,,,0.10347936720918159,,,,,,0.09156678937501954,,,,JPY,12.0,1|2|3|4|5|6|7|8|10|11|12|26,7.0,DESCRIPTIVE_ONLY,strategy_equal_weighted,,,0.0
RecentB,robustness,,,,,NORMAL,483.0,70.254469743,0.14545438870186336,1.5795959565030262,53.83022774327122,0.7364127152000001,-0.5435553193228699,False,0.03986600095492661,,,,JPY,12.0,1|2|3|4|5|6|7|8|10|11|12|26,7.0,DESCRIPTIVE_ONLY,trade_weighted,,,
RecentB,robustness,,,,,NORMAL,,,0.15753757517739717,,,,,,0.09156678937501954,,,,JPY,12.0,1|2|3|4|5|6|7|8|10|11|12|26,7.0,DESCRIPTIVE_ONLY,strategy_equal_weighted,,,0.0
RecentB,robustness,,,,,HIGH,448.0,69.220509371,0.15451006556026786,1.5718822282250775,53.79464285714286,0.7894618562157676,-0.5875718348398059,False,0.03986600095492661,,,,JPY,12.0,1|2|3|4|5|6|7|8|10|11|12|26,7.0,DESCRIPTIVE_ONLY,trade_weighted,,,
RecentB,robustness,,,,,HIGH,,,0.19504615658420113,,,,,,0.09156678937501954,,,,JPY,12.0,1|2|3|4|5|6|7|8|10|11|12|26,7.0,DESCRIPTIVE_ONLY,strategy_equal_weighted,,,0.0
RecentB,robustness,,,,,LOW,548.0,12.967575759,0.02366345941423358,1.1482584919444214,54.74452554744526,0.33477855219666663,-0.35411331943319835,False,0.08184370184651141,,,,AUD_nonJPY,10.0,18|19|20|21|22|23|24|25|27|28,8.0,DESCRIPTIVE_ONLY,trade_weighted,,,
RecentB,robustness,,,,,LOW,,,0.02650193373162395,,,,,,0.0857907701244699,,,,AUD_nonJPY,10.0,18|19|20|21|22|23|24|25|27|28,8.0,DESCRIPTIVE_ONLY,strategy_equal_weighted,,,0.0
RecentB,robustness,,,,,NORMAL,278.0,10.448979075,0.037586255665467624,1.2274536420047328,53.23741007194245,0.38099944911486483,-0.356115809255814,False,0.08184370184651141,,,,AUD_nonJPY,10.0,18|19|20|21|22|23|24|25|27|28,8.0,DESCRIPTIVE_ONLY,trade_weighted,,,
RecentB,robustness,,,,,NORMAL,,,0.0286867752198531,,,,,,0.0857907701244699,,,,AUD_nonJPY,10.0,18|19|20|21|22|23|24|25|27|28,8.0,DESCRIPTIVE_ONLY,strategy_equal_weighted,,,0.0
RecentB,robustness,,,,,HIGH,349.0,36.82199928,0.10550716126074498,1.5023168451483317,52.43553008595988,0.6017832146557377,-0.4415923433855422,False,0.08184370184651141,,,,AUD_nonJPY,10.0,18|19|20|21|22|23|24|25|27|28,8.0,DESCRIPTIVE_ONLY,trade_weighted,,,
RecentB,robustness,,,,,HIGH,,,0.11229270385609384,,,,,,0.0857907701244699,,,,AUD_nonJPY,10.0,18|19|20|21|22|23|24|25|27|28,8.0,DESCRIPTIVE_ONLY,strategy_equal_weighted,,,0.0
RecentB,robustness,,,,,LOW,713.0,71.430040376,0.10018238481907432,1.6701333011816786,59.88779803646563,0.4169106181592506,-0.37400278448421054,False,0.05317138448704811,,,,Long,13.0,1|2|3|4|6|7|8|19|21|22|24|25|26,9.0,DESCRIPTIVE_ONLY,trade_weighted,,,
RecentB,robustness,,,,,LOW,,,0.09489417896560678,,,,,,0.07971940787917528,,,,Long,13.0,1|2|3|4|6|7|8|19|21|22|24|25|26,9.0,DESCRIPTIVE_ONLY,strategy_equal_weighted,,,0.0
RecentB,robustness,,,,,NORMAL,457.0,26.153535395,0.057228742658643326,1.247496220169875,52.29759299781181,0.5515732188702929,-0.4869698797926267,False,0.05317138448704811,,,,Long,13.0,1|2|3|4|6|7|8|19|21|22|24|25|26,9.0,DESCRIPTIVE_ONLY,trade_weighted,,,
RecentB,robustness,,,,,NORMAL,,,0.057826222902554195,,,,,,0.07971940787917528,,,,Long,13.0,1|2|3|4|6|7|8|19|21|22|24|25|26,9.0,DESCRIPTIVE_ONLY,strategy_equal_weighted,,,0.0
RecentB,robustness,,,,,HIGH,441.0,67.629012264,0.15335376930612243,1.7362164412312382,56.00907029478458,0.6457054378016194,-0.4759597454559586,False,0.05317138448704811,,,,Long,13.0,1|2|3|4|6|7|8|19|21|22|24|25|26,9.0,DESCRIPTIVE_ONLY,trade_weighted,,,
RecentB,robustness,,,,,HIGH,,,0.17461358684478206,,,,,,0.07971940787917528,,,,Long,13.0,1|2|3|4|6|7|8|19|21|22|24|25|26,9.0,DESCRIPTIVE_ONLY,strategy_equal_weighted,,,0.0
RecentB,robustness,,,,,LOW,509.0,18.807634927000002,0.036950166850687624,1.1801413141428672,52.06286836935167,0.4649529418377359,-0.4296497722633745,False,0.07095291288807642,,,,Short,9.0,5|10|11|12|18|20|23|27|28,6.0,DESCRIPTIVE_ONLY,trade_weighted,,,
RecentB,robustness,,,,,LOW,,,0.03034971303039227,,,,,,0.1022618745906283,,,,Short,9.0,5|10|11|12|18|20|23|27|28,6.0,DESCRIPTIVE_ONLY,strategy_equal_weighted,,,0.0
RecentB,robustness,,,,,NORMAL,304.0,54.549913423,0.17944050468092104,1.8872889420075838,55.5921052631579,0.6865634621952663,-0.45540230880000004,False,0.07095291288807642,,,,Short,9.0,5|10|11|12|18|20|23|27|28,6.0,DESCRIPTIVE_ONLY,trade_weighted,,,
RecentB,robustness,,,,,NORMAL,,,0.15839752851045466,,,,,,0.1022618745906283,,,,Short,9.0,5|10|11|12|18|20|23|27|28,6.0,DESCRIPTIVE_ONLY,strategy_equal_weighted,,,0.0
RecentB,robustness,,,,,HIGH,356.0,38.413496387,0.10790307973876405,1.3748247075547224,49.71910112359551,0.796030466062147,-0.5725357324357542,False,0.07095291288807642,,,,Short,9.0,5|10|11|12|18|20|23|27|28,6.0,DESCRIPTIVE_ONLY,trade_weighted,,,
RecentB,robustness,,,,,HIGH,,,0.13261158762102057,,,,,,0.1022618745906283,,,,Short,9.0,5|10|11|12|18|20|23|27|28,6.0,DESCRIPTIVE_ONLY,strategy_equal_weighted,,,0.0
Monitor2026,primary,1.0,1_EJ_Log1,EURJPY,Long,LOW,26.0,-1.375714287,-0.05291208796153846,0.8216666665165123,57.692307692307686,0.42257142853333335,-0.7012987013636364,False,0.5937454212115385,0.92311904765,False,False,,,,,,,,,
Monitor2026,primary,1.0,1_EJ_Log1,EURJPY,Long,NORMAL,10.0,-3.822857144,-0.3822857144,0.2354285712,50.0,0.2354285712,-1.0,True,0.5937454212115385,0.92311904765,False,False,,,,,,,,,
Monitor2026,primary,1.0,1_EJ_Log1,EURJPY,Long,HIGH,12.0,6.489999999,0.54083333325,7.434844188908706,83.33333333333334,0.7498571428,-0.5042857145,True,0.5937454212115385,0.92311904765,False,False,,,,,,,,,
Monitor2026,primary,2.0,2_EJ_NightBlitz_20,EURJPY,Long,LOW,29.0,1.8666666669999998,0.06436781610344827,1.2753195674041298,55.172413793103445,0.5404166666875,-0.5215384615384615,False,-0.05992337157713249,0.08844444437368423,False,False,,,,,,,,,
Monitor2026,primary,2.0,2_EJ_NightBlitz_20,EURJPY,Long,NORMAL,10.0,0.9288888890000001,0.09288888890000001,1.2912891986309654,60.0,0.6862962963333333,-0.7972222222500001,True,-0.05992337157713249,0.08844444437368423,False,False,,,,,,,,,
Monitor2026,primary,2.0,2_EJ_NightBlitz_20,EURJPY,Long,HIGH,19.0,0.08444444599999984,0.004444444526315781,1.0184824906164363,57.89473684210527,0.4230303030909091,-0.571111111,True,-0.05992337157713249,0.08844444437368423,False,False,,,,,,,,,
Monitor2026,primary,3.0,3_EJ_NightBlitz_21,EURJPY,Long,LOW,29.0,0.621333332,0.021425287310344827,1.1373011193079992,51.724137931034484,0.34311111106666664,-0.3232380952857143,False,0.09843436184754992,0.09843436184754992,False,False,,,,,,,,,
Monitor2026,primary,3.0,3_EJ_NightBlitz_21,EURJPY,Long,NORMAL,10.0,0.518666667,0.051866666699999994,1.385148515003676,60.0,0.310888889,-0.33666666675,True,0.09843436184754992,0.09843436184754992,False,False,,,,,,,,,
Monitor2026,primary,3.0,3_EJ_NightBlitz_21,EURJPY,Long,HIGH,19.0,2.277333334,0.11985964915789475,3.1484276735849055,63.1578947368421,0.2781111111666667,-0.15142857142857144,True,0.09843436184754992,0.09843436184754992,False,False,,,,,,,,,
Monitor2026,primary,4.0,4_GJ_Port_Log1,GBPJPY,Long,LOW,25.0,0.77076923,0.0308307692,1.426020407556964,36.0,0.2866666666666667,-0.113076923125,False,0.0696,0.09241794861666666,True,False,,,,,,,,,
Monitor2026,primary,4.0,4_GJ_Port_Log1,GBPJPY,Long,NORMAL,12.0,0.09615384700000001,0.008012820583333335,1.1177024492356213,50.0,0.15217948733333334,-0.13615384616666668,True,0.0696,0.09241794861666666,True,False,,,,,,,,,
Monitor2026,primary,4.0,4_GJ_Port_Log1,GBPJPY,Long,HIGH,25.0,2.5107692299999997,0.10043076919999999,2.467625899490839,68.0,0.24832579176470587,-0.21384615375,False,0.0696,0.09241794861666666,True,False,,,,,,,,,
Monitor2026,primary,5.0,5_GJ_Port_Log2,GBPJPY,Short,LOW,33.0,1.1322222229999999,0.034309764333333326,1.118819962779274,42.42424242424242,0.7615079365,-0.5015204677894737,False,-0.09227272726666666,0.16146254208333333,True,False,,,,,,,,,
Monitor2026,primary,5.0,5_GJ_Port_Log2,GBPJPY,Short,NORMAL,16.0,-2.034444444,-0.12715277775,0.49725425605459195,37.5,0.3353703705,-0.4046666667,True,-0.09227272726666666,0.16146254208333333,True,False,,,,,,,,,
Monitor2026,primary,5.0,5_GJ_Port_Log2,GBPJPY,Short,HIGH,30.0,-1.738888888,-0.057962962933333334,0.8474658870041637,40.0,0.8050925925833333,-0.6333333332777777,False,-0.09227272726666666,0.16146254208333333,True,False,,,,,,,,,
Monitor2026,primary,6.0,6_GJ_Old_Mon,GBPJPY,Long,LOW,14.0,0.08800000000000004,0.006285714285714289,1.015759312320917,42.857142857142854,0.9453333333333332,-0.698,True,0.778,0.778,False,False,,,,,,,,,
Monitor2026,primary,6.0,6_GJ_Old_Mon,GBPJPY,Long,NORMAL,7.0,0.10599999999999998,0.01514285714285714,1.0353333333333332,57.14285714285714,0.7765,-1.0,True,0.778,0.778,False,False,,,,,,,,,
Monitor2026,primary,6.0,6_GJ_Old_Mon,GBPJPY,Long,HIGH,7.0,5.49,0.7842857142857144,6.49,85.71428571428571,1.0816666666666668,-1.0,True,0.778,0.778,False,False,,,,,,,,,
Monitor2026,primary,7.0,7_GJ_Mon_Blitz,GBPJPY,Long,LOW,17.0,0.528461539,0.031085972882352944,1.3400990104327273,64.70588235294117,0.18930069927272727,-0.25897435883333336,True,0.08108185929946525,0.08108185929946525,False,False,,,,,,,,,
Monitor2026,primary,7.0,7_GJ_Mon_Blitz,GBPJPY,Long,NORMAL,8.0,0.46692307699999996,0.058365384624999996,1.8939617073570463,75.0,0.16487179500000002,-0.2611538465,True,0.08108185929946525,0.08108185929946525,False,False,,,,,,,,,
Monitor2026,primary,7.0,7_GJ_Mon_Blitz,GBPJPY,Long,HIGH,11.0,1.233846154,0.1121678321818182,2.4920930233030614,63.63636363636363,0.29439560442857143,-0.20673076925,True,0.08108185929946525,0.08108185929946525,False,False,,,,,,,,,
Monitor2026,primary,8.0,8_AJ_Core1,AUDJPY,Long,LOW,12.0,1.864285715,0.15535714291666666,2.124031007892154,75.0,0.39142857155555555,-0.552857143,True,-0.19992857161666666,0.19992857161666666,False,False,,,,,,,,,
Monitor2026,primary,8.0,8_AJ_Core1,AUDJPY,Long,NORMAL,14.0,1.367142857,0.09765306121428571,1.399749373391813,71.42857142857143,0.4787142857,-0.855,True,-0.19992857161666666,0.19992857161666666,False,False,,,,,,,,,
Monitor2026,primary,8.0,8_AJ_Core1,AUDJPY,Long,HIGH,10.0,-0.44571428700000015,-0.04457142870000001,0.9108571426,50.0,0.9108571426,-1.0,True,-0.19992857161666666,0.19992857161666666,False,False,,,,,,,,,
Monitor2026,primary,9.0,9_AJ_Core2,AUDJPY,Short,LOW,6.0,-3.42,-0.57,0.0681198910081744,16.666666666666664,0.25,-0.734,True,0.45433333339999993,1.055,False,False,,,,,,,,,
Monitor2026,primary,9.0,9_AJ_Core2,AUDJPY,Short,NORMAL,4.0,1.9400000000000002,0.48500000000000004,49.5,75.0,0.66,-0.04,True,0.45433333339999993,1.055,False,False,,,,,,,,,
Monitor2026,primary,9.0,9_AJ_Core2,AUDJPY,Short,HIGH,10.0,-1.156666666,-0.1156666666,0.8236788618902439,30.0,1.8011111113333333,-0.9371428571428572,True,0.45433333339999993,1.055,False,False,,,,,,,,,
Monitor2026,primary,10.0,10_AJ_SatA,AUDJPY,Short,LOW,9.0,0.35200000000000004,0.03911111111111112,1.5827814569536425,55.55555555555556,0.19119999999999998,-0.20133333333333334,True,-0.10747474747474747,0.14711111111111114,False,False,,,,,,,,,
Monitor2026,primary,10.0,10_AJ_SatA,AUDJPY,Short,NORMAL,5.0,-0.54,-0.10800000000000001,0.2857142857142857,20.0,0.216,-0.189,True,-0.10747474747474747,0.14711111111111114,False,False,,,,,,,,,
Monitor2026,primary,10.0,10_AJ_SatA,AUDJPY,Short,HIGH,11.0,-0.752,-0.06836363636363636,0.6388088376561,45.45454545454545,0.266,-0.347,True,-0.10747474747474747,0.14711111111111114,False,False,,,,,,,,,
Monitor2026,primary,11.0,11_AJ_SatB,AUDJPY,Short,LOW,9.0,-0.19636363699999998,-0.021818181888888885,0.8649999996046875,44.44444444444444,0.3145454545,-0.29090909099999995,True,-0.0803305783838384,0.22327272731111109,False,False,,,,,,,,,
Monitor2026,primary,11.0,11_AJ_SatB,AUDJPY,Short,NORMAL,5.0,-1.225454546,-0.24509090919999998,0.3976764967386782,20.0,0.809090909,-0.50863636375,True,-0.0803305783838384,0.22327272731111109,False,False,,,,,,,,,
Monitor2026,primary,11.0,11_AJ_SatB,AUDJPY,Short,HIGH,11.0,-1.1236363630000001,-0.10214876027272729,0.6470588236587496,36.36363636363637,0.515,-0.45480519471428577,True,-0.0803305783838384,0.22327272731111109,False,False,,,,,,,,,
Monitor2026,primary,12.0,12_UJ_Short_Core,USDJPY,Short,LOW,23.0,-0.28700000000000014,-0.012478260869565223,0.9178356713426854,43.47826086956522,0.3206,-0.2910833333333333,False,-0.07952173913043481,0.3192717391304348,False,False,,,,,,,,,
Monitor2026,primary,12.0,12_UJ_Short_Core,USDJPY,Short,NORMAL,8.0,-2.654,-0.33175,0.37582314205079964,25.0,0.799,-0.7086666666666667,True,-0.07952173913043481,0.3192717391304348,False,False,,,,,,,,,
Monitor2026,primary,12.0,12_UJ_Short_Core,USDJPY,Short,HIGH,2.0,-0.18400000000000005,-0.09200000000000003,0.816,50.0,0.816,-1.0,True,-0.07952173913043481,0.3192717391304348,False,False,,,,,,,,,
Monitor2026,primary,13.0,13_UJ_Fix_MidWeek,USDJPY,Long,LOW,7.0,-1.690526316,-0.2415037594285714,0.20534388904515946,57.14285714285714,0.10921052625000001,-0.709122807,True,0.4967669174285714,0.4967669174285714,False,False,,,,,,,,,
Monitor2026,primary,13.0,13_UJ_Fix_MidWeek,USDJPY,Long,NORMAL,6.0,0.651578946,0.108596491,8.83544299672328,66.66666666666666,0.18368421025,-0.041578947500000005,True,0.4967669174285714,0.4967669174285714,False,False,,,,,,,,,
Monitor2026,primary,13.0,13_UJ_Fix_MidWeek,USDJPY,Long,HIGH,2.0,0.510526316,0.255263158,inf,100.0,0.255263158,,True,0.4967669174285714,0.4967669174285714,False,False,,,,,,,,,
Monitor2026,primary,14.0,14_UJ_Sat_3rd,USDJPY,Short,LOW,3.0,0.5044444450000001,0.16814814833333336,1.4799154339830778,33.33333333333333,1.555555556,-0.5255555555,True,0.14185185166666664,0.798888889,False,False,,,,,,,,,
Monitor2026,primary,14.0,14_UJ_Sat_3rd,USDJPY,Short,NORMAL,1.0,-0.488888889,-0.488888889,0.0,0.0,,-0.488888889,True,0.14185185166666664,0.798888889,False,False,,,,,,,,,
Monitor2026,primary,14.0,14_UJ_Sat_3rd,USDJPY,Short,HIGH,2.0,0.62,0.31,inf,100.0,0.31,,True,0.14185185166666664,0.798888889,False,False,,,,,,,,,
Monitor2026,primary,15.0,15_UJ_Sat_Aug,USDJPY,Short,LOW,0.0,0.0,,,,,,True,,,False,False,,,,,,,,,
Monitor2026,primary,15.0,15_UJ_Sat_Aug,USDJPY,Short,NORMAL,1.0,1.75,1.75,inf,100.0,1.75,,True,,,False,False,,,,,,,,,
Monitor2026,primary,15.0,15_UJ_Sat_Aug,USDJPY,Short,HIGH,4.0,4.25,1.0625,5.25,75.0,1.75,-1.0,True,,,False,False,,,,,,,,,
Monitor2026,primary,16.0,16_UJ_T10A,USDJPY,Long,LOW,1.0,-0.328888889,-0.328888889,0.0,0.0,,-0.328888889,True,1.0044444449999999,1.0044444449999999,False,False,,,,,,,,,
Monitor2026,primary,16.0,16_UJ_T10A,USDJPY,Long,NORMAL,2.0,-0.071111111,-0.0355555555,0.928888889,50.0,0.928888889,-1.0,True,1.0044444449999999,1.0044444449999999,False,False,,,,,,,,,
Monitor2026,primary,16.0,16_UJ_T10A,USDJPY,Long,HIGH,1.0,0.675555556,0.675555556,inf,100.0,0.675555556,,True,1.0044444449999999,1.0044444449999999,False,False,,,,,,,,,
Monitor2026,primary,17.0,17_EA_1B_Wed_Short,EURAUD,Short,LOW,11.0,1.4057142850000002,0.12779220772727273,2.1362586600619236,63.63636363636363,0.3775510202857143,-0.30928571425,True,-0.30007792212727274,0.4216017317272727,False,False,,,,,,,,,
Monitor2026,primary,17.0,17_EA_1B_Wed_Short,EURAUD,Short,NORMAL,3.0,-0.881428572,-0.293809524,0.3075196404817599,33.33333333333333,0.391428571,-0.6364285715,True,-0.30007792212727274,0.4216017317272727,False,False,,,,,,,,,
Monitor2026,primary,17.0,17_EA_1B_Wed_Short,EURAUD,Short,HIGH,5.0,-0.861428572,-0.1722857144,0.29391100655737706,40.0,0.179285714,-0.4066666666666667,True,-0.30007792212727274,0.4216017317272727,False,False,,,,,,,,,
Monitor2026,primary,18.0,18_EA_2_MonWed_Short,EURAUD,Short,LOW,36.0,2.604444443,0.07234567897222223,1.4310408234664096,61.111111111111114,0.39303030304545455,-0.43158730171428566,False,-0.18824311481837608,0.43487891734615386,False,False,,,,,,,,,
Monitor2026,primary,18.0,18_EA_2_MonWed_Short,EURAUD,Short,NORMAL,12.0,3.827777778,0.3189814815,2.313381624371084,66.66666666666666,0.84277777775,-0.728611111,True,-0.18824311481837608,0.43487891734615386,False,False,,,,,,,,,
Monitor2026,primary,18.0,18_EA_2_MonWed_Short,EURAUD,Short,HIGH,13.0,-1.506666666,-0.11589743584615385,0.512580877107326,38.46153846153847,0.3168888888,-0.38638888875,True,-0.18824311481837608,0.43487891734615386,False,False,,,,,,,,,
Monitor2026,primary,19.0,19_EA_3_WedThu_Long,EURAUD,Long,LOW,28.0,-2.491111113,-0.08896825403571429,0.487542856953412,32.142857142857146,0.26333333333333336,-0.25584795331578947,False,0.3814126984357143,0.5070740738999999,False,False,,,,,,,,,
Monitor2026,primary,19.0,19_EA_3_WedThu_Long,EURAUD,Long,NORMAL,6.0,-1.2877777769999998,-0.21462962949999997,0.38219616228831477,33.33333333333333,0.3983333335,-0.521111111,True,0.3814126984357143,0.5070740738999999,False,False,,,,,,,,,
Monitor2026,primary,19.0,19_EA_3_WedThu_Long,EURAUD,Long,HIGH,10.0,2.924444444,0.2924444444,2.9424354234856276,60.0,0.7383333333333333,-0.376388889,True,0.3814126984357143,0.5070740738999999,False,False,,,,,,,,,
Monitor2026,primary,20.0,20_EA_1A_MonTue_Short,EURAUD,Short,LOW,35.0,-0.9440000000000001,-0.026971428571428573,0.8567961165048543,54.285714285714285,0.29726315789473684,-0.412,False,-0.18991746031746032,0.3872888888888889,False,False,,,,,,,,,
Monitor2026,primary,20.0,20_EA_1A_MonTue_Short,EURAUD,Short,NORMAL,10.0,1.704,0.1704,2.4295302013422817,80.0,0.362,-0.596,True,-0.18991746031746032,0.3872888888888889,False,False,,,,,,,,,
Monitor2026,primary,20.0,20_EA_1A_MonTue_Short,EURAUD,Short,HIGH,9.0,-1.952,-0.21688888888888888,0.4155688622754491,33.33333333333333,0.4626666666666666,-0.5566666666666666,True,-0.18991746031746032,0.3872888888888889,False,False,,,,,,,,,
Monitor2026,primary,21.0,21_GA_B_3,GBPAUD,Long,LOW,26.0,1.322272729,0.05085664342307693,2.350510682456987,61.53846153846154,0.14383522725,-0.0979090907,False,-0.051311188756410255,0.14918997675641027,False,False,,,,,,,,,
Monitor2026,primary,21.0,21_GA_B_3,GBPAUD,Long,NORMAL,3.0,-0.29500000000000004,-0.09833333333333334,0.3503503502202903,33.33333333333333,0.159090909,-0.22704545450000002,True,-0.051311188756410255,0.14918997675641027,False,False,,,,,,,,,
Monitor2026,primary,21.0,21_GA_B_3,GBPAUD,Long,HIGH,6.0,-0.0027272719999999577,-0.00045454533333332627,0.9926650386146665,66.66666666666666,0.09227272725,-0.18590909049999998,True,-0.051311188756410255,0.14918997675641027,False,False,,,,,,,,,
Monitor2026,primary,22.0,22_GA_C_2,GBPAUD,Long,LOW,20.0,-3.970000002,-0.1985000001,0.40197977172326665,40.0,0.3335714285,-0.5532142858333333,False,0.6982959185285714,1.4055102039285714,False,False,,,,,,,,,
Monitor2026,primary,22.0,22_GA_C_2,GBPAUD,Long,NORMAL,2.0,-1.811428571,-0.9057142855,0.0,0.0,,-0.9057142855,True,0.6982959185285714,1.4055102039285714,False,False,,,,,,,,,
Monitor2026,primary,22.0,22_GA_C_2,GBPAUD,Long,HIGH,7.0,3.498571429,0.49979591842857146,3.7988571432000002,71.42857142857143,0.9497142858000001,-0.625,True,0.6982959185285714,1.4055102039285714,False,False,,,,,,,,,
Monitor2026,primary,23.0,23_GA_F_2,GBPAUD,Short,LOW,20.0,0.9544444460000001,0.047722222300000006,1.546437660132228,50.0,0.2701111112,-0.17466666660000002,False,-0.13394444430000002,0.13394444430000002,False,False,,,,,,,,,
Monitor2026,primary,23.0,23_GA_F_2,GBPAUD,Short,NORMAL,2.0,-0.161111111,-0.0805555555,0.0,0.0,,-0.0805555555,True,-0.13394444430000002,0.13394444430000002,False,False,,,,,,,,,
Monitor2026,primary,23.0,23_GA_F_2,GBPAUD,Short,HIGH,5.0,-0.43111111,-0.086222222,0.28148148213580243,20.0,0.168888889,-0.14999999975,True,-0.13394444430000002,0.13394444430000002,False,False,,,,,,,,,
Monitor2026,primary,24.0,24_GA_D_1,GBPAUD,Long,LOW,20.0,0.7788888880000001,0.03894444440000001,1.366823652004137,45.0,0.3224691357777778,-0.1930303030909091,False,0.1488333334,0.6522222223,False,False,,,,,,,,,
Monitor2026,primary,24.0,24_GA_D_1,GBPAUD,Long,NORMAL,2.0,-0.928888889,-0.4644444445,0.071111111,50.0,0.071111111,-1.0,True,0.1488333334,0.6522222223,False,False,,,,,,,,,
Monitor2026,primary,24.0,24_GA_D_1,GBPAUD,Long,HIGH,5.0,0.938888889,0.1877777778,2.32653061385961,60.0,0.5488888886666666,-0.3538888885,True,0.1488333334,0.6522222223,False,False,,,,,,,,,
Monitor2026,primary,25.0,25_AU_China_Demand,AUDUSD,Long,LOW,15.0,-0.014999999999999982,-0.0009999999999999987,0.988679245283019,40.0,0.21833333333333335,-0.14722222222222223,True,0.019629032258064515,0.0822956989247312,False,False,,,,,,,,,
Monitor2026,primary,25.0,25_AU_China_Demand,AUDUSD,Long,NORMAL,15.0,-0.9550000000000001,-0.06366666666666668,0.7101669195751138,53.333333333333336,0.2925,-0.4707142857142857,True,0.019629032258064515,0.0822956989247312,False,False,,,,,,,,,
Monitor2026,primary,25.0,25_AU_China_Demand,AUDUSD,Long,HIGH,31.0,0.5775,0.018629032258064518,1.0932579733548646,48.38709677419355,0.4513333333333333,-0.38703125,False,0.019629032258064515,0.0822956989247312,False,False,,,,,,,,,
Monitor2026,primary,26.0,26_AJ_China_Demand,AUDJPY,Long,LOW,12.0,2.20888889,0.18407407416666666,3.259090909713843,75.0,0.3540740742222222,-0.325925926,True,-0.15101851866666666,0.15101851866666666,False,False,,,,,,,,,
Monitor2026,primary,26.0,26_AJ_China_Demand,AUDJPY,Long,NORMAL,10.0,0.8066666670000001,0.08066666670000001,1.6215753426161685,80.0,0.263055555625,-0.648888889,True,-0.15101851866666666,0.15101851866666666,False,False,,,,,,,,,
Monitor2026,primary,26.0,26_AJ_China_Demand,AUDJPY,Long,HIGH,8.0,0.2644444439999999,0.033055555499999986,1.078238001183432,37.5,1.2148148146666666,-0.6759999999999999,True,-0.15101851866666666,0.15101851866666666,False,False,,,,,,,,,
Monitor2026,primary,27.0,27_EA_China_Demand,EURAUD,Short,LOW,20.0,-1.304999997,-0.06524999984999999,0.6487214004438012,45.0,0.26777777799999997,-0.3377272726363636,False,-0.20120833352500003,0.5826488096607143,False,False,,,,,,,,,
Monitor2026,primary,27.0,27_EA_China_Demand,EURAUD,Short,NORMAL,7.0,2.213333334,0.3161904762857143,4.699164348578921,57.14285714285714,0.70291666675,-0.19944444433333333,True,-0.20120833352500003,0.5826488096607143,False,False,,,,,,,,,
Monitor2026,primary,27.0,27_EA_China_Demand,EURAUD,Short,HIGH,8.0,-2.131666667,-0.266458333375,0.4840661556688934,25.0,1.0,-0.6886111111666667,True,-0.20120833352500003,0.5826488096607143,False,False,,,,,,,,,
Monitor2026,primary,28.0,28_GA_China_Demand,GBPAUD,Short,LOW,23.0,-0.758666665,-0.03298550717391304,0.7760724128618868,43.47826086956522,0.2629333334,-0.2606153845384615,False,0.13578550707391307,0.45746666690000004,False,False,,,,,,,,,
Monitor2026,primary,28.0,28_GA_China_Demand,GBPAUD,Short,NORMAL,2.0,-0.709333334,-0.354666667,0.0,0.0,,-0.354666667,True,0.13578550707391307,0.45746666690000004,False,False,,,,,,,,,
Monitor2026,primary,28.0,28_GA_China_Demand,GBPAUD,Short,HIGH,10.0,1.0279999990000002,0.10279999990000002,1.3454301071908603,50.0,0.8007999998,-0.5952,True,0.13578550707391307,0.45746666690000004,False,False,,,,,,,,,
Monitor2026,primary,,,,,LOW,509.0,0.22056592600000022,0.0004333318781925348,1.0024103198440242,49.90176817288802,0.3611399700708661,-0.36169559870355733,False,0.0715387423504764,,,,Portfolio,2.0,4|5,1.0,DESCRIPTIVE_ONLY,trade_weighted,,,
Monitor2026,primary,,,,,LOW,,,0.03257026676666666,,,,,,-0.011336363633333332,,,,Portfolio,2.0,4|5,1.0,DESCRIPTIVE_ONLY,strategy_equal_weighted,,,0.0
Monitor2026,primary,,,,,NORMAL,193.0,-1.489592326,-0.007718094953367875,0.968162169347259,53.36787564766839,0.4397793589611651,-0.519854069988889,False,0.0715387423504764,,,,Portfolio,2.0,4|5,1.0,DESCRIPTIVE_ONLY,trade_weighted,,,
Monitor2026,primary,,,,,NORMAL,,,-0.059569978583333336,,,,,,-0.011336363633333332,,,,Portfolio,2.0,4|5,1.0,DESCRIPTIVE_ONLY,strategy_equal_weighted,,,0.0
Monitor2026,primary,,,,,HIGH,293.0,21.087817749,0.07197207422866894,1.304881680579558,52.901023890784984,0.5822905549999999,-0.5012117266376812,False,0.0715387423504764,,,,Portfolio,2.0,4|5,1.0,DESCRIPTIVE_ONLY,trade_weighted,,,
Monitor2026,primary,,,,,HIGH,,,0.02123390313333333,,,,,,-0.011336363633333332,,,,Portfolio,2.0,4|5,1.0,DESCRIPTIVE_ONLY,strategy_equal_weighted,,,0.0
Monitor2026,primary,,,,,LOW,255.0,2.638578912,0.01034736828235294,1.0499155616051636,50.588235294117645,0.4302281151550388,-0.42629716083064517,False,0.09294618212525575,,,,JPY,2.0,4|5,1.0,DESCRIPTIVE_ONLY,trade_weighted,,,
Monitor2026,primary,,,,,LOW,,,0.03257026676666666,,,,,,-0.011336363633333332,,,,JPY,2.0,4|5,1.0,DESCRIPTIVE_ONLY,strategy_equal_weighted,,,0.0
Monitor2026,primary,,,,,NORMAL,129.0,-2.204735184,-0.01709097041860465,0.9295472725305735,54.263565891472865,0.4155583975142857,-0.5304037798305085,False,0.09294618212525575,,,,JPY,2.0,4|5,1.0,DESCRIPTIVE_ONLY,trade_weighted,,,
Monitor2026,primary,,,,,NORMAL,,,-0.059569978583333336,,,,,,-0.011336363633333332,,,,JPY,2.0,4|5,1.0,DESCRIPTIVE_ONLY,strategy_equal_weighted,,,0.0
Monitor2026,primary,,,,,HIGH,184.0,19.006013275,0.1032935504076087,1.4341176510335993,56.52173913043478,0.6037192525096153,-0.547259862325,False,0.09294618212525575,,,,JPY,2.0,4|5,1.0,DESCRIPTIVE_ONLY,trade_weighted,,,
Monitor2026,primary,,,,,HIGH,,,0.02123390313333333,,,,,,-0.011336363633333332,,,,JPY,2.0,4|5,1.0,DESCRIPTIVE_ONLY,strategy_equal_weighted,,,0.0
Monitor2026,primary,,,,,LOW,254.0,-2.4180129859999995,-0.009519736165354328,0.9374352018484506,49.21259842519685,0.289841004344,-0.2995979730930233,False,0.02861885978003323,,,,AUD_nonJPY,0.0,,0.0,DESCRIPTIVE_ONLY,trade_weighted,,,
Monitor2026,primary,,,,,LOW,,,,,,,,,,,,,AUD_nonJPY,0.0,,0.0,DESCRIPTIVE_ONLY,strategy_equal_weighted,,,0.0
Monitor2026,primary,,,,,NORMAL,64.0,0.715142858,0.01117410715625,1.046158965973312,51.5625,0.49115715596969695,-0.4997755899677419,False,0.02861885978003323,,,,AUD_nonJPY,0.0,,0.0,DESCRIPTIVE_ONLY,trade_weighted,,,
Monitor2026,primary,,,,,NORMAL,,,,,,,,,,,,,AUD_nonJPY,0.0,,0.0,DESCRIPTIVE_ONLY,strategy_equal_weighted,,,0.0
Monitor2026,primary,,,,,HIGH,109.0,2.081804474,0.0190991236146789,1.0820046194846333,46.788990825688074,0.5385928189019608,-0.4376970567241379,False,0.02861885978003323,,,,AUD_nonJPY,0.0,,0.0,DESCRIPTIVE_ONLY,trade_weighted,,,
Monitor2026,primary,,,,,HIGH,,,,,,,,,,,,,AUD_nonJPY,0.0,,0.0,DESCRIPTIVE_ONLY,strategy_equal_weighted,,,0.0
Monitor2026,primary,,,,,LOW,281.0,0.17832638300000017,0.0006346134626334526,1.0036403236253997,50.5338078291815,0.3462305327887324,-0.3524202105971223,False,0.1555959222714706,,,,Long,1.0,4,1.0,DESCRIPTIVE_ONLY,trade_weighted,,,
Monitor2026,primary,,,,,LOW,,,0.0308307692,,,,,,0.0696,,,,Long,1.0,4,1.0,DESCRIPTIVE_ONLY,strategy_equal_weighted,,,0.0
Monitor2026,primary,,,,,NORMAL,117.0,-4.230042542,-0.03615420976068376,0.8506377086522234,58.119658119658126,0.35427416736764705,-0.5779731821020408,False,0.1555959222714706,,,,Long,1.0,4,1.0,DESCRIPTIVE_ONLY,trade_weighted,,,
Monitor2026,primary,,,,,NORMAL,,,0.008012820583333335,,,,,,0.0696,,,,Long,1.0,4,1.0,DESCRIPTIVE_ONLY,strategy_equal_weighted,,,0.0
Monitor2026,primary,,,,,HIGH,173.0,27.027882682,0.15623053573410406,1.9455994083543127,61.849710982658955,0.5197260450467289,-0.43307278996969695,False,0.1555959222714706,,,,Long,1.0,4,1.0,DESCRIPTIVE_ONLY,trade_weighted,,,
Monitor2026,primary,,,,,HIGH,,,0.10043076919999999,,,,,,0.0696,,,,Long,1.0,4,1.0,DESCRIPTIVE_ONLY,strategy_equal_weighted,,,0.0
Monitor2026,primary,,,,,LOW,228.0,0.042239543000000025,0.00018526115350877203,1.0009933439076923,49.122807017543856,0.38004300662499996,-0.3730050631491228,False,-0.04968580226184211,,,,Short,1.0,5,1.0,DESCRIPTIVE_ONLY,trade_weighted,,,
Monitor2026,primary,,,,,LOW,,,0.034309764333333326,,,,,,-0.09227272726666666,,,,Short,1.0,5,1.0,DESCRIPTIVE_ONLY,strategy_equal_weighted,,,0.0
Monitor2026,primary,,,,,NORMAL,76.0,2.740450216,0.036058555473684216,1.148403739170754,46.05263157894737,0.6059037312,-0.4503946433170732,False,-0.04968580226184211,,,,Short,1.0,5,1.0,DESCRIPTIVE_ONLY,trade_weighted,,,
Monitor2026,primary,,,,,NORMAL,,,-0.12715277775,,,,,,-0.09227272726666666,,,,Short,1.0,5,1.0,DESCRIPTIVE_ONLY,strategy_equal_weighted,,,0.0
Monitor2026,primary,,,,,HIGH,120.0,-5.940064933,-0.04950054110833334,0.8536367948345421,40.0,0.7217572751041667,-0.5636724185833333,False,-0.04968580226184211,,,,Short,1.0,5,1.0,DESCRIPTIVE_ONLY,trade_weighted,,,
Monitor2026,primary,,,,,HIGH,,,-0.057962962933333334,,,,,,-0.09227272726666666,,,,Short,1.0,5,1.0,DESCRIPTIVE_ONLY,strategy_equal_weighted,,,0.0
Monitor2026,robustness,1.0,1_EJ_Log1,EURJPY,Long,LOW,25.0,-0.655714287,-0.02622857148,0.9023404253508148,60.0,0.40390476186666663,-0.6714285715,False,0.2658714285425,0.5092346939196429,False,False,,,,,,,,,
Monitor2026,robustness,1.0,1_EJ_Log1,EURJPY,Long,NORMAL,7.0,-1.887142858,-0.2695918368571429,0.3727445392156585,42.857142857142854,0.3738095236666667,-0.75214285725,True,0.2658714285425,0.5092346939196429,False,False,,,,,,,,,
Monitor2026,robustness,1.0,1_EJ_Log1,EURJPY,Long,HIGH,16.0,3.8342857130000003,0.23964285706250002,1.95857142825,75.0,0.65285714275,-1.0,True,0.2658714285425,0.5092346939196429,False,False,,,,,,,,,
Monitor2026,robustness,2.0,2_EJ_NightBlitz_20,EURJPY,Long,LOW,27.0,1.2511111119999998,0.04633744859259258,1.1944732298546359,51.85185185185185,0.5488888889285714,-0.49487179484615385,False,-0.1478833422447665,0.597101449152174,True,False,,,,,,,,,
Monitor2026,robustness,2.0,2_EJ_NightBlitz_20,EURJPY,Long,NORMAL,8.0,3.964444444,0.4955555555,8.402489619582996,87.5,0.6428571428571429,-0.535555556,True,-0.1478833422447665,0.597101449152174,True,False,,,,,,,,,
Monitor2026,robustness,2.0,2_EJ_NightBlitz_20,EURJPY,Long,HIGH,23.0,-2.3355555540000004,-0.10154589365217392,0.691426893886251,52.17391304347826,0.4361111111666667,-0.688080808,False,-0.1478833422447665,0.597101449152174,True,False,,,,,,,,,
Monitor2026,robustness,3.0,3_EJ_NightBlitz_21,EURJPY,Long,LOW,27.0,0.09866666500000001,0.0036543209259259266,1.0221822538169554,48.148148148148145,0.3497435896923077,-0.3177142857857143,False,0.047881910987117554,0.26301234582407407,True,False,,,,,,,,,
Monitor2026,robustness,3.0,3_EJ_NightBlitz_21,EURJPY,Long,NORMAL,8.0,2.133333334,0.26666666675,11.884353744897957,87.5,0.3327619048571428,-0.196,True,0.047881910987117554,0.26301234582407407,True,False,,,,,,,,,
Monitor2026,robustness,3.0,3_EJ_NightBlitz_21,EURJPY,Long,HIGH,23.0,1.185333334,0.05153623191304348,1.5180652683566433,56.52173913043478,0.26717948723076923,-0.22879999999999998,False,0.047881910987117554,0.26301234582407407,True,False,,,,,,,,,
Monitor2026,robustness,4.0,4_GJ_Port_Log1,GBPJPY,Long,LOW,25.0,0.485384615,0.019415384600000002,1.2595639651018373,32.0,0.294423077,-0.11000000005882353,False,0.08800542987058824,0.08800542987058824,False,False,,,,,,,,,
Monitor2026,robustness,4.0,4_GJ_Port_Log1,GBPJPY,Long,NORMAL,20.0,1.066153846,0.0533076923,2.0939226513441507,65.0,0.15698224853846154,-0.1392307692857143,False,0.08800542987058824,0.08800542987058824,False,False,,,,,,,,,
Monitor2026,robustness,4.0,4_GJ_Port_Log1,GBPJPY,Long,HIGH,17.0,1.826153846,0.10742081447058824,2.2237113411754175,64.70588235294117,0.30167832154545454,-0.24871794849999998,True,0.08800542987058824,0.08800542987058824,False,False,,,,,,,,,
Monitor2026,robustness,5.0,5_GJ_Port_Log2,GBPJPY,Short,LOW,37.0,1.340000001,0.03621621624324324,1.133289124772324,43.24324324324324,0.712083333375,-0.4787301587142857,False,-0.14381855534850638,0.14381855534850638,False,False,,,,,,,,,
Monitor2026,robustness,5.0,5_GJ_Port_Log2,GBPJPY,Short,NORMAL,23.0,-1.936666667,-0.08420289856521739,0.7020512819541618,39.130434782608695,0.5070370368888889,-0.4642857142142857,False,-0.14381855534850638,0.14381855534850638,False,False,,,,,,,,,
Monitor2026,robustness,5.0,5_GJ_Port_Log2,GBPJPY,Short,HIGH,19.0,-2.0444444429999997,-0.10760233910526314,0.7572559368405609,36.84210526315789,0.9111111112857143,-0.7018518518333333,True,-0.14381855534850638,0.14381855534850638,False,False,,,,,,,,,
Monitor2026,robustness,6.0,6_GJ_Old_Mon,GBPJPY,Long,LOW,13.0,-1.714,-0.13184615384615384,0.6930515759312321,38.46153846153847,0.774,-0.698,True,0.3805961538461538,0.9044175824175824,False,False,,,,,,,,,
Monitor2026,robustness,6.0,6_GJ_Old_Mon,GBPJPY,Long,NORMAL,7.0,5.408,0.7725714285714286,6.408,85.71428571428571,1.068,-1.0,True,0.3805961538461538,0.9044175824175824,False,False,,,,,,,,,
Monitor2026,robustness,6.0,6_GJ_Old_Mon,GBPJPY,Long,HIGH,8.0,1.9899999999999998,0.24874999999999997,1.6633333333333333,62.5,0.998,-1.0,True,0.3805961538461538,0.9044175824175824,False,False,,,,,,,,,
Monitor2026,robustness,7.0,7_GJ_Mon_Blitz,GBPJPY,Long,LOW,16.0,0.03692307700000003,0.002307692312500002,1.0237388724588872,56.25,0.1769230768888889,-0.22219780214285714,True,0.0984615384875,0.1161538461875,False,False,,,,,,,,,
Monitor2026,robustness,7.0,7_GJ_Mon_Blitz,GBPJPY,Long,NORMAL,10.0,1.184615385,0.1184615385,4.649289096387099,80.0,0.18865384625,-0.1623076925,True,0.0984615384875,0.1161538461875,False,False,,,,,,,,,
Monitor2026,robustness,7.0,7_GJ_Mon_Blitz,GBPJPY,Long,HIGH,10.0,1.007692308,0.1007692308,1.9849624063898466,70.0,0.2901098901428571,-0.34102564100000005,True,0.0984615384875,0.1161538461875,False,False,,,,,,,,,
Monitor2026,robustness,8.0,8_AJ_Core1,AUDJPY,Long,LOW,17.0,4.662857143,0.27428571429411763,5.323178806361652,82.35294117647058,0.41010204085714286,-0.35952380966666664,True,-0.10160714291911763,0.570519480566845,False,False,,,,,,,,,
Monitor2026,robustness,8.0,8_AJ_Core1,AUDJPY,Long,NORMAL,11.0,-3.2585714290000003,-0.2962337662727273,0.4569047618333333,45.45454545454545,0.5482857141999999,-1.0,True,-0.10160714291911763,0.570519480566845,False,False,,,,,,,,,
Monitor2026,robustness,8.0,8_AJ_Core1,AUDJPY,Long,HIGH,8.0,1.381428571,0.172678571375,1.4604761903333332,62.5,0.8762857142,-1.0,True,-0.10160714291911763,0.570519480566845,False,False,,,,,,,,,
Monitor2026,robustness,9.0,9_AJ_Core2,AUDJPY,Short,LOW,8.0,-2.036666667,-0.254583333375,0.4450499544959128,37.5,0.5444444443333333,-0.734,True,0.360000000125,0.46625,False,False,,,,,,,,,
Monitor2026,robustness,9.0,9_AJ_Core2,AUDJPY,Short,NORMAL,4.0,-1.443333333,-0.36083333325,0.29248366029411765,25.0,0.596666667,-0.68,True,0.360000000125,0.46625,False,False,,,,,,,,,
Monitor2026,robustness,9.0,9_AJ_Core2,AUDJPY,Short,HIGH,8.0,0.8433333339999999,0.10541666674999998,1.184941520614035,37.5,1.8011111113333333,-0.9120000000000001,True,0.360000000125,0.46625,False,False,,,,,,,,,
Monitor2026,robustness,10.0,10_AJ_SatA,AUDJPY,Short,LOW,13.0,0.148,0.011384615384615384,1.1370370370370368,53.84615384615385,0.17542857142857143,-0.21600000000000003,True,-0.20338461538461539,0.2432,False,False,,,,,,,,,
Monitor2026,robustness,10.0,10_AJ_SatA,AUDJPY,Short,NORMAL,5.0,0.256,0.0512,1.785276073619632,40.0,0.291,-0.10866666666666665,True,-0.20338461538461539,0.2432,False,False,,,,,,,,,
Monitor2026,robustness,10.0,10_AJ_SatA,AUDJPY,Short,HIGH,7.0,-1.344,-0.192,0.3398821218074656,28.57142857142857,0.346,-0.4072,True,-0.20338461538461539,0.2432,False,False,,,,,,,,,
Monitor2026,robustness,11.0,11_AJ_SatB,AUDJPY,Short,LOW,13.0,-1.080000002,-0.08307692323076923,0.6568457534523378,38.46153846153847,0.41345454540000004,-0.393409091125,True,0.14307692323076923,0.43709090879999996,False,False,,,,,,,,,
Monitor2026,robustness,11.0,11_AJ_SatB,AUDJPY,Short,NORMAL,5.0,-1.885454544,-0.37709090879999996,0.0,0.0,,-0.37709090879999996,True,0.14307692323076923,0.43709090879999996,False,False,,,,,,,,,
Monitor2026,robustness,11.0,11_AJ_SatB,AUDJPY,Short,HIGH,7.0,0.41999999999999993,0.05999999999999999,1.2560975609756098,57.14285714285714,0.515,-0.5466666666666667,True,0.14307692323076923,0.43709090879999996,False,False,,,,,,,,,
Monitor2026,robustness,12.0,12_UJ_Short_Core,USDJPY,Short,LOW,24.0,-3.08,-0.12833333333333333,0.496814246038229,33.33333333333333,0.380125,-0.4080666666666667,False,,,False,False,,,,,,,,,
Monitor2026,robustness,12.0,12_UJ_Short_Core,USDJPY,Short,NORMAL,9.0,-0.044999999999999984,-0.004999999999999998,0.9828506097560976,55.55555555555556,0.5158,-0.656,True,,,False,False,,,,,,,,,
Monitor2026,robustness,12.0,12_UJ_Short_Core,USDJPY,Short,HIGH,0.0,0.0,,,,,,True,,,False,False,,,,,,,,,
Monitor2026,robustness,13.0,13_UJ_Fix_MidWeek,USDJPY,Long,LOW,11.0,-0.955789475,-0.08688995227272728,0.5507174659710716,72.72727272727273,0.14644736825,-0.709122807,True,,,False,False,,,,,,,,,
Monitor2026,robustness,13.0,13_UJ_Fix_MidWeek,USDJPY,Long,NORMAL,4.0,0.427368421,0.10684210525,6.139240489432782,50.0,0.255263158,-0.041578947500000005,True,,,False,False,,,,,,,,,
Monitor2026,robustness,13.0,13_UJ_Fix_MidWeek,USDJPY,Long,HIGH,0.0,0.0,,,,,,True,,,False,False,,,,,,,,,
Monitor2026,robustness,14.0,14_UJ_Sat_3rd,USDJPY,Short,LOW,3.0,0.5044444450000001,0.16814814833333336,1.4799154339830778,33.33333333333333,1.555555556,-0.5255555555,True,-0.15592592633333338,0.15592592633333338,False,False,,,,,,,,,
Monitor2026,robustness,14.0,14_UJ_Sat_3rd,USDJPY,Short,NORMAL,1.0,0.106666667,0.106666667,inf,100.0,0.106666667,,True,-0.15592592633333338,0.15592592633333338,False,False,,,,,,,,,
Monitor2026,robustness,14.0,14_UJ_Sat_3rd,USDJPY,Short,HIGH,2.0,0.024444443999999954,0.012222221999999977,1.0499999990795454,50.0,0.513333333,-0.488888889,True,-0.15592592633333338,0.15592592633333338,False,False,,,,,,,,,
Monitor2026,robustness,15.0,15_UJ_Sat_Aug,USDJPY,Short,LOW,0.0,0.0,,,,,,True,,,False,False,,,,,,,,,
Monitor2026,robustness,15.0,15_UJ_Sat_Aug,USDJPY,Short,NORMAL,0.0,0.0,,,,,,True,,,False,False,,,,,,,,,
Monitor2026,robustness,15.0,15_UJ_Sat_Aug,USDJPY,Short,HIGH,5.0,6.0,1.2,7.0,80.0,1.75,-1.0,True,,,False,False,,,,,,,,,
Monitor2026,robustness,16.0,16_UJ_T10A,USDJPY,Long,LOW,2.0,-1.328888889,-0.6644444445,0.0,0.0,,-0.6644444445,True,1.3400000005,1.5933333335,False,False,,,,,,,,,
Monitor2026,robustness,16.0,16_UJ_T10A,USDJPY,Long,NORMAL,1.0,0.928888889,0.928888889,inf,100.0,0.928888889,,True,1.3400000005,1.5933333335,False,False,,,,,,,,,
Monitor2026,robustness,16.0,16_UJ_T10A,USDJPY,Long,HIGH,1.0,0.675555556,0.675555556,inf,100.0,0.675555556,,True,1.3400000005,1.5933333335,False,False,,,,,,,,,
Monitor2026,robustness,17.0,17_EA_1B_Wed_Short,EURAUD,Short,LOW,7.0,-0.05142857199999998,-0.007346938857142854,0.9584295607342297,42.857142857142854,0.395238095,-0.30928571425,True,-0.0987755102857143,0.19755102054285717,False,False,,,,,,,,,
Monitor2026,robustness,17.0,17_EA_1B_Wed_Short,EURAUD,Short,NORMAL,5.0,0.45714285700000007,0.09142857140000002,1.457142857,80.0,0.36428571425,-1.0,True,-0.0987755102857143,0.19755102054285717,False,False,,,,,,,,,
Monitor2026,robustness,17.0,17_EA_1B_Wed_Short,EURAUD,Short,HIGH,7.0,-0.742857144,-0.10612244914285715,0.5023923437796753,42.857142857142854,0.24999999966666667,-0.37321428575000004,True,-0.0987755102857143,0.19755102054285717,False,False,,,,,,,,,
Monitor2026,robustness,18.0,18_EA_2_MonWed_Short,EURAUD,Short,LOW,22.0,1.326666667,0.06030303031818182,1.37370892017642,59.09090909090909,0.3751282052307693,-0.39444444455555555,False,-0.0637421836991342,0.20738977054761903,True,False,,,,,,,,,
Monitor2026,robustness,18.0,18_EA_2_MonWed_Short,EURAUD,Short,NORMAL,18.0,3.671111109,0.20395061716666665,2.3007874009291958,72.22222222222221,0.49948717930769226,-0.5644444444000001,True,-0.0637421836991342,0.20738977054761903,True,False,,,,,,,,,
Monitor2026,robustness,18.0,18_EA_2_MonWed_Short,EURAUD,Short,HIGH,21.0,-0.072222221,-0.003439153380952381,0.9872748631741656,42.857142857142854,0.6225925926666667,-0.4729629629166667,False,-0.0637421836991342,0.20738977054761903,True,False,,,,,,,,,
Monitor2026,robustness,19.0,19_EA_3_WedThu_Long,EURAUD,Long,LOW,20.0,-2.621111112,-0.13105555559999998,0.38471570155288365,30.0,0.27314814816666666,-0.30428571435714286,False,0.3326428571714286,0.3326428571714286,False,False,,,,,,,,,
Monitor2026,robustness,19.0,19_EA_3_WedThu_Long,EURAUD,Long,NORMAL,10.0,-1.055555556,-0.1055555556,0.4092039799609694,30.0,0.2437037036666667,-0.2552380952857143,True,0.3326428571714286,0.3326428571714286,False,False,,,,,,,,,
Monitor2026,robustness,19.0,19_EA_3_WedThu_Long,EURAUD,Long,HIGH,14.0,2.822222222,0.2015873015714286,2.173752310172423,57.14285714285714,0.653333333375,-0.4007407408333333,True,0.3326428571714286,0.3326428571714286,False,False,,,,,,,,,
Monitor2026,robustness,20.0,20_EA_1A_MonTue_Short,EURAUD,Short,LOW,23.0,-1.05,-0.04565217391304348,0.783326454808089,52.17391304347826,0.3163333333333333,-0.4405454545454546,False,-0.04034782608695653,0.15775,False,False,,,,,,,,,
Monitor2026,robustness,20.0,20_EA_1A_MonTue_Short,EURAUD,Short,NORMAL,16.0,1.148,0.07175,1.5389671361502348,68.75,0.298,-0.426,True,-0.04034782608695653,0.15775,False,False,,,,,,,,,
Monitor2026,robustness,20.0,20_EA_1A_MonTue_Short,EURAUD,Short,HIGH,15.0,-1.29,-0.08600000000000001,0.6890067502410802,46.666666666666664,0.4082857142857143,-0.5185,True,-0.04034782608695653,0.15775,False,False,,,,,,,,,
Monitor2026,robustness,21.0,21_GA_B_3,GBPAUD,Long,LOW,18.0,0.10227272900000003,0.00568181827777778,1.1020408182812718,55.55555555555556,0.11045454539999999,-0.12528409062499998,True,-0.03738636377777778,0.11240384626923078,False,False,,,,,,,,,
Monitor2026,robustness,21.0,21_GA_B_3,GBPAUD,Long,NORMAL,13.0,1.04909091,0.08069930076923078,3.2874132856316933,69.23076923076923,0.16752525255555556,-0.11465909075,True,-0.03738636377777778,0.11240384626923078,False,False,,,,,,,,,
Monitor2026,robustness,21.0,21_GA_B_3,GBPAUD,Long,HIGH,4.0,-0.126818182,-0.0317045455,0.6314398936939075,50.0,0.1086363635,-0.1720454545,True,-0.03738636377777778,0.11240384626923078,False,False,,,,,,,,,
Monitor2026,robustness,22.0,22_GA_C_2,GBPAUD,Long,LOW,15.0,-2.824285716,-0.1882857144,0.3507389160113244,46.666666666666664,0.21795918357142857,-0.543750000125,True,0.16257142877500003,0.3128095239,False,False,,,,,,,,,
Monitor2026,robustness,22.0,22_GA_C_2,GBPAUD,Long,NORMAL,6.0,0.747142857,0.12452380950000001,1.3675333800866105,50.0,0.9266666666666667,-0.6776190476666667,True,0.16257142877500003,0.3128095239,False,False,,,,,,,,,
Monitor2026,robustness,22.0,22_GA_C_2,GBPAUD,Long,HIGH,8.0,-0.20571428499999983,-0.02571428562499998,0.937984496336692,37.5,1.0371428573333334,-0.6634285714,True,0.16257142877500003,0.3128095239,False,False,,,,,,,,,
Monitor2026,robustness,23.0,23_GA_F_2,GBPAUD,Short,LOW,13.0,0.1877777790000001,0.014444444538461545,1.1301000778591457,46.15384615384615,0.271851852,-0.20619047614285715,True,0.04022222226153845,0.06565432102222223,False,False,,,,,,,,,
Monitor2026,robustness,23.0,23_GA_F_2,GBPAUD,Short,NORMAL,9.0,-0.09888888800000001,-0.010987654222222223,0.8713872842443783,33.33333333333333,0.2233333333333333,-0.128148148,True,0.04022222226153845,0.06565432102222223,False,False,,,,,,,,,
Monitor2026,robustness,23.0,23_GA_F_2,GBPAUD,Short,HIGH,5.0,0.273333334,0.0546666668,1.9248120340691954,40.0,0.2844444445,-0.09851851833333335,True,0.04022222226153845,0.06565432102222223,False,False,,,,,,,,,
Monitor2026,robustness,24.0,24_GA_D_1,GBPAUD,Long,LOW,13.0,-0.008888889000000004,-0.0006837606923076926,0.9950031229859461,38.46153846153847,0.354,-0.222361111125,True,0.2871282050923077,0.3569382716222222,False,False,,,,,,,,,
Monitor2026,robustness,24.0,24_GA_D_1,GBPAUD,Long,NORMAL,9.0,-0.6344444449999999,-0.07049382722222221,0.6507645257521533,55.55555555555556,0.2364444444,-0.45416666675,True,0.2871282050923077,0.3569382716222222,False,False,,,,,,,,,
Monitor2026,robustness,24.0,24_GA_D_1,GBPAUD,Long,HIGH,5.0,1.432222222,0.2864444444,7.080188692641954,60.0,0.5559259256666667,-0.1177777775,True,0.2871282050923077,0.3569382716222222,False,False,,,,,,,,,
Monitor2026,robustness,25.0,25_AU_China_Demand,AUDUSD,Long,LOW,18.0,-1.545,-0.08583333333333333,0.46815834767642,33.33333333333333,0.22666666666666668,-0.24208333333333332,True,0.10502450980392157,0.1413888888888889,False,False,,,,,,,,,
Monitor2026,robustness,25.0,25_AU_China_Demand,AUDUSD,Long,NORMAL,9.0,0.5,0.05555555555555555,1.4166666666666667,55.55555555555556,0.33999999999999997,-0.3,True,0.10502450980392157,0.1413888888888889,False,False,,,,,,,,,
Monitor2026,robustness,25.0,25_AU_China_Demand,AUDUSD,Long,HIGH,34.0,0.6525,0.019191176470588236,1.0972791651136786,52.94117647058824,0.4088888888888889,-0.41921875000000003,False,0.10502450980392157,0.1413888888888889,False,False,,,,,,,,,
Monitor2026,robustness,26.0,26_AJ_China_Demand,AUDJPY,Long,LOW,19.0,1.020000002,0.053684210631578945,1.342537314078915,73.68421052631578,0.2855555557142857,-0.5955555556000001,True,0.27520467816842104,0.27520467816842104,False,False,,,,,,,,,
Monitor2026,robustness,26.0,26_AJ_China_Demand,AUDJPY,Long,NORMAL,6.0,0.615555555,0.10259259250000001,1.9081967201940342,50.0,0.43111111100000005,-0.22592592599999997,True,0.27520467816842104,0.27520467816842104,False,False,,,,,,,,,
Monitor2026,robustness,26.0,26_AJ_China_Demand,AUDJPY,Long,HIGH,5.0,1.644444444,0.3288888888,1.822222222,60.0,1.2148148146666666,-1.0,True,0.27520467816842104,0.27520467816842104,False,False,,,,,,,,,
Monitor2026,robustness,27.0,27_EA_China_Demand,EURAUD,Short,LOW,15.0,-0.611666665,-0.04077777766666667,0.7627666457353287,40.0,0.327777778,-0.2864814814444444,True,-0.08496296311111111,0.17301346823232322,False,False,,,,,,,,,
Monitor2026,robustness,27.0,27_EA_China_Demand,EURAUD,Short,NORMAL,11.0,0.520000002,0.04727272745454545,1.299711816887442,54.54545454545454,0.3758333335,-0.3469999998,True,-0.08496296311111111,0.17301346823232322,False,False,,,,,,,,,
Monitor2026,robustness,27.0,27_EA_China_Demand,EURAUD,Short,HIGH,9.0,-1.131666667,-0.12574074077777778,0.72609923350334,33.33333333333333,1.0,-0.6886111111666667,True,-0.08496296311111111,0.17301346823232322,False,False,,,,,,,,,
Monitor2026,robustness,28.0,28_GA_China_Demand,GBPAUD,Short,LOW,18.0,0.4466666670000001,0.024814814833333337,1.2040194886120614,50.0,0.2928888888888889,-0.24325925922222222,True,-0.07605291011904762,0.07761481483333332,False,False,,,,,,,,,
Monitor2026,robustness,28.0,28_GA_China_Demand,GBPAUD,Short,NORMAL,10.0,-0.5279999999999999,-0.05279999999999999,0.8014042126628129,40.0,0.53266666675,-0.4431111111666666,True,-0.07605291011904762,0.07761481483333332,False,False,,,,,,,,,
Monitor2026,robustness,28.0,28_GA_China_Demand,GBPAUD,Short,HIGH,7.0,-0.358666667,-0.05123809528571428,0.8388256439243298,28.57142857142857,0.933333333,-0.4450666666,True,-0.07605291011904762,0.07761481483333332,False,False,,,,,,,,,
Monitor2026,robustness,,,,,LOW,462.0,-7.952669372,-0.017213570069264068,0.9110246905917632,48.268398268398265,0.3651478137040359,-0.377133467628692,False,0.07402261230884741,,,,Portfolio,3.0,2|3|18,1.0,DESCRIPTIVE_ONLY,trade_weighted,,,
Monitor2026,robustness,,,,,LOW,,,0.03676493327890011,,,,,,-0.054581204985594385,,,,Portfolio,3.0,2|3|18,1.0,DESCRIPTIVE_ONLY,strategy_equal_weighted,,,0.0
Monitor2026,robustness,,,,,NORMAL,245.0,11.410456556,0.046573292065306124,1.255923882932957,56.734693877551024,0.40284754779136694,-0.42061653383962266,False,0.07402261230884741,,,,Portfolio,3.0,2|3|18,1.0,DESCRIPTIVE_ONLY,trade_weighted,,,
Monitor2026,robustness,,,,,NORMAL,,,0.32205761313888887,,,,,,-0.054581204985594385,,,,Portfolio,3.0,2|3|18,1.0,DESCRIPTIVE_ONLY,strategy_equal_weighted,,,0.0
Monitor2026,robustness,,,,,HIGH,288.0,16.361004165,0.056809042239583336,1.2226075197636004,52.083333333333336,0.5990539386466667,-0.5325875842898551,False,0.07402261230884741,,,,Portfolio,3.0,2|3|18,1.0,DESCRIPTIVE_ONLY,trade_weighted,,,
Monitor2026,robustness,,,,,HIGH,,,-0.017816271706694274,,,,,,-0.054581204985594385,,,,Portfolio,3.0,2|3|18,1.0,DESCRIPTIVE_ONLY,strategy_equal_weighted,,,0.0
Monitor2026,robustness,,,,,LOW,280.0,-1.3036722600000004,-0.004655972357142858,0.9779935000664718,50.0,0.4138332506785714,-0.42927773445652173,False,0.09967906388544473,,,,JPY,2.0,2|3,1.0,DESCRIPTIVE_ONLY,trade_weighted,,,
Monitor2026,robustness,,,,,LOW,,,0.024995884759259256,,,,,,-0.05000071562882448,,,,JPY,2.0,2|3,1.0,DESCRIPTIVE_ONLY,strategy_equal_weighted,,,0.0
Monitor2026,robustness,,,,,NORMAL,129.0,5.63485771,0.04368106751937985,1.2152701697862782,56.58914728682171,0.43576172165753424,-0.4674240709107143,False,0.09967906388544473,,,,JPY,2.0,2|3,1.0,DESCRIPTIVE_ONLY,trade_weighted,,,
Monitor2026,robustness,,,,,NORMAL,,,0.381111111125,,,,,,-0.05000071562882448,,,,JPY,2.0,2|3,1.0,DESCRIPTIVE_ONLY,strategy_equal_weighted,,,0.0
Monitor2026,robustness,,,,,HIGH,159.0,15.108671552999999,0.09502309152830188,1.35533608236608,56.60377358490566,0.6403117351777777,-0.6162229654057971,False,0.09967906388544473,,,,JPY,2.0,2|3,1.0,DESCRIPTIVE_ONLY,trade_weighted,,,
Monitor2026,robustness,,,,,HIGH,,,-0.02500483086956522,,,,,,-0.05000071562882448,,,,JPY,2.0,2|3,1.0,DESCRIPTIVE_ONLY,strategy_equal_weighted,,,0.0
Monitor2026,robustness,,,,,LOW,182.0,-6.648997112,-0.03653295116483517,0.7793984756207012,45.604395604395606,0.28302779953012047,-0.3044475199292929,False,0.04624095590902121,,,,AUD_nonJPY,1.0,18,0.0,DESCRIPTIVE_ONLY,trade_weighted,,,
Monitor2026,robustness,,,,,LOW,,,0.06030303031818182,,,,,,-0.0637421836991342,,,,AUD_nonJPY,1.0,18,0.0,DESCRIPTIVE_ONLY,strategy_equal_weighted,,,0.0
Monitor2026,robustness,,,,,NORMAL,116.0,5.775598846,0.04978964522413793,1.3137274790236593,56.896551724137936,0.3664424766969697,-0.36819209232,False,0.04624095590902121,,,,AUD_nonJPY,1.0,18,0.0,DESCRIPTIVE_ONLY,trade_weighted,,,
Monitor2026,robustness,,,,,NORMAL,,,0.20395061716666665,,,,,,-0.0637421836991342,,,,AUD_nonJPY,1.0,18,0.0,DESCRIPTIVE_ONLY,strategy_equal_weighted,,,0.0
Monitor2026,robustness,,,,,HIGH,129.0,1.252332612,0.009708004744186047,1.0404269048502013,46.51162790697674,0.53716724385,-0.44895220317391304,False,0.04624095590902121,,,,AUD_nonJPY,1.0,18,0.0,DESCRIPTIVE_ONLY,trade_weighted,,,
Monitor2026,robustness,,,,,HIGH,,,-0.003439153380952381,,,,,,-0.0637421836991342,,,,AUD_nonJPY,1.0,18,0.0,DESCRIPTIVE_ONLY,strategy_equal_weighted,,,0.0
Monitor2026,robustness,,,,,LOW,266.0,-3.996463025,-0.015024297086466167,0.9174519382279342,50.37593984962406,0.3314724535298508,-0.36677099846969696,False,0.10470469592169343,,,,Long,2.0,2|3,1.0,DESCRIPTIVE_ONLY,trade_weighted,,,
Monitor2026,robustness,,,,,LOW,,,0.024995884759259256,,,,,,-0.05000071562882448,,,,Long,2.0,2|3,1.0,DESCRIPTIVE_ONLY,strategy_equal_weighted,,,0.0
Monitor2026,robustness,,,,,NORMAL,129.0,11.188879353,0.08673549886046512,1.5567958391778063,62.01550387596899,0.3910499952625,-0.4101044952653061,False,0.10470469592169343,,,,Long,2.0,2|3,1.0,DESCRIPTIVE_ONLY,trade_weighted,,,
Monitor2026,robustness,,,,,NORMAL,,,0.381111111125,,,,,,-0.05000071562882448,,,,Long,2.0,2|3,1.0,DESCRIPTIVE_ONLY,strategy_equal_weighted,,,0.0
Monitor2026,robustness,,,,,HIGH,176.0,15.783750195,0.08968039883522727,1.4222398310949658,58.52272727272727,0.516162693815534,-0.5120685927123287,False,0.10470469592169343,,,,Long,2.0,2|3,1.0,DESCRIPTIVE_ONLY,trade_weighted,,,
Monitor2026,robustness,,,,,HIGH,,,-0.02500483086956522,,,,,,-0.05000071562882448,,,,Long,2.0,2|3,1.0,DESCRIPTIVE_ONLY,strategy_equal_weighted,,,0.0
Monitor2026,robustness,,,,,LOW,196.0,-3.956206347,-0.020184726260204084,0.9034291047909732,45.40816326530612,0.4158500413820225,-0.3901605717142857,False,0.02533877956377551,,,,Short,1.0,18,0.0,DESCRIPTIVE_ONLY,trade_weighted,,,
Monitor2026,robustness,,,,,LOW,,,0.06030303031818182,,,,,,-0.0637421836991342,,,,Short,1.0,18,0.0,DESCRIPTIVE_ONLY,strategy_equal_weighted,,,0.0
Monitor2026,robustness,,,,,NORMAL,116.0,0.22157720300000025,0.00191014830172414,1.00904757456417,50.86206896551724,0.41884422918644065,-0.42965319857894735,False,0.02533877956377551,,,,Short,1.0,18,0.0,DESCRIPTIVE_ONLY,trade_weighted,,,
Monitor2026,robustness,,,,,NORMAL,,,0.20395061716666665,,,,,,-0.0637421836991342,,,,Short,1.0,18,0.0,DESCRIPTIVE_ONLY,strategy_equal_weighted,,,0.0
Monitor2026,robustness,,,,,HIGH,112.0,0.5772539699999998,0.005154053303571426,1.0159832955338834,41.964285714285715,0.7807092198723404,-0.5556319902153847,False,0.02533877956377551,,,,Short,1.0,18,0.0,DESCRIPTIVE_ONLY,trade_weighted,,,
Monitor2026,robustness,,,,,HIGH,,,-0.003439153380952381,,,,,,-0.0637421836991342,,,,Short,1.0,18,0.0,DESCRIPTIVE_ONLY,strategy_equal_weighted,,,0.0
