Period,Method,StrategyNo,Group,Aggregation,Regime,Trades,TotalR,AvgR,PF,WinRate,AvgWinR,AvgLossR,LOW_SAMPLE,Eligible,EligibleStrategies,SameSignStrategies,HighMinusLowAvgR,RegimeOrder
Historical,primary,1.0,,,LOW,138.0,5.987142852000001,0.0433850931304347,1.1690942100488928,55.072463768115945,0.5446616541052631,-0.5710829493548387,False,True,,,0.1362041925945652,LOW < NORMAL < HIGH
Historical,primary,1.0,,,NORMAL,149.0,12.357142859,0.0829338446912751,1.3511406999027904,59.06040268456376,0.5403246753409091,-0.5769086650983607,False,True,,,0.1362041925945652,LOW < NORMAL < HIGH
Historical,primary,1.0,,,HIGH,160.0,28.734285716,0.179589285725,1.9350999535223103,58.75,0.6325835866595745,-0.4655844156060605,False,True,,,0.1362041925945652,LOW < NORMAL < HIGH
Historical,primary,2.0,,,LOW,169.0,7.560000007,0.044733727852071,1.1643478262391305,55.62130177514793,0.5697872341170213,-0.6216216216216216,False,True,,,0.0728452195426658,LOW < NORMAL < HIGH
Historical,primary,2.0,,,NORMAL,185.0,19.226666671,0.1039279279513513,1.445910426310609,57.83783783783784,0.5826583593457944,-0.5527920228076924,False,True,,,0.0728452195426658,LOW < NORMAL < HIGH
Historical,primary,2.0,,,HIGH,190.0,22.340000005,0.1175789473947368,1.450544525708661,55.26315789473685,0.684994709047619,-0.5833464052352941,False,True,,,0.0728452195426658,LOW < NORMAL < HIGH
Historical,primary,3.0,,,LOW,168.0,1.504000001,0.0089523809583333,1.058823529450876,50.0,0.322285714297619,-0.3080481927710843,False,True,,,0.0484862154995614,LOW < HIGH < NORMAL
Historical,primary,3.0,,,NORMAL,185.0,12.358666665,0.0668036035945945,1.488459106218634,58.91891891891892,0.345504587119266,-0.3329122806710526,False,True,,,0.0484862154995614,LOW < HIGH < NORMAL
Historical,primary,3.0,,,HIGH,190.0,10.913333327,0.0574385964578947,1.3847419382841797,54.736842105263165,0.377679487125,-0.3337098039294117,False,True,,,0.0484862154995614,LOW < HIGH < NORMAL
Historical,primary,4.0,,,LOW,158.0,1.5684615319999995,0.0099269717215189,1.09951195662041,50.63291139240506,0.2166249999625,-0.2020710059615384,False,True,,,-0.0008958130063291,HIGH < LOW < NORMAL
Historical,primary,4.0,,,NORMAL,174.0,11.206153845,0.0644031830172413,1.714678179027043,62.06896551724138,0.2489458689074073,-0.2412307691846154,False,True,,,-0.0008958130063291,HIGH < LOW < NORMAL
Historical,primary,4.0,,,HIGH,158.0,1.4269230769999997,0.0090311587151898,1.07671629446649,56.32911392405063,0.2250216075955056,-0.2695652173768116,False,True,,,-0.0008958130063291,HIGH < LOW < NORMAL
Historical,primary,5.0,,,LOW,214.0,31.54222222,0.1473935617757009,1.6003468256794957,58.87850467289719,0.667319223952381,-0.603908045954023,False,True,,,-0.0670112987757009,NORMAL < HIGH < LOW
Historical,primary,5.0,,,NORMAL,218.0,14.165555554,0.0649796126330275,1.2145862788372404,50.917431192660544,0.7223323323333334,-0.6169470405140187,False,True,,,-0.0670112987757009,NORMAL < HIGH < LOW
Historical,primary,5.0,,,HIGH,218.0,17.523333334,0.080382263,1.2666317266629477,50.917431192660544,0.749949949963964,-0.6142159917009345,False,True,,,-0.0670112987757009,NORMAL < HIGH < LOW
Historical,primary,6.0,,,LOW,75.0,15.422,0.2056266666666666,1.7008725686238866,54.666666666666664,0.912829268292683,-0.6471764705882354,False,True,,,-0.3029016666666667,HIGH < NORMAL < LOW
Historical,primary,6.0,,,NORMAL,102.0,13.266,0.1300588235294117,1.3585793058709048,55.88235294117647,0.8817894736842106,-0.8221333333333334,False,True,,,-0.3029016666666667,HIGH < NORMAL < LOW
Historical,primary,6.0,,,HIGH,80.0,-7.782,-0.097275,0.7956944079810974,37.5,1.0102666666666666,-0.7618,False,True,,,-0.3029016666666667,HIGH < NORMAL < LOW
Historical,primary,7.0,,,LOW,95.0,4.037692304,0.0425020242526315,1.4109449615859244,52.63157894736842,0.27726153842,-0.2183418803777778,False,True,,,-0.0300789473826315,HIGH < LOW < NORMAL
Historical,primary,7.0,,,NORMAL,111.0,4.899999998,0.0441441441261261,1.3782660330952698,58.55855855855856,0.2746745561846154,-0.281605351173913,False,True,,,-0.0300789473826315,HIGH < LOW < NORMAL
Historical,primary,7.0,,,HIGH,100.0,1.242307687,0.01242307687,1.1057560076314252,50.0,0.25978461536,-0.23493846162,False,True,,,-0.0300789473826315,HIGH < LOW < NORMAL
Historical,primary,8.0,,,LOW,100.0,4.185714284,0.04185714284,1.2199369463077634,54.0,0.4299470899259259,-0.4137267080869565,False,True,,,0.0725275813184158,NORMAL < LOW < HIGH
Historical,primary,8.0,,,NORMAL,106.0,3.505714285,0.0330727762735849,1.1694283346831558,53.77358490566038,0.4245112781754386,-0.4222740524693877,False,True,,,0.0725275813184158,NORMAL < LOW < HIGH
Historical,primary,8.0,,,HIGH,101.0,11.55285714,0.1143847241584158,1.6494539027746986,54.45544554455446,0.5334805194545454,-0.3867080745652174,False,True,,,0.0725275813184158,NORMAL < LOW < HIGH
Historical,primary,9.0,,,LOW,56.0,8.700000002,0.1553571428928571,1.445392491600368,50.0,1.008333333357143,-0.6976190475714287,False,True,,,0.1438616071540178,LOW < NORMAL < HIGH
Historical,primary,9.0,,,NORMAL,62.0,15.07,0.2430645161290322,1.7428524482662786,54.83870967741935,1.039901960764706,-0.7245238095,False,True,,,0.1438616071540178,LOW < NORMAL < HIGH
Historical,primary,9.0,,,HIGH,64.0,19.150000003,0.299218750046875,1.9398004254549357,59.375,1.0401754386842104,-0.7837179487307692,False,True,,,0.1438616071540178,LOW < NORMAL < HIGH
Historical,primary,10.0,,,LOW,74.0,-1.108,-0.0149729729729729,0.8612572001001754,41.891891891891895,0.2218709677419355,-0.1857209302325581,False,True,,,0.0013522833178005,LOW < HIGH < NORMAL
Historical,primary,10.0,,,NORMAL,77.0,-0.5880000000000001,-0.0076363636363636,0.9269746646795828,41.55844155844156,0.23325,-0.183,False,True,,,0.0013522833178005,LOW < HIGH < NORMAL
Historical,primary,10.0,,,HIGH,58.0,-0.79,-0.0136206896551724,0.8995677599796593,53.44827586206896,0.228258064516129,-0.2913333333333333,False,True,,,0.0013522833178005,LOW < HIGH < NORMAL
Historical,primary,11.0,,,LOW,74.0,4.239999996,0.0572972972432432,1.274708445903882,56.75675675675676,0.4684415584285714,-0.4823295455625,False,True,,,0.0101635177567567,LOW < HIGH < NORMAL
Historical,primary,11.0,,,NORMAL,77.0,6.170909087,0.0801416764545454,1.498092162760941,48.05194805194805,0.5016216215945946,-0.3097272728,False,True,,,0.0101635177567567,LOW < HIGH < NORMAL
Historical,primary,11.0,,,HIGH,58.0,3.91272727,0.067460815,1.2966230183540846,46.55172413793103,0.6334680134444445,-0.4255131965483871,False,True,,,0.0101635177567567,LOW < HIGH < NORMAL
Historical,primary,12.0,,,LOW,89.0,7.495,0.0842134831460674,1.6138411138411135,61.79775280898876,0.3582727272727272,-0.3591176470588235,False,True,,,0.2146565168539326,LOW < NORMAL < HIGH
Historical,primary,12.0,,,NORMAL,92.0,16.218,0.1762826086956521,1.8149339229184465,54.34782608695651,0.72238,-0.485390243902439,False,True,,,0.2146565168539326,LOW < NORMAL < HIGH
Historical,primary,12.0,,,HIGH,100.0,29.887,0.29887,3.165097073312084,62.0,0.7046935483870969,-0.3632631578947368,False,True,,,0.2146565168539326,LOW < NORMAL < HIGH
Historical,primary,13.0,,,LOW,37.0,3.056842104,0.0826173541621621,3.6789667852245342,64.86486486486487,0.1749122807083333,-0.0877732794615384,False,True,,,-0.0420091669843843,HIGH < NORMAL < LOW
Historical,primary,13.0,,,NORMAL,34.0,2.627368422,0.0772755418235294,2.8557620833503683,61.76470588235294,0.1925313283333333,-0.1089068825384615,False,True,,,-0.0420091669843843,HIGH < NORMAL < LOW
Historical,primary,13.0,,,HIGH,45.0,1.827368423,0.0406081871777777,1.7117671187215118,55.55555555555556,0.17578947372,-0.128368421,False,True,,,-0.0420091669843843,HIGH < NORMAL < LOW
Historical,primary,14.0,,,LOW,15.0,2.011111112,0.1340740741333333,1.5276967932515364,53.333333333333336,0.727777777875,-0.5444444444285714,True,False,,,-0.0021548822242423,HIGH < LOW < NORMAL
Historical,primary,14.0,,,NORMAL,10.0,2.762222223,0.2762222223,2.8279411771197016,70.0,0.6104761905714285,-0.5037037036666666,True,False,,,-0.0021548822242423,HIGH < LOW < NORMAL
Historical,primary,14.0,,,HIGH,11.0,1.451111111,0.1319191919090909,1.930199430128205,63.63636363636363,0.4301587301428571,-0.39,True,False,,,-0.0021548822242423,HIGH < LOW < NORMAL
Historical,primary,15.0,,,LOW,16.0,4.5,0.28125,1.7575757575757571,50.0,1.305,-0.7425,True,False,,,-0.1084722222222221,HIGH < LOW < NORMAL
Historical,primary,15.0,,,NORMAL,12.0,5.02,0.4183333333333333,2.1811764705882353,58.333333333333336,1.3242857142857145,-0.85,True,False,,,-0.1084722222222221,HIGH < LOW < NORMAL
Historical,primary,15.0,,,HIGH,9.0,1.5550000000000002,0.1727777777777778,1.4540145985401465,55.55555555555556,0.996,-0.85625,True,False,,,-0.1084722222222221,HIGH < LOW < NORMAL
Historical,primary,16.0,,,LOW,14.0,0.7422222230000001,0.0530158730714285,1.3313492066964288,50.0,0.4260317461428571,-0.3199999999999999,True,False,,,0.3498412697857143,LOW < NORMAL < HIGH
Historical,primary,16.0,,,NORMAL,10.0,2.6066666659999997,0.2606666666,3.079787234063773,80.0,0.482499999875,-0.6266666665,True,False,,,0.3498412697857143,LOW < NORMAL < HIGH
Historical,primary,16.0,,,HIGH,7.0,2.8200000000000003,0.4028571428571429,3.740820734045268,71.42857142857143,0.7697777778000001,-0.5144444445,True,False,,,0.3498412697857143,LOW < NORMAL < HIGH
Historical,primary,17.0,,,LOW,60.0,7.611428571,0.12685714285,1.559252650289548,65.0,0.5441391941538462,-0.6480952381428571,False,True,,,0.1129387754785714,LOW < NORMAL < HIGH
Historical,primary,17.0,,,NORMAL,58.0,10.264285715,0.1769704433620689,1.8268124281548177,55.172413793103445,0.70870535715625,-0.4774725274615384,False,True,,,0.1129387754785714,LOW < NORMAL < HIGH
Historical,primary,17.0,,,HIGH,70.0,16.785714283,0.2397959183285714,1.9459785844639732,57.14285714285714,0.8632499999500001,-0.5914761905,False,True,,,0.1129387754785714,LOW < NORMAL < HIGH
Historical,primary,18.0,,,LOW,148.0,5.555555555,0.0375375375337837,1.151473840451227,52.702702702702695,0.5414387464358974,-0.5315458937246377,False,True,,,0.0696236026704046,LOW < NORMAL < HIGH
Historical,primary,18.0,,,NORMAL,160.0,15.743333336,0.09839583335,1.381451070197235,54.37499999999999,0.6553512133103448,-0.565372907150685,False,True,,,0.0696236026704046,LOW < NORMAL < HIGH
Historical,primary,18.0,,,HIGH,191.0,20.467777779,0.1071611402041884,1.3856831791331112,54.45026178010471,0.7070833333269231,-0.6099872285862069,False,True,,,0.0696236026704046,LOW < NORMAL < HIGH
Historical,primary,19.0,,,LOW,121.0,-0.8899999970000001,-0.007355371876033,0.96308585661245,50.413223140495866,0.3806557377213114,-0.4018333333,False,True,,,0.1807779185548652,LOW < NORMAL < HIGH
Historical,primary,19.0,,,NORMAL,116.0,7.214444445,0.0621934865948275,1.2935352622380412,54.310344827586206,0.504638447968254,-0.4637316561698113,False,True,,,0.1807779185548652,LOW < NORMAL < HIGH
Historical,primary,19.0,,,HIGH,137.0,23.758888895,0.1734225466788321,1.8602751853426311,60.58394160583942,0.6189959839879519,-0.5114403291851852,False,True,,,0.1807779185548652,LOW < NORMAL < HIGH
Historical,primary,20.0,,,LOW,115.0,2.6860000000000004,0.0233565217391304,1.106807698425322,53.91304347826087,0.4489354838709677,-0.4836153846153846,False,True,,,0.0413195345988977,LOW < HIGH < NORMAL
Historical,primary,20.0,,,NORMAL,138.0,10.916,0.0791014492753623,1.3460563023078873,58.69565217391305,0.5241975308641975,-0.5534035087719298,False,True,,,0.0413195345988977,LOW < HIGH < NORMAL
Historical,primary,20.0,,,HIGH,142.0,9.184,0.0646760563380281,1.2440605899548232,49.29577464788733,0.6687714285714286,-0.5226388888888889,False,True,,,0.0413195345988977,LOW < HIGH < NORMAL
Historical,primary,21.0,,,LOW,101.0,0.1204545479999998,0.0011926192871287,1.013725592045758,50.495049504950494,0.1744385027058823,-0.1755181818,False,True,,,-0.0122777953051467,HIGH < LOW < NORMAL
Historical,primary,21.0,,,NORMAL,93.0,0.98818182,0.0106256109677419,1.1125025876199277,47.31182795698925,0.2220867769772727,-0.1792578850408163,False,True,,,-0.0122777953051467,HIGH < LOW < NORMAL
Historical,primary,21.0,,,HIGH,111.0,-1.2304545380000005,-0.011085176018018,0.9050308734326418,48.64864864864865,0.2171464647777777,-0.2273046251929824,False,True,,,-0.0122777953051467,HIGH < LOW < NORMAL
Historical,primary,22.0,,,LOW,86.0,23.644285720000003,0.2749335548837209,2.0814113038205337,63.95348837209303,0.8274285715090909,-0.7052995391290323,False,True,,,-0.1369167481072503,NORMAL < HIGH < LOW
Historical,primary,22.0,,,NORMAL,72.0,1.2885714320000012,0.0178968254444444,1.0496286108597075,48.61111111111111,0.7786530613428572,-0.7017374517567567,False,True,,,-0.1369167481072503,NORMAL < HIGH < LOW
Historical,primary,22.0,,,HIGH,85.0,11.731428576000004,0.1380168067764706,1.4322105264978593,56.47058823529411,0.8098809524583334,-0.7335907335675675,False,True,,,-0.1369167481072503,NORMAL < HIGH < LOW
Historical,primary,23.0,,,LOW,78.0,3.760000004,0.0482051282564102,1.2990984624270017,55.12820512820513,0.3797932817209302,-0.3697385620588235,False,True,,,0.0451866846120108,LOW < NORMAL < HIGH
Historical,primary,23.0,,,NORMAL,66.0,4.333333332,0.0656565656363636,1.4124801690782662,50.0,0.4496632996363636,-0.3183501683636364,False,True,,,0.0451866846120108,LOW < NORMAL < HIGH
Historical,primary,23.0,,,HIGH,76.0,7.097777778,0.093391812868421,1.5670661340008454,55.26315789473685,0.467010582047619,-0.3681372549411764,False,True,,,0.0451866846120108,LOW < NORMAL < HIGH
Historical,primary,24.0,,,LOW,78.0,4.253333334,0.0545299145384615,1.3198796691321164,56.41025641025641,0.3988636363863636,-0.3910784313823529,False,True,,,0.07190283401417,LOW < NORMAL < HIGH
Historical,primary,24.0,,,NORMAL,66.0,4.465555553,0.0676599326212121,1.378793590699454,56.060606060606055,0.4393093092702703,-0.40651341,False,True,,,0.07190283401417,LOW < NORMAL < HIGH
Historical,primary,24.0,,,HIGH,76.0,9.60888889,0.1264327485526316,1.6835823257165914,59.210526315789465,0.5259012345333334,-0.4534408601290322,False,True,,,0.07190283401417,LOW < NORMAL < HIGH
Historical,primary,25.0,,,LOW,190.0,13.8675,0.0729868421052631,1.509600367478181,55.26315789473685,0.3912380952380952,-0.3318597560975609,False,True,,,0.012219040247678,NORMAL < LOW < HIGH
Historical,primary,25.0,,,NORMAL,175.0,6.8774999999999995,0.0392999999999999,1.2420163631565058,53.714285714285715,0.3754787234042553,-0.3508333333333333,False,True,,,0.012219040247678,NORMAL < LOW < HIGH
Historical,primary,25.0,,,HIGH,170.0,14.485,0.0852058823529411,1.5259622367465504,55.88235294117647,0.4423684210526316,-0.3721621621621621,False,True,,,0.012219040247678,NORMAL < LOW < HIGH
Historical,primary,26.0,,,LOW,92.0,11.440000003,0.1243478261195652,1.8052557487238503,59.78260869565217,0.4663030303454545,-0.3946296296111111,False,True,,,-0.0545033816595652,NORMAL < HIGH < LOW
Historical,primary,26.0,,,NORMAL,78.0,5.268888892,0.0675498575897435,1.3800288510687662,57.692307692307686,0.4251851852,-0.420134680060606,False,True,,,-0.0545033816595652,NORMAL < HIGH < LOW
Historical,primary,26.0,,,HIGH,100.0,6.9844444459999995,0.0698444444599999,1.293217650965575,50.0,0.6160888889199999,-0.4764,False,True,,,-0.0545033816595652,NORMAL < HIGH < LOW
Historical,primary,27.0,,,LOW,87.0,9.224999998,0.1060344827356321,1.777278471781541,57.47126436781609,0.42186666668,-0.3207657658378379,False,True,,,0.0111971556372491,NORMAL < LOW < HIGH
Historical,primary,27.0,,,NORMAL,100.0,6.553333334,0.06553333334,1.3495732575159878,62.0,0.4080645161290323,-0.4933333333157894,False,True,,,0.0111971556372491,NORMAL < LOW < HIGH
Historical,primary,27.0,,,HIGH,118.0,13.833333328,0.1172316383728813,1.5538872203181626,61.016949152542374,0.5390046295694444,-0.5429347826304348,False,True,,,0.0111971556372491,NORMAL < LOW < HIGH
Historical,primary,28.0,,,LOW,126.0,7.724000002,0.0613015873174603,1.3698997511108693,54.761904761904766,0.4145700483043478,-0.366339181245614,False,True,,,-0.1362482540374603,HIGH < LOW < NORMAL
Historical,primary,28.0,,,NORMAL,76.0,16.774666664,0.2207192982105263,2.8334304865138966,59.210526315789465,0.5760888888222222,-0.2951397849354839,False,True,,,-0.1362482540374603,HIGH < LOW < NORMAL
Historical,primary,28.0,,,HIGH,100.0,-7.494666672,-0.07494666672,0.7304335313574342,48.0,0.4230833332083333,-0.5346666666538462,False,True,,,-0.1362482540374603,HIGH < LOW < NORMAL
Historical,primary,,Portfolio,trade_weighted,LOW,2774.0,190.441966375,0.0686524752613554,1.362985129049124,54.7945205479452,0.4704585368421053,-0.4217484000200965,False,,25.0,16.0,0.0239890221259949,LOW < NORMAL < HIGH
Historical,primary,,Portfolio,strategy_equal_weighted,LOW,,,0.0733127063663695,,,,,,,25.0,16.0,0.0184967843170571,LOW < NORMAL < HIGH
Historical,primary,,Portfolio,trade_weighted,NORMAL,2802.0,231.561160798,0.0826413850099928,1.412006536275888,55.531763026409706,0.5100217845199229,-0.4521582750724054,False,,25.0,16.0,0.0239890221259949,LOW < NORMAL < HIGH
Historical,primary,,Portfolio,strategy_equal_weighted,NORMAL,,,0.0852421812670119,,,,,,,25.0,16.0,0.0184967843170571,LOW < NORMAL < HIGH
Historical,primary,,Portfolio,trade_weighted,HIGH,2925.0,270.976379858,0.0926414973873504,1.4292253416664913,54.32478632478632,0.5678359602976715,-0.4732495959932534,False,,25.0,16.0,0.0239890221259949,LOW < NORMAL < HIGH
Historical,primary,,Portfolio,strategy_equal_weighted,HIGH,,,0.0918094906834266,,,,,,,25.0,16.0,0.0184967843170571,LOW < NORMAL < HIGH
Historical,primary,,JPY,trade_weighted,LOW,1584.0,112.88440864,0.0712654094949495,1.365747583374897,54.48232323232324,0.4884410340115875,-0.4304605351631799,False,,14.0,8.0,0.021365695137555,LOW < NORMAL < HIGH
Historical,primary,,JPY,strategy_equal_weighted,LOW,,,0.0738026928420199,,,,,,,14.0,8.0,0.0144783471116027,LOW < NORMAL < HIGH
Historical,primary,,JPY,trade_weighted,NORMAL,1682.0,146.141955167,0.0868858235237812,1.4312643963099303,56.06420927467301,0.5143271885917285,-0.4604192712975544,False,,14.0,8.0,0.021365695137555,LOW < NORMAL < HIGH
Historical,primary,,JPY,strategy_equal_weighted,NORMAL,,,0.0876429823480536,,,,,,,14.0,8.0,0.0144783471116027,LOW < NORMAL < HIGH
Historical,primary,,JPY,trade_weighted,HIGH,1649.0,152.748691539,0.0926311046325045,1.4386005575258374,53.85081867798666,0.5642032426114865,-0.4582418261842105,False,,14.0,8.0,0.021365695137555,LOW < NORMAL < HIGH
Historical,primary,,JPY,strategy_equal_weighted,HIGH,,,0.0882810399536226,,,,,,,14.0,8.0,0.0144783471116027,LOW < NORMAL < HIGH
Historical,primary,,AUD_nonJPY,trade_weighted,LOW,1190.0,77.557557735,0.0651744182647058,1.3590381567004084,55.21008403361345,0.4468376920060883,-0.4098952673870968,False,,11.0,8.0,0.0274805098849806,LOW < NORMAL < HIGH
Historical,primary,,AUD_nonJPY,strategy_equal_weighted,LOW,,,0.0726890872155416,,,,,,,11.0,8.0,0.0236111589421808,LOW < NORMAL < HIGH
Historical,primary,,AUD_nonJPY,trade_weighted,NORMAL,1120.0,85.419205631,0.0762671478848214,1.382764009244355,54.73214285714286,0.5033986262169657,-0.4401659807495069,False,,11.0,8.0,0.0274805098849806,LOW < NORMAL < HIGH
Historical,primary,,AUD_nonJPY,strategy_equal_weighted,NORMAL,,,0.082186616254777,,,,,,,11.0,8.0,0.0236111589421808,LOW < NORMAL < HIGH
Historical,primary,,AUD_nonJPY,trade_weighted,HIGH,1276.0,118.227688319,0.0926549281496865,1.417690154756073,54.937304075235105,0.5724377481797432,-0.4931205107229965,False,,11.0,8.0,0.0274805098849806,LOW < NORMAL < HIGH
Historical,primary,,AUD_nonJPY,strategy_equal_weighted,HIGH,,,0.0963002461577225,,,,,,,11.0,8.0,0.0236111589421808,LOW < NORMAL < HIGH
Historical,primary,,Long,trade_weighted,LOW,1622.0,96.499648915,0.0594942348427866,1.3368876817455333,54.315659679408135,0.4346699480090806,-0.3897205105863946,False,,14.0,7.0,0.0214491988671548,LOW < NORMAL < HIGH
Historical,primary,,Long,strategy_equal_weighted,LOW,,,0.0714454819029946,,,,,,,14.0,7.0,0.0010985344757105,NORMAL < LOW < HIGH
Historical,primary,,Long,trade_weighted,NORMAL,1656.0,108.157521553,0.0653125130150966,1.3534588747142793,56.64251207729468,0.4415298421673774,-0.4267747146443514,False,,14.0,7.0,0.0214491988671548,LOW < NORMAL < HIGH
Historical,primary,,Long,strategy_equal_weighted,NORMAL,,,0.0619889684446489,,,,,,,14.0,7.0,0.0010985344757105,NORMAL < LOW < HIGH
Historical,primary,,Long,trade_weighted,HIGH,1710.0,138.413271644,0.0809434337099415,1.4173678489099557,54.50292397660819,0.5043423153326181,-0.4273631008324742,False,,14.0,7.0,0.0214491988671548,LOW < NORMAL < HIGH
Historical,primary,,Long,strategy_equal_weighted,HIGH,,,0.0725440163787051,,,,,,,14.0,7.0,0.0010985344757105,NORMAL < LOW < HIGH
Historical,primary,,Short,trade_weighted,LOW,1152.0,93.94231746,0.0815471505729166,1.3943669290503782,55.46875,0.519800863543036,-0.4679969240550098,False,,11.0,9.0,0.0275582882863426,LOW < NORMAL < HIGH
Historical,primary,,Short,strategy_equal_weighted,LOW,,,0.0756891738652102,,,,,,,11.0,9.0,0.0406400113878618,LOW < NORMAL < HIGH
Historical,primary,,Short,trade_weighted,NORMAL,1146.0,123.403639245,0.1076820586780104,1.481979070331506,53.92670157068062,0.6139788102912621,-0.4867590599144487,False,,11.0,9.0,0.0275582882863426,LOW < NORMAL < HIGH
Historical,primary,,Short,strategy_equal_weighted,NORMAL,,,0.114837179404565,,,,,,,11.0,9.0,0.0406400113878618,LOW < NORMAL < HIGH
Historical,primary,,Short,trade_weighted,HIGH,1215.0,132.563108214,0.1091054388592592,1.4423471025550614,54.07407407407408,0.6579060928812785,-0.5370630731344086,False,,11.0,9.0,0.0275582882863426,LOW < NORMAL < HIGH
Historical,primary,,Short,strategy_equal_weighted,HIGH,,,0.116329185253072,,,,,,,11.0,9.0,0.0406400113878618,LOW < NORMAL < HIGH
Historical,robustness,1.0,,,LOW,153.0,10.429999994,0.0681699346013072,1.2853848256666327,54.248366013071895,0.5659896729518072,-0.5221020408714285,False,True,,,0.029966711373848,LOW < HIGH < NORMAL
Historical,robustness,1.0,,,NORMAL,134.0,20.408571431,0.1523027718731343,1.7347253652424126,59.70149253731343,0.6023214286,-0.514391534388889,False,True,,,0.029966711373848,LOW < HIGH < NORMAL
Historical,robustness,1.0,,,HIGH,161.0,15.800000002,0.0981366459751552,1.4219763449583291,59.006211180124225,0.5604511278421053,-0.5673160173181818,False,True,,,0.029966711373848,LOW < HIGH < NORMAL
Historical,robustness,2.0,,,LOW,184.0,11.275555558,0.06128019325,1.2360658788934007,53.80434782608695,0.5963636364040404,-0.5686243386428571,False,True,,,0.0307176174051724,LOW < HIGH < NORMAL
Historical,robustness,2.0,,,NORMAL,159.0,18.235555562,0.1146890286918239,1.489297000972864,58.490566037735846,0.5968219833225806,-0.5646801346515152,False,True,,,0.0307176174051724,LOW < HIGH < NORMAL
Historical,robustness,2.0,,,HIGH,203.0,18.675555563,0.0919978106551724,1.3416121297112096,56.65024630541872,0.6377777778608695,-0.6212373737613637,False,True,,,0.0307176174051724,LOW < HIGH < NORMAL
Historical,robustness,3.0,,,LOW,183.0,3.617333339,0.0197668488469945,1.1378206758765057,51.36612021857923,0.3177021276808511,-0.294906367,False,True,,,0.0215927570347788,LOW < HIGH < NORMAL
Historical,robustness,3.0,,,NORMAL,159.0,12.333333327,0.0775681341320754,1.649259492859062,57.23270440251572,0.3442783882197802,-0.2835223880746269,False,True,,,0.0215927570347788,LOW < HIGH < NORMAL
Historical,robustness,3.0,,,HIGH,203.0,8.395999994,0.0413596058817734,1.2436730901368798,55.66502463054187,0.3792212388938053,-0.3871460674269663,False,True,,,0.0215927570347788,LOW < HIGH < NORMAL
Historical,robustness,4.0,,,LOW,165.0,4.014615382,0.0243310023151515,1.2505881786238564,52.121212121212125,0.2329695885348837,-0.2027945472405063,False,True,,,-0.0135432358573201,HIGH < LOW < NORMAL
Historical,robustness,4.0,,,NORMAL,162.0,8.437692302,0.052084520382716,1.5522327942790952,60.49382716049383,0.2420094190918367,-0.2425274725238095,False,True,,,-0.0135432358573201,HIGH < LOW < NORMAL
Historical,robustness,4.0,,,HIGH,166.0,1.790769232,0.0107877664578313,1.0938180060371725,57.22891566265061,0.2197732793473684,-0.2688407367042253,False,True,,,-0.0135432358573201,HIGH < LOW < NORMAL
Historical,robustness,5.0,,,LOW,226.0,22.830000002,0.1010176991238938,1.3820849449910408,54.86725663716814,0.6659767025241936,-0.5915951595148515,False,True,,,-0.0235894257905604,HIGH < LOW < NORMAL
Historical,robustness,5.0,,,NORMAL,213.0,25.761111108,0.1209441836056338,1.4248827150938734,51.173708920187785,0.7925891946697248,-0.5829914529903847,False,True,,,-0.0235894257905604,HIGH < LOW < NORMAL
Historical,robustness,5.0,,,HIGH,213.0,16.49222222,0.0774282733333333,1.2581256629709634,54.929577464788736,0.6870465337008547,-0.6655439814895833,False,True,,,-0.0235894257905604,HIGH < LOW < NORMAL
Historical,robustness,6.0,,,LOW,79.0,7.38,0.0934177215189873,1.2604828462515885,53.16455696202531,0.8502857142857143,-0.7657297297297297,False,True,,,-0.1463268124280782,HIGH < LOW < NORMAL
Historical,robustness,6.0,,,NORMAL,91.0,17.182,0.1888131868131868,1.5649000526038923,53.84615384615385,0.9713877551020408,-0.7241904761904762,False,True,,,-0.1463268124280782,HIGH < LOW < NORMAL
Historical,robustness,6.0,,,HIGH,88.0,-4.656000000000001,-0.0529090909090909,0.8816531950587159,42.04545454545455,0.9374594594594594,-0.7714117647058824,False,True,,,-0.1463268124280782,HIGH < LOW < NORMAL
Historical,robustness,7.0,,,LOW,97.0,3.569230769,0.0367961934948453,1.3529590749219147,56.70103092783505,0.2487552447818182,-0.2407692308095238,False,True,,,7.560132420226379e-05,NORMAL < LOW < HIGH
Historical,robustness,7.0,,,NORMAL,105.0,2.647692302,0.0252161171619047,1.216668764466721,54.285714285714285,0.2608367070701754,-0.2545833333541666,False,True,,,7.560132420226379e-05,NORMAL < LOW < HIGH
Historical,robustness,7.0,,,HIGH,105.0,3.871538456,0.0368717948190476,1.3151336792510722,50.476190476190474,0.3048476051886792,-0.2362573965192307,False,True,,,7.560132420226379e-05,NORMAL < LOW < HIGH
Historical,robustness,8.0,,,LOW,112.0,7.285714286,0.0650510204107142,1.3691639522723849,55.35714285714286,0.4358294930645161,-0.39471428568,False,True,,,-0.0058843537810846,NORMAL < HIGH < LOW
Historical,robustness,8.0,,,NORMAL,88.0,4.96142857,0.0563798701136363,1.3133062695984403,51.13636363636363,0.4621587301777778,-0.3682724253023255,False,True,,,-0.0058843537810846,NORMAL < HIGH < LOW
Historical,robustness,8.0,,,HIGH,108.0,6.389999996,0.0591666666296296,1.2834061963524015,54.629629629629626,0.4904600483728814,-0.4601457726122449,False,True,,,-0.0058843537810846,NORMAL < HIGH < LOW
Historical,robustness,9.0,,,LOW,64.0,13.606666667,0.2126041666718749,1.7284082797789933,59.375,0.8496491228421054,-0.7184615384999999,False,True,,,0.0253528226345766,LOW < HIGH < NORMAL
Historical,robustness,9.0,,,NORMAL,56.0,14.560000001,0.2600000000178571,1.7787484400883846,55.35714285714286,1.072795698935484,-0.7478666666399999,False,True,,,0.0253528226345766,LOW < HIGH < NORMAL
Historical,robustness,9.0,,,HIGH,62.0,14.753333337,0.2379569893064516,1.6465089105299306,50.0,1.2120430108064515,-0.7361290321935484,False,True,,,0.0253528226345766,LOW < HIGH < NORMAL
Historical,robustness,10.0,,,LOW,66.0,0.0559999999999999,0.0008484848484848,1.0086633663366336,37.878787878787875,0.2608,-0.1576585365853658,False,True,,,-0.0048787878787878,NORMAL < HIGH < LOW
Historical,robustness,10.0,,,NORMAL,78.0,-2.452,-0.0314358974358974,0.7180312787488501,47.43589743589743,0.1687567567567567,-0.2120975609756097,False,True,,,-0.0048787878787878,NORMAL < HIGH < LOW
Historical,robustness,10.0,,,HIGH,66.0,-0.2659999999999999,-0.004030303030303,0.9701793721973094,48.48484848484848,0.2704375,-0.2703030303030303,False,True,,,-0.0048787878787878,NORMAL < HIGH < LOW
Historical,robustness,11.0,,,LOW,66.0,1.5218181779999995,0.0230578511818181,1.1013317188415823,50.0,0.5012121212424242,-0.4550964188787879,False,True,,,0.0325068870909091,LOW < HIGH < NORMAL
Historical,robustness,11.0,,,NORMAL,78.0,8.609090904,0.1103729603076923,1.6183076516579,52.56410256410257,0.549578713902439,-0.3763144963783784,False,True,,,0.0325068870909091,LOW < HIGH < NORMAL
Historical,robustness,11.0,,,HIGH,66.0,3.667272726,0.0555647382727272,1.2910953960411324,48.48484848484848,0.50829545453125,-0.370534759382353,False,True,,,0.0325068870909091,LOW < HIGH < NORMAL
Historical,robustness,12.0,,,LOW,82.0,15.169,0.1849878048780487,1.9775099884005671,59.7560975609756,0.626265306122449,-0.4849375,False,True,,,0.018614136869524,NORMAL < LOW < HIGH
Historical,robustness,12.0,,,NORMAL,99.0,17.672,0.1785050505050505,2.2172475547596084,58.58585858585859,0.5549999999999999,-0.3540975609756098,False,True,,,0.018614136869524,NORMAL < LOW < HIGH
Historical,robustness,12.0,,,HIGH,103.0,20.971,0.2036019417475728,2.264455833584564,60.19417475728155,0.6057419354838709,-0.4045121951219512,False,True,,,0.018614136869524,NORMAL < LOW < HIGH
Historical,robustness,13.0,,,LOW,29.0,2.178947369,0.0751361161724138,2.9166666659336418,62.06896551724138,0.1842105263888888,-0.1033492823636363,False,True,,,-0.0159475196307471,HIGH < NORMAL < LOW
Historical,robustness,13.0,,,NORMAL,39.0,2.491578946,0.0638866396410256,2.6113002027871683,64.1025641025641,0.16151578944,-0.1104511278571428,False,True,,,-0.0159475196307471,HIGH < NORMAL < LOW
Historical,robustness,13.0,,,HIGH,48.0,2.841052634,0.0591885965416666,2.1638637361128916,56.25,0.1956335282962963,-0.1162406014285714,False,True,,,-0.0159475196307471,HIGH < NORMAL < LOW
Historical,robustness,14.0,,,LOW,14.0,2.58,0.1842857142857143,2.3253424655264823,50.0,0.6466666667142856,-0.2780952381428571,True,False,,,0.0723809525142857,NORMAL < LOW < HIGH
Historical,robustness,14.0,,,NORMAL,12.0,1.077777778,0.0898148148333333,1.3560939794762013,66.66666666666666,0.513055555625,-0.75666666675,True,False,,,0.0723809525142857,NORMAL < LOW < HIGH
Historical,robustness,14.0,,,HIGH,10.0,2.5666666680000003,0.2566666668,2.3445867300789693,70.0,0.6393650794285713,-0.6362962959999999,True,False,,,0.0723809525142857,NORMAL < LOW < HIGH
Historical,robustness,15.0,,,LOW,8.0,4.475,0.559375,2.988888888888889,62.5,1.345,-0.75,True,False,,,-0.1657386363636363,NORMAL < HIGH < LOW
Historical,robustness,15.0,,,NORMAL,18.0,2.2700000000000005,0.1261111111111111,1.2819875776397516,44.44444444444444,1.29,-0.805,True,False,,,-0.1657386363636363,NORMAL < HIGH < LOW
Historical,robustness,15.0,,,HIGH,11.0,4.33,0.3936363636363636,2.306184012066365,63.63636363636363,1.092142857142857,-0.82875,True,False,,,-0.1657386363636363,NORMAL < HIGH < LOW
Historical,robustness,16.0,,,LOW,17.0,0.6377777779999999,0.0375163398823529,1.1741504855081402,52.94117647058824,0.4777777777777777,-0.45777777775,True,False,,,0.4554995331176471,LOW < NORMAL < HIGH
Historical,robustness,16.0,,,NORMAL,7.0,2.08,0.2971428571428571,7.545454540877304,85.71428571428571,0.3996296296666666,-0.317777778,True,False,,,0.4554995331176471,LOW < NORMAL < HIGH
Historical,robustness,16.0,,,HIGH,7.0,3.4511111110000003,0.493015873,7.364754100764245,71.42857142857143,0.7986666666000001,-0.2711111109999999,True,False,,,0.4554995331176471,LOW < NORMAL < HIGH
Historical,robustness,17.0,,,LOW,65.0,11.199999999,0.1723076922923077,1.6171770447083127,55.38461538461539,0.8151984126944445,-0.6257635468275862,False,True,,,0.0544149967518099,NORMAL < LOW < HIGH
Historical,robustness,17.0,,,NORMAL,56.0,7.472857144,0.1334438775714285,1.715595075339048,58.92857142857143,0.5429004329393939,-0.4540372670869565,False,True,,,0.0544149967518099,NORMAL < LOW < HIGH
Historical,robustness,17.0,,,HIGH,68.0,15.417142855,0.2267226890441176,1.9788662130158732,61.76470588235294,0.7420748298809524,-0.6057692307692307,False,True,,,0.0544149967518099,NORMAL < LOW < HIGH
Historical,robustness,18.0,,,LOW,175.0,13.483333332,0.07704761904,1.285946557304439,51.42857142857142,0.6737407407222222,-0.5613492063452381,False,True,,,0.0228608058775824,NORMAL < LOW < HIGH
Historical,robustness,18.0,,,NORMAL,145.0,10.314444448,0.0711340996413793,1.292866832931643,54.48275862068965,0.5763713080506329,-0.5336195286060607,False,True,,,0.0228608058775824,NORMAL < LOW < HIGH
Historical,robustness,18.0,,,HIGH,182.0,18.183333335,0.0999084249175824,1.3671340437859112,55.494505494505496,0.6704070407128713,-0.6114540466296295,False,True,,,0.0228608058775824,NORMAL < LOW < HIGH
Historical,robustness,19.0,,,LOW,123.0,1.571111115,0.0127732610975609,1.0590027124409558,52.03252032520326,0.44060763890625,-0.4513182673728813,False,True,,,0.1111802273287956,LOW < NORMAL < HIGH
Historical,robustness,19.0,,,NORMAL,124.0,11.939999999,0.0962903225725806,1.5010490977549749,58.06451612903226,0.4968055555277778,-0.45826923075,False,True,,,0.1111802273287956,LOW < NORMAL < HIGH
Historical,robustness,19.0,,,HIGH,129.0,15.990000007,0.1239534884263565,1.604994324918842,55.03875968992248,0.5974647888169015,-0.4556896551551724,False,True,,,0.1111802273287956,LOW < NORMAL < HIGH
Historical,robustness,20.0,,,LOW,137.0,12.066,0.0880729927007299,1.4340912361490863,56.20437956204379,0.5176883116883118,-0.4632666666666666,False,True,,,-0.0224591995972816,NORMAL < HIGH < LOW
Historical,robustness,20.0,,,NORMAL,115.0,1.192,0.0103652173913043,1.0400833949828503,53.91304347826087,0.4988709677419354,-0.5718846153846153,False,True,,,-0.0224591995972816,NORMAL < HIGH < LOW
Historical,robustness,20.0,,,HIGH,145.0,9.514,0.0656137931034482,1.2517730496453905,51.72413793103448,0.6306933333333333,-0.5398285714285714,False,True,,,-0.0224591995972816,NORMAL < HIGH < LOW
Historical,robustness,21.0,,,LOW,98.0,-1.539090905,-0.0157050092346938,0.8514456196430757,48.97959183673469,0.1837784091458333,-0.20720909088,False,True,,,0.0394846980545137,LOW < NORMAL < HIGH
Historical,robustness,21.0,,,NORMAL,97.0,-1.36363636,-0.0140581068041237,0.8672272630556993,46.391752577319586,0.1979292930666666,-0.1975087413076923,False,True,,,0.0394846980545137,LOW < NORMAL < HIGH
Historical,robustness,21.0,,,HIGH,111.0,2.639545459,0.0237796888198198,1.263260495486057,50.45045045045045,0.2261769481428571,-0.1822975206727272,False,True,,,0.0394846980545137,LOW < NORMAL < HIGH
Historical,robustness,22.0,,,LOW,80.0,22.15428572,0.2769285715,2.0768696621516645,62.5,0.85454285724,-0.6857619047333333,False,True,,,-0.0884499072402597,NORMAL < HIGH < LOW
Historical,robustness,22.0,,,NORMAL,87.0,-1.0028571399999986,-0.0115270935632183,0.9690803383542028,48.27586206896552,0.7483673470000001,-0.7207619047555555,False,True,,,-0.0884499072402597,NORMAL < HIGH < LOW
Historical,robustness,22.0,,,HIGH,77.0,14.512857148000002,0.1884786642597402,1.6319751168725596,59.74025974025974,0.814720497,-0.7407834101290323,False,True,,,-0.0884499072402597,NORMAL < HIGH < LOW
Historical,robustness,23.0,,,LOW,77.0,4.60888889,0.0598556998701298,1.383151672021663,46.75324675324675,0.4621604938333333,-0.2933875338536585,False,True,,,0.036132756103896,LOW < NORMAL < HIGH
Historical,robustness,23.0,,,NORMAL,67.0,4.563333336,0.0681094527761194,1.3474913277324223,55.223880597014926,0.4782582583243243,-0.4377407407333333,False,True,,,0.036132756103896,LOW < NORMAL < HIGH
Historical,robustness,23.0,,,HIGH,77.0,7.39111111,0.0959884559740259,1.7084886567117286,59.74025974025974,0.3874637681304348,-0.3477407408,False,True,,,0.036132756103896,LOW < NORMAL < HIGH
Historical,robustness,24.0,,,LOW,77.0,1.1544444439999997,0.0149927849870129,1.0725254781317912,54.54545454545454,0.4064814814285714,-0.4547936507428571,False,True,,,0.0926118326233766,LOW < HIGH < NORMAL
Historical,robustness,24.0,,,NORMAL,67.0,7.887777777,0.117728026522388,1.6728272200067065,56.71641791044776,0.5160818713684211,-0.4042528736206896,False,True,,,0.0926118326233766,LOW < HIGH < NORMAL
Historical,robustness,24.0,,,HIGH,77.0,8.285555556,0.1076046176103896,1.6627855302695569,59.74025974025974,0.4518840579565217,-0.4032616487096774,False,True,,,0.0926118326233766,LOW < HIGH < NORMAL
Historical,robustness,25.0,,,LOW,178.0,9.105,0.0511516853932584,1.3314223314223317,56.74157303370787,0.3621534653465346,-0.3614802631578947,False,True,,,0.0269974858774598,LOW < NORMAL < HIGH
Historical,robustness,25.0,,,NORMAL,176.0,11.98,0.0680681818181818,1.4493623405851463,52.84090909090909,0.4154838709677419,-0.3251219512195122,False,True,,,0.0269974858774598,LOW < NORMAL < HIGH
Historical,robustness,25.0,,,HIGH,181.0,14.145,0.0781491712707182,1.487128712871287,55.24861878453039,0.4318249999999999,-0.3675632911392405,False,True,,,0.0269974858774598,LOW < NORMAL < HIGH
Historical,robustness,26.0,,,LOW,88.0,12.308888893,0.1398737374204545,2.0968316837518484,57.95454545454546,0.4613943355490196,-0.3033033032432432,False,True,,,-0.1659319384561688,HIGH < NORMAL < LOW
Historical,robustness,26.0,,,NORMAL,98.0,13.573333335,0.138503401377551,1.69670354748713,58.16326530612245,0.5799220273157895,-0.48705555555,False,True,,,-0.1659319384561688,HIGH < NORMAL < LOW
Historical,robustness,26.0,,,HIGH,84.0,-2.1888888870000005,-0.0260582010357142,0.8966855465511858,50.0,0.4523280423571428,-0.5044444444285714,False,True,,,-0.1659319384561688,HIGH < NORMAL < LOW
Historical,robustness,27.0,,,LOW,112.0,6.24,0.0557142857142857,1.2953613127402464,60.71428571428571,0.402450980367647,-0.4801515151136363,False,True,,,0.0265683229487577,LOW < HIGH < NORMAL
Historical,robustness,27.0,,,NORMAL,101.0,15.801666663,0.1564521451782178,2.155092591986815,60.3960396039604,0.4833060109344262,-0.3420000001,False,True,,,0.0265683229487577,LOW < HIGH < NORMAL
Historical,robustness,27.0,,,HIGH,92.0,7.569999997,0.0822826086630434,1.364234161832743,59.78260869565217,0.5155151514727272,-0.5617117117297298,False,True,,,0.0265683229487577,LOW < HIGH < NORMAL
Historical,robustness,28.0,,,LOW,110.0,11.546666667,0.1049696969727272,1.5893963112357412,58.18181818181818,0.4865208333125,-0.4258840579347826,False,True,,,-0.0434617605203463,NORMAL < HIGH < LOW
Historical,robustness,28.0,,,NORMAL,108.0,0.2906666650000002,0.0026913580092592,1.0142539557172296,47.22222222222222,0.4055424836470588,-0.3577543859824561,False,True,,,-0.0434617605203463,NORMAL < HIGH < LOW
Historical,robustness,28.0,,,HIGH,84.0,5.166666662,0.0615079364523809,1.2894383027396832,55.95238095238096,0.4897304962978723,-0.4824504503783783,False,True,,,-0.0434617605203463,NORMAL < HIGH < LOW
Historical,robustness,,Portfolio,trade_weighted,LOW,2865.0,214.527187477,0.0748785994684118,1.37821984489052,54.310645724258286,0.502396879468509,-0.4349711326503068,False,,25.0,15.0,0.0056478252603206,LOW < HIGH < NORMAL
Historical,robustness,,Portfolio,strategy_equal_weighted,LOW,,,0.0801779222027323,,,,,,,25.0,15.0,0.0015441887247427,LOW < HIGH < NORMAL
Historical,robustness,,Portfolio,trade_weighted,NORMAL,2739.0,238.925418098,0.087230893792625,1.4472555046902038,54.983570646221246,0.5133657591998672,-0.4350190677988599,False,,25.0,15.0,0.0056478252603206,LOW < HIGH < NORMAL
Historical,robustness,,Portfolio,strategy_equal_weighted,NORMAL,,,0.0882610979320363,,,,,,,25.0,15.0,0.0015441887247427,LOW < HIGH < NORMAL
Historical,robustness,,Portfolio,trade_weighted,HIGH,2927.0,235.700845181,0.0805264247287324,1.375840211794636,55.14178339596857,0.5345918871771995,-0.479457538779052,False,,25.0,15.0,0.0056478252603206,LOW < HIGH < NORMAL
Historical,robustness,,Portfolio,strategy_equal_weighted,HIGH,,,0.081722110927475,,,,,,,25.0,15.0,0.0015441887247427,LOW < HIGH < NORMAL
Historical,robustness,,JPY,trade_weighted,LOW,1633.0,122.936548215,0.0752826382210655,1.3836871627282057,53.88854868340478,0.5038009540284091,-0.4272110551066667,False,,14.0,7.0,-0.0066877831436007,HIGH < LOW < NORMAL
Historical,robustness,,JPY,strategy_equal_weighted,LOW,,,0.0790241981953563,,,,,,,14.0,7.0,-0.0155196814349811,HIGH < LOW < NORMAL
Historical,robustness,,JPY,trade_weighted,NORMAL,1596.0,169.849165566,0.1064217829360902,1.5538294148135523,55.95238095238096,0.5336288230335946,-0.4381162477185714,False,,14.0,7.0,-0.0066877831436007,HIGH < LOW < NORMAL
Historical,robustness,,JPY,strategy_equal_weighted,NORMAL,,,0.107702140513385,,,,,,,14.0,7.0,-0.0155196814349811,HIGH < LOW < NORMAL
Historical,robustness,,JPY,trade_weighted,HIGH,1704.0,116.885633052,0.0685948550774648,1.312495676842163,54.518779342723,0.5284443846243272,-0.4838799485950841,False,,14.0,7.0,-0.0066877831436007,HIGH < LOW < NORMAL
Historical,robustness,,JPY,strategy_equal_weighted,HIGH,,,0.0635045167603752,,,,,,,14.0,7.0,-0.0155196814349811,HIGH < LOW < NORMAL
Historical,robustness,,AUD_nonJPY,trade_weighted,LOW,1232.0,91.590639262,0.0743430513490259,1.371121724593561,54.87012987012987,0.5005690901005917,-0.4454766527906137,False,,11.0,8.0,0.0228075718145063,NORMAL < LOW < HIGH
Historical,robustness,,AUD_nonJPY,strategy_equal_weighted,LOW,,,0.0816462982121199,,,,,,,11.0,8.0,0.0232618416553003,NORMAL < LOW < HIGH
Historical,robustness,,AUD_nonJPY,trade_weighted,NORMAL,1143.0,69.076252532,0.0604341666946631,1.3036024640475317,53.63079615048119,0.4838471360293638,-0.4309129580568182,False,,11.0,8.0,0.0228075718145063,NORMAL < LOW < HIGH
Historical,robustness,,AUD_nonJPY,strategy_equal_weighted,NORMAL,,,0.0635179528285015,,,,,,,11.0,8.0,0.0232618416553003,NORMAL < LOW < HIGH
Historical,robustness,,AUD_nonJPY,trade_weighted,HIGH,1223.0,118.815212129,0.0971506231635323,1.4694560053694452,56.00981193785772,0.5429291570627737,-0.4730677765588785,False,,11.0,8.0,0.0228075718145063,NORMAL < LOW < HIGH
Historical,robustness,,AUD_nonJPY,strategy_equal_weighted,HIGH,,,0.1049081398674203,,,,,,,11.0,8.0,0.0232618416553003,NORMAL < LOW < HIGH
Historical,robustness,,Long,trade_weighted,LOW,1663.0,95.143813742,0.0572121549861695,1.3153258808019253,54.35959110042092,0.439021584852876,-0.3985887700990753,False,,14.0,8.0,0.0056849252603979,LOW < HIGH < NORMAL
Historical,robustness,,Long,strategy_equal_weighted,LOW,,,0.0659974329838576,,,,,,,14.0,8.0,-0.0059612025979651,HIGH < LOW < NORMAL
Historical,robustness,,Long,trade_weighted,NORMAL,1593.0,131.792470051,0.0827322473640929,1.4639642753123,55.932203389830505,0.4667225995959596,-0.4069589773481375,False,,14.0,8.0,0.0056849252603979,LOW < HIGH < NORMAL
Historical,robustness,,Long,strategy_equal_weighted,NORMAL,,,0.0804246429094902,,,,,,,14.0,8.0,-0.0059612025979651,HIGH < LOW < NORMAL
Historical,robustness,,Long,trade_weighted,HIGH,1748.0,109.944096271,0.0628970802465675,1.3187162613286978,54.91990846681922,0.4738575667364583,-0.4394384303133757,False,,14.0,8.0,0.0056849252603979,LOW < HIGH < NORMAL
Historical,robustness,,Long,strategy_equal_weighted,HIGH,,,0.0600362303858925,,,,,,,14.0,8.0,-0.0059612025979651,HIGH < LOW < NORMAL
Historical,robustness,,Short,trade_weighted,LOW,1202.0,119.383373735,0.0993206104284525,1.4497045911946065,54.24292845257903,0.5902669198558281,-0.4853211298190128,False,,11.0,7.0,0.0073432987403345,NORMAL < LOW < HIGH
Historical,robustness,,Short,strategy_equal_weighted,LOW,,,0.0982258175722091,,,,,,,11.0,7.0,0.0110965049536436,LOW < NORMAL < HIGH
Historical,robustness,,Short,trade_weighted,NORMAL,1146.0,107.132948047,0.0934842478595113,1.428281591678775,53.66492146596858,0.5809414587235772,-0.4719736774867924,False,,11.0,7.0,0.0073432987403345,NORMAL < LOW < HIGH
Historical,robustness,,Short,strategy_equal_weighted,NORMAL,,,0.0982347679607313,,,,,,,11.0,7.0,0.0110965049536436,LOW < NORMAL < HIGH
Historical,robustness,,Short,trade_weighted,HIGH,1179.0,125.75674891,0.1066639091687871,1.4456752053176942,55.470737913486005,0.6237431832370031,-0.5395244606634799,False,,11.0,7.0,0.0073432987403345,NORMAL < LOW < HIGH
Historical,robustness,,Short,strategy_equal_weighted,HIGH,,,0.1093223225258527,,,,,,,11.0,7.0,0.0110965049536436,LOW < NORMAL < HIGH
RecentA,primary,1.0,,,LOW,69.0,25.485714285,0.3693581780434782,2.379523662066546,63.76811594202898,0.9990909091136364,-0.73897142864,False,True,,,-0.2811359558434783,HIGH < LOW < NORMAL
RecentA,primary,1.0,,,NORMAL,33.0,14.268571428,0.4323809523636364,2.8012623983551843,66.66666666666666,1.0086363636363638,-0.7201298701818182,False,True,,,-0.2811359558434783,HIGH < LOW < NORMAL
RecentA,primary,1.0,,,HIGH,45.0,3.969999999,0.0882222221999999,1.2672886408842234,51.11111111111111,0.8183850931304348,-0.6751298701363636,False,True,,,-0.2811359558434783,HIGH < LOW < NORMAL
RecentA,primary,2.0,,,LOW,85.0,24.713333342,0.2907450981411765,2.0672744725687924,64.70588235294117,0.870343434490909,-0.7718518518333333,False,True,,,-0.2681742919647059,HIGH < NORMAL < LOW
RecentA,primary,2.0,,,NORMAL,41.0,3.580000002,0.0873170732195122,1.2467830883674913,46.34146341463415,0.9519298246842104,-0.6593939394090909,False,True,,,-0.2681742919647059,HIGH < NORMAL < LOW
RecentA,primary,2.0,,,HIGH,51.0,1.1511111150000004,0.0225708061764705,1.0532483554425036,50.98039215686274,0.8757264958846154,-0.86471111112,False,True,,,-0.2681742919647059,HIGH < NORMAL < LOW
RecentA,primary,3.0,,,LOW,85.0,13.465333327,0.1584156862,2.1005884909899706,68.23529411764706,0.4431034482068965,-0.4531358025555555,False,True,,,-0.1007424836313725,HIGH < NORMAL < LOW
RecentA,primary,3.0,,,NORMAL,41.0,2.902666667,0.0707967479756097,1.3538686607107178,51.21951219512195,0.5288253967619048,-0.41013333325,False,True,,,-0.1007424836313725,HIGH < NORMAL < LOW
RecentA,primary,3.0,,,HIGH,51.0,2.941333331,0.0576732025686274,1.2985923116404028,50.98039215686274,0.4919999998846153,-0.39402666664,False,True,,,-0.1007424836313725,HIGH < NORMAL < LOW
RecentA,primary,4.0,,,LOW,47.0,1.303846158,0.0277414076170212,1.2890518428445747,57.446808510638306,0.2153561254074074,-0.2255384614,False,True,,,-0.0122449042533849,HIGH < LOW < NORMAL
RecentA,primary,4.0,,,NORMAL,59.0,7.984615381999999,0.1353324641016949,2.8361931709383805,69.49152542372882,0.3008067541707317,-0.2557918552352941,False,True,,,-0.0122449042533849,HIGH < LOW < NORMAL
RecentA,primary,4.0,,,HIGH,55.0,0.852307685,0.0154965033636363,1.1505434768780645,54.54545454545454,0.217128205,-0.2264615385999999,False,True,,,-0.0122449042533849,HIGH < LOW < NORMAL
RecentA,primary,5.0,,,LOW,80.0,21.755555555,0.2719444444375,2.081947284094456,53.75,0.9735658914418606,-0.5434534534324325,False,True,,,-0.2136419753124999,NORMAL < HIGH < LOW
RecentA,primary,5.0,,,NORMAL,59.0,-1.5399999999999998,-0.0261016949152542,0.937020039075327,40.67796610169492,0.954675925875,-0.6986349206,False,True,,,-0.2136419753124999,NORMAL < HIGH < LOW
RecentA,primary,5.0,,,HIGH,72.0,4.197777777,0.058302469125,1.1828919978219186,44.44444444444444,0.84843750003125,-0.5738055556,False,True,,,-0.2136419753124999,NORMAL < HIGH < LOW
RecentA,primary,6.0,,,LOW,30.0,14.168,0.4722666666666666,2.3649325626204236,63.33333333333333,1.2919999999999998,-0.9436363636363636,False,True,,,-0.3193701149425287,HIGH < NORMAL < LOW
RecentA,primary,6.0,,,NORMAL,25.0,4.16,0.1664,1.3906103286384977,52.0,1.1392307692307693,-0.8875000000000001,False,True,,,-0.3193701149425287,HIGH < NORMAL < LOW
RecentA,primary,6.0,,,HIGH,29.0,4.434,0.1528965517241379,1.363740771123872,44.827586206896555,1.2787692307692309,-0.761875,False,True,,,-0.3193701149425287,HIGH < NORMAL < LOW
RecentA,primary,7.0,,,LOW,35.0,5.603076924,0.1600879121142857,3.6622807017064543,68.57142857142857,0.3211538462083333,-0.1913286713636363,False,True,,,-0.2612067932051948,HIGH < NORMAL < LOW
RecentA,primary,7.0,,,NORMAL,32.0,3.464615384,0.10826923075,1.7910080785388127,50.0,0.4902884615,-0.27375,False,True,,,-0.2612067932051948,HIGH < NORMAL < LOW
RecentA,primary,7.0,,,HIGH,33.0,-3.336923076,-0.1011188810909091,0.5387069332935536,51.51515151515152,0.2292307692352941,-0.4521153845625,False,True,,,-0.2612067932051948,HIGH < NORMAL < LOW
RecentA,primary,8.0,,,LOW,40.0,7.671428574,0.19178571435,1.8077617332199472,65.0,0.6603296703846154,-0.6783673468571428,False,True,,,-0.1402513229055555,HIGH < LOW < NORMAL
RecentA,primary,8.0,,,NORMAL,33.0,6.965714283,0.211082251,1.9180945204654132,63.63636363636363,0.6929931971428571,-0.63226190475,False,True,,,-0.1402513229055555,HIGH < LOW < NORMAL
RecentA,primary,8.0,,,HIGH,27.0,1.391428569,0.0515343914444444,1.1839818659391017,51.85185185185185,0.6395918365714286,-0.5817582417692307,False,True,,,-0.1402513229055555,HIGH < LOW < NORMAL
RecentA,primary,9.0,,,LOW,22.0,4.126666665999999,0.1875757575454545,1.5350043213885043,59.09090909090909,0.9107692307692308,-0.8570370371111111,False,False,,,0.4374242424545455,LOW < NORMAL < HIGH
RecentA,primary,9.0,,,NORMAL,17.0,6.440000001,0.3788235294705882,1.8632707776139408,47.05882352941176,1.7375000001249998,-0.8288888888888889,True,False,,,0.4374242424545455,LOW < NORMAL < HIGH
RecentA,primary,9.0,,,HIGH,18.0,11.25,0.625,3.5018532244253624,72.22222222222221,1.2112820513076925,-0.8993333334000001,True,False,,,0.4374242424545455,LOW < NORMAL < HIGH
RecentA,primary,10.0,,,LOW,28.0,1.06,0.0378571428571428,1.3235653235653235,60.71428571428571,0.2550588235294118,-0.2978181818181818,False,True,,,-0.0065238095238095,HIGH < LOW < NORMAL
RecentA,primary,10.0,,,NORMAL,21.0,1.316,0.0626666666666666,1.588025022341376,42.857142857142854,0.3948888888888888,-0.1865,False,True,,,-0.0065238095238095,HIGH < LOW < NORMAL
RecentA,primary,10.0,,,HIGH,21.0,0.658,0.0313333333333333,1.214751958224543,52.38095238095239,0.3383636363636363,-0.3064,False,True,,,-0.0065238095238095,HIGH < LOW < NORMAL
RecentA,primary,11.0,,,LOW,28.0,4.934545452,0.1762337661428571,2.1588385986671748,60.71428571428571,0.540748663,-0.3871074380909091,False,True,,,-0.2376190475238095,HIGH < NORMAL < LOW
RecentA,primary,11.0,,,NORMAL,21.0,2.1199999999999997,0.1009523809523809,1.3762504033255685,47.61904761904761,0.7754545454999999,-0.5122314050000001,False,True,,,-0.2376190475238095,HIGH < NORMAL < LOW
RecentA,primary,11.0,,,HIGH,21.0,-1.289090909,-0.0613852813809523,0.8242874845142151,42.857142857142854,0.6719191918888889,-0.6113636363333333,False,True,,,-0.2376190475238095,HIGH < NORMAL < LOW
RecentA,primary,12.0,,,LOW,29.0,11.556,0.3984827586206897,3.207028265851796,55.172413793103445,1.0495,-0.4363333333333333,False,True,,,-0.2050689655172414,HIGH < LOW < NORMAL
RecentA,primary,12.0,,,NORMAL,34.0,26.571,0.7815000000000001,6.141447368421052,79.41176470588235,1.1755185185185186,-0.7382857142857143,False,True,,,-0.2050689655172414,HIGH < LOW < NORMAL
RecentA,primary,12.0,,,HIGH,29.0,5.609,0.1934137931034482,1.708923154701719,51.72413793103448,0.9014,-0.5651428571428572,False,True,,,-0.2050689655172414,HIGH < LOW < NORMAL
RecentA,primary,13.0,,,LOW,12.0,-0.680000003,-0.0566666669166666,0.4913385810939301,50.0,0.109473684,-0.2228070178333333,True,False,,,0.2909356728055555,LOW < NORMAL < HIGH
RecentA,primary,13.0,,,NORMAL,17.0,3.389473685,0.199380805,3.965009210704886,70.58823529411765,0.37771929825,-0.2286315788,True,False,,,0.2909356728055555,LOW < NORMAL < HIGH
RecentA,primary,13.0,,,HIGH,9.0,2.108421053,0.2342690058888888,5.129896906235094,88.88888888888889,0.327368421125,-0.510526316,True,False,,,0.2909356728055555,LOW < NORMAL < HIGH
RecentA,primary,14.0,,,LOW,4.0,5.120000001,1.28000000025,inf,100.0,1.28000000025,,True,False,,,-0.5166666667500001,NORMAL < HIGH < LOW
RecentA,primary,14.0,,,NORMAL,5.0,2.324444446,0.4648888892,2.981060607949165,60.0,1.1659259263333337,-0.5866666665,True,False,,,-0.5166666667500001,NORMAL < HIGH < LOW
RecentA,primary,14.0,,,HIGH,2.0,1.526666667,0.7633333335,53.84615365443787,50.0,1.555555556,-0.028888889,True,False,,,-0.5166666667500001,NORMAL < HIGH < LOW
RecentA,primary,15.0,,,LOW,7.0,1.25,0.1785714285714285,1.3125,42.857142857142854,1.75,-1.0,True,False,,,,INCOMPLETE
RecentA,primary,15.0,,,NORMAL,5.0,-2.25,-0.45,0.4375,20.0,1.75,-1.0,True,False,,,,INCOMPLETE
RecentA,primary,15.0,,,HIGH,0.0,0.0,,,,,,True,False,,,,INCOMPLETE
RecentA,primary,16.0,,,LOW,7.0,2.922222222,0.4174603174285714,inf,100.0,0.4174603174285714,,True,False,,,-0.7785714284285714,HIGH < LOW < NORMAL
RecentA,primary,16.0,,,NORMAL,1.0,0.597777778,0.597777778,inf,100.0,0.597777778,,True,False,,,-0.7785714284285714,HIGH < LOW < NORMAL
RecentA,primary,16.0,,,HIGH,2.0,-0.7222222220000001,-0.361111111,0.0,0.0,,-0.361111111,True,False,,,-0.7785714284285714,HIGH < LOW < NORMAL
RecentA,primary,17.0,,,LOW,26.0,4.682857143,0.1801098901153846,1.7058570199688354,61.53846153846154,0.7073214285,-0.6634285713,False,False,,,-0.0803479854487179,HIGH < LOW < NORMAL
RecentA,primary,17.0,,,NORMAL,19.0,5.472857144,0.2880451128421052,2.2799866356645513,73.68421052631578,0.6963265307142857,-0.8551428572,True,False,,,-0.0803479854487179,HIGH < LOW < NORMAL
RecentA,primary,17.0,,,HIGH,18.0,1.795714284,0.0997619046666666,1.3163059885783133,55.55555555555556,0.7472857142,-0.70964285725,True,False,,,-0.0803479854487179,HIGH < LOW < NORMAL
RecentA,primary,18.0,,,LOW,58.0,-3.0466666649999996,-0.0525287356034482,0.858652507935639,53.44827586206896,0.5970250896451613,-0.7983127571851852,False,True,,,-0.1012675606882183,HIGH < NORMAL < LOW
RecentA,primary,18.0,,,NORMAL,46.0,-3.036666664,-0.0660144926956521,0.8192579857297307,45.65217391304348,0.6554497355238096,-0.6720444444,False,True,,,-0.1012675606882183,HIGH < NORMAL < LOW
RecentA,primary,18.0,,,HIGH,48.0,-7.382222222,-0.1537962962916666,0.6637481653963004,37.5,0.8095679012222222,-0.7318148148,False,True,,,-0.1012675606882183,HIGH < NORMAL < LOW
RecentA,primary,19.0,,,LOW,51.0,8.800000005,0.1725490197058823,2.035700275287226,64.70588235294117,0.5241414142727273,-0.472037037,False,True,,,-0.1106045752415966,HIGH < NORMAL < LOW
RecentA,primary,19.0,,,NORMAL,41.0,6.892222223,0.1681029810487805,1.9655977586201616,65.85365853658537,0.5196296296296296,-0.5098412697857143,False,True,,,-0.1106045752415966,HIGH < NORMAL < LOW
RecentA,primary,19.0,,,HIGH,28.0,1.7344444449999998,0.0619444444642857,1.2090811680423976,46.42857142857143,0.7715384615384615,-0.5925396825,False,True,,,-0.1106045752415966,HIGH < NORMAL < LOW
RecentA,primary,20.0,,,LOW,44.0,5.638,0.1281363636363636,1.565950612326842,52.27272727272727,0.6782608695652174,-0.4743809523809523,False,True,,,-0.132514742014742,NORMAL < HIGH < LOW
RecentA,primary,20.0,,,NORMAL,39.0,-1.972,-0.0505641025641025,0.8706715634837356,41.02564102564102,0.82975,-0.6629565217391304,False,True,,,-0.132514742014742,NORMAL < HIGH < LOW
RecentA,primary,20.0,,,HIGH,37.0,-0.1619999999999998,-0.0043783783783783,0.987480680061824,45.94594594594595,0.7516470588235294,-0.647,False,True,,,-0.132514742014742,NORMAL < HIGH < LOW
RecentA,primary,21.0,,,LOW,39.0,1.299545455,0.0333216783333333,1.4390356268375122,64.1025641025641,0.17038181816,-0.2114285713571428,False,True,,,-0.0170148601145833,NORMAL < HIGH < LOW
RecentA,primary,21.0,,,NORMAL,28.0,-0.394545452,-0.014090909,0.871044422143107,28.57142857142857,0.3331250002499999,-0.1529772727,False,True,,,-0.0170148601145833,NORMAL < HIGH < LOW
RecentA,primary,21.0,,,HIGH,32.0,0.521818183,0.01630681821875,1.189438944360945,53.125,0.1927272727647058,-0.1967532467142857,False,True,,,-0.0170148601145833,NORMAL < HIGH < LOW
RecentA,primary,22.0,,,LOW,31.0,2.7328571440000005,0.0881566820645161,1.276086015401526,54.83870967741935,0.7430252101764706,-0.7070408163571429,False,True,,,-0.186123714987593,NORMAL < HIGH < LOW
RecentA,primary,22.0,,,NORMAL,22.0,-2.4971428569999996,-0.1135064934999999,0.7299969107185664,45.45454545454545,0.6751428571,-0.7707142856666667,False,True,,,-0.186123714987593,NORMAL < HIGH < LOW
RecentA,primary,22.0,,,HIGH,26.0,-2.547142856,-0.0979670329230769,0.7807157792207425,46.15384615384615,0.7557142858333333,-0.8296938775714285,False,True,,,-0.186123714987593,NORMAL < HIGH < LOW
RecentA,primary,23.0,,,LOW,35.0,0.7011111090000001,0.0200317459714285,1.1544675637565562,54.285714285714285,0.2757894736315789,-0.283680555625,False,True,,,-0.1509013111888198,HIGH < NORMAL < LOW
RecentA,primary,23.0,,,NORMAL,19.0,-1.305555556,-0.0687134503157894,0.5381289307148432,31.57894736842105,0.2535185185,-0.2174358974615384,True,True,,,-0.1509013111888198,HIGH < NORMAL < LOW
RecentA,primary,23.0,,,HIGH,23.0,-3.01,-0.1308695652173913,0.3342344557711016,30.434782608695656,0.215873016,-0.2825694445,False,True,,,-0.1509013111888198,HIGH < NORMAL < LOW
RecentA,primary,24.0,,,LOW,35.0,2.48111111,0.0708888888571428,1.3953611895336455,54.285714285714285,0.4608771929999999,-0.3922222223125,False,True,,,0.1422028985776398,LOW < NORMAL < HIGH
RecentA,primary,24.0,,,NORMAL,19.0,1.75111111,0.0921637426315789,1.5580736538194475,47.368421052631575,0.5432098765555556,-0.3137777779,True,True,,,0.1422028985776398,LOW < NORMAL < HIGH
RecentA,primary,24.0,,,HIGH,23.0,4.9011111110000005,0.2130917874347826,2.889079230130965,65.21739130434783,0.4997037036,-0.324305555375,False,True,,,0.1422028985776398,LOW < NORMAL < HIGH
RecentA,primary,25.0,,,LOW,77.0,0.1199999999999997,0.0015584415584415,1.0070629782224838,54.54545454545454,0.4073809523809523,-0.4854285714285714,False,True,,,-0.0162677438840229,HIGH < LOW < NORMAL
RecentA,primary,25.0,,,NORMAL,54.0,10.535,0.1950925925925926,2.4126718069057995,70.37037037037037,0.4734868421052631,-0.46609375,False,True,,,-0.0162677438840229,HIGH < LOW < NORMAL
RecentA,primary,25.0,,,HIGH,43.0,-0.6325,-0.0147093023255813,0.9409430438842205,46.51162790697674,0.5038750000000001,-0.4868181818181817,False,True,,,-0.0162677438840229,HIGH < LOW < NORMAL
RecentA,primary,26.0,,,LOW,18.0,4.662222225,0.2590123458333333,2.8986425362706334,66.66666666666666,0.59314814825,-0.409259259,True,False,,,-0.0194424534462365,NORMAL < HIGH < LOW
RecentA,primary,26.0,,,NORMAL,40.0,4.353333332,0.1088333333,1.495949366924153,60.0,0.5471296295833333,-0.548611111125,False,False,,,-0.0194424534462365,NORMAL < HIGH < LOW
RecentA,primary,26.0,,,HIGH,31.0,7.426666664,0.2395698923870967,2.317303901488168,61.29032258064516,0.6876023391052631,-0.4698148149166667,False,False,,,-0.0194424534462365,NORMAL < HIGH < LOW
RecentA,primary,27.0,,,LOW,45.0,0.946666666,0.0210370370222222,1.092357723512195,51.11111111111111,0.486811594173913,-0.4659090909090909,False,True,,,0.1045005974616487,LOW < NORMAL < HIGH
RecentA,primary,27.0,,,NORMAL,24.0,2.14,0.0891666666666666,1.4059437242866937,45.83333333333333,0.6737878788181818,-0.4055128205384615,False,True,,,0.1045005974616487,LOW < NORMAL < HIGH
RecentA,primary,27.0,,,HIGH,31.0,3.891666669,0.1255376344838709,1.6520524999477444,54.83870967741935,0.58,-0.4263095236428572,False,True,,,0.1045005974616487,LOW < NORMAL < HIGH
RecentA,primary,28.0,,,LOW,47.0,6.027999996,0.1282553190638297,1.842998321000327,61.702127659574465,0.4544367815517241,-0.420627451117647,False,True,,,-0.0882108746638297,NORMAL < HIGH < LOW
RecentA,primary,28.0,,,NORMAL,23.0,-1.238666665,-0.0538550723913043,0.77636013504344,56.52173913043478,0.3307692307692307,-0.5538666665,False,True,,,-0.0882108746638297,NORMAL < HIGH < LOW
RecentA,primary,28.0,,,HIGH,30.0,1.201333332,0.0400444444,1.1906071502211346,46.666666666666664,0.5359999998571429,-0.393916666625,False,True,,,-0.0882108746638297,NORMAL < HIGH < LOW
RecentA,primary,,Portfolio,trade_weighted,LOW,1114.0,179.501426691,0.161132339938061,1.7689014287502005,59.964093357271096,0.6181934611646707,-0.5257923544301801,False,,21.0,19.0,-0.1102572505979413,HIGH < NORMAL < LOW
RecentA,primary,,Portfolio,strategy_equal_weighted,LOW,,,0.1507773912285967,,,,,,,21.0,19.0,-0.1239134072079856,HIGH < NORMAL < LOW
RecentA,primary,,Portfolio,trade_weighted,NORMAL,818.0,102.994825671,0.1259105448300733,1.5211065076157182,54.400977995110026,0.6755982617640449,-0.5313075290698925,False,,21.0,19.0,-0.1102572505979413,HIGH < NORMAL < LOW
RecentA,primary,,Portfolio,strategy_equal_weighted,NORMAL,,,0.1099227397422389,,,,,,,21.0,19.0,-0.1239134072079856,HIGH < NORMAL < LOW
RecentA,primary,,Portfolio,trade_weighted,HIGH,835.0,42.480699599,0.0508750893401197,1.1888331806100567,49.94011976047904,0.6413546015083932,-0.5420823354939759,False,,21.0,19.0,-0.1102572505979413,HIGH < NORMAL < LOW
RecentA,primary,,Portfolio,strategy_equal_weighted,HIGH,,,0.026863984020611,,,,,,,21.0,19.0,-0.1239134072079856,HIGH < NORMAL < LOW
RecentA,primary,,JPY,trade_weighted,LOW,626.0,149.117944728,0.2382075794376996,2.158281061177175,62.460063897763575,0.7106359865166241,-0.5501740427350427,False,,11.0,11.0,-0.15319048941149,HIGH < NORMAL < LOW
RecentA,primary,,JPY,strategy_equal_weighted,LOW,,,0.2322653431991652,,,,,,,11.0,11.0,-0.1859981513294164,HIGH < NORMAL < LOW
RecentA,primary,,JPY,trade_weighted,NORMAL,484.0,86.648212388,0.1790252322066115,1.7365326928021123,56.19834710743802,0.7510721153272059,-0.5575516728957346,False,,11.0,11.0,-0.15319048941149,HIGH < NORMAL < LOW
RecentA,primary,,JPY,strategy_equal_weighted,NORMAL,,,0.193690552010386,,,,,,,11.0,11.0,-0.1859981513294164,HIGH < NORMAL < LOW
RecentA,primary,,JPY,trade_weighted,HIGH,496.0,42.168476653,0.0850170900262096,1.3203556106663932,51.81451612903226,0.6762594853463035,-0.5507540212594142,False,,11.0,11.0,-0.15319048941149,HIGH < NORMAL < LOW
RecentA,primary,,JPY,strategy_equal_weighted,HIGH,,,0.0462671918697488,,,,,,,11.0,11.0,-0.1859981513294164,HIGH < NORMAL < LOW
RecentA,primary,,AUD_nonJPY,trade_weighted,LOW,488.0,30.383481963,0.0622612335307377,1.2901649199556953,56.76229508196722,0.4877059975812274,-0.4986241874619047,False,,10.0,8.0,-0.0613402218906197,HIGH < NORMAL < LOW
RecentA,primary,,AUD_nonJPY,strategy_equal_weighted,LOW,,,0.0611406440609712,,,,,,,10.0,8.0,-0.0556201886744117,HIGH < NORMAL < LOW
RecentA,primary,,AUD_nonJPY,trade_weighted,NORMAL,334.0,16.346613283,0.0489419559371257,1.204325009384302,51.796407185628745,0.5569341683005781,-0.4969130300186335,False,,10.0,8.0,-0.0613402218906197,HIGH < NORMAL < LOW
RecentA,primary,,AUD_nonJPY,strategy_equal_weighted,NORMAL,,,0.017778146247277,,,,,,,10.0,8.0,-0.0556201886744117,HIGH < NORMAL < LOW
RecentA,primary,,AUD_nonJPY,trade_weighted,HIGH,339.0,0.3122229460000005,0.0009210116401179,1.0033452234555569,47.1976401179941,0.58528863184375,-0.5303065803920455,False,,10.0,8.0,-0.0613402218906197,HIGH < NORMAL < LOW
RecentA,primary,,AUD_nonJPY,strategy_equal_weighted,HIGH,,,0.0055204553865594,,,,,,,10.0,8.0,-0.0556201886744117,HIGH < NORMAL < LOW
RecentA,primary,,Long,trade_weighted,LOW,661.0,114.748690768,0.1735986244599092,1.8911119727747336,62.632375189107414,0.5882099456256038,-0.5213369502874494,False,,12.0,11.0,-0.1237143894063009,HIGH < NORMAL < LOW
RecentA,primary,,Long,strategy_equal_weighted,LOW,,,0.1697396144709954,,,,,,,12.0,11.0,-0.1309111551996981,HIGH < NORMAL < LOW
RecentA,primary,,Long,trade_weighted,NORMAL,486.0,67.953412965,0.1398218373765432,1.6965403403031751,58.0246913580247,0.5869215864361703,-0.4805836177832512,False,,12.0,11.0,-0.1237143894063009,HIGH < NORMAL < LOW
RecentA,primary,,Long,strategy_equal_weighted,NORMAL,,,0.1282783860986171,,,,,,,12.0,11.0,-0.1309111551996981,HIGH < NORMAL < LOW
RecentA,primary,,Long,trade_weighted,HIGH,485.0,24.193854001,0.0498842350536082,1.1986190671971382,52.164948453608254,0.5770916340079052,-0.5319228358209607,False,,12.0,11.0,-0.1237143894063009,HIGH < NORMAL < LOW
RecentA,primary,,Long,strategy_equal_weighted,HIGH,,,0.0388284592712973,,,,,,,12.0,11.0,-0.1309111551996981,HIGH < NORMAL < LOW
RecentA,primary,,Short,trade_weighted,LOW,453.0,64.752735923,0.1429420219050772,1.6185685844686513,56.07064017660044,0.6670642305866142,-0.5313785718071067,False,,9.0,8.0,-0.0906938916250772,HIGH < NORMAL < LOW
RecentA,primary,,Short,strategy_equal_weighted,LOW,,,0.1254944269053984,,,,,,,9.0,8.0,-0.1145830765523691,HIGH < NORMAL < LOW
RecentA,primary,,Short,trade_weighted,NORMAL,332.0,35.041412706,0.105546423813253,1.3501062911879804,49.09638554216867,0.8290143503680981,-0.5922362509112427,False,,9.0,8.0,-0.0906938916250772,HIGH < NORMAL < LOW
RecentA,primary,,Short,strategy_equal_weighted,NORMAL,,,0.0854485446004012,,,,,,,9.0,8.0,-0.1145830765523691,HIGH < NORMAL < LOW
RecentA,primary,,Short,trade_weighted,HIGH,350.0,18.286845598,0.05224813028,1.1772774104063308,46.85714285714286,0.7404919842987805,-0.554590536704301,False,,9.0,8.0,-0.0906938916250772,HIGH < NORMAL < LOW
RecentA,primary,,Short,strategy_equal_weighted,HIGH,,,0.0109113503530293,,,,,,,9.0,8.0,-0.1145830765523691,HIGH < NORMAL < LOW
RecentA,robustness,1.0,,,LOW,56.0,7.885714287,0.1408163265535714,1.4342012114155842,57.14285714285714,0.81397321434375,-0.7567261904999999,False,True,,,0.3291307633353174,LOW < NORMAL < HIGH
RecentA,robustness,1.0,,,NORMAL,37.0,10.461428571,0.2827413127297297,1.9312054932902336,59.45945945945946,0.9861688311818182,-0.7489523810000001,False,True,,,0.3291307633353174,LOW < NORMAL < HIGH
RecentA,robustness,1.0,,,HIGH,54.0,25.377142854,0.4699470898888889,3.1410148241638165,64.81481481481481,1.0637142856571429,-0.6238345865263157,False,True,,,0.3291307633353174,LOW < NORMAL < HIGH
RecentA,robustness,2.0,,,LOW,68.0,4.4266666720000005,0.0650980392941176,1.1809921862967383,54.41176470588235,0.7806606608108109,-0.7889605734838709,False,True,,,0.2152194211027077,LOW < NORMAL < HIGH
RecentA,robustness,2.0,,,NORMAL,46.0,7.357777782,0.1599516909130434,1.499321369631252,56.52173913043478,0.8497435898846154,-0.73677777775,False,True,,,0.2152194211027077,LOW < NORMAL < HIGH
RecentA,robustness,2.0,,,HIGH,63.0,17.660000005,0.2803174603968254,1.8791901761387455,58.730158730158735,1.0201801803243244,-0.7725641025769231,False,True,,,0.2152194211027077,LOW < NORMAL < HIGH
RecentA,robustness,3.0,,,LOW,68.0,2.821333332,0.0414901960588235,1.188810564744749,54.41176470588235,0.480108108054054,-0.4820215053548387,False,True,,,0.1758219732110177,LOW < NORMAL < HIGH
RecentA,robustness,3.0,,,NORMAL,46.0,2.797333329,0.0608115941086956,1.398404860663121,60.86956521739131,0.3506666665714286,-0.3900740741666666,False,True,,,0.1758219732110177,LOW < NORMAL < HIGH
RecentA,robustness,3.0,,,HIGH,63.0,13.690666664,0.2173121692698412,2.6447220886166174,63.49206349206349,0.550366666575,-0.3619130434347826,False,True,,,0.1758219732110177,LOW < NORMAL < HIGH
RecentA,robustness,4.0,,,LOW,56.0,5.288461537,0.0944368131607142,2.2036064424761848,64.28571428571429,0.2689529913888889,-0.21969230765,False,True,,,-0.0461126374107142,NORMAL < HIGH < LOW
RecentA,robustness,4.0,,,NORMAL,49.0,2.146153846,0.0437990580816326,1.4437728645318673,57.14285714285714,0.2493681318928571,-0.2302930403333333,False,True,,,-0.0461126374107142,NORMAL < HIGH < LOW
RecentA,robustness,4.0,,,HIGH,56.0,2.706153842,0.04832417575,1.511485896159003,60.71428571428571,0.2352036198235294,-0.251941392,False,True,,,-0.0461126374107142,NORMAL < HIGH < LOW
RecentA,robustness,5.0,,,LOW,72.0,9.616666665,0.1335648147916666,1.3741570118699131,44.44444444444444,1.10371527771875,-0.64255555555,False,True,,,-0.0719882382105856,HIGH < LOW < NORMAL
RecentA,robustness,5.0,,,NORMAL,65.0,10.24,0.1575384615384615,1.582959073930471,49.23076923076923,0.868923611125,-0.5322895623030303,False,True,,,-0.0719882382105856,HIGH < LOW < NORMAL
RecentA,robustness,5.0,,,HIGH,74.0,4.556666667,0.061576576581081,1.187946837780714,47.2972972972973,0.8228888888857143,-0.6216524216410256,False,True,,,-0.0719882382105856,HIGH < LOW < NORMAL
RecentA,robustness,6.0,,,LOW,26.0,10.022,0.3854615384615384,2.1911100546707867,61.53846153846154,1.15225,-0.8413999999999999,False,True,,,-0.2747186813186813,HIGH < NORMAL < LOW
RecentA,robustness,6.0,,,NORMAL,23.0,8.863999999999999,0.385391304347826,1.8864,56.52173913043478,1.4510769230769232,-1.0,False,True,,,-0.2747186813186813,HIGH < NORMAL < LOW
RecentA,robustness,6.0,,,HIGH,35.0,3.876,0.1107428571428571,1.2617857625287046,45.714285714285715,1.167625,-0.7792631578947368,False,True,,,-0.2747186813186813,HIGH < NORMAL < LOW
RecentA,robustness,7.0,,,LOW,35.0,4.371538461,0.1249010988857142,2.629767708010671,62.857142857142854,0.3206293706363636,-0.206331361,False,True,,,-0.1736865239383458,HIGH < NORMAL < LOW
RecentA,robustness,7.0,,,NORMAL,27.0,3.213076923,0.119002849,1.83976678730759,55.55555555555556,0.4692820512666666,-0.3188461538333333,False,True,,,-0.1736865239383458,HIGH < NORMAL < LOW
RecentA,robustness,7.0,,,HIGH,38.0,-1.853846152,-0.0487854250526315,0.7428784809629513,52.63157894736842,0.26780769235,-0.4005555555,False,True,,,-0.1736865239383458,HIGH < NORMAL < LOW
RecentA,robustness,8.0,,,LOW,35.0,1.890000001,0.0540000000285714,1.190058899689414,57.14285714285714,0.59171428575,-0.6629523809333333,False,True,,,0.1578433178746544,LOW < HIGH < NORMAL
RecentA,robustness,8.0,,,NORMAL,34.0,7.57142857,0.2226890755882353,2.0303265939759196,61.76470588235294,0.7104761903809523,-0.5652747252307692,False,True,,,0.1578433178746544,LOW < HIGH < NORMAL
RecentA,robustness,8.0,,,HIGH,31.0,6.567142855,0.2118433179032258,1.8929681427114595,64.51612903225806,0.69607142845,-0.6685714285454545,False,True,,,0.1578433178746544,LOW < HIGH < NORMAL
RecentA,robustness,9.0,,,LOW,23.0,8.373333334,0.3640579710434782,1.882022471918397,52.17391304347826,1.488888889,-0.8630303030909091,False,True,,,-0.0602246376434782,HIGH < LOW < NORMAL
RecentA,robustness,9.0,,,NORMAL,14.0,7.366666665,0.5261904760714285,3.9506008000065953,78.57142857142857,0.8966666665454546,-0.8322222223333333,True,True,,,-0.0602246376434782,HIGH < LOW < NORMAL
RecentA,robustness,9.0,,,HIGH,20.0,6.076666668,0.3038333333999999,1.7912326390625,55.00000000000001,1.2506060607272729,-0.8533333333333333,False,True,,,-0.0602246376434782,HIGH < LOW < NORMAL
RecentA,robustness,10.0,,,LOW,20.0,0.2799999999999999,0.0139999999999999,1.1248884924174842,50.0,0.2522,-0.2242,False,True,,,-0.0334782608695652,HIGH < LOW < NORMAL
RecentA,robustness,10.0,,,NORMAL,27.0,3.202,0.1185925925925926,2.1435714285714287,66.66666666666666,0.3334444444444444,-0.3111111111111111,False,True,,,-0.0334782608695652,HIGH < LOW < NORMAL
RecentA,robustness,10.0,,,HIGH,23.0,-0.4479999999999999,-0.0194782608695652,0.8733031674208145,39.130434782608695,0.3431111111111111,-0.2525714285714285,False,True,,,-0.0334782608695652,HIGH < LOW < NORMAL
RecentA,robustness,11.0,,,LOW,20.0,2.125454545,0.1062727272499999,1.3933378195394792,50.0,0.7529090909,-0.5403636364000001,False,True,,,-0.1371818182065217,HIGH < LOW < NORMAL
RecentA,robustness,11.0,,,NORMAL,27.0,4.35090909,0.1611447811111111,1.981542247478576,62.96296296296296,0.5166844919411764,-0.4432727273,False,True,,,-0.1371818182065217,HIGH < LOW < NORMAL
RecentA,robustness,11.0,,,HIGH,23.0,-0.7109090920000001,-0.0309090909565217,0.9038366943960708,39.130434782608695,0.7424242423333333,-0.5280519480714286,False,True,,,-0.1371818182065217,HIGH < LOW < NORMAL
RecentA,robustness,12.0,,,LOW,25.0,14.361,0.5744400000000001,3.6072984749455337,60.0,1.3246,-0.5508,False,True,,,0.004681212121212,NORMAL < LOW < HIGH
RecentA,robustness,12.0,,,NORMAL,34.0,10.264,0.3018823529411764,2.4351230425055927,64.70588235294117,0.7916363636363637,-0.6501818181818182,False,True,,,0.004681212121212,NORMAL < LOW < HIGH
RecentA,robustness,12.0,,,HIGH,33.0,19.111,0.5791212121212121,4.378889674681754,63.63636363636363,1.1793809523809524,-0.4713333333333333,False,True,,,0.004681212121212,NORMAL < LOW < HIGH
RecentA,robustness,13.0,,,LOW,10.0,1.169473682,0.1169473682,2.4993252314111216,60.0,0.3249122805,-0.19500000025,True,False,,,-0.1192865495333333,HIGH < LOW < NORMAL
RecentA,robustness,13.0,,,NORMAL,19.0,3.669473685,0.1931301939473684,4.894972068529884,73.68421052631578,0.3293984962857142,-0.1884210526,True,False,,,-0.1192865495333333,HIGH < LOW < NORMAL
RecentA,robustness,13.0,,,HIGH,9.0,-0.021052632,-0.0023391813333333,0.9834024892994266,66.66666666666666,0.2078947368333333,-0.4228070176666667,True,False,,,-0.1192865495333333,HIGH < LOW < NORMAL
RecentA,robustness,14.0,,,LOW,4.0,5.120000001,1.28000000025,inf,100.0,1.28000000025,,True,False,,,-0.64222222225,NORMAL < HIGH < LOW
RecentA,robustness,14.0,,,NORMAL,4.0,1.937777779,0.48444444475,2.651515153025999,50.0,1.555555556,-0.5866666665,True,False,,,-0.64222222225,NORMAL < HIGH < LOW
RecentA,robustness,14.0,,,HIGH,3.0,1.913333334,0.637777778,67.23076899911243,66.66666666666666,0.9711111115,-0.028888889,True,False,,,-0.64222222225,NORMAL < HIGH < LOW
RecentA,robustness,15.0,,,LOW,3.0,-0.25,-0.0833333333333333,0.875,33.33333333333333,1.75,-1.0,True,False,,,,INCOMPLETE
RecentA,robustness,15.0,,,NORMAL,9.0,-0.75,-0.0833333333333333,0.875,33.33333333333333,1.75,-1.0,True,False,,,,INCOMPLETE
RecentA,robustness,15.0,,,HIGH,0.0,0.0,,,,,,True,False,,,,INCOMPLETE
RecentA,robustness,16.0,,,LOW,5.0,2.186666666,0.4373333331999999,inf,100.0,0.4373333331999999,,True,False,,,-0.3195555551999999,HIGH < NORMAL < LOW
RecentA,robustness,16.0,,,NORMAL,3.0,0.3755555559999999,0.1251851853333333,1.6145454553844627,66.66666666666666,0.4933333334999999,-0.611111111,True,False,,,-0.3195555551999999,HIGH < NORMAL < LOW
RecentA,robustness,16.0,,,HIGH,2.0,0.235555556,0.117777778,3.1200000061199997,50.0,0.346666667,-0.111111111,True,False,,,-0.3195555551999999,HIGH < NORMAL < LOW
RecentA,robustness,17.0,,,LOW,21.0,5.602857143,0.266802721095238,2.3505509644077893,71.42857142857143,0.6500952380666667,-0.6914285713333334,False,True,,,0.0395544217547619,NORMAL < LOW < HIGH
RecentA,robustness,17.0,,,NORMAL,22.0,0.2214285710000003,0.0100649350454545,1.0260023485480287,45.45454545454545,0.8737142857,-0.7096428571666666,False,True,,,0.0395544217547619,NORMAL < LOW < HIGH
RecentA,robustness,17.0,,,HIGH,20.0,6.127142857,0.30635714285,2.561908230059654,75.0,0.67,-0.7845714286,False,True,,,0.0395544217547619,NORMAL < LOW < HIGH
RecentA,robustness,18.0,,,LOW,49.0,-0.5266666669999996,-0.0107482993265306,0.9665632053962088,53.06122448979592,0.5855555555384615,-0.6848309178695652,False,True,,,-0.0550606675331185,NORMAL < HIGH < LOW
RecentA,robustness,18.0,,,NORMAL,46.0,-9.187777773,-0.1997342994130435,0.5954105100291774,39.130434782608695,0.7511728397222223,-0.811031746,False,True,,,-0.0550606675331185,NORMAL < HIGH < LOW
RecentA,robustness,18.0,,,HIGH,57.0,-3.751111111,-0.0658089668596491,0.8283244342713192,45.614035087719294,0.6961111110769231,-0.7048387096451614,False,True,,,-0.0550606675331185,NORMAL < HIGH < LOW
RecentA,robustness,19.0,,,LOW,44.0,13.213333334,0.3003030303181818,3.2738049714775106,75.0,0.5764983165151515,-0.5282828282727272,False,True,,,-0.2801275916866028,HIGH < NORMAL < LOW
RecentA,robustness,19.0,,,NORMAL,38.0,3.446666671,0.0907017545,1.5303470686957754,55.26315789473685,0.4735978837142857,-0.4061805554375,False,True,,,-0.2801275916866028,HIGH < NORMAL < LOW
RecentA,robustness,19.0,,,HIGH,38.0,0.7666666680000003,0.0201754386315789,1.065978198623064,50.0,0.651929824631579,-0.611578947368421,False,True,,,-0.2801275916866028,HIGH < NORMAL < LOW
RecentA,robustness,20.0,,,LOW,36.0,3.996,0.111,1.412213740458015,50.0,0.7605555555555555,-0.5385555555555556,False,True,,,0.031127659574468,NORMAL < LOW < HIGH
RecentA,robustness,20.0,,,NORMAL,37.0,-7.172,-0.1938378378378378,0.5553075396825397,35.13513513513514,0.6889230769230769,-0.672,False,True,,,0.031127659574468,NORMAL < LOW < HIGH
RecentA,robustness,20.0,,,HIGH,47.0,6.680000000000001,0.1421276595744681,1.5418559377027905,53.191489361702125,0.76032,-0.5603636363636363,False,True,,,0.031127659574468,NORMAL < LOW < HIGH
RecentA,robustness,21.0,,,LOW,33.0,-1.165909087,-0.0353305783939393,0.6964497049298554,39.39393939393939,0.2057692308461538,-0.1920454544,False,True,,,0.1107141011439394,LOW < NORMAL < HIGH
RecentA,robustness,21.0,,,NORMAL,34.0,0.180454545,0.005307486617647,1.0572871571246707,50.0,0.1959090909411764,-0.1968750000625,False,True,,,0.1107141011439394,LOW < NORMAL < HIGH
RecentA,robustness,21.0,,,HIGH,32.0,2.412272728,0.07538352275,2.352791231746397,62.5,0.2097727273,-0.1485984848333333,False,True,,,0.1107141011439394,LOW < NORMAL < HIGH
RecentA,robustness,22.0,,,LOW,31.0,6.915714287,0.2230875576451613,1.9635748409626508,64.51612903225806,0.7046428572,-0.6524675324545455,False,True,,,-0.4855099178625526,HIGH < NORMAL < LOW
RecentA,robustness,22.0,,,NORMAL,25.0,-3.191428570999999,-0.12765714284,0.7126688103242788,40.0,0.7915714286,-0.7404761904666667,False,True,,,-0.4855099178625526,HIGH < NORMAL < LOW
RecentA,robustness,22.0,,,HIGH,23.0,-6.035714285,-0.2624223602173913,0.5163136806691593,39.130434782608695,0.7158730160000001,-0.8913265306428572,False,True,,,-0.4855099178625526,HIGH < NORMAL < LOW
RecentA,robustness,23.0,,,LOW,34.0,-0.4166666679999999,-0.0122549019999999,0.9066002487857332,41.17647058823529,0.2888888888571428,-0.2230555556,False,True,,,0.0093104575499999,NORMAL < LOW < HIGH
RecentA,robustness,23.0,,,NORMAL,23.0,-3.13888889,-0.13647343,0.3861364622703864,34.78260869565217,0.2468055555,-0.3408888889333333,False,True,,,0.0093104575499999,NORMAL < LOW < HIGH
RecentA,robustness,23.0,,,HIGH,20.0,-0.058888889,-0.00294444445,0.9745314752127958,50.0,0.2253333334,-0.2312222223,False,True,,,0.0093104575499999,NORMAL < LOW < HIGH
RecentA,robustness,24.0,,,LOW,34.0,3.077777778,0.0905228758235294,1.4909606522777217,58.82352941176471,0.46733333335,-0.4477777777857143,False,True,,,0.0344215686264706,LOW < HIGH < NORMAL
RecentA,robustness,24.0,,,NORMAL,23.0,3.556666664,0.1546376810434782,2.11339130297087,60.86956521739131,0.4822222221428571,-0.3549382717777777,False,True,,,0.0344215686264706,LOW < HIGH < NORMAL
RecentA,robustness,24.0,,,HIGH,20.0,2.4988888890000003,0.12494444445,1.9820960700842092,45.0,0.5603703703333334,-0.2313131312727272,False,True,,,0.0344215686264706,LOW < HIGH < NORMAL
RecentA,robustness,25.0,,,LOW,60.0,3.2075,0.0534583333333333,1.262855972136857,55.00000000000001,0.466969696969697,-0.4519444444444445,False,True,,,-0.1009015151515151,HIGH < LOW < NORMAL
RecentA,robustness,25.0,,,NORMAL,70.0,8.9025,0.1271785714285714,1.8764459758798917,64.28571428571429,0.4235555555555555,-0.4063,False,True,,,-0.1009015151515151,HIGH < LOW < NORMAL
RecentA,robustness,25.0,,,HIGH,44.0,-2.0875,-0.0474431818181818,0.8368822035553819,50.0,0.4868181818181817,-0.6094047619047619,False,True,,,-0.1009015151515151,HIGH < LOW < NORMAL
RecentA,robustness,26.0,,,LOW,25.0,7.753333333,0.31013333332,3.5064655174037145,80.0,0.5423333333,-0.6186666666,False,True,,,-0.0710005419785365,NORMAL < HIGH < LOW
RecentA,robustness,26.0,,,NORMAL,23.0,-1.115555557,-0.0485024155217391,0.8374878599516439,34.78260869565217,0.718611111,-0.4576296296666667,False,True,,,-0.0710005419785365,NORMAL < HIGH < LOW
RecentA,robustness,26.0,,,HIGH,41.0,9.804444445,0.2391327913414634,2.4181935070597005,65.85365853658537,0.6191769547407406,-0.4938095237857142,False,True,,,-0.0710005419785365,NORMAL < HIGH < LOW
RecentA,robustness,27.0,,,LOW,34.0,-0.4949999999999999,-0.0145588235294117,0.9373814041666516,50.0,0.4358823528823529,-0.4649999999411764,False,True,,,0.2486238642123385,NORMAL < LOW < HIGH
RecentA,robustness,27.0,,,NORMAL,25.0,-2.123333333,-0.08493333332,0.6872852234167894,40.0,0.4666666667,-0.4526666666666666,False,True,,,0.2486238642123385,NORMAL < LOW < HIGH
RecentA,robustness,27.0,,,HIGH,41.0,9.596666668,0.2340650406829268,2.412312975630951,58.536585365853654,0.682986111125,-0.3997058822941176,False,True,,,0.2486238642123385,NORMAL < LOW < HIGH
RecentA,robustness,28.0,,,LOW,39.0,2.235999998,0.0573333332820512,1.3212643674825768,58.97435897435898,0.3998260869130434,-0.4350000000625,False,True,,,0.0274035088495276,NORMAL < LOW < HIGH
RecentA,robustness,28.0,,,NORMAL,23.0,0.534666664,0.0232463766956521,1.0976144104068144,52.17391304347826,0.5009999998333333,-0.497939394,False,True,,,0.0274035088495276,NORMAL < LOW < HIGH
RecentA,robustness,28.0,,,HIGH,38.0,3.220000001,0.0847368421315789,1.4912530515386628,55.26315789473685,0.4654603174285714,-0.4096666665625,False,True,,,0.0274035088495276,NORMAL < LOW < HIGH
RecentA,robustness,,Portfolio,trade_weighted,LOW,966.0,123.086582634,0.1274188226024844,1.55584825020425,56.62525879917184,0.6298460074223036,-0.5284944711837709,False,,24.0,12.0,0.0075066927350682,NORMAL < LOW < HIGH
RecentA,robustness,,Portfolio,strategy_equal_weighted,LOW,,,0.1432620044623254,,,,,,,24.0,12.0,-0.0169224484355751,NORMAL < HIGH < LOW
RecentA,robustness,,Portfolio,trade_weighted,NORMAL,853.0,73.98098078700001,0.0867303408991793,1.355880980768219,53.92731535756155,0.6127439656391305,-0.533028829248718,False,,24.0,12.0,0.0075066927350682,NORMAL < LOW < HIGH
RecentA,robustness,,Portfolio,strategy_equal_weighted,NORMAL,,,0.0899889123092548,,,,,,,24.0,12.0,-0.0169224484355751,NORMAL < HIGH < LOW
RecentA,robustness,,Portfolio,trade_weighted,HIGH,948.0,127.90938854,0.1349255153375527,1.56411876735724,55.16877637130801,0.6781096312007648,-0.5373031956824644,False,,24.0,12.0,0.0075066927350682,NORMAL < LOW < HIGH
RecentA,robustness,,Portfolio,strategy_equal_weighted,HIGH,,,0.1263395560267503,,,,,,,24.0,12.0,-0.0169224484355751,NORMAL < HIGH < LOW
RecentA,robustness,,JPY,trade_weighted,LOW,551.0,87.441642516,0.1586962659092559,1.637242261330993,57.16878402903811,0.7132078741142858,-0.5814357535169492,False,,13.0,5.0,0.0323969823548286,LOW < NORMAL < HIGH
RecentA,robustness,,JPY,strategy_equal_weighted,LOW,,,0.1852825276037073,,,,,,,13.0,5.0,0.0011004113898831,LOW < HIGH < NORMAL
RecentA,robustness,,JPY,trade_weighted,NORMAL,487.0,81.952026239,0.1682793146591376,1.751577661524605,57.90554414784395,0.6772766794787234,-0.5345097910490196,False,,13.0,5.0,0.0323969823548286,LOW < NORMAL < HIGH
RecentA,robustness,,JPY,strategy_equal_weighted,NORMAL,,,0.1916333179617072,,,,,,,13.0,5.0,0.0011004113898831,LOW < HIGH < NORMAL
RecentA,robustness,,JPY,trade_weighted,HIGH,568.0,108.540965014,0.1910932482640845,1.8238059209061543,56.866197183098585,0.7439519191083591,-0.5399815772868852,False,,13.0,5.0,0.0323969823548286,LOW < NORMAL < HIGH
RecentA,robustness,,JPY,strategy_equal_weighted,HIGH,,,0.1863829389935905,,,,,,,13.0,5.0,0.0011004113898831,LOW < HIGH < NORMAL
RecentA,robustness,,AUD_nonJPY,trade_weighted,LOW,415.0,35.644940118,0.0858914219710843,1.423234313107508,55.90361445783133,0.5166607142844828,-0.4602204677377049,False,,11.0,4.0,-0.0349218863763474,NORMAL < HIGH < LOW
RecentA,robustness,,AUD_nonJPY,strategy_equal_weighted,LOW,,,0.0936013862043285,,,,,,,11.0,4.0,-0.0382221918656621,NORMAL < HIGH < LOW
RecentA,robustness,,AUD_nonJPY,trade_weighted,NORMAL,366.0,-7.971045451999999,-0.0217788127103825,0.9193550691445278,48.63387978142077,0.5105067448370787,-0.5314045485645161,False,,11.0,4.0,-0.0349218863763474,NORMAL < HIGH < LOW
RecentA,robustness,,AUD_nonJPY,strategy_equal_weighted,NORMAL,,,-0.0301362943709161,,,,,,,11.0,4.0,-0.0382221918656621,NORMAL < HIGH < LOW
RecentA,robustness,,AUD_nonJPY,trade_weighted,HIGH,380.0,19.368423526,0.0509695355947368,1.2039072394698136,52.63157894736842,0.57177433623,-0.5336317062921349,False,,11.0,4.0,-0.0349218863763474,NORMAL < HIGH < LOW
RecentA,robustness,,AUD_nonJPY,strategy_equal_weighted,HIGH,,,0.0553791943386664,,,,,,,11.0,4.0,-0.0382221918656621,NORMAL < HIGH < LOW
RecentA,robustness,,Long,trade_weighted,LOW,586.0,73.063604283,0.1246819185716723,1.5980476872904543,59.72696245733788,0.5578108632514286,-0.5176703298940678,False,,13.0,6.0,0.013017209728874,NORMAL < LOW < HIGH
RecentA,robustness,,Long,strategy_equal_weighted,LOW,,,0.1421829664991782,,,,,,,13.0,6.0,-0.0314543280040647,HIGH < NORMAL < LOW
RecentA,robustness,,Long,trade_weighted,NORMAL,497.0,58.235532014,0.1171741086800804,1.5735925991405484,57.14285714285714,0.5625465589788733,-0.4811738897440758,False,,13.0,6.0,0.013017209728874,NORMAL < LOW < HIGH
RecentA,robustness,,Long,strategy_equal_weighted,NORMAL,,,0.1135425246151631,,,,,,,13.0,6.0,-0.0314543280040647,HIGH < NORMAL < LOW
RecentA,robustness,,Long,trade_weighted,HIGH,549.0,75.596821437,0.1376991283005464,1.6074905795353998,57.377049180327866,0.6350411535873016,-0.5363842325129311,False,,13.0,6.0,0.013017209728874,NORMAL < LOW < HIGH
RecentA,robustness,,Long,strategy_equal_weighted,HIGH,,,0.1107286384951135,,,,,,,13.0,6.0,-0.0314543280040647,HIGH < NORMAL < LOW
RecentA,robustness,,Short,trade_weighted,LOW,380.0,50.022978351,0.1316394167131579,1.5039134636388738,51.84210526315789,0.7578272280304569,-0.5424534730655738,False,,11.0,5.0,-0.000530225978822,NORMAL < HIGH < LOW
RecentA,robustness,,Short,strategy_equal_weighted,LOW,,,0.1445372311460447,,,,,,,11.0,5.0,0.0002515910544581,NORMAL < LOW < HIGH
RecentA,robustness,,Short,trade_weighted,NORMAL,356.0,15.745448773,0.0442287886882022,1.1480481693141726,49.43820224719101,0.6937443263863636,-0.5941539255363129,False,,11.0,5.0,-0.000530225978822,NORMAL < HIGH < LOW
RecentA,robustness,,Short,strategy_equal_weighted,NORMAL,,,0.0621528250386359,,,,,,,11.0,5.0,0.0002515910544581,NORMAL < LOW < HIGH
RecentA,robustness,,Short,trade_weighted,HIGH,399.0,52.312567103,0.1311091907343358,1.511360260233788,52.130325814536334,0.7433335275865385,-0.5384252980789473,False,,11.0,5.0,-0.000530225978822,NORMAL < HIGH < LOW
RecentA,robustness,,Short,strategy_equal_weighted,HIGH,,,0.1447888222005028,,,,,,,11.0,5.0,0.0002515910544581,NORMAL < LOW < HIGH
RecentB,primary,1.0,,,LOW,40.0,5.342857143,0.1335714285749999,1.633468834651637,55.00000000000001,0.6262337662727272,-0.4685714286111111,False,True,,,-0.0370300751714912,HIGH < LOW < NORMAL
RecentB,primary,1.0,,,NORMAL,50.0,16.894285714,0.3378857142799999,2.3172198708463587,60.0,0.9906666666333332,-0.64128571425,False,True,,,-0.0370300751714912,HIGH < LOW < NORMAL
RecentB,primary,1.0,,,HIGH,57.0,5.502857144,0.0965413534035087,1.295104573708951,54.385964912280706,0.7790322581290322,-0.7171978022307692,False,True,,,-0.0370300751714912,HIGH < LOW < NORMAL
RecentB,primary,2.0,,,LOW,52.0,0.0155555570000001,0.000299145326923,1.0008843967972652,53.84615384615385,0.6287301587499999,-0.7328703703333334,False,True,,,0.1144786324730769,LOW < HIGH < NORMAL
RecentB,primary,2.0,,,NORMAL,60.0,15.462222229,0.2577037038166667,1.9101373451698649,60.0,0.9014197532222222,-0.7078703702916668,False,True,,,0.1144786324730769,LOW < HIGH < NORMAL
RecentB,primary,2.0,,,HIGH,60.0,6.886666668,0.1147777778,1.3537267435707268,58.333333333333336,0.7530158730857143,-0.7787555556,False,True,,,0.1144786324730769,LOW < HIGH < NORMAL
RecentB,primary,3.0,,,LOW,52.0,-0.3626666630000003,-0.0069743589038461,0.9659744811993328,53.84615384615385,0.3677142857857142,-0.4441111110416667,False,True,,,0.1252257249694199,LOW < HIGH < NORMAL
RecentB,primary,3.0,,,NORMAL,60.0,11.147999996,0.1857999999333333,2.3511635416368515,70.0,0.4618730158095238,-0.51566666675,False,True,,,0.1252257249694199,LOW < HIGH < NORMAL
RecentB,primary,3.0,,,HIGH,61.0,7.21333333,0.1182513660655737,1.7307848166037152,60.65573770491803,0.4617297296486486,-0.4112777777916667,False,True,,,0.1252257249694199,LOW < HIGH < NORMAL
RecentB,primary,4.0,,,LOW,77.0,4.004615383,0.0520079919870129,1.5293340109279647,54.54545454545454,0.275476190452381,-0.2161538461714285,False,True,,,0.0166458541038961,NORMAL < LOW < HIGH
RecentB,primary,4.0,,,NORMAL,40.0,1.189999995,0.029749999875,1.286800146985606,50.0,0.2669615383,-0.20746153855,False,True,,,0.0166458541038961,NORMAL < LOW < HIGH
RecentB,primary,4.0,,,HIGH,44.0,3.020769228,0.068653846090909,1.7833632544424354,59.09090909090909,0.2644970413846154,-0.2142307693333333,False,True,,,0.0166458541038961,NORMAL < LOW < HIGH
RecentB,primary,5.0,,,LOW,97.0,-0.0488888860000001,-0.0005040091340206,0.9984526113099836,45.36082474226804,0.7169444445,-0.5961215932830188,False,True,,,0.0835243534297952,LOW < HIGH < NORMAL
RecentB,primary,5.0,,,NORMAL,51.0,5.795555555,0.1136383442156862,1.3744974151835228,47.05882352941176,0.886296296375,-0.5731687243703704,False,True,,,0.0835243534297952,LOW < HIGH < NORMAL
RecentB,primary,5.0,,,HIGH,71.0,5.894444445,0.0830203442957746,1.2498351700268484,49.29577464788733,0.8425079365428572,-0.6553703703888889,False,True,,,0.0835243534297952,LOW < HIGH < NORMAL
RecentB,primary,6.0,,,LOW,35.0,8.168,0.2333714285714285,1.6581788879935535,57.14285714285714,1.0289,-0.8273333333333334,False,True,,,0.2045619047619047,LOW < HIGH < NORMAL
RecentB,primary,6.0,,,NORMAL,19.0,11.65,0.6131578947368421,4.1116452991453,73.68421052631578,1.0995714285714286,-0.7487999999999999,True,True,,,0.2045619047619047,LOW < HIGH < NORMAL
RecentB,primary,6.0,,,HIGH,30.0,13.138,0.4379333333333333,2.358354011579818,60.0,1.2672222222222222,-0.806,False,True,,,0.2045619047619047,LOW < HIGH < NORMAL
RecentB,primary,7.0,,,LOW,44.0,3.97230769,0.0902797202272727,1.8003719769062414,54.54545454545454,0.3723076922916666,-0.24815384625,False,True,,,0.0624606643664772,NORMAL < LOW < HIGH
RecentB,primary,7.0,,,NORMAL,25.0,2.099230771,0.0839692308399999,1.8430645670052468,68.0,0.2699547511764706,-0.311249999875,False,True,,,0.0624606643664772,NORMAL < LOW < HIGH
RecentB,primary,7.0,,,HIGH,32.0,4.887692307,0.15274038459375,2.893325386025829,59.375,0.3931174089473684,-0.1985798817692307,False,True,,,0.0624606643664772,NORMAL < LOW < HIGH
RecentB,primary,8.0,,,LOW,36.0,4.7657142850000005,0.1323809523611111,1.6982000837877438,58.333333333333336,0.551972789,-0.4550476189333333,False,True,,,-0.0045238094444444,HIGH < LOW < NORMAL
RecentB,primary,8.0,,,NORMAL,28.0,5.915714285,0.2112755101785714,2.90478380824243,60.71428571428571,0.5306722688823529,-0.2823376623636364,False,True,,,-0.0045238094444444,HIGH < LOW < NORMAL
RecentB,primary,8.0,,,HIGH,36.0,4.602857145,0.1278571429166666,1.6015683349704195,55.55555555555556,0.61271428575,-0.478214285625,False,True,,,-0.0045238094444444,HIGH < LOW < NORMAL
RecentB,primary,9.0,,,LOW,19.0,4.550000001,0.2394736842631578,1.754560530845771,57.89473684210527,0.961818181909091,-0.75375,True,False,,,-0.4598903509298245,HIGH < LOW < NORMAL
RecentB,primary,9.0,,,NORMAL,14.0,3.576666667,0.2554761905,1.561486132967033,50.0,1.420952381,-0.91,True,False,,,-0.4598903509298245,HIGH < LOW < NORMAL
RecentB,primary,9.0,,,HIGH,24.0,-5.29,-0.2204166666666666,0.5849895397272484,37.5,0.8285185184444445,-0.8497777777333333,False,False,,,-0.4598903509298245,HIGH < LOW < NORMAL
RecentB,primary,10.0,,,LOW,25.0,9.020562075079396e-17,3.608224830031759e-18,1.0,52.0,0.2956923076923077,-0.3203333333333333,False,True,,,0.0634615384615384,NORMAL < LOW < HIGH
RecentB,primary,10.0,,,NORMAL,18.0,-0.426,-0.0236666666666666,0.7846309403437817,33.33333333333333,0.2586666666666666,-0.1648333333333333,True,True,,,0.0634615384615384,NORMAL < LOW < HIGH
RecentB,primary,10.0,,,HIGH,26.0,1.65,0.0634615384615384,1.6568471337579618,50.0,0.3201538461538461,-0.1932307692307692,False,True,,,0.0634615384615384,NORMAL < LOW < HIGH
RecentB,primary,11.0,,,LOW,26.0,-0.1199999980000001,-0.0046153845384615,0.9796798032927708,42.30769230769231,0.5259504133636363,-0.3936969696666667,False,True,,,0.1511888110384615,NORMAL < LOW < HIGH
RecentB,primary,11.0,,,NORMAL,18.0,-1.0981818190000003,-0.0610101010555555,0.7616416731039239,38.88888888888889,0.5012987012857143,-0.4188429752727272,True,True,,,0.1511888110384615,NORMAL < LOW < HIGH
RecentB,primary,11.0,,,HIGH,26.0,3.810909088999999,0.1465734265,1.7996947726630763,57.692307692307686,0.5717575756,-0.4332231404545454,False,True,,,0.1511888110384615,NORMAL < LOW < HIGH
RecentB,primary,12.0,,,LOW,33.0,11.267,0.3414242424242424,2.432185076903521,57.57575757575758,1.0070526315789474,-0.5619285714285714,False,True,,,0.0140974967061923,NORMAL < LOW < HIGH
RecentB,primary,12.0,,,NORMAL,38.0,8.943999999999999,0.2353684210526315,1.7048069345941688,50.0,1.1386315789473684,-0.6678947368421052,False,True,,,0.0140974967061923,NORMAL < LOW < HIGH
RecentB,primary,12.0,,,HIGH,23.0,8.177,0.3555217391304348,2.1779026217228465,60.86956521739131,1.0799285714285711,-0.7713333333333333,False,True,,,0.0140974967061923,NORMAL < LOW < HIGH
RecentB,primary,13.0,,,LOW,14.0,2.364210525,0.1688721803571428,2.850082371064652,71.42857142857143,0.3642105262,-0.31947368425,True,False,,,0.0762952836428571,NORMAL < LOW < HIGH
RecentB,primary,13.0,,,NORMAL,13.0,-0.1631578960000001,-0.0125506073846153,0.9122807011224298,38.46153846153847,0.339368421,-0.232500000125,True,False,,,0.0762952836428571,NORMAL < LOW < HIGH
RecentB,primary,13.0,,,HIGH,11.0,2.696842104,0.245167464,7.980926417737158,63.63636363636363,0.4404511277142857,-0.0965789475,True,False,,,0.0762952836428571,NORMAL < LOW < HIGH
RecentB,primary,14.0,,,LOW,5.0,3.984444446,0.7968888892000001,4.984444446,80.0,1.2461111115,-1.0,True,False,,,0.3964444442999999,NORMAL < LOW < HIGH
RecentB,primary,14.0,,,NORMAL,6.0,3.793333335,0.6322222225,4.793333335,83.33333333333334,0.958666667,-1.0,True,False,,,0.3964444442999999,NORMAL < LOW < HIGH
RecentB,primary,14.0,,,HIGH,2.0,2.386666667,1.1933333335,inf,100.0,1.1933333335,,True,False,,,0.3964444442999999,NORMAL < LOW < HIGH
RecentB,primary,15.0,,,LOW,5.0,0.5,0.1,1.1666666666666667,40.0,1.75,-1.0,True,False,,,0.7333333333333334,INCOMPLETE
RecentB,primary,15.0,,,NORMAL,0.0,0.0,,,,,,True,False,,,0.7333333333333334,INCOMPLETE
RecentB,primary,15.0,,,HIGH,6.0,5.0,0.8333333333333334,3.5,66.66666666666666,1.75,-1.0,True,False,,,0.7333333333333334,INCOMPLETE
RecentB,primary,16.0,,,LOW,4.0,1.568888888,0.392222222,2.3422053223058743,50.0,1.3688888885,-0.5844444445,True,False,,,0.0500000003333333,NORMAL < LOW < HIGH
RecentB,primary,16.0,,,NORMAL,2.0,0.133333333,0.0666666665,inf,100.0,0.0666666665,,True,False,,,0.0500000003333333,NORMAL < LOW < HIGH
RecentB,primary,16.0,,,HIGH,3.0,1.326666667,0.4422222223333333,43.642857305867345,66.66666666666666,0.678888889,-0.031111111,True,False,,,0.0500000003333333,NORMAL < LOW < HIGH
RecentB,primary,17.0,,,LOW,17.0,1.167142858,0.0686554622352941,1.286767286977887,64.70588235294117,0.4761038961818182,-0.6783333333333333,True,False,,,0.0453295001857585,LOW < HIGH < NORMAL
RecentB,primary,17.0,,,NORMAL,18.0,2.208571429,0.1226984127222222,1.611067193673702,50.0,0.6469841271111111,-0.4015873016666667,True,False,,,0.0453295001857585,LOW < HIGH < NORMAL
RecentB,primary,17.0,,,HIGH,19.0,2.165714286,0.1139849624210526,1.5478857969444204,57.89473684210527,0.5562337662727272,-0.494107142875,True,False,,,0.0453295001857585,LOW < HIGH < NORMAL
RecentB,primary,18.0,,,LOW,56.0,3.4955555570000003,0.0624206349464285,1.3361829452054672,58.92857142857143,0.421010101060606,-0.4520772946956521,False,True,,,-0.0425044923615229,HIGH < LOW < NORMAL
RecentB,primary,18.0,,,NORMAL,58.0,4.296666667,0.074080459775862,1.3401953022977502,48.27586206896552,0.6045238094285714,-0.4209999999,False,True,,,-0.0425044923615229,HIGH < LOW < NORMAL
RecentB,primary,18.0,,,HIGH,53.0,1.055555557,0.0199161425849056,1.0772546150543365,49.056603773584904,0.5661111111538462,-0.5060493827037037,False,True,,,-0.0425044923615229,HIGH < LOW < NORMAL
RecentB,primary,19.0,,,LOW,33.0,-1.2588888889999998,-0.0381481481515151,0.8373762021209216,42.42424242424242,0.4630158731428571,-0.4074269006842105,False,True,,,0.2708547008694638,LOW < NORMAL < HIGH
RecentB,primary,19.0,,,NORMAL,35.0,0.817777778,0.0233650793714285,1.1033853069532238,62.857142857142854,0.3967171717272727,-0.6084615384615385,False,True,,,0.2708547008694638,LOW < NORMAL < HIGH
RecentB,primary,19.0,,,HIGH,39.0,9.075555556,0.2327065527179487,2.2895484686046874,64.1025641025641,0.64453333336,-0.5026984127142857,False,True,,,0.2708547008694638,LOW < NORMAL < HIGH
RecentB,primary,20.0,,,LOW,50.0,-1.262,-0.02524,0.8991207034372501,46.0,0.4890434782608695,-0.4633333333333333,False,True,,,-0.0379872727272727,HIGH < LOW < NORMAL
RecentB,primary,20.0,,,NORMAL,47.0,2.402,0.0511063829787234,1.214120164022107,46.808510638297875,0.619090909090909,-0.44872,False,True,,,-0.0379872727272727,HIGH < LOW < NORMAL
RecentB,primary,20.0,,,HIGH,44.0,-2.782,-0.0632272727272727,0.8168773038441285,36.36363636363637,0.775625,-0.5425714285714286,False,True,,,-0.0379872727272727,HIGH < LOW < NORMAL
RecentB,primary,21.0,,,LOW,33.0,0.389545455,0.0118044077272727,1.149563700031322,45.45454545454545,0.1996060606,-0.1446969696666666,False,True,,,-0.0453758362701298,HIGH < LOW < NORMAL
RecentB,primary,21.0,,,NORMAL,34.0,1.851818183,0.0544652406764705,2.206753556487844,64.70588235294117,0.1539256198181818,-0.12787878775,False,True,,,-0.0453758362701298,HIGH < LOW < NORMAL
RecentB,primary,21.0,,,HIGH,35.0,-1.1749999990000002,-0.0335714285428571,0.7381217710773731,54.285714285714285,0.1743062201578947,-0.280426136375,False,True,,,-0.0453758362701298,HIGH < LOW < NORMAL
RecentB,primary,22.0,,,LOW,26.0,0.7085714300000003,0.0272527473076923,1.0959752324027836,42.30769230769231,0.7355844156363637,-0.4921904761333333,False,True,,,-0.2011098901410256,HIGH < NORMAL < LOW
RecentB,primary,22.0,,,NORMAL,23.0,-0.261428572,-0.0113664596521739,0.9578632280960324,52.17391304347826,0.49523809525,-0.6204285715,False,True,,,-0.2011098901410256,HIGH < NORMAL < LOW
RecentB,primary,22.0,,,HIGH,30.0,-5.215714285,-0.1738571428333333,0.5434537952242955,30.0,0.6898412698888889,-0.5440136054285715,False,True,,,-0.2011098901410256,HIGH < NORMAL < LOW
RecentB,primary,23.0,,,LOW,23.0,1.4633333320000002,0.0636231883478261,1.8856758562071467,52.17391304347826,0.2596296295833333,-0.1502020202727272,False,True,,,-0.0047342995144927,NORMAL < HIGH < LOW
RecentB,primary,23.0,,,NORMAL,25.0,0.915555554,0.03662222216,1.3890462692948875,56.00000000000001,0.2334920634285714,-0.213939394,False,True,,,-0.0047342995144927,NORMAL < HIGH < LOW
RecentB,primary,23.0,,,HIGH,30.0,1.766666665,0.0588888888333333,1.579024034245004,50.0,0.3211851851333333,-0.2034074074666666,False,True,,,-0.0047342995144927,NORMAL < HIGH < LOW
RecentB,primary,24.0,,,LOW,23.0,1.01111111,0.0439613526086956,1.412511332126016,65.21739130434783,0.2308148148,-0.306388889,False,True,,,-0.0590724637086956,NORMAL < HIGH < LOW
RecentB,primary,24.0,,,NORMAL,25.0,-1.775555555,-0.0710222222,0.6114758085339168,56.00000000000001,0.1996031746428571,-0.4154545454545454,False,True,,,-0.0590724637086956,NORMAL < HIGH < LOW
RecentB,primary,24.0,,,HIGH,30.0,-0.453333333,-0.0151111111,0.933431228624586,53.333333333333336,0.397291666625,-0.4864285713571429,False,True,,,-0.0590724637086956,NORMAL < HIGH < LOW
RecentB,primary,25.0,,,LOW,47.0,5.3125,0.113031914893617,1.8198302469135803,55.319148936170215,0.4535576923076923,-0.3085714285714285,False,True,,,-0.1276747720364741,HIGH < NORMAL < LOW
RecentB,primary,25.0,,,NORMAL,77.0,2.505,0.0325324675324675,1.2842553191489363,53.24675324675325,0.2760365853658537,-0.2447916666666666,False,True,,,-0.1276747720364741,HIGH < NORMAL < LOW
RecentB,primary,25.0,,,HIGH,49.0,-0.7175,-0.0146428571428571,0.8946788990825688,46.93877551020408,0.265,-0.2620192307692308,False,True,,,-0.1276747720364741,HIGH < NORMAL < LOW
RecentB,primary,26.0,,,LOW,29.0,0.904444442,0.0311877393793103,1.1325732895288598,51.72413793103448,0.515111111,-0.4873015873571428,False,True,,,0.1761057078514589,LOW < NORMAL < HIGH
RecentB,primary,26.0,,,NORMAL,19.0,1.964444444,0.1033918128421052,1.5271317827793265,52.63157894736842,0.5691111111,-0.4140740741111111,True,True,,,0.1761057078514589,LOW < NORMAL < HIGH
RecentB,primary,26.0,,,HIGH,39.0,8.084444442,0.2072934472307692,2.6703397603986905,74.35897435897436,0.4456704980344828,-0.4840000001,False,True,,,0.1761057078514589,LOW < NORMAL < HIGH
RecentB,primary,27.0,,,LOW,31.0,4.081666667,0.1316666666774193,2.3040468588830825,67.74193548387096,0.3434126983809524,-0.3129999999,False,True,,,0.1503225806451613,NORMAL < LOW < HIGH
RecentB,primary,27.0,,,NORMAL,36.0,2.913333334,0.0809259259444444,1.7866786679051885,58.333333333333336,0.3150793651428571,-0.2645238095714285,False,True,,,0.1503225806451613,NORMAL < LOW < HIGH
RecentB,primary,27.0,,,HIGH,31.0,8.741666667,0.2819892473225807,3.917130144391866,64.51612903225806,0.5869166667,-0.2724242424545454,False,True,,,0.1503225806451613,NORMAL < LOW < HIGH
RecentB,primary,28.0,,,LOW,32.0,5.862666662,0.1832083331875,3.3627082188708473,65.625,0.3973333331428572,-0.2255757576363636,False,True,,,0.0507599207172619,NORMAL < LOW < HIGH
RecentB,primary,28.0,,,NORMAL,45.0,6.018666668,0.1337481481777777,2.365809380546826,66.66666666666666,0.3475111111,-0.2937777776666667,False,True,,,0.0507599207172619,NORMAL < LOW < HIGH
RecentB,primary,28.0,,,HIGH,21.0,4.913333332,0.2339682539047619,2.434968846962617,66.66666666666666,0.5955238094285714,-0.4891428571428571,False,True,,,0.0507599207172619,NORMAL < LOW < HIGH
RecentB,primary,,Portfolio,trade_weighted,LOW,964.0,71.847686995,0.0745307956379668,1.363129586212877,53.7344398340249,0.5206651874150579,-0.4436252916726457,False,,22.0,13.0,0.0288641546646083,LOW < HIGH < NORMAL
RecentB,primary,,Portfolio,strategy_equal_weighted,LOW,,,0.0716368179009504,,,,,,,22.0,13.0,0.0419852263190254,LOW < NORMAL < HIGH
RecentB,primary,,Portfolio,trade_weighted,NORMAL,884.0,108.771852095,0.1230450815554298,1.6543901391923954,56.10859728506787,0.5544163551572581,-0.4328610939140624,False,,22.0,13.0,0.0288641546646083,LOW < HIGH < NORMAL
RecentB,primary,,Portfolio,strategy_equal_weighted,NORMAL,,,0.1132600504006188,,,,,,,22.0,13.0,0.0419852263190254,LOW < NORMAL < HIGH
RecentB,primary,,Portfolio,trade_weighted,HIGH,932.0,96.364093682,0.1033949503025751,1.4623640711536072,54.72103004291845,0.597608126182353,-0.4938768973246445,False,,22.0,13.0,0.0288641546646083,LOW < HIGH < NORMAL
RecentB,primary,,Portfolio,strategy_equal_weighted,HIGH,,,0.1136220442199758,,,,,,,22.0,13.0,0.0419852263190254,LOW < NORMAL < HIGH
RecentB,primary,,JPY,trade_weighted,LOW,593.0,50.876482813,0.085795080629005,1.37148070777569,53.288364249578414,0.5944063441265823,-0.4944257109422383,False,,12.0,10.0,0.0575609070951328,LOW < HIGH < NORMAL
RecentB,primary,,JPY,strategy_equal_weighted,LOW,,,0.083535741356331,,,,,,,12.0,10.0,0.0808497336288571,LOW < HIGH < NORMAL
RecentB,primary,,JPY,trade_weighted,NORMAL,461.0,86.879446609,0.1884586694338395,1.8752563978626648,56.61605206073753,0.7131845075057471,-0.501321766919192,False,,12.0,10.0,0.0575609070951328,LOW < HIGH < NORMAL
RecentB,primary,,JPY,strategy_equal_weighted,NORMAL,,,0.1739386553373845,,,,,,,12.0,10.0,0.0808497336288571,LOW < HIGH < NORMAL
RecentB,primary,,JPY,trade_weighted,HIGH,551.0,78.989149236,0.1433559877241379,1.6096502271299966,57.3502722323049,0.6599805379082279,-0.5513391520978723,False,,12.0,10.0,0.0575609070951328,LOW < HIGH < NORMAL
RecentB,primary,,JPY,strategy_equal_weighted,HIGH,,,0.1643854749851882,,,,,,,12.0,10.0,0.0808497336288571,LOW < HIGH < NORMAL
RecentB,primary,,AUD_nonJPY,trade_weighted,LOW,371.0,20.971204182,0.0565261568247978,1.3443493307383747,54.44743935309974,0.4053077343415842,-0.3603606991420118,False,,10.0,7.0,-0.010922628095139,HIGH < NORMAL < LOW
RecentB,primary,,AUD_nonJPY,strategy_equal_weighted,LOW,,,0.0573581097544936,,,,,,,10.0,7.0,-0.0046521824527726,NORMAL < HIGH < LOW
RecentB,primary,,AUD_nonJPY,trade_weighted,NORMAL,423.0,21.892405486,0.0517550957115839,1.3269624051925455,55.55555555555556,0.3780823646765957,-0.3599836032956989,False,,10.0,7.0,-0.010922628095139,HIGH < NORMAL < LOW
RecentB,primary,,AUD_nonJPY,strategy_equal_weighted,NORMAL,,,0.0404457244765,,,,,,,10.0,7.0,-0.0046521824527726,NORMAL < HIGH < LOW
RecentB,primary,,AUD_nonJPY,trade_weighted,HIGH,381.0,17.374944446,0.0456035287296587,1.220350627628636,50.91863517060368,0.4960118266701031,-0.4216649728770054,False,,10.0,7.0,-0.010922628095139,HIGH < NORMAL < LOW
RecentB,primary,,AUD_nonJPY,strategy_equal_weighted,HIGH,,,0.0527059273017209,,,,,,,10.0,7.0,-0.0046521824527726,NORMAL < HIGH < LOW
RecentB,primary,,Long,trade_weighted,LOW,545.0,36.906766356,0.0677188373504587,1.3535989547941083,53.76146788990825,0.4821891266860068,-0.4141851101706349,False,,13.0,7.0,0.0381698982142895,LOW < HIGH < NORMAL
RecentB,primary,,Long,strategy_equal_weighted,LOW,,,0.0633866401469211,,,,,,,13.0,7.0,0.038118949432572,LOW < HIGH < NORMAL
RecentB,primary,,Long,trade_weighted,NORMAL,510.0,69.431684705,0.136140558245098,1.8057317144789595,59.6078431372549,0.5118549257796052,-0.4244936587783252,False,,13.0,7.0,0.0381698982142895,LOW < HIGH < NORMAL
RecentB,primary,,Long,strategy_equal_weighted,NORMAL,,,0.1423775363254393,,,,,,,13.0,7.0,0.038118949432572,LOW < HIGH < NORMAL
RecentB,primary,,Long,trade_weighted,HIGH,556.0,58.874136974,0.1058887355647482,1.5183648967010104,56.83453237410072,0.5457302684968355,-0.4732359494624999,False,,13.0,7.0,0.0381698982142895,LOW < HIGH < NORMAL
RecentB,primary,,Long,strategy_equal_weighted,HIGH,,,0.1015055895794932,,,,,,,13.0,7.0,0.038118949432572,LOW < HIGH < NORMAL
RecentB,primary,,Short,trade_weighted,LOW,419.0,34.940920639,0.0833912187088305,1.3737707131155366,53.699284009546545,0.57076956872,-0.4818671769226804,False,,9.0,6.0,0.0163161129613822,LOW < HIGH < NORMAL
RecentB,primary,,Short,strategy_equal_weighted,LOW,,,0.0835537413234371,,,,,,,9.0,6.0,0.0475698484883469,NORMAL < LOW < HIGH
RecentB,primary,,Short,trade_weighted,NORMAL,374.0,39.34016739,0.1051876133422459,1.4914667508893245,51.33689839572193,0.6218052850052084,-0.4422455653646409,False,,9.0,6.0,0.0163161129613822,LOW < HIGH < NORMAL
RecentB,primary,,Short,strategy_equal_weighted,NORMAL,,,0.0712014596203226,,,,,,,9.0,6.0,0.0475698484883469,NORMAL < LOW < HIGH
RecentB,primary,,Short,trade_weighted,HIGH,376.0,37.489956708,0.0997073316702127,1.3952992922263967,51.59574468085106,0.6821102036494845,-0.5210957296703297,False,,9.0,6.0,0.0163161129613822,LOW < HIGH < NORMAL
RecentB,primary,,Short,strategy_equal_weighted,HIGH,,,0.131123589811784,,,,,,,9.0,6.0,0.0475698484883469,NORMAL < LOW < HIGH
RecentB,robustness,1.0,,,LOW,50.0,8.135714285,0.1627142857,1.5525371105886248,46.0,0.9939130435217391,-0.5453439154074075,False,True,,,0.0001428571571428,LOW < HIGH < NORMAL
RecentB,robustness,1.0,,,NORMAL,48.0,11.624285716,0.2421726190833333,1.965357693853317,58.333333333333336,0.8452040816785714,-0.60207142855,False,True,,,0.0001428571571428,LOW < HIGH < NORMAL
RecentB,robustness,1.0,,,HIGH,49.0,7.98,0.1628571428571428,1.6072399174021277,65.3061224489796,0.66004464284375,-0.7730252100588235,False,True,,,0.0001428571571428,LOW < HIGH < NORMAL
RecentB,robustness,2.0,,,LOW,58.0,2.9400000040000003,0.0506896552413793,1.1415275996745338,53.44827586206896,0.7649462367096774,-0.769382716074074,False,True,,,0.0200174155040752,LOW < HIGH < NORMAL
RecentB,robustness,2.0,,,NORMAL,59.0,15.535555559,0.263314501,2.0002861643297,62.71186440677966,0.8396396396756757,-0.7059595958636363,False,True,,,0.0200174155040752,LOW < HIGH < NORMAL
RecentB,robustness,2.0,,,HIGH,55.0,3.888888891,0.0707070707454545,1.2191883768752405,56.36363636363636,0.6977777778387096,-0.7392592592499999,False,True,,,0.0200174155040752,LOW < HIGH < NORMAL
RecentB,robustness,3.0,,,LOW,58.0,0.1506666649999999,0.0025977011206896,1.0119349386089986,48.27586206896552,0.4562380951785714,-0.4353103448275862,False,True,,,0.1328308702900246,LOW < HIGH < NORMAL
RecentB,robustness,3.0,,,NORMAL,59.0,10.263999999,0.173966101677966,2.1801318411076243,69.49152542372882,0.4624715446829268,-0.4831851851666666,False,True,,,0.1328308702900246,LOW < HIGH < NORMAL
RecentB,robustness,3.0,,,HIGH,56.0,7.583999999,0.1354285714107142,2.0168037180900606,67.85714285714286,0.3958596491052631,-0.4387450980588235,False,True,,,0.1328308702900246,LOW < HIGH < NORMAL
RecentB,robustness,4.0,,,LOW,53.0,2.2746153799999997,0.0429172713207547,1.439506538719631,56.60377358490566,0.2483333332666666,-0.2250167225217391,False,True,,,0.001135261459733,LOW < HIGH < NORMAL
RecentB,robustness,4.0,,,NORMAL,67.0,4.134615382,0.0617106773432835,1.7090093648928744,55.223880597014926,0.2693555093243243,-0.1943846154333333,False,True,,,0.001135261459733,LOW < HIGH < NORMAL
RecentB,robustness,4.0,,,HIGH,41.0,1.806153844,0.0440525327804878,1.3957525698838444,51.21951219512195,0.3033333332380952,-0.2281923077,False,True,,,0.001135261459733,LOW < HIGH < NORMAL
RecentB,robustness,5.0,,,LOW,66.0,-1.5488888880000002,-0.0234680134545454,0.9410894645982428,42.42424242424242,0.8836904762142856,-0.6919005847894737,False,True,,,0.075446704468244,LOW < HIGH < NORMAL
RecentB,robustness,5.0,,,NORMAL,80.0,9.395555558,0.1174444444749999,1.4900608520601573,52.5,0.6801851852380952,-0.5045321637368421,False,True,,,0.075446704468244,LOW < HIGH < NORMAL
RecentB,robustness,5.0,,,HIGH,73.0,3.794444444,0.0519786910136986,1.1505798315260098,45.20547945205479,0.8785858586666666,-0.6299722222999999,False,True,,,0.075446704468244,LOW < HIGH < NORMAL
RecentB,robustness,6.0,,,LOW,33.0,7.598,0.2302424242424242,1.6610405428919437,57.57575757575758,1.0048421052631578,-0.821,False,True,,,0.1849242424242424,LOW < HIGH < NORMAL
RecentB,robustness,6.0,,,NORMAL,27.0,15.394,0.5701481481481482,3.513716525146963,70.37037037037037,1.1325263157894738,-0.7655,False,True,,,0.1849242424242424,LOW < HIGH < NORMAL
RecentB,robustness,6.0,,,HIGH,24.0,9.964,0.4151666666666667,2.2139376218323585,58.333333333333336,1.298,-0.8208,False,True,,,0.1849242424242424,LOW < HIGH < NORMAL
RecentB,robustness,7.0,,,LOW,43.0,2.363846154,0.054973166372093,1.4109387536547413,51.162790697674424,0.3689160839545454,-0.2739194139523809,False,True,,,0.1307136468064784,LOW < NORMAL < HIGH
RecentB,robustness,7.0,,,NORMAL,30.0,3.396153845,0.1132051281666666,3.028020210145149,73.33333333333333,0.2304895104545454,-0.209326923125,False,True,,,0.1307136468064784,LOW < NORMAL < HIGH
RecentB,robustness,7.0,,,HIGH,28.0,5.199230769,0.1856868131785714,2.9938053086461744,57.14285714285714,0.487932692375,-0.2173076924166666,False,True,,,0.1307136468064784,LOW < NORMAL < HIGH
RecentB,robustness,8.0,,,LOW,33.0,0.411428574,0.0124675325454545,1.060516915710563,51.51515151515152,0.424117647117647,-0.4249107141875,False,True,,,0.1403896102982954,LOW < HIGH < NORMAL
RecentB,robustness,8.0,,,NORMAL,35.0,9.98142857,0.2851836734285714,3.413471502662085,65.71428571428571,0.6137888197826087,-0.3446428570833333,False,True,,,0.1403896102982954,LOW < HIGH < NORMAL
RecentB,robustness,8.0,,,HIGH,32.0,4.8914285710000005,0.15285714284375,1.7357112161569157,56.25,0.6411111110555556,-0.4748979591428571,False,True,,,0.1403896102982954,LOW < HIGH < NORMAL
RecentB,robustness,9.0,,,LOW,20.0,3.536666667,0.17683333335,1.4397016163050025,45.0,1.2866666666666666,-0.7312121211818181,False,True,,,-0.2063333333,HIGH < NORMAL < LOW
RecentB,robustness,9.0,,,NORMAL,17.0,-0.1100000000000001,-0.0064705882352941,0.9827315541601256,58.82352941176471,0.626,-0.91,True,True,,,-0.2063333333,HIGH < NORMAL < LOW
RecentB,robustness,9.0,,,HIGH,20.0,-0.589999999,-0.02949999995,0.9450310559920816,40.0,1.26791666675,-0.8944444444166667,False,True,,,-0.2063333333,HIGH < NORMAL < LOW
RecentB,robustness,10.0,,,LOW,14.0,1.032,0.0737142857142857,2.06832298136646,50.0,0.2854285714285714,-0.1379999999999999,True,False,,,-0.1017142857142857,HIGH < NORMAL < LOW
RecentB,robustness,10.0,,,NORMAL,27.0,0.976,0.0361481481481481,1.29683698296837,51.85185185185185,0.3045714285714286,-0.2529230769230769,False,False,,,-0.1017142857142857,HIGH < NORMAL < LOW
RecentB,robustness,10.0,,,HIGH,28.0,-0.7839999999999999,-0.0279999999999999,0.8078431372549019,39.285714285714285,0.2996363636363636,-0.24,False,False,,,-0.1017142857142857,HIGH < NORMAL < LOW
RecentB,robustness,11.0,,,LOW,14.0,-1.4690909090000002,-0.1049350649285714,0.5747368421875346,35.714285714285715,0.3970909092,-0.3838383838888888,True,False,,,0.1328571428214285,LOW < HIGH < NORMAL
RecentB,robustness,11.0,,,NORMAL,28.0,3.28,0.1171428571428571,1.617808219188661,53.57142857142857,0.5726060606,-0.4083916083846154,False,False,,,0.1328571428214285,LOW < HIGH < NORMAL
RecentB,robustness,11.0,,,HIGH,28.0,0.7818181809999996,0.0279220778928571,1.1200111637136485,46.42857142857143,0.5612587411538461,-0.4343030302666666,False,False,,,0.1328571428214285,LOW < HIGH < NORMAL
RecentB,robustness,12.0,,,LOW,34.0,6.177,0.1816764705882352,1.511341059602649,47.05882352941176,1.1410625,-0.6711111111111111,False,True,,,0.0938719165085389,LOW < HIGH < NORMAL
RecentB,robustness,12.0,,,NORMAL,29.0,13.669,0.4713448275862069,3.2705980066445184,58.620689655172406,1.1581764705882354,-0.5016666666666666,False,True,,,0.0938719165085389,LOW < HIGH < NORMAL
RecentB,robustness,12.0,,,HIGH,31.0,8.542,0.2755483870967742,1.9088200872433232,61.29032258064516,0.9442631578947368,-0.7832500000000001,False,True,,,0.0938719165085389,LOW < HIGH < NORMAL
RecentB,robustness,13.0,,,LOW,15.0,1.059999999,0.0706666666,1.5539053898793964,53.333333333333336,0.37171052625,-0.2733834587142857,True,False,,,0.1202807016999999,LOW < NORMAL < HIGH
RecentB,robustness,13.0,,,NORMAL,13.0,1.928421051,0.1483400808461538,3.360824738141009,61.53846153846154,0.343157894625,-0.1633684212,True,False,,,0.1202807016999999,LOW < NORMAL < HIGH
RecentB,robustness,13.0,,,HIGH,10.0,1.909473683,0.1909473682999999,3.4058355408055356,60.0,0.4505263156666666,-0.19842105275,True,False,,,0.1202807016999999,LOW < NORMAL < HIGH
RecentB,robustness,14.0,,,LOW,4.0,2.1488888900000003,0.5372222225000001,3.1488888900000003,75.0,1.04962963,-1.0,True,False,,,0.2849999999999999,LOW < HIGH < NORMAL
RecentB,robustness,14.0,,,NORMAL,7.0,6.371111113,0.9101587304285716,7.371111113,85.71428571428571,1.2285185188333334,-1.0,True,False,,,0.2849999999999999,LOW < HIGH < NORMAL
RecentB,robustness,14.0,,,HIGH,2.0,1.644444445,0.8222222225,inf,100.0,0.8222222225,,True,False,,,0.2849999999999999,LOW < HIGH < NORMAL
RecentB,robustness,15.0,,,LOW,5.0,0.5,0.1,1.1666666666666667,40.0,1.75,-1.0,True,False,,,0.7333333333333334,INCOMPLETE
RecentB,robustness,15.0,,,NORMAL,0.0,0.0,,,,,,True,False,,,0.7333333333333334,INCOMPLETE
RecentB,robustness,15.0,,,HIGH,6.0,5.0,0.8333333333333334,3.5,66.66666666666666,1.75,-1.0,True,False,,,0.7333333333333334,INCOMPLETE
RecentB,robustness,16.0,,,LOW,2.0,0.2622222219999999,0.1311111109999999,9.428571451530612,50.0,0.293333333,-0.031111111,True,False,,,0.1944444445,LOW < HIGH < NORMAL
RecentB,robustness,16.0,,,NORMAL,3.0,1.4644444440000002,0.488148148,2.464444444,66.66666666666666,1.232222222,-1.0,True,False,,,0.1944444445,LOW < HIGH < NORMAL
RecentB,robustness,16.0,,,HIGH,4.0,1.302222222,0.3255555555,8.71052630940097,75.0,0.4903703703333333,-0.168888889,True,False,,,0.1944444445,LOW < HIGH < NORMAL
RecentB,robustness,17.0,,,LOW,22.0,5.558571429,0.2526623376818181,2.3445058740939,68.18181818181817,0.6461904762666666,-0.590612245,False,False,,,-0.4788528139318181,HIGH < NORMAL < LOW
RecentB,robustness,17.0,,,NORMAL,20.0,2.697142859,0.13485714295,1.8481581317610063,55.00000000000001,0.5342857144545454,-0.3533333333333333,False,False,,,-0.4788528139318181,HIGH < NORMAL < LOW
RecentB,robustness,17.0,,,HIGH,12.0,-2.714285715,-0.22619047625,0.3721083937748807,41.66666666666667,0.3217142856,-0.6175510204285715,True,False,,,-0.4788528139318181,HIGH < NORMAL < LOW
RecentB,robustness,18.0,,,LOW,69.0,3.476666669,0.0503864734637681,1.3135584731101413,53.62318840579711,0.3936336335945946,-0.3464930554375,False,True,,,-0.1762020762935553,HIGH < LOW < NORMAL
RecentB,robustness,18.0,,,NORMAL,51.0,11.284444445,0.2212636165686274,2.207322872103876,60.78431372549019,0.6655197132903226,-0.4673333333499999,False,True,,,-0.1762020762935553,HIGH < LOW < NORMAL
RecentB,robustness,18.0,,,HIGH,47.0,-5.913333333,-0.1258156028297872,0.636251794163702,40.42553191489361,0.5443859649473685,-0.5805952381071429,False,True,,,-0.1762020762935553,HIGH < LOW < NORMAL
RecentB,robustness,19.0,,,LOW,47.0,5.413333333,0.1151773049574468,1.6452125545118934,59.57446808510638,0.4929761904999999,-0.4415789474210527,False,True,,,0.1317923920425532,NORMAL < LOW < HIGH
RecentB,robustness,19.0,,,NORMAL,38.0,-2.212222222,-0.0582163742631578,0.7813529541229661,55.26315789473685,0.3764550264761905,-0.5951633987058824,False,True,,,0.1317923920425532,NORMAL < LOW < HIGH
RecentB,robustness,19.0,,,HIGH,22.0,5.433333334,0.246969697,2.2994950835929853,54.54545454545454,0.8012037038333334,-0.4181111112,False,True,,,0.1317923920425532,NORMAL < LOW < HIGH
RecentB,robustness,20.0,,,LOW,53.0,-7.6,-0.1433962264150943,0.4583808437856329,32.075471698113205,0.3783529411764706,-0.3897777777777778,False,True,,,0.2020918785890073,LOW < HIGH < NORMAL
RecentB,robustness,20.0,,,NORMAL,42.0,3.2579999999999996,0.0775714285714285,1.3085227272727271,52.38095238095239,0.628090909090909,-0.528,False,True,,,0.2020918785890073,LOW < HIGH < NORMAL
RecentB,robustness,20.0,,,HIGH,46.0,2.7,0.058695652173913,1.1884422110552764,47.82608695652174,0.7739999999999999,-0.597,False,True,,,0.2020918785890073,LOW < HIGH < NORMAL
RecentB,robustness,21.0,,,LOW,37.0,0.924545456,0.024987715027027,1.38500851887224,51.35135135135135,0.1750478468421052,-0.1334090907777777,False,True,,,-0.013497816027027,NORMAL < HIGH < LOW
RecentB,robustness,21.0,,,NORMAL,29.0,-0.271818181,-0.0093730407241379,0.8926969319499514,51.72413793103448,0.1507575758,-0.1809415584285714,False,True,,,-0.013497816027027,NORMAL < HIGH < LOW
RecentB,robustness,21.0,,,HIGH,36.0,0.4136363639999999,0.0114898989999999,1.11205516569919,61.111111111111114,0.1865909091363636,-0.2636688312142857,False,True,,,-0.013497816027027,NORMAL < HIGH < LOW
RecentB,robustness,22.0,,,LOW,25.0,0.968571429,0.03874285716,1.140198511239884,52.0,0.605934065923077,-0.5757142856666667,False,True,,,-0.2591274725830769,HIGH < NORMAL < LOW
RecentB,robustness,22.0,,,NORMAL,28.0,-0.0071428549999997,-0.0002551019642857,0.9990458018127586,46.42857142857143,0.5752747253076923,-0.4990476189333333,False,True,,,-0.2591274725830769,HIGH < NORMAL < LOW
RecentB,robustness,22.0,,,HIGH,26.0,-5.730000001,-0.2203846154230769,0.4603067814856837,23.076923076923077,0.8145238096666668,-0.5587969925789473,False,True,,,-0.2591274725830769,HIGH < NORMAL < LOW
RecentB,robustness,23.0,,,LOW,30.0,0.014444443,0.0004814814333333,1.0041348596354318,46.666666666666664,0.2505555555714285,-0.2183333334375,False,True,,,0.0229576718999999,LOW < HIGH < NORMAL
RecentB,robustness,23.0,,,NORMAL,27.0,3.638888888,0.1347736625185185,4.688063064654097,66.66666666666666,0.2569753085555555,-0.1096296295555555,False,True,,,0.0229576718999999,LOW < HIGH < NORMAL
RecentB,robustness,23.0,,,HIGH,21.0,0.49222222,0.0234391533333333,1.1910306156838133,42.857142857142854,0.3409876542222222,-0.2147222223333333,False,True,,,0.0229576718999999,LOW < HIGH < NORMAL
RecentB,robustness,24.0,,,LOW,30.0,-1.131111113,-0.0377037037666666,0.7848689768674227,63.33333333333333,0.2171929824210526,-0.477979798090909,False,True,,,0.0416190476714285,LOW < NORMAL < HIGH
RecentB,robustness,24.0,,,NORMAL,27.0,-0.168888887,-0.0062551439629629,0.9670710575549516,44.44444444444444,0.4133333334166666,-0.3419259258666666,False,True,,,0.0416190476714285,LOW < NORMAL < HIGH
RecentB,robustness,24.0,,,HIGH,21.0,0.082222222,0.0039153439047619,1.0238709676804996,66.66666666666666,0.2519047618571429,-0.492063492,False,True,,,0.0416190476714285,LOW < NORMAL < HIGH
RecentB,robustness,25.0,,,LOW,66.0,4.4825,0.0679166666666666,1.451523545706371,57.57575757575758,0.3792105263157895,-0.3545535714285714,False,True,,,0.0113782051282051,NORMAL < LOW < HIGH
RecentB,robustness,25.0,,,NORMAL,68.0,-0.4749999999999999,-0.006985294117647,0.945868945868946,45.588235294117645,0.267741935483871,-0.2371621621621621,False,True,,,0.0113782051282051,NORMAL < LOW < HIGH
RecentB,robustness,25.0,,,HIGH,39.0,3.0925,0.0792948717948718,1.9088905216752388,53.84615384615385,0.3092857142857143,-0.1890277777777778,False,True,,,0.0113782051282051,NORMAL < LOW < HIGH
RecentB,robustness,26.0,,,LOW,16.0,-0.1977777790000001,-0.0123611111875,0.9487622334196892,62.5,0.3662222221,-0.6433333333333333,True,False,,,0.2657932098986111,LOW < NORMAL < HIGH
RecentB,robustness,26.0,,,NORMAL,26.0,-0.253333335,-0.0097435898076923,0.961680672021959,42.30769230769231,0.5779797979090909,-0.4407407408,False,False,,,0.2657932098986111,LOW < NORMAL < HIGH
RecentB,robustness,26.0,,,HIGH,45.0,11.404444442,0.2534320987111111,3.3190239483165556,73.33333333333333,0.4946127945757576,-0.4098148149166666,False,False,,,0.2657932098986111,LOW < NORMAL < HIGH
RecentB,robustness,27.0,,,LOW,33.0,2.613333332,0.0791919191515151,1.7095022619530311,60.60606060606061,0.3148333333,-0.2833333333846153,False,True,,,0.0622080808884848,LOW < HIGH < NORMAL
RecentB,robustness,27.0,,,NORMAL,40.0,9.588333335,0.239708333375,5.0343618531653185,67.5,0.4431481481851851,-0.1980555555,False,True,,,0.0622080808884848,LOW < HIGH < NORMAL
RecentB,robustness,27.0,,,HIGH,25.0,3.535000001,0.14140000004,1.9376657827586208,60.0,0.4870000000666666,-0.377,False,True,,,0.0622080808884848,LOW < HIGH < NORMAL
RecentB,robustness,28.0,,,LOW,31.0,8.830666662,0.2848602149032258,6.473553713853904,70.96774193548387,0.4747272725454545,-0.1792592593333333,False,True,,,-0.1082748490495672,NORMAL < HIGH < LOW
RecentB,robustness,28.0,,,NORMAL,26.0,0.724,0.0278461538461538,1.1926898509752208,65.38461538461539,0.263607843117647,-0.4174814814444444,False,True,,,-0.1082748490495672,NORMAL < HIGH < LOW
RecentB,robustness,28.0,,,HIGH,41.0,7.24,0.1765853658536585,2.465191581615,63.41463414634146,0.4685128204615384,-0.3294222221333333,False,True,,,-0.1082748490495672,NORMAL < HIGH < LOW
RecentB,robustness,,Portfolio,trade_weighted,LOW,961.0,58.926812904,0.0613182236253902,1.2820651626635065,52.13319458896982,0.5346085196766467,-0.4551460903137255,False,,20.0,15.0,0.0342461134529507,LOW < HIGH < NORMAL
RecentB,robustness,,Portfolio,strategy_equal_weighted,LOW,,,0.0686144264803853,,,,,,,20.0,15.0,0.0244042126941613,LOW < HIGH < NORMAL
RecentB,robustness,,Portfolio,trade_weighted,NORMAL,951.0,135.106975284,0.1420683231167192,1.8048266399396695,57.833859095688744,0.550868870689091,-0.4196772589874999,False,,20.0,15.0,0.0342461134529507,LOW < HIGH < NORMAL
RecentB,robustness,,Portfolio,strategy_equal_weighted,NORMAL,,,0.1456048886260709,,,,,,,20.0,15.0,0.0244042126941613,LOW < HIGH < NORMAL
RecentB,robustness,,Portfolio,trade_weighted,HIGH,868.0,82.949844584,0.095564337078341,1.4238435670076126,54.493087557603694,0.5891299711522199,-0.4979863403842239,False,,20.0,15.0,0.0342461134529507,LOW < HIGH < NORMAL
RecentB,robustness,,Portfolio,strategy_equal_weighted,HIGH,,,0.0930186391745467,,,,,,,20.0,15.0,0.0244042126941613,LOW < HIGH < NORMAL
RecentB,robustness,,JPY,trade_weighted,LOW,518.0,35.375291264,0.06829206807722,1.2563746830554487,50.0,0.669336179088803,-0.5348169733333333,False,,10.0,9.0,0.0714044535242836,LOW < HIGH < NORMAL
RecentB,robustness,,JPY,strategy_equal_weighted,LOW,,,0.0891643827026485,,,,,,,10.0,9.0,0.0573139191616775,LOW < HIGH < NORMAL
RecentB,robustness,,JPY,trade_weighted,NORMAL,555.0,107.051237902,0.1928851133369369,2.033083679868734,59.81981981981982,0.6345609801114458,-0.4646771636547085,False,,10.0,9.0,0.0714044535242836,LOW < HIGH < NORMAL
RecentB,robustness,,JPY,strategy_equal_weighted,NORMAL,,,0.2292019532673882,,,,,,,10.0,9.0,0.0573139191616775,LOW < HIGH < NORMAL
RecentB,robustness,,JPY,trade_weighted,HIGH,532.0,74.318549492,0.1396965216015037,1.5984910350660153,56.766917293233085,0.6572685278178807,-0.5422556589912664,False,,10.0,9.0,0.0714044535242836,LOW < HIGH < NORMAL
RecentB,robustness,,JPY,strategy_equal_weighted,HIGH,,,0.146478301864326,,,,,,,10.0,9.0,0.0573139191616775,LOW < HIGH < NORMAL
RecentB,robustness,,AUD_nonJPY,trade_weighted,LOW,443.0,23.55152164,0.0531637057336343,1.3320423223986928,54.627539503386,0.390416520553719,-0.3528819718109452,False,,10.0,4.0,-0.0274753274836343,HIGH < LOW < NORMAL
RecentB,robustness,,AUD_nonJPY,strategy_equal_weighted,LOW,,,0.0480644702581221,,,,,,,10.0,4.0,-0.0085054937733547,HIGH < LOW < NORMAL
RecentB,robustness,,AUD_nonJPY,trade_weighted,NORMAL,396.0,28.055737382,0.0708478216717171,1.4366794725594132,55.05050505050505,0.4234111627614678,-0.3629824638418079,False,,10.0,4.0,-0.0274753274836343,HIGH < LOW < NORMAL
RecentB,robustness,,AUD_nonJPY,strategy_equal_weighted,NORMAL,,,0.0620078239847536,,,,,,,10.0,4.0,-0.0085054937733547,HIGH < LOW < NORMAL
RecentB,robustness,,AUD_nonJPY,trade_weighted,HIGH,336.0,8.631295092,0.02568837825,1.1206632658336224,50.89285714285714,0.4687917014853801,-0.4361712552560975,False,,10.0,4.0,-0.0274753274836343,HIGH < LOW < NORMAL
RecentB,robustness,,AUD_nonJPY,strategy_equal_weighted,HIGH,,,0.0395589764847674,,,,,,,10.0,4.0,-0.0085054937733547,HIGH < LOW < NORMAL
RecentB,robustness,,Long,trade_weighted,LOW,566.0,35.656554609000004,0.0629974463056537,1.3072996080340566,54.06360424028268,0.495713874382353,-0.4479995789652509,False,,12.0,10.0,0.0583581568500839,LOW < HIGH < NORMAL
RecentB,robustness,,Long,strategy_equal_weighted,LOW,,,0.0638102397156057,,,,,,,12.0,10.0,0.0435265216810062,LOW < HIGH < NORMAL
RecentB,robustness,,Long,trade_weighted,NORMAL,557.0,70.33449908600001,0.1262737865098743,1.7288227605316455,57.45062836624776,0.5213711131812501,-0.4071909583628692,False,,12.0,10.0,0.0583581568500839,LOW < HIGH < NORMAL
RecentB,robustness,,Long,strategy_equal_weighted,NORMAL,,,0.1357179911513148,,,,,,,12.0,10.0,0.0435265216810062,LOW < HIGH < NORMAL
RecentB,robustness,,Long,trade_weighted,HIGH,488.0,59.22153434,0.1213556031557377,1.646612666746902,58.81147540983606,0.525466462097561,-0.4602378908643216,False,,12.0,10.0,0.0583581568500839,LOW < HIGH < NORMAL
RecentB,robustness,,Long,strategy_equal_weighted,HIGH,,,0.107336761396612,,,,,,,12.0,10.0,0.0435265216810062,LOW < HIGH < NORMAL
RecentB,robustness,,Short,trade_weighted,LOW,395.0,23.270258295,0.0589120463164556,1.2505406662420255,49.36708860759494,0.5956431938307692,-0.46440082251,False,,8.0,5.0,0.0035308753782811,LOW < HIGH < NORMAL
RecentB,robustness,,Short,strategy_equal_weighted,LOW,,,0.0758207066275547,,,,,,,8.0,5.0,-0.0042792507861059,HIGH < LOW < NORMAL
RecentB,robustness,,Short,trade_weighted,NORMAL,394.0,64.772476198,0.1643971477106599,1.9076015114649003,58.37563451776649,0.5919092289608695,-0.4378321868895705,False,,8.0,5.0,0.0035308753782811,LOW < HIGH < NORMAL
RecentB,robustness,,Short,strategy_equal_weighted,NORMAL,,,0.1604352348382051,,,,,,,8.0,5.0,-0.0042792507861059,HIGH < LOW < NORMAL
RecentB,robustness,,Short,trade_weighted,HIGH,380.0,23.728310244,0.0624429216947368,1.227891048071631,48.94736842105264,0.6873634501774194,-0.5367076880876289,False,,8.0,5.0,0.0035308753782811,LOW < HIGH < NORMAL
RecentB,robustness,,Short,strategy_equal_weighted,HIGH,,,0.0715414558414488,,,,,,,8.0,5.0,-0.0042792507861059,HIGH < LOW < NORMAL
Monitor2026,primary,1.0,,,LOW,18.0,-1.767142858,-0.0981746032222222,0.7035705726140838,61.111111111111114,0.3812987012727273,-0.8516326531428572,True,False,,,0.8107460317222223,NORMAL < LOW < HIGH
Monitor2026,primary,1.0,,,NORMAL,20.0,-4.067142859,-0.2033571429499999,0.4759801212791474,45.0,0.4104761903333334,-0.7055844156363636,False,False,,,0.8107460317222223,NORMAL < LOW < HIGH
Monitor2026,primary,1.0,,,HIGH,10.0,7.125714285,0.7125714285,inf,100.0,0.7125714285,,True,False,,,0.8107460317222223,NORMAL < LOW < HIGH
Monitor2026,primary,2.0,,,LOW,22.0,0.4622222219999999,0.0210101009999999,1.0729824561091044,50.0,0.6177777777272727,-0.5757575757272727,False,False,,,0.1703232324,NORMAL < LOW < HIGH
Monitor2026,primary,2.0,,,NORMAL,26.0,0.5044444459999998,0.0194017094615384,1.071903706277471,53.84615384615385,0.5371428572142857,-0.5846296295833333,False,False,,,0.1703232324,NORMAL < LOW < HIGH
Monitor2026,primary,2.0,,,HIGH,10.0,1.913333334,0.1913333334,2.609345794802865,80.0,0.387777777875,-0.5944444445,True,False,,,0.1703232324,NORMAL < LOW < HIGH
Monitor2026,primary,3.0,,,LOW,22.0,-0.008,-0.0003636363636363,0.9973637961329884,50.0,0.2751515150909091,-0.2758787878181818,False,False,,,0.1842303029636363,LOW < NORMAL < HIGH
Monitor2026,primary,3.0,,,NORMAL,26.0,1.586666667,0.0610256410384615,1.4648437500068665,57.692307692307686,0.3333333334,-0.3103030303636363,False,False,,,0.1842303029636363,LOW < NORMAL < HIGH
Monitor2026,primary,3.0,,,HIGH,10.0,1.838666666,0.1838666666,4.798898062398971,70.0,0.3318095238571428,-0.1613333336666666,True,False,,,0.1842303029636363,LOW < NORMAL < HIGH
Monitor2026,primary,4.0,,,LOW,14.0,0.323076923,0.0230769230714285,1.3733333329789628,50.0,0.1697802198571428,-0.1236263737142857,True,False,,,0.0305029585824175,LOW < HIGH < NORMAL
Monitor2026,primary,4.0,,,NORMAL,22.0,1.661538461,0.0755244755,2.0661401769761607,54.54545454545454,0.2683333333333333,-0.1558461539,False,False,,,0.0305029585824175,LOW < HIGH < NORMAL
Monitor2026,primary,4.0,,,HIGH,26.0,1.393076923,0.0535798816538461,1.7281865705345645,50.0,0.2543195265384615,-0.1471597632307692,False,False,,,0.0305029585824175,LOW < HIGH < NORMAL
Monitor2026,primary,5.0,,,LOW,18.0,-3.298888889,-0.1832716049444444,0.4477306548049408,27.77777777777778,0.5348888890000001,-0.4594871795384616,True,False,,,-0.0213260962279693,HIGH < LOW < NORMAL
Monitor2026,primary,5.0,,,NORMAL,32.0,6.591111114,0.2059722223125,1.7884104205235432,43.75,1.067936508,-0.4644444443333333,False,False,,,-0.0213260962279693,HIGH < LOW < NORMAL
Monitor2026,primary,5.0,,,HIGH,29.0,-5.933333334,-0.2045977011724138,0.4424723323541965,44.827586206896555,0.3622222221538461,-0.6651388888750001,False,False,,,-0.0213260962279693,HIGH < LOW < NORMAL
Monitor2026,primary,6.0,,,LOW,10.0,4.37,0.437,2.7895167895167896,60.0,1.1353333333333333,-0.6105,True,False,,,-0.2198888888888888,NORMAL < HIGH < LOW
Monitor2026,primary,6.0,,,NORMAL,9.0,-0.6400000000000001,-0.0711111111111111,0.8318444561219127,55.55555555555556,0.6332,-0.9515,True,False,,,-0.2198888888888888,NORMAL < HIGH < LOW
Monitor2026,primary,6.0,,,HIGH,9.0,1.954,0.2171111111111111,1.5857314148681056,55.55555555555556,1.058,-0.834,True,False,,,-0.2198888888888888,NORMAL < HIGH < LOW
Monitor2026,primary,7.0,,,LOW,10.0,1.553846153,0.1553846153,3.054933875189203,90.0,0.2566666665555555,-0.756153846,True,False,,,-0.1068639052230769,NORMAL < HIGH < LOW
Monitor2026,primary,7.0,,,NORMAL,13.0,0.044615386,0.0034319527692307,1.0333525024899466,53.84615384615385,0.1974725275714285,-0.2229487178333333,True,False,,,-0.1068639052230769,NORMAL < HIGH < LOW
Monitor2026,primary,7.0,,,HIGH,13.0,0.6307692309999999,0.048520710076923,1.779467680152597,61.53846153846154,0.180000000125,-0.161846154,True,False,,,-0.1068639052230769,NORMAL < HIGH < LOW
Monitor2026,primary,8.0,,,LOW,3.0,0.148571429,0.0495238096666666,1.3537414976190476,66.66666666666666,0.2842857145,-0.42,True,False,,,0.0859863944761904,NORMAL < LOW < HIGH
Monitor2026,primary,8.0,,,NORMAL,19.0,0.7399999979999998,0.0389473683157894,1.1307750564404866,63.1578947368421,0.5332142855833334,-0.808367347,True,False,,,0.0859863944761904,NORMAL < LOW < HIGH
Monitor2026,primary,8.0,,,HIGH,14.0,1.897142858,0.1355102041428571,1.4742857145,71.42857142857143,0.5897142858000001,-1.0,True,False,,,0.0859863944761904,NORMAL < LOW < HIGH
Monitor2026,primary,9.0,,,LOW,2.0,-2.0,-1.0,0.0,0.0,,-1.0,True,False,,,0.968750000125,LOW < NORMAL < HIGH
Monitor2026,primary,9.0,,,NORMAL,10.0,-0.3866666669999998,-0.0386666666999999,0.9142011833643342,40.0,1.03,-0.7511111111666667,True,False,,,0.968750000125,LOW < NORMAL < HIGH
Monitor2026,primary,9.0,,,HIGH,8.0,-0.2499999990000001,-0.031249999875,0.9335695308178538,37.5,1.1711111113333332,-0.7526666666,True,False,,,0.968750000125,LOW < NORMAL < HIGH
Monitor2026,primary,10.0,,,LOW,3.0,0.116,0.0386666666666666,3.230769230769231,33.33333333333333,0.168,-0.026,True,False,,,0.0840833333333333,NORMAL < LOW < HIGH
Monitor2026,primary,10.0,,,NORMAL,14.0,-2.038,-0.1455714285714285,0.2523844460748349,42.857142857142854,0.1146666666666666,-0.34075,True,False,,,0.0840833333333333,NORMAL < LOW < HIGH
Monitor2026,primary,10.0,,,HIGH,8.0,0.982,0.12275,2.478915662650602,50.0,0.4115,-0.2213333333333333,True,False,,,0.0840833333333333,NORMAL < LOW < HIGH
Monitor2026,primary,11.0,,,LOW,3.0,-1.789090909,-0.5963636363333333,0.0,0.0,,-0.5963636363333333,True,False,,,0.4386363635833333,LOW < HIGH < NORMAL
Monitor2026,primary,11.0,,,NORMAL,14.0,0.505454545,0.0361038960714285,1.278278277930533,50.0,0.3316883117142857,-0.2594805195714286,True,False,,,0.4386363635833333,LOW < HIGH < NORMAL
Monitor2026,primary,11.0,,,HIGH,8.0,-1.261818182,-0.15772727275,0.5886188499337834,25.0,0.9027272725,-0.5112121211666667,True,False,,,0.4386363635833333,LOW < HIGH < NORMAL
Monitor2026,primary,12.0,,,LOW,2.0,-0.201,-0.1005,0.0,0.0,,-0.1005,True,False,,,-0.2531666666666666,HIGH < LOW < NORMAL
Monitor2026,primary,12.0,,,NORMAL,22.0,0.2589999999999998,0.0117727272727272,1.0576452259069662,50.0,0.432,-0.4084545454545454,False,False,,,-0.2531666666666666,HIGH < LOW < NORMAL
Monitor2026,primary,12.0,,,HIGH,9.0,-3.183,-0.3536666666666666,0.2142680819550728,22.22222222222222,0.434,-0.6751666666666667,True,False,,,-0.2531666666666666,HIGH < LOW < NORMAL
Monitor2026,primary,13.0,,,LOW,2.0,-0.110526316,-0.055263158,0.132231402947203,50.0,0.016842105,-0.127368421,True,False,,,-0.0410526316666666,HIGH < LOW < NORMAL
Monitor2026,primary,13.0,,,NORMAL,7.0,0.1599999999999999,0.0228571428571428,1.16,85.71428571428571,0.1933333333333333,-1.0,True,False,,,-0.0410526316666666,HIGH < LOW < NORMAL
Monitor2026,primary,13.0,,,HIGH,6.0,-0.577894738,-0.0963157896666666,0.4664723022676209,50.0,0.1684210523333333,-0.3610526316666667,True,False,,,-0.0410526316666666,HIGH < LOW < NORMAL
Monitor2026,primary,14.0,,,LOW,1.0,-0.564444444,-0.564444444,0.0,0.0,,-0.564444444,True,False,,,0.83777777725,LOW < NORMAL < HIGH
Monitor2026,primary,14.0,,,NORMAL,1.0,0.106666667,0.106666667,inf,100.0,0.106666667,,True,False,,,0.83777777725,LOW < NORMAL < HIGH
Monitor2026,primary,14.0,,,HIGH,4.0,1.093333333,0.27333333325,2.1207289285326976,50.0,1.0344444445,-0.487777778,True,False,,,0.83777777725,LOW < NORMAL < HIGH
Monitor2026,primary,15.0,,,LOW,0.0,0.0,,,,,,True,False,,,,INCOMPLETE
Monitor2026,primary,15.0,,,NORMAL,0.0,0.0,,,,,,True,False,,,,INCOMPLETE
Monitor2026,primary,15.0,,,HIGH,5.0,6.0,1.2,7.0,80.0,1.75,-1.0,True,False,,,,INCOMPLETE
Monitor2026,primary,16.0,,,LOW,1.0,0.928888889,0.928888889,inf,100.0,0.928888889,,True,False,,,-1.5933333335,HIGH < NORMAL < LOW
Monitor2026,primary,16.0,,,NORMAL,1.0,0.675555556,0.675555556,inf,100.0,0.675555556,,True,False,,,-1.5933333335,HIGH < NORMAL < LOW
Monitor2026,primary,16.0,,,HIGH,2.0,-1.328888889,-0.6644444445,0.0,0.0,,-0.6644444445,True,False,,,-1.5933333335,HIGH < NORMAL < LOW
Monitor2026,primary,17.0,,,LOW,6.0,1.101428571,0.1835714285,3.783393498712351,66.66666666666666,0.37428571425,-0.197857143,True,False,,,-0.27125,NORMAL < HIGH < LOW
Monitor2026,primary,17.0,,,NORMAL,5.0,-0.737142858,-0.1474285716,0.5645569615557336,40.0,0.4778571425,-0.5642857143333333,True,False,,,-0.27125,NORMAL < HIGH < LOW
Monitor2026,primary,17.0,,,HIGH,8.0,-0.701428572,-0.0876785715,0.5726718881390789,50.0,0.23499999975,-0.41035714275,True,False,,,-0.27125,NORMAL < HIGH < LOW
Monitor2026,primary,18.0,,,LOW,20.0,-0.4611111130000001,-0.02305555565,0.9026735455926498,55.00000000000001,0.3887878787272727,-0.5264197532222222,False,True,,,0.04176666677,LOW < HIGH < NORMAL
Monitor2026,primary,18.0,,,NORMAL,16.0,4.91888889,0.307430555625,4.078581365198197,75.0,0.5430555555833333,-0.39944444425,True,True,,,0.04176666677,LOW < HIGH < NORMAL
Monitor2026,primary,18.0,,,HIGH,25.0,0.467777778,0.01871111112,1.081890682788636,48.0,0.515,-0.4394017093846154,False,True,,,0.04176666677,LOW < HIGH < NORMAL
Monitor2026,primary,19.0,,,LOW,14.0,1.134444444,0.081031746,1.8726495716364235,57.14285714285714,0.304305555625,-0.2166666668333333,True,False,,,-0.0251587302142857,NORMAL < HIGH < LOW
Monitor2026,primary,19.0,,,NORMAL,16.0,-2.7711111109999997,-0.1731944444374999,0.3934824903114425,25.0,0.4494444445,-0.38074074075,True,False,,,-0.0251587302142857,NORMAL < HIGH < LOW
Monitor2026,primary,19.0,,,HIGH,14.0,0.7822222209999999,0.0558730157857142,1.302925989108413,35.714285714285715,0.6728888888,-0.2869135803333333,True,False,,,-0.0251587302142857,NORMAL < HIGH < LOW
Monitor2026,primary,20.0,,,LOW,17.0,-0.498,-0.0292941176470588,0.8601909039865245,52.94117647058824,0.3404444444444444,-0.44525,True,False,,,-0.0242296918767507,HIGH < LOW < NORMAL
Monitor2026,primary,20.0,,,NORMAL,16.0,0.43,0.026875,1.1524822695035462,50.0,0.40625,-0.3525,True,False,,,-0.0242296918767507,HIGH < LOW < NORMAL
Monitor2026,primary,20.0,,,HIGH,21.0,-1.124,-0.0535238095238095,0.7629692113032476,61.904761904761905,0.2783076923076923,-0.59275,False,False,,,-0.0242296918767507,HIGH < LOW < NORMAL
Monitor2026,primary,21.0,,,LOW,14.0,1.234545454,0.0881818181428571,7.022172946341463,71.42857142857143,0.1439545454,-0.05125,True,False,,,-0.1183884295974026,HIGH < NORMAL < LOW
Monitor2026,primary,21.0,,,NORMAL,10.0,0.122272729,0.0122272729,1.1861591726952505,50.0,0.1558181818,-0.131363636,True,False,,,-0.1183884295974026,HIGH < NORMAL < LOW
Monitor2026,primary,21.0,,,HIGH,11.0,-0.3322727259999999,-0.0302066114545454,0.6477108442814691,54.54545454545454,0.1018181818333333,-0.1886363633999999,True,False,,,-0.1183884295974026,HIGH < NORMAL < LOW
Monitor2026,primary,22.0,,,LOW,12.0,-3.440000001,-0.28666666675,0.260215053548387,33.33333333333333,0.3024999997499999,-0.58125,True,False,,,0.6912698414166667,NORMAL < LOW < HIGH
Monitor2026,primary,22.0,,,NORMAL,8.0,-2.484285715,-0.310535714375,0.1127551021025874,37.5,0.1052380953333333,-0.5600000002,True,False,,,0.6912698414166667,NORMAL < LOW < HIGH
Monitor2026,primary,22.0,,,HIGH,9.0,3.641428572,0.4046031746666667,2.618412698666667,66.66666666666666,0.981904762,-0.75,True,False,,,0.6912698414166667,NORMAL < LOW < HIGH
Monitor2026,primary,23.0,,,LOW,11.0,0.346666667,0.0315151515454545,1.4036222513061292,54.54545454545454,0.200925926,-0.1717777777999999,True,False,,,-0.065836138989899,HIGH < LOW < NORMAL
Monitor2026,primary,23.0,,,NORMAL,7.0,0.324444445,0.0463492064285714,1.496598640559489,28.57142857142857,0.488888889,-0.1306666665999999,True,False,,,-0.065836138989899,HIGH < LOW < NORMAL
Monitor2026,primary,23.0,,,HIGH,9.0,-0.308888887,-0.0343209874444444,0.6897321442696707,33.33333333333333,0.2288888889999999,-0.1659259256666666,True,False,,,-0.065836138989899,HIGH < LOW < NORMAL
Monitor2026,primary,24.0,,,LOW,11.0,-0.461111112,-0.041919192,0.6672012825446026,45.45454545454545,0.1848888888,-0.230925926,True,False,,,0.0437710438888889,LOW < HIGH < NORMAL
Monitor2026,primary,24.0,,,NORMAL,7.0,1.233333333,0.1761904761428571,6.634517762114458,57.14285714285714,0.3630555555,-0.072962963,True,False,,,0.0437710438888889,LOW < HIGH < NORMAL
Monitor2026,primary,24.0,,,HIGH,9.0,0.0166666670000001,0.0018518518888889,1.0074850300920617,44.44444444444444,0.56083333325,-0.4453333331999999,True,False,,,0.0437710438888889,LOW < HIGH < NORMAL
Monitor2026,primary,25.0,,,LOW,12.0,-1.5875,-0.1322916666666666,0.3864734299516908,33.33333333333333,0.25,-0.3234375,True,False,,,0.1965563725490196,LOW < NORMAL < HIGH
Monitor2026,primary,25.0,,,NORMAL,15.0,-0.99,-0.066,0.5822784810126581,33.33333333333333,0.2759999999999999,-0.237,True,False,,,0.1965563725490196,LOW < NORMAL < HIGH
Monitor2026,primary,25.0,,,HIGH,34.0,2.185,0.0642647058823529,1.373185311699402,58.82352941176471,0.4019999999999999,-0.4182142857142857,False,False,,,0.1965563725490196,LOW < NORMAL < HIGH
Monitor2026,primary,26.0,,,LOW,5.0,0.733333333,0.1466666666,3.46268656420695,80.0,0.25777777775,-0.297777778,True,False,,,0.3716666669,NORMAL < LOW < HIGH
Monitor2026,primary,26.0,,,NORMAL,21.0,0.4733333339999999,0.0225396825714285,1.0883450851477252,57.14285714285714,0.485925926,-0.595308642,False,False,,,0.3716666669,NORMAL < LOW < HIGH
Monitor2026,primary,26.0,,,HIGH,4.0,2.073333334,0.5183333335,inf,100.0,0.5183333335,,True,False,,,0.3716666669,NORMAL < LOW < HIGH
Monitor2026,primary,27.0,,,LOW,10.0,-1.373333331,-0.1373333331,0.4741544359857446,50.0,0.247666667,-0.5223333332,True,False,,,-0.1318333335666666,HIGH < LOW < NORMAL
Monitor2026,primary,27.0,,,NORMAL,13.0,3.380000001,0.2600000000769231,4.153965788276183,53.84615384615385,0.635952381,-0.178611111,True,False,,,-0.1318333335666666,HIGH < LOW < NORMAL
Monitor2026,primary,27.0,,,HIGH,12.0,-3.23,-0.2691666666666666,0.321666083351651,25.0,0.5105555556666667,-0.5290740741111111,True,False,,,-0.1318333335666666,HIGH < LOW < NORMAL
Monitor2026,primary,28.0,,,LOW,14.0,-1.229333332,-0.0878095237142857,0.4967248912381891,35.714285714285715,0.2426666668,-0.2714074073333333,True,False,,,0.1628571427142857,LOW < NORMAL < HIGH
Monitor2026,primary,28.0,,,NORMAL,7.0,-0.261333334,-0.0373333334285714,0.781737193328654,42.857142857142854,0.312,-0.2993333335,True,False,,,0.1628571427142857,LOW < NORMAL < HIGH
Monitor2026,primary,28.0,,,HIGH,14.0,1.050666666,0.075047619,1.306019417311264,50.0,0.6405714284285714,-0.4904761904285714,True,False,,,0.1628571427142857,LOW < NORMAL < HIGH
Monitor2026,primary,,Portfolio,trade_weighted,LOW,277.0,-6.33645822,-0.0228753004332129,0.8859421018179365,50.54151624548736,0.3515592395857143,-0.4055091369489051,False,,1.0,1.0,0.0721820644830663,LOW < NORMAL < HIGH
Monitor2026,primary,,Portfolio,strategy_equal_weighted,LOW,,,-0.02305555565,,,,,,,1.0,1.0,0.04176666677,LOW < HIGH < NORMAL
Monitor2026,primary,,Portfolio,trade_weighted,NORMAL,377.0,9.341643028,0.0247788939734748,1.1190648960301603,50.6631299734748,0.4596861678324607,-0.4218194356344086,False,,1.0,1.0,0.0721820644830663,LOW < NORMAL < HIGH
Monitor2026,primary,,Portfolio,strategy_equal_weighted,NORMAL,,,0.307430555625,,,,,,,1.0,1.0,0.04176666677,LOW < HIGH < NORMAL
Monitor2026,primary,,Portfolio,trade_weighted,HIGH,341.0,16.813606541,0.0493067640498533,1.228912572604172,53.0791788856305,0.4986934298232044,-0.4648728117531646,False,,1.0,1.0,0.0721820644830663,LOW < NORMAL < HIGH
Monitor2026,primary,,Portfolio,strategy_equal_weighted,HIGH,,,0.01871111112,,,,,,,1.0,1.0,0.04176666677,LOW < HIGH < NORMAL
Monitor2026,primary,,JPY,trade_weighted,LOW,136.0,-1.1031544670000002,-0.0081114299044117,0.9642041951384271,50.73529411764706,0.4306496732173913,-0.4599698793880597,False,,0.0,0.0,0.0902053431729832,LOW < NORMAL < HIGH
Monitor2026,primary,,JPY,strategy_equal_weighted,LOW,,,,,,,,,,0.0,0.0,,INCOMPLETE
Monitor2026,primary,,JPY,trade_weighted,NORMAL,257.0,6.176576648,0.0240333721712062,1.105024439577052,52.918287937743195,0.4778487313529412,-0.4860400893884297,False,,0.0,0.0,0.0902053431729832,LOW < NORMAL < HIGH
Monitor2026,primary,,JPY,strategy_equal_weighted,NORMAL,,,,,,,,,,0.0,0.0,,INCOMPLETE
Monitor2026,primary,,JPY,trade_weighted,HIGH,175.0,14.366434822,0.0820939132685714,1.375037842551167,56.00000000000001,0.537480224755102,-0.5107550293866667,False,,0.0,0.0,0.0902053431729832,LOW < NORMAL < HIGH
Monitor2026,primary,,JPY,strategy_equal_weighted,HIGH,,,,,,,,,,0.0,0.0,,INCOMPLETE
Monitor2026,primary,,AUD_nonJPY,trade_weighted,LOW,141.0,-5.2333037529999995,-0.0371156294539007,0.7884402940960006,50.35460992907801,0.2746967054929577,-0.3533824263285714,False,,1.0,1.0,0.0518576277611296,LOW < HIGH < NORMAL
Monitor2026,primary,,AUD_nonJPY,strategy_equal_weighted,LOW,,,-0.02305555565,,,,,,,1.0,1.0,0.04176666677,LOW < HIGH < NORMAL
Monitor2026,primary,,AUD_nonJPY,trade_weighted,NORMAL,120.0,3.1650663800000003,0.0263755531666666,1.1610920491643897,45.83333333333333,0.4147751016727273,-0.3022702186461538,False,,1.0,1.0,0.0518576277611296,LOW < HIGH < NORMAL
Monitor2026,primary,,AUD_nonJPY,strategy_equal_weighted,NORMAL,,,0.307430555625,,,,,,,1.0,1.0,0.04176666677,LOW < HIGH < NORMAL
Monitor2026,primary,,AUD_nonJPY,trade_weighted,HIGH,166.0,2.4471717190000004,0.0147419983072289,1.0696341355790298,50.0,0.4528969731566265,-0.4234129765421686,False,,1.0,1.0,0.0518576277611296,LOW < HIGH < NORMAL
Monitor2026,primary,,AUD_nonJPY,strategy_equal_weighted,HIGH,,,0.01871111112,,,,,,,1.0,1.0,0.04176666677,LOW < HIGH < NORMAL
Monitor2026,primary,,Long,trade_weighted,LOW,170.0,3.51464856,0.0206744032941176,1.115742245405458,55.294117647058826,0.3604342271170212,-0.3995548524868421,False,,0.0,0.0,0.1075703355898602,NORMAL < LOW < HIGH
Monitor2026,primary,,Long,strategy_equal_weighted,LOW,,,,,,,,,,0.0,0.0,,INCOMPLETE
Monitor2026,primary,,Long,trade_weighted,NORMAL,220.0,-3.750779775,-0.0170489989772727,0.9210751235208232,51.81818181818182,0.3839704973508772,-0.4483341176698113,False,,0.0,0.0,0.1075703355898602,NORMAL < LOW < HIGH
Monitor2026,primary,,Long,strategy_equal_weighted,NORMAL,,,,,,,,,,0.0,0.0,,INCOMPLETE
Monitor2026,primary,,Long,trade_weighted,HIGH,181.0,23.212297738,0.1282447388839779,1.8290013347104577,60.22099447513812,0.4698404753211009,-0.388893251,False,,0.0,0.0,0.1075703355898602,NORMAL < LOW < HIGH
Monitor2026,primary,,Long,strategy_equal_weighted,HIGH,,,,,,,,,,0.0,0.0,,INCOMPLETE
Monitor2026,primary,,Short,trade_weighted,LOW,107.0,-9.85110678,-0.0920664185046729,0.6089058765012887,42.99065420560748,0.3334233955,-0.4129275897213114,False,,1.0,1.0,0.0520745985234228,LOW < HIGH < NORMAL
Monitor2026,primary,,Short,strategy_equal_weighted,LOW,,,-0.02305555565,,,,,,,1.0,1.0,0.04176666677,LOW < HIGH < NORMAL
Monitor2026,primary,,Short,trade_weighted,NORMAL,157.0,13.092422803,0.0833912280445859,1.4232236435932817,49.044585987261144,0.571784692961039,-0.3866874819375,False,,1.0,1.0,0.0520745985234228,LOW < HIGH < NORMAL
Monitor2026,primary,,Short,strategy_equal_weighted,NORMAL,,,0.307430555625,,,,,,,1.0,1.0,0.04176666677,LOW < HIGH < NORMAL
Monitor2026,primary,,Short,trade_weighted,HIGH,160.0,-6.398691197000001,-0.03999181998125,0.8592134456888503,45.0,0.5423735970555555,-0.5284836068023255,False,,1.0,1.0,0.0520745985234228,LOW < HIGH < NORMAL
Monitor2026,primary,,Short,strategy_equal_weighted,HIGH,,,0.01871111112,,,,,,,1.0,1.0,0.04176666677,LOW < HIGH < NORMAL
Monitor2026,robustness,1.0,,,LOW,14.0,-3.634285715,-0.2595918367857143,0.4187799861910263,50.0,0.3740816325714285,-0.8932653061428572,True,False,,,0.4499489795357143,LOW < NORMAL < HIGH
Monitor2026,robustness,1.0,,,NORMAL,18.0,1.8799999990000005,0.1044444443888889,1.4217948714893984,66.66666666666666,0.5280952380833334,-0.742857143,True,False,,,0.4499489795357143,LOW < NORMAL < HIGH
Monitor2026,robustness,1.0,,,HIGH,16.0,3.045714284,0.19035714275,2.0109056418676667,68.75,0.5507792206363636,-0.6025714286,True,False,,,0.4499489795357143,LOW < NORMAL < HIGH
Monitor2026,robustness,2.0,,,LOW,20.0,1.446666667,0.07233333335,1.2646341464347115,65.0,0.5317948717692308,-0.7809523808571429,False,False,,,0.0403827160944444,NORMAL < LOW < HIGH
Monitor2026,robustness,2.0,,,NORMAL,20.0,-0.5955555550000001,-0.02977777775,0.8918918919949195,55.00000000000001,0.4466666667272727,-0.6120987654444444,False,False,,,0.0403827160944444,NORMAL < LOW < HIGH
Monitor2026,robustness,2.0,,,HIGH,18.0,2.02888889,0.1127160494444444,1.5695570808215569,50.0,0.621234568,-0.3958024691111111,True,False,,,0.0403827160944444,NORMAL < LOW < HIGH
Monitor2026,robustness,3.0,,,LOW,20.0,0.912000001,0.0456000000499999,1.3866591299849234,55.00000000000001,0.2973333333636364,-0.262074074,False,False,,,0.0478074072833333,NORMAL < LOW < HIGH
Monitor2026,robustness,3.0,,,NORMAL,20.0,0.8240000000000001,0.0412,1.3125948405490917,50.0,0.3460000001,-0.2636000001,False,False,,,0.0478074072833333,NORMAL < LOW < HIGH
Monitor2026,robustness,3.0,,,HIGH,18.0,1.681333332,0.0934074073333333,1.8678595998390024,66.66666666666666,0.3015555555,-0.322888889,True,False,,,0.0478074072833333,NORMAL < LOW < HIGH
Monitor2026,robustness,4.0,,,LOW,14.0,1.193846154,0.0852747252857143,1.998712999163035,57.14285714285714,0.298653846125,-0.1992307691666666,True,False,,,-0.0270695970773809,NORMAL < HIGH < LOW
Monitor2026,robustness,4.0,,,NORMAL,24.0,0.7869230759999999,0.0327884615,1.6591494836779446,58.333333333333336,0.1414835164285714,-0.1193846154,False,False,,,-0.0270695970773809,NORMAL < HIGH < LOW
Monitor2026,robustness,4.0,,,HIGH,24.0,1.396923077,0.0582051282083333,1.7172195891836937,41.66666666666667,0.3344615385,-0.1391208791428571,False,False,,,-0.0270695970773809,NORMAL < HIGH < LOW
Monitor2026,robustness,5.0,,,LOW,18.0,7.258888889,0.4032716049444445,3.066751028318048,50.0,1.1967901234444445,-0.3902469135555556,True,False,,,-0.4115843621296297,NORMAL < HIGH < LOW
Monitor2026,robustness,5.0,,,NORMAL,34.0,-9.675555554,-0.2845751633529412,0.3031370039309582,32.35294117647059,0.3826262627272727,-0.6036714975652174,False,False,,,-0.4115843621296297,NORMAL < HIGH < LOW
Monitor2026,robustness,5.0,,,HIGH,27.0,-0.2244444440000001,-0.0083127571851851,0.9703855740179312,44.44444444444444,0.6128703703333334,-0.5052592592,False,False,,,-0.4115843621296297,NORMAL < HIGH < LOW
Monitor2026,robustness,6.0,,,LOW,4.0,0.3560000000000001,0.089,1.178,50.0,1.178,-1.0,True,False,,,-0.1895454545454545,HIGH < LOW < NORMAL
Monitor2026,robustness,6.0,,,NORMAL,13.0,6.434,0.4949230769230769,4.078468899521531,76.92307692307693,0.8523999999999999,-0.6966666666666667,True,False,,,-0.1895454545454545,HIGH < LOW < NORMAL
Monitor2026,robustness,6.0,,,HIGH,11.0,-1.106,-0.1005454545454545,0.7986894794321078,36.36363636363637,1.097,-0.7848571428571428,True,False,,,-0.1895454545454545,HIGH < LOW < NORMAL
Monitor2026,robustness,7.0,,,LOW,6.0,0.546153845,0.0910256408333333,2.6745282940047614,50.0,0.2907692306666666,-0.108717949,True,False,,,-0.1414990136025641,HIGH < LOW < NORMAL
Monitor2026,robustness,7.0,,,NORMAL,17.0,2.339230771,0.1376018100588235,3.742110014552709,82.35294117647058,0.2280219780714285,-0.284358974,True,False,,,-0.1414990136025641,HIGH < LOW < NORMAL
Monitor2026,robustness,7.0,,,HIGH,13.0,-0.656153846,-0.0504733727692307,0.6193663544293292,53.84615384615385,0.1525274725714285,-0.2873076923333333,True,False,,,-0.1414990136025641,HIGH < LOW < NORMAL
Monitor2026,robustness,8.0,,,LOW,12.0,0.11142857,0.0092857141666666,1.0278571425,66.66666666666666,0.51392857125,-1.0,True,False,,,0.0317532469242424,LOW < HIGH < NORMAL
Monitor2026,robustness,8.0,,,NORMAL,13.0,2.222857143,0.170989011,1.5887249337806488,61.53846153846154,0.749821428625,-0.7551428572,True,False,,,0.0317532469242424,LOW < HIGH < NORMAL
Monitor2026,robustness,8.0,,,HIGH,11.0,0.451428572,0.041038961090909,1.1960297769109165,72.72727272727273,0.344285714375,-0.7676190476666666,True,False,,,0.0317532469242424,LOW < HIGH < NORMAL
Monitor2026,robustness,9.0,,,LOW,7.0,-4.963333333,-0.7090476189999999,0.1073141487410072,14.285714285714285,0.596666667,-0.9266666666666667,True,False,,,0.953630952375,LOW < NORMAL < HIGH
Monitor2026,robustness,9.0,,,NORMAL,5.0,0.3700000000000001,0.074,1.2455752211846074,40.0,0.9383333335,-0.5022222223333334,True,False,,,0.953630952375,LOW < NORMAL < HIGH
Monitor2026,robustness,9.0,,,HIGH,8.0,1.956666667,0.244583333375,1.6108220605214176,50.0,1.29,-0.80083333325,True,False,,,0.953630952375,LOW < NORMAL < HIGH
Monitor2026,robustness,10.0,,,LOW,9.0,-2.31,-0.2566666666666666,0.0563725490196078,22.22222222222222,0.069,-0.3497142857142857,True,False,,,0.3893333333333333,LOW < NORMAL < HIGH
Monitor2026,robustness,10.0,,,NORMAL,7.0,0.176,0.0251428571428571,1.3776824034334765,42.857142857142854,0.214,-0.1164999999999999,True,False,,,0.3893333333333333,LOW < NORMAL < HIGH
Monitor2026,robustness,10.0,,,HIGH,9.0,1.194,0.1326666666666666,3.261363636363636,66.66666666666666,0.287,-0.264,True,False,,,0.3893333333333333,LOW < NORMAL < HIGH
Monitor2026,robustness,11.0,,,LOW,9.0,-3.17090909,-0.3523232322222222,0.0830704523702981,22.22222222222222,0.143636364,-0.494025974,True,False,,,0.4327272724444444,LOW < NORMAL < HIGH
Monitor2026,robustness,11.0,,,NORMAL,7.0,-0.098181818,-0.014025974,0.923620933636358,42.857142857142854,0.3957575756666666,-0.32136363625,True,False,,,0.4327272724444444,LOW < NORMAL < HIGH
Monitor2026,robustness,11.0,,,HIGH,9.0,0.7236363619999999,0.0804040402222222,1.3751178123585683,44.44444444444444,0.663181818,-0.385818182,True,False,,,0.4327272724444444,LOW < NORMAL < HIGH
Monitor2026,robustness,12.0,,,LOW,6.0,-1.891,-0.3151666666666666,0.1617907801418439,33.33333333333333,0.1825,-0.5640000000000001,True,False,,,0.2367549019607843,LOW < HIGH < NORMAL
Monitor2026,robustness,12.0,,,NORMAL,10.0,0.0989999999999999,0.0098999999999999,1.0438247011952193,60.0,0.393,-0.56475,True,False,,,0.2367549019607843,LOW < HIGH < NORMAL
Monitor2026,robustness,12.0,,,HIGH,17.0,-1.333,-0.0784117647058823,0.684869976359338,29.411764705882355,0.5794,-0.3845454545454546,True,False,,,0.2367549019607843,LOW < HIGH < NORMAL
Monitor2026,robustness,13.0,,,LOW,2.0,-0.797894737,-0.3989473685,0.202105263,50.0,0.202105263,-1.0,True,False,,,0.44052631575,LOW < NORMAL < HIGH
Monitor2026,robustness,13.0,,,NORMAL,5.0,-0.0631578949999999,-0.0126315789999999,0.936842105,80.0,0.23421052625,-1.0,True,False,,,0.44052631575,LOW < NORMAL < HIGH
Monitor2026,robustness,13.0,,,HIGH,8.0,0.332631578,0.04157894725,2.57999999392,62.5,0.1086315788,-0.0701754386666666,True,False,,,0.44052631575,LOW < NORMAL < HIGH
Monitor2026,robustness,14.0,,,LOW,2.0,1.662222223,0.8311111115,inf,100.0,0.8311111115,,True,False,,,-1.357777778,HIGH < NORMAL < LOW
Monitor2026,robustness,14.0,,,NORMAL,2.0,0.0266666659999999,0.0133333329999999,1.0547945191405517,50.0,0.513333333,-0.486666667,True,False,,,-1.357777778,HIGH < NORMAL < LOW
Monitor2026,robustness,14.0,,,HIGH,2.0,-1.053333333,-0.5266666665,0.0,0.0,,-0.5266666665,True,False,,,-1.357777778,HIGH < NORMAL < LOW
Monitor2026,robustness,15.0,,,LOW,0.0,0.0,,,,,,True,False,,,,INCOMPLETE
Monitor2026,robustness,15.0,,,NORMAL,0.0,0.0,,,,,,True,False,,,,INCOMPLETE
Monitor2026,robustness,15.0,,,HIGH,5.0,6.0,1.2,7.0,80.0,1.75,-1.0,True,False,,,,INCOMPLETE
Monitor2026,robustness,16.0,,,LOW,1.0,0.928888889,0.928888889,inf,100.0,0.928888889,,True,False,,,-1.5933333335,HIGH < NORMAL < LOW
Monitor2026,robustness,16.0,,,NORMAL,1.0,0.675555556,0.675555556,inf,100.0,0.675555556,,True,False,,,-1.5933333335,HIGH < NORMAL < LOW
Monitor2026,robustness,16.0,,,HIGH,2.0,-1.328888889,-0.6644444445,0.0,0.0,,-0.6644444445,True,False,,,-1.5933333335,HIGH < NORMAL < LOW
Monitor2026,robustness,17.0,,,LOW,4.0,-0.2485714279999999,-0.0621428569999999,0.8129032261560875,25.0,1.08,-0.4428571426666667,True,False,,,-0.2075000002499999,HIGH < LOW < NORMAL
Monitor2026,robustness,17.0,,,NORMAL,7.0,2.068571427,0.2955102038571429,inf,100.0,0.2955102038571429,,True,False,,,-0.2075000002499999,HIGH < LOW < NORMAL
Monitor2026,robustness,17.0,,,HIGH,8.0,-2.157142858,-0.26964285725,0.1017251634499166,25.0,0.122142857,-0.4002380953333333,True,False,,,-0.2075000002499999,HIGH < LOW < NORMAL
Monitor2026,robustness,18.0,,,LOW,11.0,0.90111111,0.0819191918181818,1.4639588093107716,45.45454545454545,0.5686666666,-0.3237037038333333,True,False,,,0.0071995821818181,NORMAL < LOW < HIGH
Monitor2026,robustness,18.0,,,NORMAL,21.0,1.439999999,0.0685714285238095,1.2938775507563514,57.14285714285714,0.5283333333333333,-0.5444444445555556,False,False,,,0.0071995821818181,NORMAL < LOW < HIGH
Monitor2026,robustness,18.0,,,HIGH,29.0,2.584444446,0.089118774,1.4964781221120746,62.06896551724138,0.4327777777777777,-0.473232323090909,False,False,,,0.0071995821818181,NORMAL < LOW < HIGH
Monitor2026,robustness,19.0,,,LOW,13.0,1.2555555550000002,0.0965811965384615,2.4848883016683905,30.76923076923077,0.525277778,-0.0939506174444444,True,False,,,-0.0528157644829059,NORMAL < HIGH < LOW
Monitor2026,robustness,19.0,,,NORMAL,13.0,-2.897777778,-0.2229059829230769,0.2514351319532559,23.076923076923077,0.3244444443333333,-0.3871111110999999,True,False,,,-0.0528157644829059,NORMAL < HIGH < LOW
Monitor2026,robustness,19.0,,,HIGH,18.0,0.787777777,0.0437654320555555,1.210949122045381,55.55555555555556,0.4522222221999999,-0.466805555625,True,False,,,-0.0528157644829059,NORMAL < HIGH < LOW
Monitor2026,robustness,20.0,,,LOW,8.0,-0.7,-0.0875,0.6199782844733985,62.5,0.2284,-0.614,True,False,,,0.1313666666666666,NORMAL < LOW < HIGH
Monitor2026,robustness,20.0,,,NORMAL,16.0,-1.808,-0.113,0.5649663137632339,50.0,0.2935,-0.5195,True,False,,,0.1313666666666666,NORMAL < LOW < HIGH
Monitor2026,robustness,20.0,,,HIGH,30.0,1.316,0.0438666666666666,1.25673039406945,56.666666666666664,0.3789411764705882,-0.3943076923076923,False,False,,,0.1313666666666666,NORMAL < LOW < HIGH
Monitor2026,robustness,21.0,,,LOW,10.0,0.35,0.035,1.7754279983144854,60.0,0.1335606058333333,-0.11284090875,True,False,,,-0.0158484847333333,HIGH < LOW < NORMAL
Monitor2026,robustness,21.0,,,NORMAL,10.0,0.387272728,0.0387272728,2.5661764752568126,70.0,0.0906493507142857,-0.0824242423333333,True,False,,,-0.0158484847333333,HIGH < LOW < NORMAL
Monitor2026,robustness,21.0,,,HIGH,15.0,0.287272729,0.0191515152666666,1.2596548909527383,53.333333333333336,0.1742045455,-0.1580519478571428,True,False,,,-0.0158484847333333,HIGH < LOW < NORMAL
Monitor2026,robustness,22.0,,,LOW,6.0,-1.744285714,-0.2907142856666667,0.1755570558999179,16.666666666666664,0.371428571,-0.423142857,True,False,,,0.3201020407380953,LOW < NORMAL < HIGH
Monitor2026,robustness,22.0,,,NORMAL,9.0,-0.950000001,-0.1055555556666666,0.7083333331030702,44.44444444444444,0.57678571425,-0.6514285716,True,False,,,0.3201020407380953,LOW < NORMAL < HIGH
Monitor2026,robustness,22.0,,,HIGH,14.0,0.4114285710000002,0.0293877550714285,1.0950808846625788,57.14285714285714,0.592321428625,-0.7211904763333333,True,False,,,0.3201020407380953,LOW < NORMAL < HIGH
Monitor2026,robustness,23.0,,,LOW,7.0,0.200000001,0.0285714287142857,1.290791601136598,57.14285714285714,0.2219444445,-0.229259259,True,False,,,0.0149328449010989,NORMAL < LOW < HIGH
Monitor2026,robustness,23.0,,,NORMAL,7.0,-0.403333333,-0.0576190475714285,0.2951456313767555,14.285714285714285,0.168888889,-0.0953703703333333,True,False,,,0.0149328449010989,NORMAL < LOW < HIGH
Monitor2026,robustness,23.0,,,HIGH,13.0,0.565555557,0.0435042736153846,1.4532502240581255,46.15384615384615,0.3022222223333333,-0.1782539681428571,True,False,,,0.0149328449010989,NORMAL < LOW < HIGH
Monitor2026,robustness,24.0,,,LOW,7.0,0.164444444,0.0234920634285714,1.2163742684210526,42.857142857142854,0.308148148,-0.19,True,False,,,0.0555677656483516,NORMAL < LOW < HIGH
Monitor2026,robustness,24.0,,,NORMAL,7.0,-0.403333334,-0.0576190477142857,0.6071428566210576,28.57142857142857,0.3116666665,-0.2053333333999999,True,False,,,0.0555677656483516,NORMAL < LOW < HIGH
Monitor2026,robustness,24.0,,,HIGH,13.0,1.027777778,0.079059829076923,1.5027173915223302,61.53846153846154,0.38402777775,-0.4088888887999999,True,False,,,0.0555677656483516,NORMAL < LOW < HIGH
Monitor2026,robustness,25.0,,,LOW,13.0,-1.3325,-0.1025,0.4769381746810599,30.76923076923077,0.30375,-0.2830555555555555,True,False,,,0.0782608695652174,LOW < HIGH < NORMAL
Monitor2026,robustness,25.0,,,NORMAL,25.0,1.4974999999999998,0.0598999999999999,1.374375,56.00000000000001,0.3926785714285714,-0.3636363636363636,False,False,,,0.0782608695652174,LOW < HIGH < NORMAL
Monitor2026,robustness,25.0,,,HIGH,23.0,-0.5575,-0.0242391304347826,0.8692848769050411,47.82608695652174,0.3370454545454545,-0.3554166666666666,False,False,,,0.0782608695652174,LOW < HIGH < NORMAL
Monitor2026,robustness,26.0,,,LOW,15.0,-1.495555555,-0.0997037036666666,0.5055106542054536,60.0,0.1698765433333333,-0.5040740741666666,True,False,,,0.4300740741111111,LOW < NORMAL < HIGH
Monitor2026,robustness,26.0,,,NORMAL,6.0,1.802222222,0.3003703703333333,3.855633802967542,66.66666666666666,0.60833333325,-0.3155555555,True,False,,,0.4300740741111111,LOW < NORMAL < HIGH
Monitor2026,robustness,26.0,,,HIGH,9.0,2.973333334,0.3303703704444444,2.4866666669999997,77.77777777777779,0.7104761905714285,-1.0,True,False,,,0.4300740741111111,LOW < NORMAL < HIGH
Monitor2026,robustness,27.0,,,LOW,2.0,0.648333333,0.3241666665,16.559999867520002,50.0,0.69,-0.041666667,True,False,,,-0.4325877190789473,HIGH < NORMAL < LOW
Monitor2026,robustness,27.0,,,NORMAL,14.0,0.188333336,0.0134523811428571,1.0842654747580605,57.14285714285714,0.302916666875,-0.3724999998333334,True,False,,,-0.4325877190789473,HIGH < NORMAL < LOW
Monitor2026,robustness,27.0,,,HIGH,19.0,-2.059999999,-0.1084210525789473,0.6660362065747656,31.57894736842105,0.6847222223333334,-0.4744871794615384,True,False,,,-0.4325877190789473,HIGH < NORMAL < LOW
Monitor2026,robustness,28.0,,,LOW,5.0,2.102666667,0.4205333334,226.2857223673473,80.0,0.528,-0.009333333,True,False,,,-0.4578666667333333,NORMAL < HIGH < LOW
Monitor2026,robustness,28.0,,,NORMAL,12.0,-1.870666667,-0.1558888889166666,0.2808815992360631,33.33333333333333,0.18266666675,-0.32516666675,True,False,,,-0.4578666667333333,NORMAL < HIGH < LOW
Monitor2026,robustness,28.0,,,HIGH,18.0,-0.6719999999999999,-0.0373333333333333,0.849417388683809,38.88888888888889,0.5415238094285714,-0.4056969696363636,True,False,,,-0.4578666667333333,NORMAL < HIGH < LOW
Monitor2026,robustness,,Portfolio,trade_weighted,LOW,245.0,-2.2501292239999997,-0.0091842009142857,0.95940613813356,48.57142857142857,0.4468920428823529,-0.4399228756111111,False,,0.0,0.0,0.0524676151280449,LOW < NORMAL < HIGH
Monitor2026,robustness,,Portfolio,strategy_equal_weighted,LOW,,,,,,,,,,0.0,0.0,,INCOMPLETE
Monitor2026,robustness,,Portfolio,trade_weighted,NORMAL,343.0,4.452570988,0.0129812565247813,1.064622957619867,53.64431486880466,0.3986594154945652,-0.433338122408805,False,,0.0,0.0,0.0524676151280449,LOW < NORMAL < HIGH
Monitor2026,robustness,,Portfolio,strategy_equal_weighted,NORMAL,,,,,,,,,,0.0,0.0,,INCOMPLETE
Monitor2026,robustness,,Portfolio,trade_weighted,HIGH,407.0,17.616349585,0.0432834142137592,1.2119080956673849,51.35135135135135,0.4820496499617225,-0.4241429962091837,False,,0.0,0.0,0.0524676151280449,LOW < NORMAL < HIGH
Monitor2026,robustness,,Portfolio,strategy_equal_weighted,HIGH,,,,,,,,,,0.0,0.0,,INCOMPLETE
Monitor2026,robustness,,JPY,trade_weighted,LOW,159.0,-3.846883192,-0.0241942339119496,0.9102423966590796,50.943396226415096,0.481625854691358,-0.5494689413076923,False,,0.0,0.0,0.101888608713882,LOW < NORMAL < HIGH
Monitor2026,robustness,,JPY,strategy_equal_weighted,LOW,,,,,,,,,,0.0,0.0,,INCOMPLETE
Monitor2026,robustness,,JPY,trade_weighted,NORMAL,202.0,7.204004611,0.0356633891633663,1.1713851277809622,56.43564356435643,0.4319124311842105,-0.4776592334545455,False,,0.0,0.0,0.101888608713882,LOW < NORMAL < HIGH
Monitor2026,robustness,,JPY,strategy_equal_weighted,NORMAL,,,,,,,,,,0.0,0.0,,INCOMPLETE
Monitor2026,robustness,,JPY,trade_weighted,HIGH,207.0,16.082735583999998,0.0776943748019323,1.3736445918705793,52.17391304347826,0.5474593107129629,-0.443740927556701,False,,0.0,0.0,0.101888608713882,LOW < NORMAL < HIGH
Monitor2026,robustness,,JPY,strategy_equal_weighted,HIGH,,,,,,,,,,0.0,0.0,,INCOMPLETE
Monitor2026,robustness,,AUD_nonJPY,trade_weighted,LOW,86.0,1.5967539680000002,0.0185669066046511,1.1270117283269143,44.18604651162791,0.3728541808684211,-0.2619105188541666,False,,0.0,0.0,-0.0108988365996511,NORMAL < HIGH < LOW
Monitor2026,robustness,,AUD_nonJPY,strategy_equal_weighted,LOW,,,,,,,,,,0.0,0.0,,INCOMPLETE
Monitor2026,robustness,,AUD_nonJPY,trade_weighted,NORMAL,141.0,-2.751433623,-0.0195137136382978,0.8975896327726425,49.645390070921984,0.3445045042285714,-0.3784049143521126,False,,0.0,0.0,-0.0108988365996511,NORMAL < HIGH < LOW
Monitor2026,robustness,,AUD_nonJPY,strategy_equal_weighted,NORMAL,,,,,,,,,,0.0,0.0,,INCOMPLETE
Monitor2026,robustness,,AUD_nonJPY,trade_weighted,HIGH,200.0,1.5336140010000003,0.007668070005,1.0382550820446426,50.5,0.4121066463861386,-0.4049409826666666,False,,0.0,0.0,-0.0108988365996511,NORMAL < HIGH < LOW
Monitor2026,robustness,,AUD_nonJPY,strategy_equal_weighted,HIGH,,,,,,,,,,0.0,0.0,,INCOMPLETE
Monitor2026,robustness,,Long,trade_weighted,LOW,157.0,-1.739537596,-0.011079857299363,0.9462181210565668,51.59235668789809,0.3778366575679012,-0.4255829849868421,False,,0.0,0.0,0.0616712525434945,LOW < HIGH < NORMAL
Monitor2026,robustness,,Long,strategy_equal_weighted,LOW,,,,,,,,,,0.0,0.0,,INCOMPLETE
Monitor2026,robustness,,Long,trade_weighted,NORMAL,201.0,13.939736932,0.0693519250348258,1.4034892784118556,58.70646766169154,0.4109128009830508,-0.4162406455903614,False,,0.0,0.0,0.0616712525434945,LOW < HIGH < NORMAL
Monitor2026,robustness,,Long,strategy_equal_weighted,NORMAL,,,,,,,,,,0.0,0.0,,INCOMPLETE
Monitor2026,robustness,,Long,trade_weighted,HIGH,213.0,10.775967187,0.0505913952441314,1.2763237216384744,55.39906103286385,0.4218100515084745,-0.4105012514842105,False,,0.0,0.0,0.0616712525434945,LOW < HIGH < NORMAL
Monitor2026,robustness,,Long,strategy_equal_weighted,HIGH,,,,,,,,,,0.0,0.0,,INCOMPLETE
Monitor2026,robustness,,Short,trade_weighted,LOW,88.0,-0.5105916279999998,-0.005802177590909,0.9778830386133026,43.18181818181818,0.5940890484210527,-0.46171950936,False,,0.0,0.0,0.0410618806733833,NORMAL < LOW < HIGH
Monitor2026,robustness,,Short,strategy_equal_weighted,LOW,,,,,,,,,,0.0,0.0,,INCOMPLETE
Monitor2026,robustness,,Short,trade_weighted,NORMAL,142.0,-9.487165944,-0.0668110277746479,0.7238312658228376,46.478873239436616,0.3767518475,-0.4520103668289473,False,,0.0,0.0,0.0410618806733833,NORMAL < LOW < HIGH
Monitor2026,robustness,,Short,strategy_equal_weighted,NORMAL,,,,,,,,,,0.0,0.0,,INCOMPLETE
Monitor2026,robustness,,Short,trade_weighted,HIGH,194.0,6.840382398,0.0352597030824742,1.1549897835102656,46.90721649484536,0.5601625358681318,-0.4369743402574257,False,,0.0,0.0,0.0410618806733833,NORMAL < LOW < HIGH
Monitor2026,robustness,,Short,strategy_equal_weighted,HIGH,,,,,,,,,,0.0,0.0,,INCOMPLETE
