Symbol,Date,Year,Rows,Status
USDJPY,2020-01-01,2020,361,YEAR_END
USDJPY,2020-01-02,2020,660,YEAR_END
USDJPY,2020-01-03,2020,1440,YEAR_END
USDJPY,2020-01-04,2020,415,NOT_TUE_FRI
USDJPY,2020-01-05,2020,0,NOT_TUE_FRI
USDJPY,2020-01-06,2020,1018,NOT_TUE_FRI
USDJPY,2020-01-07,2020,1440,ACCEPT
USDJPY,2020-01-08,2020,1440,ACCEPT
USDJPY,2020-01-09,2020,1440,ACCEPT
USDJPY,2020-01-10,2020,1440,ACCEPT
USDJPY,2020-01-11,2020,415,NOT_TUE_FRI
USDJPY,2020-01-12,2020,0,NOT_TUE_FRI
USDJPY,2020-01-13,2020,1019,NOT_TUE_FRI
USDJPY,2020-01-14,2020,1440,ACCEPT
USDJPY,2020-01-15,2020,1440,ACCEPT
USDJPY,2020-01-16,2020,1440,ACCEPT
USDJPY,2020-01-17,2020,1440,ACCEPT
USDJPY,2020-01-18,2020,415,NOT_TUE_FRI
USDJPY,2020-01-19,2020,0,NOT_TUE_FRI
USDJPY,2020-01-20,2020,1015,NOT_TUE_FRI
USDJPY,2020-01-21,2020,1440,ACCEPT
USDJPY,2020-01-22,2020,1440,ACCEPT
USDJPY,2020-01-23,2020,1439,ACCEPT
USDJPY,2020-01-24,2020,1440,ACCEPT
USDJPY,2020-01-25,2020,416,NOT_TUE_FRI
USDJPY,2020-01-26,2020,0,NOT_TUE_FRI
USDJPY,2020-01-27,2020,1017,NOT_TUE_FRI
USDJPY,2020-01-28,2020,1440,ACCEPT
USDJPY,2020-01-29,2020,1439,ACCEPT
USDJPY,2020-01-30,2020,1440,ACCEPT
USDJPY,2020-01-31,2020,1440,ACCEPT
USDJPY,2020-02-01,2020,415,NOT_TUE_FRI
USDJPY,2020-02-02,2020,0,NOT_TUE_FRI
USDJPY,2020-02-03,2020,1018,NOT_TUE_FRI
USDJPY,2020-02-04,2020,1440,ACCEPT
USDJPY,2020-02-05,2020,1440,ACCEPT
USDJPY,2020-02-06,2020,1439,ACCEPT
USDJPY,2020-02-07,2020,1440,ACCEPT
USDJPY,2020-02-08,2020,415,NOT_TUE_FRI
USDJPY,2020-02-09,2020,0,NOT_TUE_FRI
USDJPY,2020-02-10,2020,1015,NOT_TUE_FRI
USDJPY,2020-02-11,2020,1440,ACCEPT
USDJPY,2020-02-12,2020,1439,ACCEPT
USDJPY,2020-02-13,2020,1440,ACCEPT
USDJPY,2020-02-14,2020,1440,ACCEPT
USDJPY,2020-02-15,2020,415,NOT_TUE_FRI
USDJPY,2020-02-16,2020,0,NOT_TUE_FRI
USDJPY,2020-02-17,2020,1019,NOT_TUE_FRI
USDJPY,2020-02-18,2020,1439,ACCEPT
USDJPY,2020-02-19,2020,1440,ACCEPT
USDJPY,2020-02-20,2020,1440,ACCEPT
USDJPY,2020-02-21,2020,1440,ACCEPT
USDJPY,2020-02-22,2020,415,NOT_TUE_FRI
USDJPY,2020-02-23,2020,0,NOT_TUE_FRI
USDJPY,2020-02-24,2020,1019,NOT_TUE_FRI
USDJPY,2020-02-25,2020,1440,ACCEPT
USDJPY,2020-02-26,2020,1440,ACCEPT
USDJPY,2020-02-27,2020,1440,ACCEPT
USDJPY,2020-02-28,2020,1439,ACCEPT
USDJPY,2020-02-29,2020,415,NOT_TUE_FRI
USDJPY,2020-03-01,2020,0,NOT_TUE_FRI
USDJPY,2020-03-02,2020,1019,NOT_TUE_FRI
USDJPY,2020-03-03,2020,1440,ACCEPT
USDJPY,2020-03-04,2020,1440,ACCEPT
USDJPY,2020-03-05,2020,1439,ACCEPT
USDJPY,2020-03-06,2020,1440,ACCEPT
USDJPY,2020-03-07,2020,415,NOT_TUE_FRI
USDJPY,2020-03-08,2020,0,NOT_TUE_FRI
USDJPY,2020-03-09,2020,1020,NOT_TUE_FRI
USDJPY,2020-03-10,2020,1436,ACCEPT
USDJPY,2020-03-11,2020,1436,ACCEPT
USDJPY,2020-03-12,2020,1440,ACCEPT
USDJPY,2020-03-13,2020,1440,ACCEPT
USDJPY,2020-03-14,2020,355,NOT_TUE_FRI
USDJPY,2020-03-15,2020,0,NOT_TUE_FRI
USDJPY,2020-03-16,2020,1020,NOT_TUE_FRI
USDJPY,2020-03-17,2020,1440,ACCEPT
USDJPY,2020-03-18,2020,1440,ACCEPT
USDJPY,2020-03-19,2020,1439,ACCEPT
USDJPY,2020-03-20,2020,1440,ACCEPT
USDJPY,2020-03-21,2020,355,NOT_TUE_FRI
USDJPY,2020-03-22,2020,0,NOT_TUE_FRI
USDJPY,2020-03-23,2020,1020,NOT_TUE_FRI
USDJPY,2020-03-24,2020,1439,ACCEPT
USDJPY,2020-03-25,2020,1440,ACCEPT
USDJPY,2020-03-26,2020,1440,ACCEPT
USDJPY,2020-03-27,2020,1440,ACCEPT
USDJPY,2020-03-28,2020,355,NOT_TUE_FRI
USDJPY,2020-03-29,2020,0,NOT_TUE_FRI
USDJPY,2020-03-30,2020,1076,NOT_TUE_FRI
USDJPY,2020-03-31,2020,1440,ACCEPT
USDJPY,2020-04-01,2020,1436,ACCEPT
USDJPY,2020-04-02,2020,1439,ACCEPT
USDJPY,2020-04-03,2020,1440,ACCEPT
USDJPY,2020-04-04,2020,356,NOT_TUE_FRI
USDJPY,2020-04-05,2020,0,NOT_TUE_FRI
USDJPY,2020-04-06,2020,1075,NOT_TUE_FRI
USDJPY,2020-04-07,2020,1440,ACCEPT
USDJPY,2020-04-08,2020,1440,ACCEPT
USDJPY,2020-04-09,2020,1440,ACCEPT
USDJPY,2020-04-10,2020,1439,ACCEPT
USDJPY,2020-04-11,2020,355,NOT_TUE_FRI
USDJPY,2020-04-12,2020,0,NOT_TUE_FRI
USDJPY,2020-04-13,2020,1075,NOT_TUE_FRI
USDJPY,2020-04-14,2020,1440,ACCEPT
USDJPY,2020-04-15,2020,1440,ACCEPT
USDJPY,2020-04-16,2020,1440,ACCEPT
USDJPY,2020-04-17,2020,1440,ACCEPT
USDJPY,2020-04-18,2020,355,NOT_TUE_FRI
USDJPY,2020-04-19,2020,0,NOT_TUE_FRI
USDJPY,2020-04-20,2020,1077,NOT_TUE_FRI
USDJPY,2020-04-21,2020,1440,ACCEPT
USDJPY,2020-04-22,2020,1440,ACCEPT
USDJPY,2020-04-23,2020,1440,ACCEPT
USDJPY,2020-04-24,2020,1440,ACCEPT
USDJPY,2020-04-25,2020,355,NOT_TUE_FRI
USDJPY,2020-04-26,2020,0,NOT_TUE_FRI
USDJPY,2020-04-27,2020,1077,NOT_TUE_FRI
USDJPY,2020-04-28,2020,1440,ACCEPT
USDJPY,2020-04-29,2020,1440,ACCEPT
USDJPY,2020-04-30,2020,1440,ACCEPT
USDJPY,2020-05-01,2020,1439,ACCEPT
USDJPY,2020-05-02,2020,355,NOT_TUE_FRI
USDJPY,2020-05-03,2020,0,NOT_TUE_FRI
USDJPY,2020-05-04,2020,1077,NOT_TUE_FRI
USDJPY,2020-05-05,2020,1440,ACCEPT
USDJPY,2020-05-06,2020,1440,ACCEPT
USDJPY,2020-05-07,2020,1440,ACCEPT
USDJPY,2020-05-08,2020,1440,ACCEPT
USDJPY,2020-05-09,2020,355,NOT_TUE_FRI
USDJPY,2020-05-10,2020,0,NOT_TUE_FRI
USDJPY,2020-05-11,2020,1077,NOT_TUE_FRI
USDJPY,2020-05-12,2020,1440,ACCEPT
USDJPY,2020-05-13,2020,1439,ACCEPT
USDJPY,2020-05-14,2020,1440,ACCEPT
USDJPY,2020-05-15,2020,1438,ACCEPT
USDJPY,2020-05-16,2020,355,NOT_TUE_FRI
USDJPY,2020-05-17,2020,0,NOT_TUE_FRI
USDJPY,2020-05-18,2020,1078,NOT_TUE_FRI
USDJPY,2020-05-19,2020,1440,ACCEPT
USDJPY,2020-05-20,2020,1440,ACCEPT
USDJPY,2020-05-21,2020,1440,ACCEPT
USDJPY,2020-05-22,2020,1440,ACCEPT
USDJPY,2020-05-23,2020,355,NOT_TUE_FRI
USDJPY,2020-05-24,2020,0,NOT_TUE_FRI
USDJPY,2020-05-25,2020,1076,NOT_TUE_FRI
USDJPY,2020-05-26,2020,1440,ACCEPT
USDJPY,2020-05-27,2020,1440,ACCEPT
USDJPY,2020-05-28,2020,1440,ACCEPT
USDJPY,2020-05-29,2020,1440,ACCEPT
USDJPY,2020-05-30,2020,355,NOT_TUE_FRI
USDJPY,2020-05-31,2020,0,NOT_TUE_FRI
USDJPY,2020-06-01,2020,1078,NOT_TUE_FRI
USDJPY,2020-06-02,2020,1440,ACCEPT
USDJPY,2020-06-03,2020,1440,ACCEPT
USDJPY,2020-06-04,2020,1440,ACCEPT
USDJPY,2020-06-05,2020,1440,ACCEPT
USDJPY,2020-06-06,2020,355,NOT_TUE_FRI
USDJPY,2020-06-07,2020,0,NOT_TUE_FRI
USDJPY,2020-06-08,2020,1076,NOT_TUE_FRI
USDJPY,2020-06-09,2020,1440,ACCEPT
USDJPY,2020-06-10,2020,1440,ACCEPT
USDJPY,2020-06-11,2020,1440,ACCEPT
USDJPY,2020-06-12,2020,1437,ACCEPT
USDJPY,2020-06-13,2020,355,NOT_TUE_FRI
USDJPY,2020-06-14,2020,0,NOT_TUE_FRI
USDJPY,2020-06-15,2020,1077,NOT_TUE_FRI
USDJPY,2020-06-16,2020,1440,ACCEPT
USDJPY,2020-06-17,2020,1440,ACCEPT
USDJPY,2020-06-18,2020,1440,ACCEPT
USDJPY,2020-06-19,2020,1440,ACCEPT
USDJPY,2020-06-20,2020,355,NOT_TUE_FRI
USDJPY,2020-06-21,2020,0,NOT_TUE_FRI
USDJPY,2020-06-22,2020,1076,NOT_TUE_FRI
USDJPY,2020-06-23,2020,1438,ACCEPT
USDJPY,2020-06-24,2020,1440,ACCEPT
USDJPY,2020-06-25,2020,1440,ACCEPT
USDJPY,2020-06-26,2020,1439,ACCEPT
USDJPY,2020-06-27,2020,355,NOT_TUE_FRI
USDJPY,2020-06-28,2020,0,NOT_TUE_FRI
USDJPY,2020-06-29,2020,1077,NOT_TUE_FRI
USDJPY,2020-06-30,2020,1440,ACCEPT
USDJPY,2020-07-01,2020,1440,ACCEPT
USDJPY,2020-07-02,2020,1436,ACCEPT
USDJPY,2020-07-03,2020,1440,ACCEPT
USDJPY,2020-07-04,2020,355,NOT_TUE_FRI
USDJPY,2020-07-05,2020,0,NOT_TUE_FRI
USDJPY,2020-07-06,2020,1077,NOT_TUE_FRI
USDJPY,2020-07-07,2020,1440,ACCEPT
USDJPY,2020-07-08,2020,1440,ACCEPT
USDJPY,2020-07-09,2020,1440,ACCEPT
USDJPY,2020-07-10,2020,1440,ACCEPT
USDJPY,2020-07-11,2020,355,NOT_TUE_FRI
USDJPY,2020-07-12,2020,0,NOT_TUE_FRI
USDJPY,2020-07-13,2020,1075,NOT_TUE_FRI
USDJPY,2020-07-14,2020,1440,ACCEPT
USDJPY,2020-07-15,2020,1440,ACCEPT
USDJPY,2020-07-16,2020,1440,ACCEPT
USDJPY,2020-07-17,2020,1440,ACCEPT
USDJPY,2020-07-18,2020,355,NOT_TUE_FRI
USDJPY,2020-07-19,2020,0,NOT_TUE_FRI
USDJPY,2020-07-20,2020,1074,NOT_TUE_FRI
USDJPY,2020-07-21,2020,1440,ACCEPT
USDJPY,2020-07-22,2020,1440,ACCEPT
USDJPY,2020-07-23,2020,1440,ACCEPT
USDJPY,2020-07-24,2020,1440,ACCEPT
USDJPY,2020-07-25,2020,355,NOT_TUE_FRI
USDJPY,2020-07-26,2020,0,NOT_TUE_FRI
USDJPY,2020-07-27,2020,1077,NOT_TUE_FRI
USDJPY,2020-07-28,2020,1440,ACCEPT
USDJPY,2020-07-29,2020,1438,ACCEPT
USDJPY,2020-07-30,2020,1440,ACCEPT
USDJPY,2020-07-31,2020,1440,ACCEPT
USDJPY,2020-08-01,2020,355,NOT_TUE_FRI
USDJPY,2020-08-02,2020,0,NOT_TUE_FRI
USDJPY,2020-08-03,2020,1075,NOT_TUE_FRI
USDJPY,2020-08-04,2020,1440,ACCEPT
USDJPY,2020-08-05,2020,1438,ACCEPT
USDJPY,2020-08-06,2020,1439,ACCEPT
USDJPY,2020-08-07,2020,1439,ACCEPT
USDJPY,2020-08-08,2020,356,NOT_TUE_FRI
USDJPY,2020-08-09,2020,0,NOT_TUE_FRI
USDJPY,2020-08-10,2020,1075,NOT_TUE_FRI
USDJPY,2020-08-11,2020,1440,ACCEPT
USDJPY,2020-08-12,2020,1440,ACCEPT
USDJPY,2020-08-13,2020,1440,ACCEPT
USDJPY,2020-08-14,2020,1440,ACCEPT
USDJPY,2020-08-15,2020,355,NOT_TUE_FRI
USDJPY,2020-08-16,2020,0,NOT_TUE_FRI
USDJPY,2020-08-17,2020,1077,NOT_TUE_FRI
USDJPY,2020-08-18,2020,1440,ACCEPT
USDJPY,2020-08-19,2020,1440,ACCEPT
USDJPY,2020-08-20,2020,1440,ACCEPT
USDJPY,2020-08-21,2020,1440,ACCEPT
USDJPY,2020-08-22,2020,355,NOT_TUE_FRI
USDJPY,2020-08-23,2020,0,NOT_TUE_FRI
USDJPY,2020-08-24,2020,1075,NOT_TUE_FRI
USDJPY,2020-08-25,2020,1440,ACCEPT
USDJPY,2020-08-26,2020,1438,ACCEPT
USDJPY,2020-08-27,2020,1440,ACCEPT
USDJPY,2020-08-28,2020,1440,ACCEPT
USDJPY,2020-08-29,2020,355,NOT_TUE_FRI
USDJPY,2020-08-30,2020,0,NOT_TUE_FRI
USDJPY,2020-08-31,2020,1074,NOT_TUE_FRI
USDJPY,2020-09-01,2020,1439,ACCEPT
USDJPY,2020-09-02,2020,1440,ACCEPT
USDJPY,2020-09-03,2020,1440,ACCEPT
USDJPY,2020-09-04,2020,1440,ACCEPT
USDJPY,2020-09-05,2020,355,NOT_TUE_FRI
USDJPY,2020-09-06,2020,0,NOT_TUE_FRI
USDJPY,2020-09-07,2020,1069,NOT_TUE_FRI
USDJPY,2020-09-08,2020,1439,ACCEPT
USDJPY,2020-09-09,2020,1440,ACCEPT
USDJPY,2020-09-10,2020,1439,ACCEPT
USDJPY,2020-09-11,2020,1439,ACCEPT
USDJPY,2020-09-12,2020,355,NOT_TUE_FRI
USDJPY,2020-09-13,2020,0,NOT_TUE_FRI
USDJPY,2020-09-14,2020,1074,NOT_TUE_FRI
USDJPY,2020-09-15,2020,1440,ACCEPT
USDJPY,2020-09-16,2020,1440,ACCEPT
USDJPY,2020-09-17,2020,1440,ACCEPT
USDJPY,2020-09-18,2020,1439,ACCEPT
USDJPY,2020-09-19,2020,355,NOT_TUE_FRI
USDJPY,2020-09-20,2020,0,NOT_TUE_FRI
USDJPY,2020-09-21,2020,1075,NOT_TUE_FRI
USDJPY,2020-09-22,2020,1440,ACCEPT
USDJPY,2020-09-23,2020,1440,ACCEPT
USDJPY,2020-09-24,2020,1440,ACCEPT
USDJPY,2020-09-25,2020,1439,ACCEPT
USDJPY,2020-09-26,2020,355,NOT_TUE_FRI
USDJPY,2020-09-27,2020,0,NOT_TUE_FRI
USDJPY,2020-09-28,2020,1074,NOT_TUE_FRI
USDJPY,2020-09-29,2020,1439,ACCEPT
USDJPY,2020-09-30,2020,1439,ACCEPT
USDJPY,2020-10-01,2020,1440,ACCEPT
USDJPY,2020-10-02,2020,1439,ACCEPT
USDJPY,2020-10-03,2020,355,NOT_TUE_FRI
USDJPY,2020-10-04,2020,0,NOT_TUE_FRI
USDJPY,2020-10-05,2020,1072,NOT_TUE_FRI
USDJPY,2020-10-06,2020,1436,ACCEPT
USDJPY,2020-10-07,2020,1440,ACCEPT
USDJPY,2020-10-08,2020,1439,ACCEPT
USDJPY,2020-10-09,2020,1439,ACCEPT
USDJPY,2020-10-10,2020,356,NOT_TUE_FRI
USDJPY,2020-10-11,2020,0,NOT_TUE_FRI
USDJPY,2020-10-12,2020,1075,NOT_TUE_FRI
USDJPY,2020-10-13,2020,1436,ACCEPT
USDJPY,2020-10-14,2020,1438,ACCEPT
USDJPY,2020-10-15,2020,1440,ACCEPT
USDJPY,2020-10-16,2020,1440,ACCEPT
USDJPY,2020-10-17,2020,355,NOT_TUE_FRI
USDJPY,2020-10-18,2020,0,NOT_TUE_FRI
USDJPY,2020-10-19,2020,1072,NOT_TUE_FRI
USDJPY,2020-10-20,2020,1440,ACCEPT
USDJPY,2020-10-21,2020,1440,ACCEPT
USDJPY,2020-10-22,2020,1440,ACCEPT
USDJPY,2020-10-23,2020,1440,ACCEPT
USDJPY,2020-10-24,2020,355,NOT_TUE_FRI
USDJPY,2020-10-25,2020,0,NOT_TUE_FRI
USDJPY,2020-10-26,2020,1015,NOT_TUE_FRI
USDJPY,2020-10-27,2020,1440,ACCEPT
USDJPY,2020-10-28,2020,1439,ACCEPT
USDJPY,2020-10-29,2020,1440,ACCEPT
USDJPY,2020-10-30,2020,1440,ACCEPT
USDJPY,2020-10-31,2020,355,NOT_TUE_FRI
USDJPY,2020-11-01,2020,0,NOT_TUE_FRI
USDJPY,2020-11-02,2020,1019,NOT_TUE_FRI
USDJPY,2020-11-03,2020,1440,ACCEPT
USDJPY,2020-11-04,2020,1439,ACCEPT
USDJPY,2020-11-05,2020,1440,ACCEPT
USDJPY,2020-11-06,2020,1440,ACCEPT
USDJPY,2020-11-07,2020,416,NOT_TUE_FRI
USDJPY,2020-11-08,2020,0,NOT_TUE_FRI
USDJPY,2020-11-09,2020,1018,NOT_TUE_FRI
USDJPY,2020-11-10,2020,1440,ACCEPT
USDJPY,2020-11-11,2020,1439,ACCEPT
USDJPY,2020-11-12,2020,1437,ACCEPT
USDJPY,2020-11-13,2020,1440,ACCEPT
USDJPY,2020-11-14,2020,415,NOT_TUE_FRI
USDJPY,2020-11-15,2020,0,NOT_TUE_FRI
USDJPY,2020-11-16,2020,1019,NOT_TUE_FRI
USDJPY,2020-11-17,2020,1440,ACCEPT
USDJPY,2020-11-18,2020,1440,ACCEPT
USDJPY,2020-11-19,2020,1440,ACCEPT
USDJPY,2020-11-20,2020,1440,ACCEPT
USDJPY,2020-11-21,2020,415,NOT_TUE_FRI
USDJPY,2020-11-22,2020,0,NOT_TUE_FRI
USDJPY,2020-11-23,2020,1018,NOT_TUE_FRI
USDJPY,2020-11-24,2020,1439,ACCEPT
USDJPY,2020-11-25,2020,1440,ACCEPT
USDJPY,2020-11-26,2020,1440,ACCEPT
USDJPY,2020-11-27,2020,1440,ACCEPT
USDJPY,2020-11-28,2020,415,NOT_TUE_FRI
USDJPY,2020-11-29,2020,0,NOT_TUE_FRI
USDJPY,2020-11-30,2020,1017,NOT_TUE_FRI
USDJPY,2020-12-01,2020,1440,ACCEPT
USDJPY,2020-12-02,2020,1440,ACCEPT
USDJPY,2020-12-03,2020,1440,ACCEPT
USDJPY,2020-12-04,2020,1440,ACCEPT
USDJPY,2020-12-05,2020,415,NOT_TUE_FRI
USDJPY,2020-12-06,2020,0,NOT_TUE_FRI
USDJPY,2020-12-07,2020,1018,NOT_TUE_FRI
USDJPY,2020-12-08,2020,1440,ACCEPT
USDJPY,2020-12-09,2020,1440,ACCEPT
USDJPY,2020-12-10,2020,1440,ACCEPT
USDJPY,2020-12-11,2020,1440,ACCEPT
USDJPY,2020-12-12,2020,415,NOT_TUE_FRI
USDJPY,2020-12-13,2020,0,NOT_TUE_FRI
USDJPY,2020-12-14,2020,1019,NOT_TUE_FRI
USDJPY,2020-12-15,2020,1440,ACCEPT
USDJPY,2020-12-16,2020,1440,ACCEPT
USDJPY,2020-12-17,2020,1440,ACCEPT
USDJPY,2020-12-18,2020,1440,ACCEPT
USDJPY,2020-12-19,2020,415,NOT_TUE_FRI
USDJPY,2020-12-20,2020,0,NOT_TUE_FRI
USDJPY,2020-12-21,2020,1019,NOT_TUE_FRI
USDJPY,2020-12-22,2020,1440,ACCEPT
USDJPY,2020-12-23,2020,1440,ACCEPT
USDJPY,2020-12-24,2020,1440,ACCEPT
USDJPY,2020-12-25,2020,240,YEAR_END
USDJPY,2020-12-26,2020,0,NOT_TUE_FRI
USDJPY,2020-12-27,2020,0,NOT_TUE_FRI
USDJPY,2020-12-28,2020,1017,NOT_TUE_FRI
USDJPY,2020-12-29,2020,1439,YEAR_END
USDJPY,2020-12-30,2020,1440,YEAR_END
USDJPY,2020-12-31,2020,421,YEAR_END
USDJPY,2021-01-01,2021,0,YEAR_END
USDJPY,2021-01-02,2021,0,NOT_TUE_FRI
USDJPY,2021-01-03,2021,0,NOT_TUE_FRI
USDJPY,2021-01-04,2021,1018,NOT_TUE_FRI
USDJPY,2021-01-05,2021,1440,ACCEPT
USDJPY,2021-01-06,2021,1440,ACCEPT
USDJPY,2021-01-07,2021,1440,ACCEPT
USDJPY,2021-01-08,2021,1440,ACCEPT
USDJPY,2021-01-09,2021,415,NOT_TUE_FRI
USDJPY,2021-01-10,2021,0,NOT_TUE_FRI
USDJPY,2021-01-11,2021,1011,NOT_TUE_FRI
USDJPY,2021-01-12,2021,1440,ACCEPT
USDJPY,2021-01-13,2021,1440,ACCEPT
USDJPY,2021-01-14,2021,1440,ACCEPT
USDJPY,2021-01-15,2021,1439,ACCEPT
USDJPY,2021-01-16,2021,415,NOT_TUE_FRI
USDJPY,2021-01-17,2021,0,NOT_TUE_FRI
USDJPY,2021-01-18,2021,1018,NOT_TUE_FRI
USDJPY,2021-01-19,2021,1440,ACCEPT
USDJPY,2021-01-20,2021,1440,ACCEPT
USDJPY,2021-01-21,2021,1440,ACCEPT
USDJPY,2021-01-22,2021,1440,ACCEPT
USDJPY,2021-01-23,2021,415,NOT_TUE_FRI
USDJPY,2021-01-24,2021,0,NOT_TUE_FRI
USDJPY,2021-01-25,2021,1018,NOT_TUE_FRI
USDJPY,2021-01-26,2021,1436,ACCEPT
USDJPY,2021-01-27,2021,1438,ACCEPT
USDJPY,2021-01-28,2021,1440,ACCEPT
USDJPY,2021-01-29,2021,1439,ACCEPT
USDJPY,2021-01-30,2021,415,NOT_TUE_FRI
USDJPY,2021-01-31,2021,0,NOT_TUE_FRI
USDJPY,2021-02-01,2021,1018,NOT_TUE_FRI
USDJPY,2021-02-02,2021,1440,ACCEPT
USDJPY,2021-02-03,2021,1440,ACCEPT
USDJPY,2021-02-04,2021,1440,ACCEPT
USDJPY,2021-02-05,2021,1439,ACCEPT
USDJPY,2021-02-06,2021,415,NOT_TUE_FRI
USDJPY,2021-02-07,2021,0,NOT_TUE_FRI
USDJPY,2021-02-08,2021,1016,NOT_TUE_FRI
USDJPY,2021-02-09,2021,1440,ACCEPT
USDJPY,2021-02-10,2021,1440,ACCEPT
USDJPY,2021-02-11,2021,1439,ACCEPT
USDJPY,2021-02-12,2021,1438,ACCEPT
USDJPY,2021-02-13,2021,415,NOT_TUE_FRI
USDJPY,2021-02-14,2021,0,NOT_TUE_FRI
USDJPY,2021-02-15,2021,1019,NOT_TUE_FRI
USDJPY,2021-02-16,2021,1440,ACCEPT
USDJPY,2021-02-17,2021,1440,ACCEPT
USDJPY,2021-02-18,2021,1440,ACCEPT
USDJPY,2021-02-19,2021,1439,ACCEPT
USDJPY,2021-02-20,2021,415,NOT_TUE_FRI
USDJPY,2021-02-21,2021,0,NOT_TUE_FRI
USDJPY,2021-02-22,2021,1017,NOT_TUE_FRI
USDJPY,2021-02-23,2021,1439,ACCEPT
USDJPY,2021-02-24,2021,1440,ACCEPT
USDJPY,2021-02-25,2021,1440,ACCEPT
USDJPY,2021-02-26,2021,1440,ACCEPT
USDJPY,2021-02-27,2021,415,NOT_TUE_FRI
USDJPY,2021-02-28,2021,0,NOT_TUE_FRI
USDJPY,2021-03-01,2021,1018,NOT_TUE_FRI
USDJPY,2021-03-02,2021,1440,ACCEPT
USDJPY,2021-03-03,2021,1439,ACCEPT
USDJPY,2021-03-04,2021,1440,ACCEPT
USDJPY,2021-03-05,2021,1440,ACCEPT
USDJPY,2021-03-06,2021,415,NOT_TUE_FRI
USDJPY,2021-03-07,2021,0,NOT_TUE_FRI
USDJPY,2021-03-08,2021,1018,NOT_TUE_FRI
USDJPY,2021-03-09,2021,1438,ACCEPT
USDJPY,2021-03-10,2021,1440,ACCEPT
USDJPY,2021-03-11,2021,1440,ACCEPT
USDJPY,2021-03-12,2021,1440,ACCEPT
USDJPY,2021-03-13,2021,416,NOT_TUE_FRI
USDJPY,2021-03-14,2021,0,NOT_TUE_FRI
USDJPY,2021-03-15,2021,1020,NOT_TUE_FRI
USDJPY,2021-03-16,2021,1439,ACCEPT
USDJPY,2021-03-17,2021,1440,ACCEPT
USDJPY,2021-03-18,2021,1439,ACCEPT
USDJPY,2021-03-19,2021,1440,ACCEPT
USDJPY,2021-03-20,2021,355,NOT_TUE_FRI
USDJPY,2021-03-21,2021,0,NOT_TUE_FRI
USDJPY,2021-03-22,2021,1020,NOT_TUE_FRI
USDJPY,2021-03-23,2021,1440,ACCEPT
USDJPY,2021-03-24,2021,1439,ACCEPT
USDJPY,2021-03-25,2021,1440,ACCEPT
USDJPY,2021-03-26,2021,1439,ACCEPT
USDJPY,2021-03-27,2021,355,NOT_TUE_FRI
USDJPY,2021-03-28,2021,0,NOT_TUE_FRI
USDJPY,2021-03-29,2021,1070,NOT_TUE_FRI
USDJPY,2021-03-30,2021,1440,ACCEPT
USDJPY,2021-03-31,2021,1440,ACCEPT
USDJPY,2021-04-01,2021,1439,ACCEPT
USDJPY,2021-04-02,2021,1440,ACCEPT
USDJPY,2021-04-03,2021,355,NOT_TUE_FRI
USDJPY,2021-04-04,2021,0,NOT_TUE_FRI
USDJPY,2021-04-05,2021,1075,NOT_TUE_FRI
USDJPY,2021-04-06,2021,1440,ACCEPT
USDJPY,2021-04-07,2021,1440,ACCEPT
USDJPY,2021-04-08,2021,1439,ACCEPT
USDJPY,2021-04-09,2021,1440,ACCEPT
USDJPY,2021-04-10,2021,355,NOT_TUE_FRI
USDJPY,2021-04-11,2021,0,NOT_TUE_FRI
USDJPY,2021-04-12,2021,1077,NOT_TUE_FRI
USDJPY,2021-04-13,2021,1440,ACCEPT
USDJPY,2021-04-14,2021,1440,ACCEPT
USDJPY,2021-04-15,2021,1440,ACCEPT
USDJPY,2021-04-16,2021,1440,ACCEPT
USDJPY,2021-04-17,2021,355,NOT_TUE_FRI
USDJPY,2021-04-18,2021,0,NOT_TUE_FRI
USDJPY,2021-04-19,2021,1074,NOT_TUE_FRI
USDJPY,2021-04-20,2021,1440,ACCEPT
USDJPY,2021-04-21,2021,1440,ACCEPT
USDJPY,2021-04-22,2021,1440,ACCEPT
USDJPY,2021-04-23,2021,1440,ACCEPT
USDJPY,2021-04-24,2021,355,NOT_TUE_FRI
USDJPY,2021-04-25,2021,0,NOT_TUE_FRI
USDJPY,2021-04-26,2021,1078,NOT_TUE_FRI
USDJPY,2021-04-27,2021,1440,ACCEPT
USDJPY,2021-04-28,2021,1440,ACCEPT
USDJPY,2021-04-29,2021,1440,ACCEPT
USDJPY,2021-04-30,2021,1440,ACCEPT
USDJPY,2021-05-01,2021,355,NOT_TUE_FRI
USDJPY,2021-05-02,2021,0,NOT_TUE_FRI
USDJPY,2021-05-03,2021,1073,NOT_TUE_FRI
USDJPY,2021-05-04,2021,1440,ACCEPT
USDJPY,2021-05-05,2021,1440,ACCEPT
USDJPY,2021-05-06,2021,1440,ACCEPT
USDJPY,2021-05-07,2021,1440,ACCEPT
USDJPY,2021-05-08,2021,355,NOT_TUE_FRI
USDJPY,2021-05-09,2021,0,NOT_TUE_FRI
USDJPY,2021-05-10,2021,1078,NOT_TUE_FRI
USDJPY,2021-05-11,2021,1440,ACCEPT
USDJPY,2021-05-12,2021,1440,ACCEPT
USDJPY,2021-05-13,2021,1440,ACCEPT
USDJPY,2021-05-14,2021,1440,ACCEPT
USDJPY,2021-05-15,2021,355,NOT_TUE_FRI
USDJPY,2021-05-16,2021,0,NOT_TUE_FRI
USDJPY,2021-05-17,2021,1075,NOT_TUE_FRI
USDJPY,2021-05-18,2021,1440,ACCEPT
USDJPY,2021-05-19,2021,1440,ACCEPT
USDJPY,2021-05-20,2021,1440,ACCEPT
USDJPY,2021-05-21,2021,1440,ACCEPT
USDJPY,2021-05-22,2021,355,NOT_TUE_FRI
USDJPY,2021-05-23,2021,0,NOT_TUE_FRI
USDJPY,2021-05-24,2021,1077,NOT_TUE_FRI
USDJPY,2021-05-25,2021,1440,ACCEPT
USDJPY,2021-05-26,2021,1439,ACCEPT
USDJPY,2021-05-27,2021,1440,ACCEPT
USDJPY,2021-05-28,2021,1440,ACCEPT
USDJPY,2021-05-29,2021,355,NOT_TUE_FRI
USDJPY,2021-05-30,2021,0,NOT_TUE_FRI
USDJPY,2021-05-31,2021,1045,NOT_TUE_FRI
USDJPY,2021-06-01,2021,1438,ACCEPT
USDJPY,2021-06-02,2021,1440,ACCEPT
USDJPY,2021-06-03,2021,1440,ACCEPT
USDJPY,2021-06-04,2021,1440,ACCEPT
USDJPY,2021-06-05,2021,355,NOT_TUE_FRI
USDJPY,2021-06-06,2021,0,NOT_TUE_FRI
USDJPY,2021-06-07,2021,1076,NOT_TUE_FRI
USDJPY,2021-06-08,2021,1440,ACCEPT
USDJPY,2021-06-09,2021,1427,GAP
USDJPY,2021-06-10,2021,1440,ACCEPT
USDJPY,2021-06-11,2021,1440,ACCEPT
USDJPY,2021-06-12,2021,355,NOT_TUE_FRI
USDJPY,2021-06-13,2021,0,NOT_TUE_FRI
USDJPY,2021-06-14,2021,1078,NOT_TUE_FRI
USDJPY,2021-06-15,2021,1378,LOW_COUNT
USDJPY,2021-06-16,2021,1337,LOW_COUNT
USDJPY,2021-06-17,2021,1440,ACCEPT
USDJPY,2021-06-18,2021,1285,LOW_COUNT
USDJPY,2021-06-19,2021,337,NOT_TUE_FRI
USDJPY,2021-06-20,2021,0,NOT_TUE_FRI
USDJPY,2021-06-21,2021,1078,NOT_TUE_FRI
USDJPY,2021-06-22,2021,1440,ACCEPT
USDJPY,2021-06-23,2021,1440,ACCEPT
USDJPY,2021-06-24,2021,1440,ACCEPT
USDJPY,2021-06-25,2021,1440,ACCEPT
USDJPY,2021-06-26,2021,356,NOT_TUE_FRI
USDJPY,2021-06-27,2021,0,NOT_TUE_FRI
USDJPY,2021-06-28,2021,1075,NOT_TUE_FRI
USDJPY,2021-06-29,2021,1440,ACCEPT
USDJPY,2021-06-30,2021,1439,ACCEPT
USDJPY,2021-07-01,2021,1440,ACCEPT
USDJPY,2021-07-02,2021,1440,ACCEPT
USDJPY,2021-07-03,2021,355,NOT_TUE_FRI
USDJPY,2021-07-04,2021,0,NOT_TUE_FRI
USDJPY,2021-07-05,2021,1077,NOT_TUE_FRI
USDJPY,2021-07-06,2021,1440,ACCEPT
USDJPY,2021-07-07,2021,1439,ACCEPT
USDJPY,2021-07-08,2021,1440,ACCEPT
USDJPY,2021-07-09,2021,1440,ACCEPT
USDJPY,2021-07-10,2021,355,NOT_TUE_FRI
USDJPY,2021-07-11,2021,0,NOT_TUE_FRI
USDJPY,2021-07-12,2021,1075,NOT_TUE_FRI
USDJPY,2021-07-13,2021,1440,ACCEPT
USDJPY,2021-07-14,2021,1440,ACCEPT
USDJPY,2021-07-15,2021,1440,ACCEPT
USDJPY,2021-07-16,2021,1440,ACCEPT
USDJPY,2021-07-17,2021,355,NOT_TUE_FRI
USDJPY,2021-07-18,2021,0,NOT_TUE_FRI
USDJPY,2021-07-19,2021,1074,NOT_TUE_FRI
USDJPY,2021-07-20,2021,1440,ACCEPT
USDJPY,2021-07-21,2021,1440,ACCEPT
USDJPY,2021-07-22,2021,1440,ACCEPT
USDJPY,2021-07-23,2021,1440,ACCEPT
USDJPY,2021-07-24,2021,355,NOT_TUE_FRI
USDJPY,2021-07-25,2021,0,NOT_TUE_FRI
USDJPY,2021-07-26,2021,1077,NOT_TUE_FRI
USDJPY,2021-07-27,2021,1440,ACCEPT
USDJPY,2021-07-28,2021,1440,ACCEPT
USDJPY,2021-07-29,2021,1440,ACCEPT
USDJPY,2021-07-30,2021,1440,ACCEPT
USDJPY,2021-07-31,2021,355,NOT_TUE_FRI
USDJPY,2021-08-01,2021,0,NOT_TUE_FRI
USDJPY,2021-08-02,2021,1074,NOT_TUE_FRI
USDJPY,2021-08-03,2021,1440,ACCEPT
USDJPY,2021-08-04,2021,1440,ACCEPT
USDJPY,2021-08-05,2021,1440,ACCEPT
USDJPY,2021-08-06,2021,1440,ACCEPT
USDJPY,2021-08-07,2021,356,NOT_TUE_FRI
USDJPY,2021-08-08,2021,0,NOT_TUE_FRI
USDJPY,2021-08-09,2021,1078,NOT_TUE_FRI
USDJPY,2021-08-10,2021,1439,ACCEPT
USDJPY,2021-08-11,2021,1440,ACCEPT
USDJPY,2021-08-12,2021,1440,ACCEPT
USDJPY,2021-08-13,2021,1439,ACCEPT
USDJPY,2021-08-14,2021,355,NOT_TUE_FRI
USDJPY,2021-08-15,2021,0,NOT_TUE_FRI
USDJPY,2021-08-16,2021,1076,NOT_TUE_FRI
USDJPY,2021-08-17,2021,1440,ACCEPT
USDJPY,2021-08-18,2021,1438,ACCEPT
USDJPY,2021-08-19,2021,1440,ACCEPT
USDJPY,2021-08-20,2021,1440,ACCEPT
USDJPY,2021-08-21,2021,355,NOT_TUE_FRI
USDJPY,2021-08-22,2021,0,NOT_TUE_FRI
USDJPY,2021-08-23,2021,1075,NOT_TUE_FRI
USDJPY,2021-08-24,2021,1440,ACCEPT
USDJPY,2021-08-25,2021,1440,ACCEPT
USDJPY,2021-08-26,2021,1439,ACCEPT
USDJPY,2021-08-27,2021,1440,ACCEPT
USDJPY,2021-08-28,2021,355,NOT_TUE_FRI
USDJPY,2021-08-29,2021,0,NOT_TUE_FRI
USDJPY,2021-08-30,2021,1072,NOT_TUE_FRI
USDJPY,2021-08-31,2021,1440,ACCEPT
USDJPY,2021-09-01,2021,1439,ACCEPT
USDJPY,2021-09-02,2021,1440,ACCEPT
USDJPY,2021-09-03,2021,1440,ACCEPT
USDJPY,2021-09-04,2021,355,NOT_TUE_FRI
USDJPY,2021-09-05,2021,0,NOT_TUE_FRI
USDJPY,2021-09-06,2021,1074,NOT_TUE_FRI
USDJPY,2021-09-07,2021,1437,ACCEPT
USDJPY,2021-09-08,2021,1437,ACCEPT
USDJPY,2021-09-09,2021,1440,ACCEPT
USDJPY,2021-09-10,2021,1440,ACCEPT
USDJPY,2021-09-11,2021,355,NOT_TUE_FRI
USDJPY,2021-09-12,2021,0,NOT_TUE_FRI
USDJPY,2021-09-13,2021,1078,NOT_TUE_FRI
USDJPY,2021-09-14,2021,1440,ACCEPT
USDJPY,2021-09-15,2021,1439,ACCEPT
USDJPY,2021-09-16,2021,1440,ACCEPT
USDJPY,2021-09-17,2021,1440,ACCEPT
USDJPY,2021-09-18,2021,355,NOT_TUE_FRI
USDJPY,2021-09-19,2021,0,NOT_TUE_FRI
USDJPY,2021-09-20,2021,1078,NOT_TUE_FRI
USDJPY,2021-09-21,2021,1440,ACCEPT
USDJPY,2021-09-22,2021,1439,ACCEPT
USDJPY,2021-09-23,2021,1440,ACCEPT
USDJPY,2021-09-24,2021,1440,ACCEPT
USDJPY,2021-09-25,2021,355,NOT_TUE_FRI
USDJPY,2021-09-26,2021,0,NOT_TUE_FRI
USDJPY,2021-09-27,2021,1078,NOT_TUE_FRI
USDJPY,2021-09-28,2021,1440,ACCEPT
USDJPY,2021-09-29,2021,1439,ACCEPT
USDJPY,2021-09-30,2021,1440,ACCEPT
USDJPY,2021-10-01,2021,1440,ACCEPT
USDJPY,2021-10-02,2021,355,NOT_TUE_FRI
USDJPY,2021-10-03,2021,0,NOT_TUE_FRI
USDJPY,2021-10-04,2021,1079,NOT_TUE_FRI
USDJPY,2021-10-05,2021,1440,ACCEPT
USDJPY,2021-10-06,2021,1440,ACCEPT
USDJPY,2021-10-07,2021,1440,ACCEPT
USDJPY,2021-10-08,2021,1440,ACCEPT
USDJPY,2021-10-09,2021,355,NOT_TUE_FRI
USDJPY,2021-10-10,2021,0,NOT_TUE_FRI
USDJPY,2021-10-11,2021,1076,NOT_TUE_FRI
USDJPY,2021-10-12,2021,1440,ACCEPT
USDJPY,2021-10-13,2021,1440,ACCEPT
USDJPY,2021-10-14,2021,1440,ACCEPT
USDJPY,2021-10-15,2021,1440,ACCEPT
USDJPY,2021-10-16,2021,355,NOT_TUE_FRI
USDJPY,2021-10-17,2021,0,NOT_TUE_FRI
USDJPY,2021-10-18,2021,1079,NOT_TUE_FRI
USDJPY,2021-10-19,2021,1440,ACCEPT
USDJPY,2021-10-20,2021,1440,ACCEPT
USDJPY,2021-10-21,2021,1440,ACCEPT
USDJPY,2021-10-22,2021,1440,ACCEPT
USDJPY,2021-10-23,2021,355,NOT_TUE_FRI
USDJPY,2021-10-24,2021,0,NOT_TUE_FRI
USDJPY,2021-10-25,2021,1077,NOT_TUE_FRI
USDJPY,2021-10-26,2021,1440,ACCEPT
USDJPY,2021-10-27,2021,1440,ACCEPT
USDJPY,2021-10-28,2021,1440,ACCEPT
USDJPY,2021-10-29,2021,1440,ACCEPT
USDJPY,2021-10-30,2021,355,NOT_TUE_FRI
USDJPY,2021-10-31,2021,0,NOT_TUE_FRI
USDJPY,2021-11-01,2021,1020,NOT_TUE_FRI
USDJPY,2021-11-02,2021,1440,ACCEPT
USDJPY,2021-11-03,2021,1440,ACCEPT
USDJPY,2021-11-04,2021,1439,ACCEPT
USDJPY,2021-11-05,2021,1440,ACCEPT
USDJPY,2021-11-06,2021,355,NOT_TUE_FRI
USDJPY,2021-11-07,2021,0,NOT_TUE_FRI
USDJPY,2021-11-08,2021,1017,NOT_TUE_FRI
USDJPY,2021-11-09,2021,1440,ACCEPT
USDJPY,2021-11-10,2021,1439,ACCEPT
USDJPY,2021-11-11,2021,1440,ACCEPT
USDJPY,2021-11-12,2021,1438,ACCEPT
USDJPY,2021-11-13,2021,415,NOT_TUE_FRI
USDJPY,2021-11-14,2021,0,NOT_TUE_FRI
USDJPY,2021-11-15,2021,1017,NOT_TUE_FRI
USDJPY,2021-11-16,2021,1440,ACCEPT
USDJPY,2021-11-17,2021,1440,ACCEPT
USDJPY,2021-11-18,2021,1440,ACCEPT
USDJPY,2021-11-19,2021,1439,ACCEPT
USDJPY,2021-11-20,2021,415,NOT_TUE_FRI
USDJPY,2021-11-21,2021,0,NOT_TUE_FRI
USDJPY,2021-11-22,2021,1017,NOT_TUE_FRI
USDJPY,2021-11-23,2021,1440,ACCEPT
USDJPY,2021-11-24,2021,1439,ACCEPT
USDJPY,2021-11-25,2021,1440,ACCEPT
USDJPY,2021-11-26,2021,1437,ACCEPT
USDJPY,2021-11-27,2021,415,NOT_TUE_FRI
USDJPY,2021-11-28,2021,0,NOT_TUE_FRI
USDJPY,2021-11-29,2021,1018,NOT_TUE_FRI
USDJPY,2021-11-30,2021,1440,ACCEPT
USDJPY,2021-12-01,2021,1440,ACCEPT
USDJPY,2021-12-02,2021,1440,ACCEPT
USDJPY,2021-12-03,2021,1440,ACCEPT
USDJPY,2021-12-04,2021,415,NOT_TUE_FRI
USDJPY,2021-12-05,2021,0,NOT_TUE_FRI
USDJPY,2021-12-06,2021,1018,NOT_TUE_FRI
USDJPY,2021-12-07,2021,1440,ACCEPT
USDJPY,2021-12-08,2021,1439,ACCEPT
USDJPY,2021-12-09,2021,1440,ACCEPT
USDJPY,2021-12-10,2021,1440,ACCEPT
USDJPY,2021-12-11,2021,415,NOT_TUE_FRI
USDJPY,2021-12-12,2021,0,NOT_TUE_FRI
USDJPY,2021-12-13,2021,1019,NOT_TUE_FRI
USDJPY,2021-12-14,2021,1438,ACCEPT
USDJPY,2021-12-15,2021,1440,ACCEPT
USDJPY,2021-12-16,2021,1439,ACCEPT
USDJPY,2021-12-17,2021,1440,ACCEPT
USDJPY,2021-12-18,2021,415,NOT_TUE_FRI
USDJPY,2021-12-19,2021,0,NOT_TUE_FRI
USDJPY,2021-12-20,2021,1018,NOT_TUE_FRI
USDJPY,2021-12-21,2021,1439,ACCEPT
USDJPY,2021-12-22,2021,1439,ACCEPT
USDJPY,2021-12-23,2021,1439,ACCEPT
USDJPY,2021-12-24,2021,1440,ACCEPT
USDJPY,2021-12-25,2021,240,NOT_TUE_FRI
USDJPY,2021-12-26,2021,0,NOT_TUE_FRI
USDJPY,2021-12-27,2021,1016,NOT_TUE_FRI
USDJPY,2021-12-28,2021,1438,YEAR_END
USDJPY,2021-12-29,2021,1440,YEAR_END
USDJPY,2021-12-30,2021,1440,YEAR_END
USDJPY,2021-12-31,2021,1439,YEAR_END
USDJPY,2022-01-01,2022,359,NOT_TUE_FRI
USDJPY,2022-01-02,2022,0,NOT_TUE_FRI
USDJPY,2022-01-03,2022,1011,NOT_TUE_FRI
USDJPY,2022-01-04,2022,1440,ACCEPT
USDJPY,2022-01-05,2022,1439,ACCEPT
USDJPY,2022-01-06,2022,1439,ACCEPT
USDJPY,2022-01-07,2022,1440,ACCEPT
USDJPY,2022-01-08,2022,415,NOT_TUE_FRI
USDJPY,2022-01-09,2022,0,NOT_TUE_FRI
USDJPY,2022-01-10,2022,1018,NOT_TUE_FRI
USDJPY,2022-01-11,2022,1438,ACCEPT
USDJPY,2022-01-12,2022,1439,ACCEPT
USDJPY,2022-01-13,2022,1440,ACCEPT
USDJPY,2022-01-14,2022,1440,ACCEPT
USDJPY,2022-01-15,2022,415,NOT_TUE_FRI
USDJPY,2022-01-16,2022,0,NOT_TUE_FRI
USDJPY,2022-01-17,2022,1016,NOT_TUE_FRI
USDJPY,2022-01-18,2022,1440,ACCEPT
USDJPY,2022-01-19,2022,1440,ACCEPT
USDJPY,2022-01-20,2022,1440,ACCEPT
USDJPY,2022-01-21,2022,1433,ACCEPT
USDJPY,2022-01-22,2022,415,NOT_TUE_FRI
USDJPY,2022-01-23,2022,0,NOT_TUE_FRI
USDJPY,2022-01-24,2022,1016,NOT_TUE_FRI
USDJPY,2022-01-25,2022,1439,ACCEPT
USDJPY,2022-01-26,2022,1440,ACCEPT
USDJPY,2022-01-27,2022,1440,ACCEPT
USDJPY,2022-01-28,2022,1440,ACCEPT
USDJPY,2022-01-29,2022,415,NOT_TUE_FRI
USDJPY,2022-01-30,2022,0,NOT_TUE_FRI
USDJPY,2022-01-31,2022,1017,NOT_TUE_FRI
USDJPY,2022-02-01,2022,1440,ACCEPT
USDJPY,2022-02-02,2022,1440,ACCEPT
USDJPY,2022-02-03,2022,1440,ACCEPT
USDJPY,2022-02-04,2022,1437,ACCEPT
USDJPY,2022-02-05,2022,415,NOT_TUE_FRI
USDJPY,2022-02-06,2022,0,NOT_TUE_FRI
USDJPY,2022-02-07,2022,1014,NOT_TUE_FRI
USDJPY,2022-02-08,2022,1440,ACCEPT
USDJPY,2022-02-09,2022,1440,ACCEPT
USDJPY,2022-02-10,2022,1440,ACCEPT
USDJPY,2022-02-11,2022,1440,ACCEPT
USDJPY,2022-02-12,2022,415,NOT_TUE_FRI
USDJPY,2022-02-13,2022,0,NOT_TUE_FRI
USDJPY,2022-02-14,2022,1018,NOT_TUE_FRI
USDJPY,2022-02-15,2022,1440,ACCEPT
USDJPY,2022-02-16,2022,1440,ACCEPT
USDJPY,2022-02-17,2022,1440,ACCEPT
USDJPY,2022-02-18,2022,1439,ACCEPT
USDJPY,2022-02-19,2022,415,NOT_TUE_FRI
USDJPY,2022-02-20,2022,0,NOT_TUE_FRI
USDJPY,2022-02-21,2022,1019,NOT_TUE_FRI
USDJPY,2022-02-22,2022,1440,ACCEPT
USDJPY,2022-02-23,2022,1440,ACCEPT
USDJPY,2022-02-24,2022,1440,ACCEPT
USDJPY,2022-02-25,2022,1440,ACCEPT
USDJPY,2022-02-26,2022,415,NOT_TUE_FRI
USDJPY,2022-02-27,2022,0,NOT_TUE_FRI
USDJPY,2022-02-28,2022,1019,NOT_TUE_FRI
USDJPY,2022-03-01,2022,1440,ACCEPT
USDJPY,2022-03-02,2022,1440,ACCEPT
USDJPY,2022-03-03,2022,1440,ACCEPT
USDJPY,2022-03-04,2022,1440,ACCEPT
USDJPY,2022-03-05,2022,415,NOT_TUE_FRI
USDJPY,2022-03-06,2022,0,NOT_TUE_FRI
USDJPY,2022-03-07,2022,1018,NOT_TUE_FRI
USDJPY,2022-03-08,2022,1440,ACCEPT
USDJPY,2022-03-09,2022,1440,ACCEPT
USDJPY,2022-03-10,2022,1440,ACCEPT
USDJPY,2022-03-11,2022,1440,ACCEPT
USDJPY,2022-03-12,2022,415,NOT_TUE_FRI
USDJPY,2022-03-13,2022,0,NOT_TUE_FRI
USDJPY,2022-03-14,2022,1020,NOT_TUE_FRI
USDJPY,2022-03-15,2022,1439,ACCEPT
USDJPY,2022-03-16,2022,1440,ACCEPT
USDJPY,2022-03-17,2022,1427,GAP
USDJPY,2022-03-18,2022,1440,ACCEPT
USDJPY,2022-03-19,2022,355,NOT_TUE_FRI
USDJPY,2022-03-20,2022,0,NOT_TUE_FRI
USDJPY,2022-03-21,2022,1013,NOT_TUE_FRI
USDJPY,2022-03-22,2022,1440,ACCEPT
USDJPY,2022-03-23,2022,1440,ACCEPT
USDJPY,2022-03-24,2022,1440,ACCEPT
USDJPY,2022-03-25,2022,1440,ACCEPT
USDJPY,2022-03-26,2022,356,NOT_TUE_FRI
USDJPY,2022-03-27,2022,0,NOT_TUE_FRI
USDJPY,2022-03-28,2022,1077,NOT_TUE_FRI
USDJPY,2022-03-29,2022,1439,ACCEPT
USDJPY,2022-03-30,2022,1438,ACCEPT
USDJPY,2022-03-31,2022,1438,ACCEPT
USDJPY,2022-04-01,2022,1440,ACCEPT
USDJPY,2022-04-02,2022,355,NOT_TUE_FRI
USDJPY,2022-04-03,2022,0,NOT_TUE_FRI
USDJPY,2022-04-04,2022,1077,NOT_TUE_FRI
USDJPY,2022-04-05,2022,1440,ACCEPT
USDJPY,2022-04-06,2022,1439,ACCEPT
USDJPY,2022-04-07,2022,1438,ACCEPT
USDJPY,2022-04-08,2022,1440,ACCEPT
USDJPY,2022-04-09,2022,355,NOT_TUE_FRI
USDJPY,2022-04-10,2022,0,NOT_TUE_FRI
USDJPY,2022-04-11,2022,1076,NOT_TUE_FRI
USDJPY,2022-04-12,2022,1440,ACCEPT
USDJPY,2022-04-13,2022,1440,ACCEPT
USDJPY,2022-04-14,2022,1440,ACCEPT
USDJPY,2022-04-15,2022,1440,ACCEPT
USDJPY,2022-04-16,2022,355,NOT_TUE_FRI
USDJPY,2022-04-17,2022,0,NOT_TUE_FRI
USDJPY,2022-04-18,2022,1076,NOT_TUE_FRI
USDJPY,2022-04-19,2022,1439,ACCEPT
USDJPY,2022-04-20,2022,1440,ACCEPT
USDJPY,2022-04-21,2022,1440,ACCEPT
USDJPY,2022-04-22,2022,1440,ACCEPT
USDJPY,2022-04-23,2022,355,NOT_TUE_FRI
USDJPY,2022-04-24,2022,0,NOT_TUE_FRI
USDJPY,2022-04-25,2022,1069,NOT_TUE_FRI
USDJPY,2022-04-26,2022,1440,ACCEPT
USDJPY,2022-04-27,2022,1440,ACCEPT
USDJPY,2022-04-28,2022,1440,ACCEPT
USDJPY,2022-04-29,2022,1440,ACCEPT
USDJPY,2022-04-30,2022,356,NOT_TUE_FRI
USDJPY,2022-05-01,2022,0,NOT_TUE_FRI
USDJPY,2022-05-02,2022,1076,NOT_TUE_FRI
USDJPY,2022-05-03,2022,1439,ACCEPT
USDJPY,2022-05-04,2022,1440,ACCEPT
USDJPY,2022-05-05,2022,1440,ACCEPT
USDJPY,2022-05-06,2022,1440,ACCEPT
USDJPY,2022-05-07,2022,356,NOT_TUE_FRI
USDJPY,2022-05-08,2022,0,NOT_TUE_FRI
USDJPY,2022-05-09,2022,1075,NOT_TUE_FRI
USDJPY,2022-05-10,2022,1438,ACCEPT
USDJPY,2022-05-11,2022,1440,ACCEPT
USDJPY,2022-05-12,2022,1439,ACCEPT
USDJPY,2022-05-13,2022,1440,ACCEPT
USDJPY,2022-05-14,2022,355,NOT_TUE_FRI
USDJPY,2022-05-15,2022,0,NOT_TUE_FRI
USDJPY,2022-05-16,2022,1074,NOT_TUE_FRI
USDJPY,2022-05-17,2022,1438,ACCEPT
USDJPY,2022-05-18,2022,1440,ACCEPT
USDJPY,2022-05-19,2022,1440,ACCEPT
USDJPY,2022-05-20,2022,1440,ACCEPT
USDJPY,2022-05-21,2022,355,NOT_TUE_FRI
USDJPY,2022-05-22,2022,0,NOT_TUE_FRI
USDJPY,2022-05-23,2022,1076,NOT_TUE_FRI
USDJPY,2022-05-24,2022,1439,ACCEPT
USDJPY,2022-05-25,2022,1439,ACCEPT
USDJPY,2022-05-26,2022,1440,ACCEPT
USDJPY,2022-05-27,2022,1440,ACCEPT
USDJPY,2022-05-28,2022,355,NOT_TUE_FRI
USDJPY,2022-05-29,2022,0,NOT_TUE_FRI
USDJPY,2022-05-30,2022,1077,NOT_TUE_FRI
USDJPY,2022-05-31,2022,1439,ACCEPT
USDJPY,2022-06-01,2022,1440,ACCEPT
USDJPY,2022-06-02,2022,1440,ACCEPT
USDJPY,2022-06-03,2022,1440,ACCEPT
USDJPY,2022-06-04,2022,355,NOT_TUE_FRI
USDJPY,2022-06-05,2022,0,NOT_TUE_FRI
USDJPY,2022-06-06,2022,1077,NOT_TUE_FRI
USDJPY,2022-06-07,2022,1440,ACCEPT
USDJPY,2022-06-08,2022,1440,ACCEPT
USDJPY,2022-06-09,2022,1440,ACCEPT
USDJPY,2022-06-10,2022,1440,ACCEPT
USDJPY,2022-06-11,2022,355,NOT_TUE_FRI
USDJPY,2022-06-12,2022,0,NOT_TUE_FRI
USDJPY,2022-06-13,2022,1077,NOT_TUE_FRI
USDJPY,2022-06-14,2022,1440,ACCEPT
USDJPY,2022-06-15,2022,1440,ACCEPT
USDJPY,2022-06-16,2022,1440,ACCEPT
USDJPY,2022-06-17,2022,1440,ACCEPT
USDJPY,2022-06-18,2022,355,NOT_TUE_FRI
USDJPY,2022-06-19,2022,0,NOT_TUE_FRI
USDJPY,2022-06-20,2022,1077,NOT_TUE_FRI
USDJPY,2022-06-21,2022,1440,ACCEPT
USDJPY,2022-06-22,2022,1440,ACCEPT
USDJPY,2022-06-23,2022,1440,ACCEPT
USDJPY,2022-06-24,2022,1440,ACCEPT
USDJPY,2022-06-25,2022,355,NOT_TUE_FRI
USDJPY,2022-06-26,2022,0,NOT_TUE_FRI
USDJPY,2022-06-27,2022,1068,NOT_TUE_FRI
USDJPY,2022-06-28,2022,1439,ACCEPT
USDJPY,2022-06-29,2022,1439,ACCEPT
USDJPY,2022-06-30,2022,1439,ACCEPT
USDJPY,2022-07-01,2022,1440,ACCEPT
USDJPY,2022-07-02,2022,355,NOT_TUE_FRI
USDJPY,2022-07-03,2022,0,NOT_TUE_FRI
USDJPY,2022-07-04,2022,1076,NOT_TUE_FRI
USDJPY,2022-07-05,2022,1437,ACCEPT
USDJPY,2022-07-06,2022,1440,ACCEPT
USDJPY,2022-07-07,2022,1440,ACCEPT
USDJPY,2022-07-08,2022,1440,ACCEPT
USDJPY,2022-07-09,2022,355,NOT_TUE_FRI
USDJPY,2022-07-10,2022,0,NOT_TUE_FRI
USDJPY,2022-07-11,2022,1077,NOT_TUE_FRI
USDJPY,2022-07-12,2022,1440,ACCEPT
USDJPY,2022-07-13,2022,1440,ACCEPT
USDJPY,2022-07-14,2022,1440,ACCEPT
USDJPY,2022-07-15,2022,1439,ACCEPT
USDJPY,2022-07-16,2022,355,NOT_TUE_FRI
USDJPY,2022-07-17,2022,0,NOT_TUE_FRI
USDJPY,2022-07-18,2022,1073,NOT_TUE_FRI
USDJPY,2022-07-19,2022,1440,ACCEPT
USDJPY,2022-07-20,2022,1438,ACCEPT
USDJPY,2022-07-21,2022,1437,ACCEPT
USDJPY,2022-07-22,2022,1435,ACCEPT
USDJPY,2022-07-23,2022,355,NOT_TUE_FRI
USDJPY,2022-07-24,2022,0,NOT_TUE_FRI
USDJPY,2022-07-25,2022,1073,NOT_TUE_FRI
USDJPY,2022-07-26,2022,1440,ACCEPT
USDJPY,2022-07-27,2022,1439,ACCEPT
USDJPY,2022-07-28,2022,1432,ACCEPT
USDJPY,2022-07-29,2022,1436,ACCEPT
USDJPY,2022-07-30,2022,355,NOT_TUE_FRI
USDJPY,2022-07-31,2022,0,NOT_TUE_FRI
USDJPY,2022-08-01,2022,1073,NOT_TUE_FRI
USDJPY,2022-08-02,2022,1438,ACCEPT
USDJPY,2022-08-03,2022,1425,ACCEPT
USDJPY,2022-08-04,2022,1433,ACCEPT
USDJPY,2022-08-05,2022,1438,ACCEPT
USDJPY,2022-08-06,2022,355,NOT_TUE_FRI
USDJPY,2022-08-07,2022,0,NOT_TUE_FRI
USDJPY,2022-08-08,2022,1073,NOT_TUE_FRI
USDJPY,2022-08-09,2022,1439,ACCEPT
USDJPY,2022-08-10,2022,1440,ACCEPT
USDJPY,2022-08-11,2022,1436,ACCEPT
USDJPY,2022-08-12,2022,1439,ACCEPT
USDJPY,2022-08-13,2022,355,NOT_TUE_FRI
USDJPY,2022-08-14,2022,0,NOT_TUE_FRI
USDJPY,2022-08-15,2022,1067,NOT_TUE_FRI
USDJPY,2022-08-16,2022,1435,ACCEPT
USDJPY,2022-08-17,2022,1438,ACCEPT
USDJPY,2022-08-18,2022,1440,ACCEPT
USDJPY,2022-08-19,2022,1440,ACCEPT
USDJPY,2022-08-20,2022,355,NOT_TUE_FRI
USDJPY,2022-08-21,2022,0,NOT_TUE_FRI
USDJPY,2022-08-22,2022,1073,NOT_TUE_FRI
USDJPY,2022-08-23,2022,1436,ACCEPT
USDJPY,2022-08-24,2022,1439,ACCEPT
USDJPY,2022-08-25,2022,1439,ACCEPT
USDJPY,2022-08-26,2022,1438,ACCEPT
USDJPY,2022-08-27,2022,355,NOT_TUE_FRI
USDJPY,2022-08-28,2022,0,NOT_TUE_FRI
USDJPY,2022-08-29,2022,1065,NOT_TUE_FRI
USDJPY,2022-08-30,2022,1424,ACCEPT
USDJPY,2022-08-31,2022,1439,ACCEPT
USDJPY,2022-09-01,2022,1436,ACCEPT
USDJPY,2022-09-02,2022,1417,GAP
USDJPY,2022-09-03,2022,355,NOT_TUE_FRI
USDJPY,2022-09-04,2022,0,NOT_TUE_FRI
USDJPY,2022-09-05,2022,1073,NOT_TUE_FRI
USDJPY,2022-09-06,2022,1414,GAP
USDJPY,2022-09-07,2022,1437,ACCEPT
USDJPY,2022-09-08,2022,1433,ACCEPT
USDJPY,2022-09-09,2022,1440,ACCEPT
USDJPY,2022-09-10,2022,355,NOT_TUE_FRI
USDJPY,2022-09-11,2022,0,NOT_TUE_FRI
USDJPY,2022-09-12,2022,1069,NOT_TUE_FRI
USDJPY,2022-09-13,2022,1430,ACCEPT
USDJPY,2022-09-14,2022,1439,ACCEPT
USDJPY,2022-09-15,2022,1428,ACCEPT
USDJPY,2022-09-16,2022,1428,ACCEPT
USDJPY,2022-09-17,2022,355,NOT_TUE_FRI
USDJPY,2022-09-18,2022,0,NOT_TUE_FRI
USDJPY,2022-09-19,2022,1046,NOT_TUE_FRI
USDJPY,2022-09-20,2022,1440,ACCEPT
USDJPY,2022-09-21,2022,1439,ACCEPT
USDJPY,2022-09-22,2022,1440,ACCEPT
USDJPY,2022-09-23,2022,1439,ACCEPT
USDJPY,2022-09-24,2022,355,NOT_TUE_FRI
USDJPY,2022-09-25,2022,0,NOT_TUE_FRI
USDJPY,2022-09-26,2022,1077,NOT_TUE_FRI
USDJPY,2022-09-27,2022,1440,ACCEPT
USDJPY,2022-09-28,2022,1440,ACCEPT
USDJPY,2022-09-29,2022,1440,ACCEPT
USDJPY,2022-09-30,2022,1440,ACCEPT
USDJPY,2022-10-01,2022,355,NOT_TUE_FRI
USDJPY,2022-10-02,2022,0,NOT_TUE_FRI
USDJPY,2022-10-03,2022,1073,NOT_TUE_FRI
USDJPY,2022-10-04,2022,1440,ACCEPT
USDJPY,2022-10-05,2022,1440,ACCEPT
USDJPY,2022-10-06,2022,1440,ACCEPT
USDJPY,2022-10-07,2022,1440,ACCEPT
USDJPY,2022-10-08,2022,355,NOT_TUE_FRI
USDJPY,2022-10-09,2022,0,NOT_TUE_FRI
USDJPY,2022-10-10,2022,1074,NOT_TUE_FRI
USDJPY,2022-10-11,2022,1440,ACCEPT
USDJPY,2022-10-12,2022,1440,ACCEPT
USDJPY,2022-10-13,2022,1440,ACCEPT
USDJPY,2022-10-14,2022,1440,ACCEPT
USDJPY,2022-10-15,2022,355,NOT_TUE_FRI
USDJPY,2022-10-16,2022,0,NOT_TUE_FRI
USDJPY,2022-10-17,2022,1077,NOT_TUE_FRI
USDJPY,2022-10-18,2022,1440,ACCEPT
USDJPY,2022-10-19,2022,1440,ACCEPT
USDJPY,2022-10-20,2022,1440,ACCEPT
USDJPY,2022-10-21,2022,1439,ACCEPT
USDJPY,2022-10-22,2022,355,NOT_TUE_FRI
USDJPY,2022-10-23,2022,0,NOT_TUE_FRI
USDJPY,2022-10-24,2022,1076,NOT_TUE_FRI
USDJPY,2022-10-25,2022,1439,ACCEPT
USDJPY,2022-10-26,2022,1439,ACCEPT
USDJPY,2022-10-27,2022,1439,ACCEPT
USDJPY,2022-10-28,2022,1438,ACCEPT
USDJPY,2022-10-29,2022,355,NOT_TUE_FRI
USDJPY,2022-10-30,2022,0,NOT_TUE_FRI
USDJPY,2022-10-31,2022,1020,NOT_TUE_FRI
USDJPY,2022-11-01,2022,1440,ACCEPT
USDJPY,2022-11-02,2022,1440,ACCEPT
USDJPY,2022-11-03,2022,1439,ACCEPT
USDJPY,2022-11-04,2022,1439,ACCEPT
USDJPY,2022-11-05,2022,355,NOT_TUE_FRI
USDJPY,2022-11-06,2022,0,NOT_TUE_FRI
USDJPY,2022-11-07,2022,1018,NOT_TUE_FRI
USDJPY,2022-11-08,2022,1440,ACCEPT
USDJPY,2022-11-09,2022,1439,ACCEPT
USDJPY,2022-11-10,2022,1440,ACCEPT
USDJPY,2022-11-11,2022,1440,ACCEPT
USDJPY,2022-11-12,2022,415,NOT_TUE_FRI
USDJPY,2022-11-13,2022,0,NOT_TUE_FRI
USDJPY,2022-11-14,2022,1019,NOT_TUE_FRI
USDJPY,2022-11-15,2022,1440,ACCEPT
USDJPY,2022-11-16,2022,1440,ACCEPT
USDJPY,2022-11-17,2022,1440,ACCEPT
USDJPY,2022-11-18,2022,1440,ACCEPT
USDJPY,2022-11-19,2022,415,NOT_TUE_FRI
USDJPY,2022-11-20,2022,0,NOT_TUE_FRI
USDJPY,2022-11-21,2022,1017,NOT_TUE_FRI
USDJPY,2022-11-22,2022,1440,ACCEPT
USDJPY,2022-11-23,2022,1440,ACCEPT
USDJPY,2022-11-24,2022,1440,ACCEPT
USDJPY,2022-11-25,2022,1439,ACCEPT
USDJPY,2022-11-26,2022,415,NOT_TUE_FRI
USDJPY,2022-11-27,2022,0,NOT_TUE_FRI
USDJPY,2022-11-28,2022,1016,NOT_TUE_FRI
USDJPY,2022-11-29,2022,1439,ACCEPT
USDJPY,2022-11-30,2022,1440,ACCEPT
USDJPY,2022-12-01,2022,1440,ACCEPT
USDJPY,2022-12-02,2022,1440,ACCEPT
USDJPY,2022-12-03,2022,415,NOT_TUE_FRI
USDJPY,2022-12-04,2022,0,NOT_TUE_FRI
USDJPY,2022-12-05,2022,1017,NOT_TUE_FRI
USDJPY,2022-12-06,2022,1439,ACCEPT
USDJPY,2022-12-07,2022,1439,ACCEPT
USDJPY,2022-12-08,2022,1440,ACCEPT
USDJPY,2022-12-09,2022,1440,ACCEPT
USDJPY,2022-12-10,2022,415,NOT_TUE_FRI
USDJPY,2022-12-11,2022,0,NOT_TUE_FRI
USDJPY,2022-12-12,2022,1017,NOT_TUE_FRI
USDJPY,2022-12-13,2022,1439,ACCEPT
USDJPY,2022-12-14,2022,1440,ACCEPT
USDJPY,2022-12-15,2022,1439,ACCEPT
USDJPY,2022-12-16,2022,1440,ACCEPT
USDJPY,2022-12-17,2022,415,NOT_TUE_FRI
USDJPY,2022-12-18,2022,0,NOT_TUE_FRI
USDJPY,2022-12-19,2022,1018,NOT_TUE_FRI
USDJPY,2022-12-20,2022,1439,ACCEPT
USDJPY,2022-12-21,2022,1439,ACCEPT
USDJPY,2022-12-22,2022,1439,ACCEPT
USDJPY,2022-12-23,2022,1437,ACCEPT
USDJPY,2022-12-24,2022,415,NOT_TUE_FRI
USDJPY,2022-12-25,2022,0,NOT_TUE_FRI
USDJPY,2022-12-26,2022,394,NOT_TUE_FRI
USDJPY,2022-12-27,2022,1340,YEAR_END
USDJPY,2022-12-28,2022,1436,YEAR_END
USDJPY,2022-12-29,2022,1439,YEAR_END
USDJPY,2022-12-30,2022,1440,YEAR_END
USDJPY,2022-12-31,2022,416,NOT_TUE_FRI
USDJPY,2023-01-01,2023,0,NOT_TUE_FRI
USDJPY,2023-01-02,2023,595,NOT_TUE_FRI
USDJPY,2023-01-03,2023,1424,YEAR_END
USDJPY,2023-01-04,2023,1440,ACCEPT
USDJPY,2023-01-05,2023,1440,ACCEPT
USDJPY,2023-01-06,2023,1440,ACCEPT
USDJPY,2023-01-07,2023,415,NOT_TUE_FRI
USDJPY,2023-01-08,2023,0,NOT_TUE_FRI
USDJPY,2023-01-09,2023,1018,NOT_TUE_FRI
USDJPY,2023-01-10,2023,1440,ACCEPT
USDJPY,2023-01-11,2023,1437,ACCEPT
USDJPY,2023-01-12,2023,1440,ACCEPT
USDJPY,2023-01-13,2023,1438,ACCEPT
USDJPY,2023-01-14,2023,415,NOT_TUE_FRI
USDJPY,2023-01-15,2023,0,NOT_TUE_FRI
USDJPY,2023-01-16,2023,1014,NOT_TUE_FRI
USDJPY,2023-01-17,2023,1436,ACCEPT
USDJPY,2023-01-18,2023,1438,ACCEPT
USDJPY,2023-01-19,2023,1439,ACCEPT
USDJPY,2023-01-20,2023,1440,ACCEPT
USDJPY,2023-01-21,2023,415,NOT_TUE_FRI
USDJPY,2023-01-22,2023,0,NOT_TUE_FRI
USDJPY,2023-01-23,2023,1017,NOT_TUE_FRI
USDJPY,2023-01-24,2023,1438,ACCEPT
USDJPY,2023-01-25,2023,1440,ACCEPT
USDJPY,2023-01-26,2023,1436,ACCEPT
USDJPY,2023-01-27,2023,1438,ACCEPT
USDJPY,2023-01-28,2023,415,NOT_TUE_FRI
USDJPY,2023-01-29,2023,0,NOT_TUE_FRI
USDJPY,2023-01-30,2023,1018,NOT_TUE_FRI
USDJPY,2023-01-31,2023,1440,ACCEPT
USDJPY,2023-02-01,2023,1438,ACCEPT
USDJPY,2023-02-02,2023,1440,ACCEPT
USDJPY,2023-02-03,2023,1440,ACCEPT
USDJPY,2023-02-04,2023,415,NOT_TUE_FRI
USDJPY,2023-02-05,2023,0,NOT_TUE_FRI
USDJPY,2023-02-06,2023,1018,NOT_TUE_FRI
USDJPY,2023-02-07,2023,1440,ACCEPT
USDJPY,2023-02-08,2023,1439,ACCEPT
USDJPY,2023-02-09,2023,1440,ACCEPT
USDJPY,2023-02-10,2023,1440,ACCEPT
USDJPY,2023-02-11,2023,415,NOT_TUE_FRI
USDJPY,2023-02-12,2023,0,NOT_TUE_FRI
USDJPY,2023-02-13,2023,1014,NOT_TUE_FRI
USDJPY,2023-02-14,2023,1438,ACCEPT
USDJPY,2023-02-15,2023,1440,ACCEPT
USDJPY,2023-02-16,2023,1439,ACCEPT
USDJPY,2023-02-17,2023,1440,ACCEPT
USDJPY,2023-02-18,2023,415,NOT_TUE_FRI
USDJPY,2023-02-19,2023,0,NOT_TUE_FRI
USDJPY,2023-02-20,2023,1015,NOT_TUE_FRI
USDJPY,2023-02-21,2023,1438,ACCEPT
USDJPY,2023-02-22,2023,1440,ACCEPT
USDJPY,2023-02-23,2023,1439,ACCEPT
USDJPY,2023-02-24,2023,1440,ACCEPT
USDJPY,2023-02-25,2023,415,NOT_TUE_FRI
USDJPY,2023-02-26,2023,0,NOT_TUE_FRI
USDJPY,2023-02-27,2023,1014,NOT_TUE_FRI
USDJPY,2023-02-28,2023,1428,ACCEPT
USDJPY,2023-03-01,2023,1432,ACCEPT
USDJPY,2023-03-02,2023,1427,ACCEPT
USDJPY,2023-03-03,2023,1429,ACCEPT
USDJPY,2023-03-04,2023,415,NOT_TUE_FRI
USDJPY,2023-03-05,2023,0,NOT_TUE_FRI
USDJPY,2023-03-06,2023,1008,NOT_TUE_FRI
USDJPY,2023-03-07,2023,1431,ACCEPT
USDJPY,2023-03-08,2023,1432,ACCEPT
USDJPY,2023-03-09,2023,1432,ACCEPT
USDJPY,2023-03-10,2023,1432,ACCEPT
USDJPY,2023-03-11,2023,415,NOT_TUE_FRI
USDJPY,2023-03-12,2023,0,NOT_TUE_FRI
USDJPY,2023-03-13,2023,1020,NOT_TUE_FRI
USDJPY,2023-03-14,2023,1426,ACCEPT
USDJPY,2023-03-15,2023,1434,ACCEPT
USDJPY,2023-03-16,2023,1434,ACCEPT
USDJPY,2023-03-17,2023,1433,ACCEPT
USDJPY,2023-03-18,2023,355,NOT_TUE_FRI
USDJPY,2023-03-19,2023,0,NOT_TUE_FRI
USDJPY,2023-03-20,2023,1020,NOT_TUE_FRI
USDJPY,2023-03-21,2023,1431,ACCEPT
USDJPY,2023-03-22,2023,1421,ACCEPT
USDJPY,2023-03-23,2023,1429,ACCEPT
USDJPY,2023-03-24,2023,1427,ACCEPT
USDJPY,2023-03-25,2023,354,NOT_TUE_FRI
USDJPY,2023-03-26,2023,0,NOT_TUE_FRI
USDJPY,2023-03-27,2023,1071,NOT_TUE_FRI
USDJPY,2023-03-28,2023,1423,ACCEPT
USDJPY,2023-03-29,2023,1428,ACCEPT
USDJPY,2023-03-30,2023,1433,ACCEPT
USDJPY,2023-03-31,2023,1428,ACCEPT
USDJPY,2023-04-01,2023,355,NOT_TUE_FRI
USDJPY,2023-04-02,2023,0,NOT_TUE_FRI
USDJPY,2023-04-03,2023,1078,NOT_TUE_FRI
USDJPY,2023-04-04,2023,1433,ACCEPT
USDJPY,2023-04-05,2023,1434,ACCEPT
USDJPY,2023-04-06,2023,1430,ACCEPT
USDJPY,2023-04-07,2023,1424,ACCEPT
USDJPY,2023-04-08,2023,352,NOT_TUE_FRI
USDJPY,2023-04-09,2023,0,NOT_TUE_FRI
USDJPY,2023-04-10,2023,1057,NOT_TUE_FRI
USDJPY,2023-04-11,2023,1433,ACCEPT
USDJPY,2023-04-12,2023,1428,ACCEPT
USDJPY,2023-04-13,2023,1433,ACCEPT
USDJPY,2023-04-14,2023,1434,ACCEPT
USDJPY,2023-04-15,2023,355,NOT_TUE_FRI
USDJPY,2023-04-16,2023,0,NOT_TUE_FRI
USDJPY,2023-04-17,2023,1071,NOT_TUE_FRI
USDJPY,2023-04-18,2023,1426,ACCEPT
USDJPY,2023-04-19,2023,1426,ACCEPT
USDJPY,2023-04-20,2023,1431,ACCEPT
USDJPY,2023-04-21,2023,1424,ACCEPT
USDJPY,2023-04-22,2023,355,NOT_TUE_FRI
USDJPY,2023-04-23,2023,0,NOT_TUE_FRI
USDJPY,2023-04-24,2023,1077,NOT_TUE_FRI
USDJPY,2023-04-25,2023,1434,ACCEPT
USDJPY,2023-04-26,2023,1434,ACCEPT
USDJPY,2023-04-27,2023,1428,ACCEPT
USDJPY,2023-04-28,2023,1431,ACCEPT
USDJPY,2023-04-29,2023,355,NOT_TUE_FRI
USDJPY,2023-04-30,2023,0,NOT_TUE_FRI
USDJPY,2023-05-01,2023,1072,NOT_TUE_FRI
USDJPY,2023-05-02,2023,1433,ACCEPT
USDJPY,2023-05-03,2023,1429,ACCEPT
USDJPY,2023-05-04,2023,1434,ACCEPT
USDJPY,2023-05-05,2023,1429,ACCEPT
USDJPY,2023-05-06,2023,355,NOT_TUE_FRI
USDJPY,2023-05-07,2023,0,NOT_TUE_FRI
USDJPY,2023-05-08,2023,1072,NOT_TUE_FRI
USDJPY,2023-05-09,2023,1428,ACCEPT
USDJPY,2023-05-10,2023,1431,ACCEPT
USDJPY,2023-05-11,2023,1433,ACCEPT
USDJPY,2023-05-12,2023,1431,ACCEPT
USDJPY,2023-05-13,2023,355,NOT_TUE_FRI
USDJPY,2023-05-14,2023,0,NOT_TUE_FRI
USDJPY,2023-05-15,2023,1070,NOT_TUE_FRI
USDJPY,2023-05-16,2023,1434,ACCEPT
USDJPY,2023-05-17,2023,1425,ACCEPT
USDJPY,2023-05-18,2023,1434,ACCEPT
USDJPY,2023-05-19,2023,1434,ACCEPT
USDJPY,2023-05-20,2023,355,NOT_TUE_FRI
USDJPY,2023-05-21,2023,0,NOT_TUE_FRI
USDJPY,2023-05-22,2023,1072,NOT_TUE_FRI
USDJPY,2023-05-23,2023,1433,ACCEPT
USDJPY,2023-05-24,2023,1430,ACCEPT
USDJPY,2023-05-25,2023,1431,ACCEPT
USDJPY,2023-05-26,2023,1426,ACCEPT
USDJPY,2023-05-27,2023,355,NOT_TUE_FRI
USDJPY,2023-05-28,2023,0,NOT_TUE_FRI
USDJPY,2023-05-29,2023,1074,NOT_TUE_FRI
USDJPY,2023-05-30,2023,1430,ACCEPT
USDJPY,2023-05-31,2023,1424,ACCEPT
USDJPY,2023-06-01,2023,1433,ACCEPT
USDJPY,2023-06-02,2023,1430,ACCEPT
USDJPY,2023-06-03,2023,355,NOT_TUE_FRI
USDJPY,2023-06-04,2023,0,NOT_TUE_FRI
USDJPY,2023-06-05,2023,1070,NOT_TUE_FRI
USDJPY,2023-06-06,2023,1432,ACCEPT
USDJPY,2023-06-07,2023,1432,ACCEPT
USDJPY,2023-06-08,2023,1423,ACCEPT
USDJPY,2023-06-09,2023,1423,ACCEPT
USDJPY,2023-06-10,2023,354,NOT_TUE_FRI
USDJPY,2023-06-11,2023,0,NOT_TUE_FRI
USDJPY,2023-06-12,2023,1070,NOT_TUE_FRI
USDJPY,2023-06-13,2023,1427,ACCEPT
USDJPY,2023-06-14,2023,1433,ACCEPT
USDJPY,2023-06-15,2023,1431,ACCEPT
USDJPY,2023-06-16,2023,1427,ACCEPT
USDJPY,2023-06-17,2023,355,NOT_TUE_FRI
USDJPY,2023-06-18,2023,0,NOT_TUE_FRI
USDJPY,2023-06-19,2023,1075,NOT_TUE_FRI
USDJPY,2023-06-20,2023,1433,ACCEPT
USDJPY,2023-06-21,2023,1440,ACCEPT
USDJPY,2023-06-22,2023,1440,ACCEPT
USDJPY,2023-06-23,2023,1439,ACCEPT
USDJPY,2023-06-24,2023,359,NOT_TUE_FRI
USDJPY,2023-06-25,2023,0,NOT_TUE_FRI
USDJPY,2023-06-26,2023,1078,NOT_TUE_FRI
USDJPY,2023-06-27,2023,1440,ACCEPT
USDJPY,2023-06-28,2023,1416,ACCEPT
USDJPY,2023-06-29,2023,1440,ACCEPT
USDJPY,2023-06-30,2023,1439,ACCEPT
USDJPY,2023-07-01,2023,359,NOT_TUE_FRI
USDJPY,2023-07-02,2023,0,NOT_TUE_FRI
USDJPY,2023-07-03,2023,1075,NOT_TUE_FRI
USDJPY,2023-07-04,2023,1440,ACCEPT
USDJPY,2023-07-05,2023,1440,ACCEPT
USDJPY,2023-07-06,2023,1440,ACCEPT
USDJPY,2023-07-07,2023,1440,ACCEPT
USDJPY,2023-07-08,2023,359,NOT_TUE_FRI
USDJPY,2023-07-09,2023,0,NOT_TUE_FRI
USDJPY,2023-07-10,2023,1076,NOT_TUE_FRI
USDJPY,2023-07-11,2023,1440,ACCEPT
USDJPY,2023-07-12,2023,1440,ACCEPT
USDJPY,2023-07-13,2023,1440,ACCEPT
USDJPY,2023-07-14,2023,1439,ACCEPT
USDJPY,2023-07-15,2023,248,NOT_TUE_FRI
USDJPY,2023-07-16,2023,0,NOT_TUE_FRI
USDJPY,2023-07-17,2023,1075,NOT_TUE_FRI
USDJPY,2023-07-18,2023,1440,ACCEPT
USDJPY,2023-07-19,2023,1440,ACCEPT
USDJPY,2023-07-20,2023,1439,ACCEPT
USDJPY,2023-07-21,2023,1440,ACCEPT
USDJPY,2023-07-22,2023,359,NOT_TUE_FRI
USDJPY,2023-07-23,2023,0,NOT_TUE_FRI
USDJPY,2023-07-24,2023,1080,NOT_TUE_FRI
USDJPY,2023-07-25,2023,1440,ACCEPT
USDJPY,2023-07-26,2023,1440,ACCEPT
USDJPY,2023-07-27,2023,1440,ACCEPT
USDJPY,2023-07-28,2023,1439,ACCEPT
USDJPY,2023-07-29,2023,359,NOT_TUE_FRI
USDJPY,2023-07-30,2023,0,NOT_TUE_FRI
USDJPY,2023-07-31,2023,1080,NOT_TUE_FRI
USDJPY,2023-08-01,2023,1440,ACCEPT
USDJPY,2023-08-02,2023,1439,ACCEPT
USDJPY,2023-08-03,2023,1440,ACCEPT
USDJPY,2023-08-04,2023,1440,ACCEPT
USDJPY,2023-08-05,2023,359,NOT_TUE_FRI
USDJPY,2023-08-06,2023,0,NOT_TUE_FRI
USDJPY,2023-08-07,2023,1077,NOT_TUE_FRI
USDJPY,2023-08-08,2023,1440,ACCEPT
USDJPY,2023-08-09,2023,1440,ACCEPT
USDJPY,2023-08-10,2023,1440,ACCEPT
USDJPY,2023-08-11,2023,1440,ACCEPT
USDJPY,2023-08-12,2023,333,NOT_TUE_FRI
USDJPY,2023-08-13,2023,0,NOT_TUE_FRI
USDJPY,2023-08-14,2023,1078,NOT_TUE_FRI
USDJPY,2023-08-15,2023,1440,ACCEPT
USDJPY,2023-08-16,2023,1440,ACCEPT
USDJPY,2023-08-17,2023,1440,ACCEPT
USDJPY,2023-08-18,2023,1440,ACCEPT
USDJPY,2023-08-19,2023,359,NOT_TUE_FRI
USDJPY,2023-08-20,2023,0,NOT_TUE_FRI
USDJPY,2023-08-21,2023,1080,NOT_TUE_FRI
USDJPY,2023-08-22,2023,1440,ACCEPT
USDJPY,2023-08-23,2023,1440,ACCEPT
USDJPY,2023-08-24,2023,1440,ACCEPT
USDJPY,2023-08-25,2023,1439,ACCEPT
USDJPY,2023-08-26,2023,359,NOT_TUE_FRI
USDJPY,2023-08-27,2023,0,NOT_TUE_FRI
USDJPY,2023-08-28,2023,1078,NOT_TUE_FRI
USDJPY,2023-08-29,2023,1440,ACCEPT
USDJPY,2023-08-30,2023,1440,ACCEPT
USDJPY,2023-08-31,2023,1413,GAP
USDJPY,2023-09-01,2023,1440,ACCEPT
USDJPY,2023-09-02,2023,359,NOT_TUE_FRI
USDJPY,2023-09-03,2023,0,NOT_TUE_FRI
USDJPY,2023-09-04,2023,1079,NOT_TUE_FRI
USDJPY,2023-09-05,2023,1440,ACCEPT
USDJPY,2023-09-06,2023,1440,ACCEPT
USDJPY,2023-09-07,2023,1439,ACCEPT
USDJPY,2023-09-08,2023,1440,ACCEPT
USDJPY,2023-09-09,2023,359,NOT_TUE_FRI
USDJPY,2023-09-10,2023,0,NOT_TUE_FRI
USDJPY,2023-09-11,2023,1080,NOT_TUE_FRI
USDJPY,2023-09-12,2023,1440,ACCEPT
USDJPY,2023-09-13,2023,1440,ACCEPT
USDJPY,2023-09-14,2023,1440,ACCEPT
USDJPY,2023-09-15,2023,1440,ACCEPT
USDJPY,2023-09-16,2023,359,NOT_TUE_FRI
USDJPY,2023-09-17,2023,0,NOT_TUE_FRI
USDJPY,2023-09-18,2023,1080,NOT_TUE_FRI
USDJPY,2023-09-19,2023,1440,ACCEPT
USDJPY,2023-09-20,2023,1440,ACCEPT
USDJPY,2023-09-21,2023,1440,ACCEPT
USDJPY,2023-09-22,2023,1440,ACCEPT
USDJPY,2023-09-23,2023,359,NOT_TUE_FRI
USDJPY,2023-09-24,2023,0,NOT_TUE_FRI
USDJPY,2023-09-25,2023,1079,NOT_TUE_FRI
USDJPY,2023-09-26,2023,1440,ACCEPT
USDJPY,2023-09-27,2023,1438,ACCEPT
USDJPY,2023-09-28,2023,1439,ACCEPT
USDJPY,2023-09-29,2023,1439,ACCEPT
USDJPY,2023-09-30,2023,359,NOT_TUE_FRI
USDJPY,2023-10-01,2023,0,NOT_TUE_FRI
USDJPY,2023-10-02,2023,1079,NOT_TUE_FRI
USDJPY,2023-10-03,2023,1440,ACCEPT
USDJPY,2023-10-04,2023,1440,ACCEPT
USDJPY,2023-10-05,2023,1440,ACCEPT
USDJPY,2023-10-06,2023,1440,ACCEPT
USDJPY,2023-10-07,2023,359,NOT_TUE_FRI
USDJPY,2023-10-08,2023,0,NOT_TUE_FRI
USDJPY,2023-10-09,2023,1080,NOT_TUE_FRI
USDJPY,2023-10-10,2023,1440,ACCEPT
USDJPY,2023-10-11,2023,1440,ACCEPT
USDJPY,2023-10-12,2023,1440,ACCEPT
USDJPY,2023-10-13,2023,1439,ACCEPT
USDJPY,2023-10-14,2023,359,NOT_TUE_FRI
USDJPY,2023-10-15,2023,0,NOT_TUE_FRI
USDJPY,2023-10-16,2023,1079,NOT_TUE_FRI
USDJPY,2023-10-17,2023,1440,ACCEPT
USDJPY,2023-10-18,2023,1439,ACCEPT
USDJPY,2023-10-19,2023,1440,ACCEPT
USDJPY,2023-10-20,2023,1439,ACCEPT
USDJPY,2023-10-21,2023,359,NOT_TUE_FRI
USDJPY,2023-10-22,2023,0,NOT_TUE_FRI
USDJPY,2023-10-23,2023,1080,NOT_TUE_FRI
USDJPY,2023-10-24,2023,1440,ACCEPT
USDJPY,2023-10-25,2023,1440,ACCEPT
USDJPY,2023-10-26,2023,1439,ACCEPT
USDJPY,2023-10-27,2023,1440,ACCEPT
USDJPY,2023-10-28,2023,359,NOT_TUE_FRI
USDJPY,2023-10-29,2023,0,NOT_TUE_FRI
USDJPY,2023-10-30,2023,1020,NOT_TUE_FRI
USDJPY,2023-10-31,2023,1440,ACCEPT
USDJPY,2023-11-01,2023,1440,ACCEPT
USDJPY,2023-11-02,2023,1440,ACCEPT
USDJPY,2023-11-03,2023,1439,ACCEPT
USDJPY,2023-11-04,2023,359,NOT_TUE_FRI
USDJPY,2023-11-05,2023,0,NOT_TUE_FRI
USDJPY,2023-11-06,2023,1020,NOT_TUE_FRI
USDJPY,2023-11-07,2023,1440,ACCEPT
USDJPY,2023-11-08,2023,1440,ACCEPT
USDJPY,2023-11-09,2023,1440,ACCEPT
USDJPY,2023-11-10,2023,1440,ACCEPT
USDJPY,2023-11-11,2023,419,NOT_TUE_FRI
USDJPY,2023-11-12,2023,0,NOT_TUE_FRI
USDJPY,2023-11-13,2023,1019,NOT_TUE_FRI
USDJPY,2023-11-14,2023,1440,ACCEPT
USDJPY,2023-11-15,2023,1440,ACCEPT
USDJPY,2023-11-16,2023,1439,ACCEPT
USDJPY,2023-11-17,2023,1440,ACCEPT
USDJPY,2023-11-18,2023,419,NOT_TUE_FRI
USDJPY,2023-11-19,2023,0,NOT_TUE_FRI
USDJPY,2023-11-20,2023,1019,NOT_TUE_FRI
USDJPY,2023-11-21,2023,1440,ACCEPT
USDJPY,2023-11-22,2023,1440,ACCEPT
USDJPY,2023-11-23,2023,1440,ACCEPT
USDJPY,2023-11-24,2023,1440,ACCEPT
USDJPY,2023-11-25,2023,419,NOT_TUE_FRI
USDJPY,2023-11-26,2023,0,NOT_TUE_FRI
USDJPY,2023-11-27,2023,1020,NOT_TUE_FRI
USDJPY,2023-11-28,2023,1440,ACCEPT
USDJPY,2023-11-29,2023,1439,ACCEPT
USDJPY,2023-11-30,2023,1440,ACCEPT
USDJPY,2023-12-01,2023,1439,ACCEPT
USDJPY,2023-12-02,2023,419,NOT_TUE_FRI
USDJPY,2023-12-03,2023,0,NOT_TUE_FRI
USDJPY,2023-12-04,2023,1020,NOT_TUE_FRI
USDJPY,2023-12-05,2023,1440,ACCEPT
USDJPY,2023-12-06,2023,1440,ACCEPT
USDJPY,2023-12-07,2023,1440,ACCEPT
USDJPY,2023-12-08,2023,1440,ACCEPT
USDJPY,2023-12-09,2023,419,NOT_TUE_FRI
USDJPY,2023-12-10,2023,0,NOT_TUE_FRI
USDJPY,2023-12-11,2023,1019,NOT_TUE_FRI
USDJPY,2023-12-12,2023,1440,ACCEPT
USDJPY,2023-12-13,2023,1439,ACCEPT
USDJPY,2023-12-14,2023,1440,ACCEPT
USDJPY,2023-12-15,2023,1440,ACCEPT
USDJPY,2023-12-16,2023,419,NOT_TUE_FRI
USDJPY,2023-12-17,2023,0,NOT_TUE_FRI
USDJPY,2023-12-18,2023,994,NOT_TUE_FRI
USDJPY,2023-12-19,2023,1427,ACCEPT
USDJPY,2023-12-20,2023,1440,ACCEPT
USDJPY,2023-12-21,2023,1440,ACCEPT
USDJPY,2023-12-22,2023,1439,ACCEPT
USDJPY,2023-12-23,2023,419,NOT_TUE_FRI
USDJPY,2023-12-24,2023,0,NOT_TUE_FRI
USDJPY,2023-12-25,2023,72,NOT_TUE_FRI
USDJPY,2023-12-26,2023,1020,YEAR_END
USDJPY,2023-12-27,2023,1440,YEAR_END
USDJPY,2023-12-28,2023,1440,YEAR_END
USDJPY,2023-12-29,2023,1439,YEAR_END
USDJPY,2023-12-30,2023,419,NOT_TUE_FRI
USDJPY,2023-12-31,2023,0,NOT_TUE_FRI
EURJPY,2020-01-01,2020,361,YEAR_END
EURJPY,2020-01-02,2020,660,YEAR_END
EURJPY,2020-01-03,2020,1440,YEAR_END
EURJPY,2020-01-04,2020,415,NOT_TUE_FRI
EURJPY,2020-01-05,2020,0,NOT_TUE_FRI
EURJPY,2020-01-06,2020,1018,NOT_TUE_FRI
EURJPY,2020-01-07,2020,1440,ACCEPT
EURJPY,2020-01-08,2020,1440,ACCEPT
EURJPY,2020-01-09,2020,1440,ACCEPT
EURJPY,2020-01-10,2020,1440,ACCEPT
EURJPY,2020-01-11,2020,415,NOT_TUE_FRI
EURJPY,2020-01-12,2020,0,NOT_TUE_FRI
EURJPY,2020-01-13,2020,1018,NOT_TUE_FRI
EURJPY,2020-01-14,2020,1440,ACCEPT
EURJPY,2020-01-15,2020,1440,ACCEPT
EURJPY,2020-01-16,2020,1440,ACCEPT
EURJPY,2020-01-17,2020,1440,ACCEPT
EURJPY,2020-01-18,2020,415,NOT_TUE_FRI
EURJPY,2020-01-19,2020,0,NOT_TUE_FRI
EURJPY,2020-01-20,2020,1015,NOT_TUE_FRI
EURJPY,2020-01-21,2020,1440,ACCEPT
EURJPY,2020-01-22,2020,1440,ACCEPT
EURJPY,2020-01-23,2020,1439,ACCEPT
EURJPY,2020-01-24,2020,1440,ACCEPT
EURJPY,2020-01-25,2020,416,NOT_TUE_FRI
EURJPY,2020-01-26,2020,0,NOT_TUE_FRI
EURJPY,2020-01-27,2020,1019,NOT_TUE_FRI
EURJPY,2020-01-28,2020,1440,ACCEPT
EURJPY,2020-01-29,2020,1439,ACCEPT
EURJPY,2020-01-30,2020,1440,ACCEPT
EURJPY,2020-01-31,2020,1440,ACCEPT
EURJPY,2020-02-01,2020,415,NOT_TUE_FRI
EURJPY,2020-02-02,2020,0,NOT_TUE_FRI
EURJPY,2020-02-03,2020,1018,NOT_TUE_FRI
EURJPY,2020-02-04,2020,1440,ACCEPT
EURJPY,2020-02-05,2020,1440,ACCEPT
EURJPY,2020-02-06,2020,1440,ACCEPT
EURJPY,2020-02-07,2020,1440,ACCEPT
EURJPY,2020-02-08,2020,415,NOT_TUE_FRI
EURJPY,2020-02-09,2020,0,NOT_TUE_FRI
EURJPY,2020-02-10,2020,1015,NOT_TUE_FRI
EURJPY,2020-02-11,2020,1440,ACCEPT
EURJPY,2020-02-12,2020,1440,ACCEPT
EURJPY,2020-02-13,2020,1439,ACCEPT
EURJPY,2020-02-14,2020,1440,ACCEPT
EURJPY,2020-02-15,2020,415,NOT_TUE_FRI
EURJPY,2020-02-16,2020,0,NOT_TUE_FRI
EURJPY,2020-02-17,2020,1019,NOT_TUE_FRI
EURJPY,2020-02-18,2020,1440,ACCEPT
EURJPY,2020-02-19,2020,1440,ACCEPT
EURJPY,2020-02-20,2020,1440,ACCEPT
EURJPY,2020-02-21,2020,1440,ACCEPT
EURJPY,2020-02-22,2020,415,NOT_TUE_FRI
EURJPY,2020-02-23,2020,0,NOT_TUE_FRI
EURJPY,2020-02-24,2020,1019,NOT_TUE_FRI
EURJPY,2020-02-25,2020,1440,ACCEPT
EURJPY,2020-02-26,2020,1440,ACCEPT
EURJPY,2020-02-27,2020,1440,ACCEPT
EURJPY,2020-02-28,2020,1439,ACCEPT
EURJPY,2020-02-29,2020,416,NOT_TUE_FRI
EURJPY,2020-03-01,2020,0,NOT_TUE_FRI
EURJPY,2020-03-02,2020,1018,NOT_TUE_FRI
EURJPY,2020-03-03,2020,1440,ACCEPT
EURJPY,2020-03-04,2020,1440,ACCEPT
EURJPY,2020-03-05,2020,1439,ACCEPT
EURJPY,2020-03-06,2020,1440,ACCEPT
EURJPY,2020-03-07,2020,415,NOT_TUE_FRI
EURJPY,2020-03-08,2020,0,NOT_TUE_FRI
EURJPY,2020-03-09,2020,1020,NOT_TUE_FRI
EURJPY,2020-03-10,2020,1436,ACCEPT
EURJPY,2020-03-11,2020,1436,ACCEPT
EURJPY,2020-03-12,2020,1440,ACCEPT
EURJPY,2020-03-13,2020,1440,ACCEPT
EURJPY,2020-03-14,2020,355,NOT_TUE_FRI
EURJPY,2020-03-15,2020,0,NOT_TUE_FRI
EURJPY,2020-03-16,2020,1020,NOT_TUE_FRI
EURJPY,2020-03-17,2020,1440,ACCEPT
EURJPY,2020-03-18,2020,1440,ACCEPT
EURJPY,2020-03-19,2020,1440,ACCEPT
EURJPY,2020-03-20,2020,1440,ACCEPT
EURJPY,2020-03-21,2020,355,NOT_TUE_FRI
EURJPY,2020-03-22,2020,0,NOT_TUE_FRI
EURJPY,2020-03-23,2020,1020,NOT_TUE_FRI
EURJPY,2020-03-24,2020,1439,ACCEPT
EURJPY,2020-03-25,2020,1440,ACCEPT
EURJPY,2020-03-26,2020,1440,ACCEPT
EURJPY,2020-03-27,2020,1440,ACCEPT
EURJPY,2020-03-28,2020,355,NOT_TUE_FRI
EURJPY,2020-03-29,2020,0,NOT_TUE_FRI
EURJPY,2020-03-30,2020,1077,NOT_TUE_FRI
EURJPY,2020-03-31,2020,1440,ACCEPT
EURJPY,2020-04-01,2020,1437,ACCEPT
EURJPY,2020-04-02,2020,1440,ACCEPT
EURJPY,2020-04-03,2020,1440,ACCEPT
EURJPY,2020-04-04,2020,355,NOT_TUE_FRI
EURJPY,2020-04-05,2020,0,NOT_TUE_FRI
EURJPY,2020-04-06,2020,1078,NOT_TUE_FRI
EURJPY,2020-04-07,2020,1440,ACCEPT
EURJPY,2020-04-08,2020,1440,ACCEPT
EURJPY,2020-04-09,2020,1440,ACCEPT
EURJPY,2020-04-10,2020,1440,ACCEPT
EURJPY,2020-04-11,2020,355,NOT_TUE_FRI
EURJPY,2020-04-12,2020,0,NOT_TUE_FRI
EURJPY,2020-04-13,2020,1075,NOT_TUE_FRI
EURJPY,2020-04-14,2020,1440,ACCEPT
EURJPY,2020-04-15,2020,1440,ACCEPT
EURJPY,2020-04-16,2020,1440,ACCEPT
EURJPY,2020-04-17,2020,1440,ACCEPT
EURJPY,2020-04-18,2020,356,NOT_TUE_FRI
EURJPY,2020-04-19,2020,0,NOT_TUE_FRI
EURJPY,2020-04-20,2020,1076,NOT_TUE_FRI
EURJPY,2020-04-21,2020,1440,ACCEPT
EURJPY,2020-04-22,2020,1440,ACCEPT
EURJPY,2020-04-23,2020,1440,ACCEPT
EURJPY,2020-04-24,2020,1440,ACCEPT
EURJPY,2020-04-25,2020,355,NOT_TUE_FRI
EURJPY,2020-04-26,2020,0,NOT_TUE_FRI
EURJPY,2020-04-27,2020,1077,NOT_TUE_FRI
EURJPY,2020-04-28,2020,1440,ACCEPT
EURJPY,2020-04-29,2020,1440,ACCEPT
EURJPY,2020-04-30,2020,1440,ACCEPT
EURJPY,2020-05-01,2020,1440,ACCEPT
EURJPY,2020-05-02,2020,355,NOT_TUE_FRI
EURJPY,2020-05-03,2020,0,NOT_TUE_FRI
EURJPY,2020-05-04,2020,1075,NOT_TUE_FRI
EURJPY,2020-05-05,2020,1440,ACCEPT
EURJPY,2020-05-06,2020,1440,ACCEPT
EURJPY,2020-05-07,2020,1440,ACCEPT
EURJPY,2020-05-08,2020,1440,ACCEPT
EURJPY,2020-05-09,2020,355,NOT_TUE_FRI
EURJPY,2020-05-10,2020,0,NOT_TUE_FRI
EURJPY,2020-05-11,2020,1079,NOT_TUE_FRI
EURJPY,2020-05-12,2020,1439,ACCEPT
EURJPY,2020-05-13,2020,1440,ACCEPT
EURJPY,2020-05-14,2020,1440,ACCEPT
EURJPY,2020-05-15,2020,1440,ACCEPT
EURJPY,2020-05-16,2020,355,NOT_TUE_FRI
EURJPY,2020-05-17,2020,0,NOT_TUE_FRI
EURJPY,2020-05-18,2020,1077,NOT_TUE_FRI
EURJPY,2020-05-19,2020,1440,ACCEPT
EURJPY,2020-05-20,2020,1440,ACCEPT
EURJPY,2020-05-21,2020,1440,ACCEPT
EURJPY,2020-05-22,2020,1440,ACCEPT
EURJPY,2020-05-23,2020,355,NOT_TUE_FRI
EURJPY,2020-05-24,2020,0,NOT_TUE_FRI
EURJPY,2020-05-25,2020,1077,NOT_TUE_FRI
EURJPY,2020-05-26,2020,1439,ACCEPT
EURJPY,2020-05-27,2020,1440,ACCEPT
EURJPY,2020-05-28,2020,1440,ACCEPT
EURJPY,2020-05-29,2020,1440,ACCEPT
EURJPY,2020-05-30,2020,355,NOT_TUE_FRI
EURJPY,2020-05-31,2020,0,NOT_TUE_FRI
EURJPY,2020-06-01,2020,1078,NOT_TUE_FRI
EURJPY,2020-06-02,2020,1440,ACCEPT
EURJPY,2020-06-03,2020,1440,ACCEPT
EURJPY,2020-06-04,2020,1440,ACCEPT
EURJPY,2020-06-05,2020,1440,ACCEPT
EURJPY,2020-06-06,2020,355,NOT_TUE_FRI
EURJPY,2020-06-07,2020,0,NOT_TUE_FRI
EURJPY,2020-06-08,2020,1075,NOT_TUE_FRI
EURJPY,2020-06-09,2020,1440,ACCEPT
EURJPY,2020-06-10,2020,1440,ACCEPT
EURJPY,2020-06-11,2020,1440,ACCEPT
EURJPY,2020-06-12,2020,1437,ACCEPT
EURJPY,2020-06-13,2020,355,NOT_TUE_FRI
EURJPY,2020-06-14,2020,0,NOT_TUE_FRI
EURJPY,2020-06-15,2020,1079,NOT_TUE_FRI
EURJPY,2020-06-16,2020,1440,ACCEPT
EURJPY,2020-06-17,2020,1440,ACCEPT
EURJPY,2020-06-18,2020,1440,ACCEPT
EURJPY,2020-06-19,2020,1440,ACCEPT
EURJPY,2020-06-20,2020,355,NOT_TUE_FRI
EURJPY,2020-06-21,2020,0,NOT_TUE_FRI
EURJPY,2020-06-22,2020,1079,NOT_TUE_FRI
EURJPY,2020-06-23,2020,1440,ACCEPT
EURJPY,2020-06-24,2020,1440,ACCEPT
EURJPY,2020-06-25,2020,1440,ACCEPT
EURJPY,2020-06-26,2020,1440,ACCEPT
EURJPY,2020-06-27,2020,355,NOT_TUE_FRI
EURJPY,2020-06-28,2020,0,NOT_TUE_FRI
EURJPY,2020-06-29,2020,1077,NOT_TUE_FRI
EURJPY,2020-06-30,2020,1440,ACCEPT
EURJPY,2020-07-01,2020,1440,ACCEPT
EURJPY,2020-07-02,2020,1436,ACCEPT
EURJPY,2020-07-03,2020,1440,ACCEPT
EURJPY,2020-07-04,2020,355,NOT_TUE_FRI
EURJPY,2020-07-05,2020,0,NOT_TUE_FRI
EURJPY,2020-07-06,2020,1077,NOT_TUE_FRI
EURJPY,2020-07-07,2020,1440,ACCEPT
EURJPY,2020-07-08,2020,1440,ACCEPT
EURJPY,2020-07-09,2020,1440,ACCEPT
EURJPY,2020-07-10,2020,1440,ACCEPT
EURJPY,2020-07-11,2020,355,NOT_TUE_FRI
EURJPY,2020-07-12,2020,0,NOT_TUE_FRI
EURJPY,2020-07-13,2020,1074,NOT_TUE_FRI
EURJPY,2020-07-14,2020,1440,ACCEPT
EURJPY,2020-07-15,2020,1440,ACCEPT
EURJPY,2020-07-16,2020,1440,ACCEPT
EURJPY,2020-07-17,2020,1440,ACCEPT
EURJPY,2020-07-18,2020,355,NOT_TUE_FRI
EURJPY,2020-07-19,2020,0,NOT_TUE_FRI
EURJPY,2020-07-20,2020,1076,NOT_TUE_FRI
EURJPY,2020-07-21,2020,1440,ACCEPT
EURJPY,2020-07-22,2020,1440,ACCEPT
EURJPY,2020-07-23,2020,1440,ACCEPT
EURJPY,2020-07-24,2020,1440,ACCEPT
EURJPY,2020-07-25,2020,355,NOT_TUE_FRI
EURJPY,2020-07-26,2020,0,NOT_TUE_FRI
EURJPY,2020-07-27,2020,1079,NOT_TUE_FRI
EURJPY,2020-07-28,2020,1440,ACCEPT
EURJPY,2020-07-29,2020,1440,ACCEPT
EURJPY,2020-07-30,2020,1440,ACCEPT
EURJPY,2020-07-31,2020,1440,ACCEPT
EURJPY,2020-08-01,2020,355,NOT_TUE_FRI
EURJPY,2020-08-02,2020,0,NOT_TUE_FRI
EURJPY,2020-08-03,2020,1077,NOT_TUE_FRI
EURJPY,2020-08-04,2020,1440,ACCEPT
EURJPY,2020-08-05,2020,1440,ACCEPT
EURJPY,2020-08-06,2020,1440,ACCEPT
EURJPY,2020-08-07,2020,1440,ACCEPT
EURJPY,2020-08-08,2020,355,NOT_TUE_FRI
EURJPY,2020-08-09,2020,0,NOT_TUE_FRI
EURJPY,2020-08-10,2020,1076,NOT_TUE_FRI
EURJPY,2020-08-11,2020,1440,ACCEPT
EURJPY,2020-08-12,2020,1440,ACCEPT
EURJPY,2020-08-13,2020,1440,ACCEPT
EURJPY,2020-08-14,2020,1440,ACCEPT
EURJPY,2020-08-15,2020,355,NOT_TUE_FRI
EURJPY,2020-08-16,2020,0,NOT_TUE_FRI
EURJPY,2020-08-17,2020,1076,NOT_TUE_FRI
EURJPY,2020-08-18,2020,1440,ACCEPT
EURJPY,2020-08-19,2020,1440,ACCEPT
EURJPY,2020-08-20,2020,1440,ACCEPT
EURJPY,2020-08-21,2020,1440,ACCEPT
EURJPY,2020-08-22,2020,355,NOT_TUE_FRI
EURJPY,2020-08-23,2020,0,NOT_TUE_FRI
EURJPY,2020-08-24,2020,1075,NOT_TUE_FRI
EURJPY,2020-08-25,2020,1440,ACCEPT
EURJPY,2020-08-26,2020,1440,ACCEPT
EURJPY,2020-08-27,2020,1440,ACCEPT
EURJPY,2020-08-28,2020,1440,ACCEPT
EURJPY,2020-08-29,2020,355,NOT_TUE_FRI
EURJPY,2020-08-30,2020,0,NOT_TUE_FRI
EURJPY,2020-08-31,2020,1075,NOT_TUE_FRI
EURJPY,2020-09-01,2020,1440,ACCEPT
EURJPY,2020-09-02,2020,1440,ACCEPT
EURJPY,2020-09-03,2020,1440,ACCEPT
EURJPY,2020-09-04,2020,1439,ACCEPT
EURJPY,2020-09-05,2020,356,NOT_TUE_FRI
EURJPY,2020-09-06,2020,0,NOT_TUE_FRI
EURJPY,2020-09-07,2020,1075,NOT_TUE_FRI
EURJPY,2020-09-08,2020,1440,ACCEPT
EURJPY,2020-09-09,2020,1440,ACCEPT
EURJPY,2020-09-10,2020,1440,ACCEPT
EURJPY,2020-09-11,2020,1439,ACCEPT
EURJPY,2020-09-12,2020,355,NOT_TUE_FRI
EURJPY,2020-09-13,2020,0,NOT_TUE_FRI
EURJPY,2020-09-14,2020,1075,NOT_TUE_FRI
EURJPY,2020-09-15,2020,1440,ACCEPT
EURJPY,2020-09-16,2020,1440,ACCEPT
EURJPY,2020-09-17,2020,1440,ACCEPT
EURJPY,2020-09-18,2020,1438,ACCEPT
EURJPY,2020-09-19,2020,355,NOT_TUE_FRI
EURJPY,2020-09-20,2020,0,NOT_TUE_FRI
EURJPY,2020-09-21,2020,1075,NOT_TUE_FRI
EURJPY,2020-09-22,2020,1440,ACCEPT
EURJPY,2020-09-23,2020,1440,ACCEPT
EURJPY,2020-09-24,2020,1440,ACCEPT
EURJPY,2020-09-25,2020,1440,ACCEPT
EURJPY,2020-09-26,2020,356,NOT_TUE_FRI
EURJPY,2020-09-27,2020,0,NOT_TUE_FRI
EURJPY,2020-09-28,2020,1075,NOT_TUE_FRI
EURJPY,2020-09-29,2020,1440,ACCEPT
EURJPY,2020-09-30,2020,1440,ACCEPT
EURJPY,2020-10-01,2020,1440,ACCEPT
EURJPY,2020-10-02,2020,1440,ACCEPT
EURJPY,2020-10-03,2020,355,NOT_TUE_FRI
EURJPY,2020-10-04,2020,0,NOT_TUE_FRI
EURJPY,2020-10-05,2020,1075,NOT_TUE_FRI
EURJPY,2020-10-06,2020,1440,ACCEPT
EURJPY,2020-10-07,2020,1440,ACCEPT
EURJPY,2020-10-08,2020,1438,ACCEPT
EURJPY,2020-10-09,2020,1439,ACCEPT
EURJPY,2020-10-10,2020,355,NOT_TUE_FRI
EURJPY,2020-10-11,2020,0,NOT_TUE_FRI
EURJPY,2020-10-12,2020,1074,NOT_TUE_FRI
EURJPY,2020-10-13,2020,1438,ACCEPT
EURJPY,2020-10-14,2020,1440,ACCEPT
EURJPY,2020-10-15,2020,1440,ACCEPT
EURJPY,2020-10-16,2020,1440,ACCEPT
EURJPY,2020-10-17,2020,355,NOT_TUE_FRI
EURJPY,2020-10-18,2020,0,NOT_TUE_FRI
EURJPY,2020-10-19,2020,1070,NOT_TUE_FRI
EURJPY,2020-10-20,2020,1440,ACCEPT
EURJPY,2020-10-21,2020,1440,ACCEPT
EURJPY,2020-10-22,2020,1439,ACCEPT
EURJPY,2020-10-23,2020,1439,ACCEPT
EURJPY,2020-10-24,2020,355,NOT_TUE_FRI
EURJPY,2020-10-25,2020,0,NOT_TUE_FRI
EURJPY,2020-10-26,2020,1015,NOT_TUE_FRI
EURJPY,2020-10-27,2020,1440,ACCEPT
EURJPY,2020-10-28,2020,1440,ACCEPT
EURJPY,2020-10-29,2020,1440,ACCEPT
EURJPY,2020-10-30,2020,1440,ACCEPT
EURJPY,2020-10-31,2020,355,NOT_TUE_FRI
EURJPY,2020-11-01,2020,0,NOT_TUE_FRI
EURJPY,2020-11-02,2020,1019,NOT_TUE_FRI
EURJPY,2020-11-03,2020,1440,ACCEPT
EURJPY,2020-11-04,2020,1440,ACCEPT
EURJPY,2020-11-05,2020,1440,ACCEPT
EURJPY,2020-11-06,2020,1440,ACCEPT
EURJPY,2020-11-07,2020,415,NOT_TUE_FRI
EURJPY,2020-11-08,2020,0,NOT_TUE_FRI
EURJPY,2020-11-09,2020,1019,NOT_TUE_FRI
EURJPY,2020-11-10,2020,1440,ACCEPT
EURJPY,2020-11-11,2020,1439,ACCEPT
EURJPY,2020-11-12,2020,1437,ACCEPT
EURJPY,2020-11-13,2020,1440,ACCEPT
EURJPY,2020-11-14,2020,415,NOT_TUE_FRI
EURJPY,2020-11-15,2020,0,NOT_TUE_FRI
EURJPY,2020-11-16,2020,1019,NOT_TUE_FRI
EURJPY,2020-11-17,2020,1440,ACCEPT
EURJPY,2020-11-18,2020,1440,ACCEPT
EURJPY,2020-11-19,2020,1440,ACCEPT
EURJPY,2020-11-20,2020,1440,ACCEPT
EURJPY,2020-11-21,2020,415,NOT_TUE_FRI
EURJPY,2020-11-22,2020,0,NOT_TUE_FRI
EURJPY,2020-11-23,2020,1018,NOT_TUE_FRI
EURJPY,2020-11-24,2020,1440,ACCEPT
EURJPY,2020-11-25,2020,1440,ACCEPT
EURJPY,2020-11-26,2020,1440,ACCEPT
EURJPY,2020-11-27,2020,1440,ACCEPT
EURJPY,2020-11-28,2020,415,NOT_TUE_FRI
EURJPY,2020-11-29,2020,0,NOT_TUE_FRI
EURJPY,2020-11-30,2020,1017,NOT_TUE_FRI
EURJPY,2020-12-01,2020,1440,ACCEPT
EURJPY,2020-12-02,2020,1440,ACCEPT
EURJPY,2020-12-03,2020,1440,ACCEPT
EURJPY,2020-12-04,2020,1440,ACCEPT
EURJPY,2020-12-05,2020,415,NOT_TUE_FRI
EURJPY,2020-12-06,2020,0,NOT_TUE_FRI
EURJPY,2020-12-07,2020,1018,NOT_TUE_FRI
EURJPY,2020-12-08,2020,1440,ACCEPT
EURJPY,2020-12-09,2020,1440,ACCEPT
EURJPY,2020-12-10,2020,1440,ACCEPT
EURJPY,2020-12-11,2020,1440,ACCEPT
EURJPY,2020-12-12,2020,416,NOT_TUE_FRI
EURJPY,2020-12-13,2020,0,NOT_TUE_FRI
EURJPY,2020-12-14,2020,1019,NOT_TUE_FRI
EURJPY,2020-12-15,2020,1440,ACCEPT
EURJPY,2020-12-16,2020,1440,ACCEPT
EURJPY,2020-12-17,2020,1440,ACCEPT
EURJPY,2020-12-18,2020,1440,ACCEPT
EURJPY,2020-12-19,2020,415,NOT_TUE_FRI
EURJPY,2020-12-20,2020,0,NOT_TUE_FRI
EURJPY,2020-12-21,2020,1018,NOT_TUE_FRI
EURJPY,2020-12-22,2020,1440,ACCEPT
EURJPY,2020-12-23,2020,1440,ACCEPT
EURJPY,2020-12-24,2020,1440,ACCEPT
EURJPY,2020-12-25,2020,241,YEAR_END
EURJPY,2020-12-26,2020,0,NOT_TUE_FRI
EURJPY,2020-12-27,2020,0,NOT_TUE_FRI
EURJPY,2020-12-28,2020,1016,NOT_TUE_FRI
EURJPY,2020-12-29,2020,1440,YEAR_END
EURJPY,2020-12-30,2020,1440,YEAR_END
EURJPY,2020-12-31,2020,421,YEAR_END
EURJPY,2021-01-01,2021,0,YEAR_END
EURJPY,2021-01-02,2021,0,NOT_TUE_FRI
EURJPY,2021-01-03,2021,0,NOT_TUE_FRI
EURJPY,2021-01-04,2021,1018,NOT_TUE_FRI
EURJPY,2021-01-05,2021,1440,ACCEPT
EURJPY,2021-01-06,2021,1440,ACCEPT
EURJPY,2021-01-07,2021,1440,ACCEPT
EURJPY,2021-01-08,2021,1440,ACCEPT
EURJPY,2021-01-09,2021,415,NOT_TUE_FRI
EURJPY,2021-01-10,2021,0,NOT_TUE_FRI
EURJPY,2021-01-11,2021,1012,NOT_TUE_FRI
EURJPY,2021-01-12,2021,1440,ACCEPT
EURJPY,2021-01-13,2021,1440,ACCEPT
EURJPY,2021-01-14,2021,1440,ACCEPT
EURJPY,2021-01-15,2021,1439,ACCEPT
EURJPY,2021-01-16,2021,415,NOT_TUE_FRI
EURJPY,2021-01-17,2021,0,NOT_TUE_FRI
EURJPY,2021-01-18,2021,1018,NOT_TUE_FRI
EURJPY,2021-01-19,2021,1440,ACCEPT
EURJPY,2021-01-20,2021,1440,ACCEPT
EURJPY,2021-01-21,2021,1440,ACCEPT
EURJPY,2021-01-22,2021,1440,ACCEPT
EURJPY,2021-01-23,2021,415,NOT_TUE_FRI
EURJPY,2021-01-24,2021,0,NOT_TUE_FRI
EURJPY,2021-01-25,2021,1018,NOT_TUE_FRI
EURJPY,2021-01-26,2021,1435,ACCEPT
EURJPY,2021-01-27,2021,1438,ACCEPT
EURJPY,2021-01-28,2021,1440,ACCEPT
EURJPY,2021-01-29,2021,1439,ACCEPT
EURJPY,2021-01-30,2021,415,NOT_TUE_FRI
EURJPY,2021-01-31,2021,0,NOT_TUE_FRI
EURJPY,2021-02-01,2021,1018,NOT_TUE_FRI
EURJPY,2021-02-02,2021,1440,ACCEPT
EURJPY,2021-02-03,2021,1440,ACCEPT
EURJPY,2021-02-04,2021,1440,ACCEPT
EURJPY,2021-02-05,2021,1439,ACCEPT
EURJPY,2021-02-06,2021,415,NOT_TUE_FRI
EURJPY,2021-02-07,2021,0,NOT_TUE_FRI
EURJPY,2021-02-08,2021,1019,NOT_TUE_FRI
EURJPY,2021-02-09,2021,1440,ACCEPT
EURJPY,2021-02-10,2021,1440,ACCEPT
EURJPY,2021-02-11,2021,1440,ACCEPT
EURJPY,2021-02-12,2021,1438,ACCEPT
EURJPY,2021-02-13,2021,415,NOT_TUE_FRI
EURJPY,2021-02-14,2021,0,NOT_TUE_FRI
EURJPY,2021-02-15,2021,1019,NOT_TUE_FRI
EURJPY,2021-02-16,2021,1440,ACCEPT
EURJPY,2021-02-17,2021,1440,ACCEPT
EURJPY,2021-02-18,2021,1440,ACCEPT
EURJPY,2021-02-19,2021,1440,ACCEPT
EURJPY,2021-02-20,2021,415,NOT_TUE_FRI
EURJPY,2021-02-21,2021,0,NOT_TUE_FRI
EURJPY,2021-02-22,2021,1018,NOT_TUE_FRI
EURJPY,2021-02-23,2021,1440,ACCEPT
EURJPY,2021-02-24,2021,1440,ACCEPT
EURJPY,2021-02-25,2021,1440,ACCEPT
EURJPY,2021-02-26,2021,1440,ACCEPT
EURJPY,2021-02-27,2021,415,NOT_TUE_FRI
EURJPY,2021-02-28,2021,0,NOT_TUE_FRI
EURJPY,2021-03-01,2021,1016,NOT_TUE_FRI
EURJPY,2021-03-02,2021,1440,ACCEPT
EURJPY,2021-03-03,2021,1440,ACCEPT
EURJPY,2021-03-04,2021,1440,ACCEPT
EURJPY,2021-03-05,2021,1440,ACCEPT
EURJPY,2021-03-06,2021,415,NOT_TUE_FRI
EURJPY,2021-03-07,2021,0,NOT_TUE_FRI
EURJPY,2021-03-08,2021,1018,NOT_TUE_FRI
EURJPY,2021-03-09,2021,1438,ACCEPT
EURJPY,2021-03-10,2021,1440,ACCEPT
EURJPY,2021-03-11,2021,1440,ACCEPT
EURJPY,2021-03-12,2021,1440,ACCEPT
EURJPY,2021-03-13,2021,415,NOT_TUE_FRI
EURJPY,2021-03-14,2021,0,NOT_TUE_FRI
EURJPY,2021-03-15,2021,1020,NOT_TUE_FRI
EURJPY,2021-03-16,2021,1440,ACCEPT
EURJPY,2021-03-17,2021,1440,ACCEPT
EURJPY,2021-03-18,2021,1439,ACCEPT
EURJPY,2021-03-19,2021,1440,ACCEPT
EURJPY,2021-03-20,2021,354,NOT_TUE_FRI
EURJPY,2021-03-21,2021,0,NOT_TUE_FRI
EURJPY,2021-03-22,2021,1020,NOT_TUE_FRI
EURJPY,2021-03-23,2021,1440,ACCEPT
EURJPY,2021-03-24,2021,1439,ACCEPT
EURJPY,2021-03-25,2021,1440,ACCEPT
EURJPY,2021-03-26,2021,1439,ACCEPT
EURJPY,2021-03-27,2021,355,NOT_TUE_FRI
EURJPY,2021-03-28,2021,0,NOT_TUE_FRI
EURJPY,2021-03-29,2021,1075,NOT_TUE_FRI
EURJPY,2021-03-30,2021,1440,ACCEPT
EURJPY,2021-03-31,2021,1440,ACCEPT
EURJPY,2021-04-01,2021,1439,ACCEPT
EURJPY,2021-04-02,2021,1440,ACCEPT
EURJPY,2021-04-03,2021,355,NOT_TUE_FRI
EURJPY,2021-04-04,2021,0,NOT_TUE_FRI
EURJPY,2021-04-05,2021,1075,NOT_TUE_FRI
EURJPY,2021-04-06,2021,1440,ACCEPT
EURJPY,2021-04-07,2021,1440,ACCEPT
EURJPY,2021-04-08,2021,1439,ACCEPT
EURJPY,2021-04-09,2021,1440,ACCEPT
EURJPY,2021-04-10,2021,355,NOT_TUE_FRI
EURJPY,2021-04-11,2021,0,NOT_TUE_FRI
EURJPY,2021-04-12,2021,1077,NOT_TUE_FRI
EURJPY,2021-04-13,2021,1440,ACCEPT
EURJPY,2021-04-14,2021,1440,ACCEPT
EURJPY,2021-04-15,2021,1440,ACCEPT
EURJPY,2021-04-16,2021,1440,ACCEPT
EURJPY,2021-04-17,2021,355,NOT_TUE_FRI
EURJPY,2021-04-18,2021,0,NOT_TUE_FRI
EURJPY,2021-04-19,2021,1077,NOT_TUE_FRI
EURJPY,2021-04-20,2021,1440,ACCEPT
EURJPY,2021-04-21,2021,1440,ACCEPT
EURJPY,2021-04-22,2021,1439,ACCEPT
EURJPY,2021-04-23,2021,1440,ACCEPT
EURJPY,2021-04-24,2021,355,NOT_TUE_FRI
EURJPY,2021-04-25,2021,0,NOT_TUE_FRI
EURJPY,2021-04-26,2021,1076,NOT_TUE_FRI
EURJPY,2021-04-27,2021,1440,ACCEPT
EURJPY,2021-04-28,2021,1440,ACCEPT
EURJPY,2021-04-29,2021,1440,ACCEPT
EURJPY,2021-04-30,2021,1440,ACCEPT
EURJPY,2021-05-01,2021,355,NOT_TUE_FRI
EURJPY,2021-05-02,2021,0,NOT_TUE_FRI
EURJPY,2021-05-03,2021,1079,NOT_TUE_FRI
EURJPY,2021-05-04,2021,1440,ACCEPT
EURJPY,2021-05-05,2021,1440,ACCEPT
EURJPY,2021-05-06,2021,1440,ACCEPT
EURJPY,2021-05-07,2021,1440,ACCEPT
EURJPY,2021-05-08,2021,355,NOT_TUE_FRI
EURJPY,2021-05-09,2021,0,NOT_TUE_FRI
EURJPY,2021-05-10,2021,1079,NOT_TUE_FRI
EURJPY,2021-05-11,2021,1440,ACCEPT
EURJPY,2021-05-12,2021,1440,ACCEPT
EURJPY,2021-05-13,2021,1440,ACCEPT
EURJPY,2021-05-14,2021,1440,ACCEPT
EURJPY,2021-05-15,2021,355,NOT_TUE_FRI
EURJPY,2021-05-16,2021,0,NOT_TUE_FRI
EURJPY,2021-05-17,2021,1076,NOT_TUE_FRI
EURJPY,2021-05-18,2021,1440,ACCEPT
EURJPY,2021-05-19,2021,1440,ACCEPT
EURJPY,2021-05-20,2021,1440,ACCEPT
EURJPY,2021-05-21,2021,1440,ACCEPT
EURJPY,2021-05-22,2021,355,NOT_TUE_FRI
EURJPY,2021-05-23,2021,0,NOT_TUE_FRI
EURJPY,2021-05-24,2021,1077,NOT_TUE_FRI
EURJPY,2021-05-25,2021,1440,ACCEPT
EURJPY,2021-05-26,2021,1440,ACCEPT
EURJPY,2021-05-27,2021,1440,ACCEPT
EURJPY,2021-05-28,2021,1440,ACCEPT
EURJPY,2021-05-29,2021,355,NOT_TUE_FRI
EURJPY,2021-05-30,2021,0,NOT_TUE_FRI
EURJPY,2021-05-31,2021,1077,NOT_TUE_FRI
EURJPY,2021-06-01,2021,1440,ACCEPT
EURJPY,2021-06-02,2021,1440,ACCEPT
EURJPY,2021-06-03,2021,1440,ACCEPT
EURJPY,2021-06-04,2021,1440,ACCEPT
EURJPY,2021-06-05,2021,355,NOT_TUE_FRI
EURJPY,2021-06-06,2021,0,NOT_TUE_FRI
EURJPY,2021-06-07,2021,1078,NOT_TUE_FRI
EURJPY,2021-06-08,2021,1440,ACCEPT
EURJPY,2021-06-09,2021,1428,GAP
EURJPY,2021-06-10,2021,1440,ACCEPT
EURJPY,2021-06-11,2021,1440,ACCEPT
EURJPY,2021-06-12,2021,355,NOT_TUE_FRI
EURJPY,2021-06-13,2021,0,NOT_TUE_FRI
EURJPY,2021-06-14,2021,1078,NOT_TUE_FRI
EURJPY,2021-06-15,2021,1378,LOW_COUNT
EURJPY,2021-06-16,2021,1337,LOW_COUNT
EURJPY,2021-06-17,2021,1440,ACCEPT
EURJPY,2021-06-18,2021,1286,LOW_COUNT
EURJPY,2021-06-19,2021,337,NOT_TUE_FRI
EURJPY,2021-06-20,2021,0,NOT_TUE_FRI
EURJPY,2021-06-21,2021,1078,NOT_TUE_FRI
EURJPY,2021-06-22,2021,1439,ACCEPT
EURJPY,2021-06-23,2021,1440,ACCEPT
EURJPY,2021-06-24,2021,1440,ACCEPT
EURJPY,2021-06-25,2021,1440,ACCEPT
EURJPY,2021-06-26,2021,356,NOT_TUE_FRI
EURJPY,2021-06-27,2021,0,NOT_TUE_FRI
EURJPY,2021-06-28,2021,1077,NOT_TUE_FRI
EURJPY,2021-06-29,2021,1440,ACCEPT
EURJPY,2021-06-30,2021,1438,ACCEPT
EURJPY,2021-07-01,2021,1440,ACCEPT
EURJPY,2021-07-02,2021,1440,ACCEPT
EURJPY,2021-07-03,2021,355,NOT_TUE_FRI
EURJPY,2021-07-04,2021,0,NOT_TUE_FRI
EURJPY,2021-07-05,2021,1079,NOT_TUE_FRI
EURJPY,2021-07-06,2021,1440,ACCEPT
EURJPY,2021-07-07,2021,1440,ACCEPT
EURJPY,2021-07-08,2021,1439,ACCEPT
EURJPY,2021-07-09,2021,1440,ACCEPT
EURJPY,2021-07-10,2021,355,NOT_TUE_FRI
EURJPY,2021-07-11,2021,0,NOT_TUE_FRI
EURJPY,2021-07-12,2021,1077,NOT_TUE_FRI
EURJPY,2021-07-13,2021,1440,ACCEPT
EURJPY,2021-07-14,2021,1440,ACCEPT
EURJPY,2021-07-15,2021,1440,ACCEPT
EURJPY,2021-07-16,2021,1440,ACCEPT
EURJPY,2021-07-17,2021,355,NOT_TUE_FRI
EURJPY,2021-07-18,2021,0,NOT_TUE_FRI
EURJPY,2021-07-19,2021,1079,NOT_TUE_FRI
EURJPY,2021-07-20,2021,1440,ACCEPT
EURJPY,2021-07-21,2021,1440,ACCEPT
EURJPY,2021-07-22,2021,1440,ACCEPT
EURJPY,2021-07-23,2021,1440,ACCEPT
EURJPY,2021-07-24,2021,355,NOT_TUE_FRI
EURJPY,2021-07-25,2021,0,NOT_TUE_FRI
EURJPY,2021-07-26,2021,1078,NOT_TUE_FRI
EURJPY,2021-07-27,2021,1440,ACCEPT
EURJPY,2021-07-28,2021,1440,ACCEPT
EURJPY,2021-07-29,2021,1440,ACCEPT
EURJPY,2021-07-30,2021,1440,ACCEPT
EURJPY,2021-07-31,2021,355,NOT_TUE_FRI
EURJPY,2021-08-01,2021,0,NOT_TUE_FRI
EURJPY,2021-08-02,2021,1074,NOT_TUE_FRI
EURJPY,2021-08-03,2021,1440,ACCEPT
EURJPY,2021-08-04,2021,1440,ACCEPT
EURJPY,2021-08-05,2021,1440,ACCEPT
EURJPY,2021-08-06,2021,1440,ACCEPT
EURJPY,2021-08-07,2021,355,NOT_TUE_FRI
EURJPY,2021-08-08,2021,0,NOT_TUE_FRI
EURJPY,2021-08-09,2021,1077,NOT_TUE_FRI
EURJPY,2021-08-10,2021,1440,ACCEPT
EURJPY,2021-08-11,2021,1440,ACCEPT
EURJPY,2021-08-12,2021,1440,ACCEPT
EURJPY,2021-08-13,2021,1440,ACCEPT
EURJPY,2021-08-14,2021,355,NOT_TUE_FRI
EURJPY,2021-08-15,2021,0,NOT_TUE_FRI
EURJPY,2021-08-16,2021,1077,NOT_TUE_FRI
EURJPY,2021-08-17,2021,1440,ACCEPT
EURJPY,2021-08-18,2021,1439,ACCEPT
EURJPY,2021-08-19,2021,1440,ACCEPT
EURJPY,2021-08-20,2021,1440,ACCEPT
EURJPY,2021-08-21,2021,355,NOT_TUE_FRI
EURJPY,2021-08-22,2021,0,NOT_TUE_FRI
EURJPY,2021-08-23,2021,1069,NOT_TUE_FRI
EURJPY,2021-08-24,2021,1440,ACCEPT
EURJPY,2021-08-25,2021,1440,ACCEPT
EURJPY,2021-08-26,2021,1440,ACCEPT
EURJPY,2021-08-27,2021,1440,ACCEPT
EURJPY,2021-08-28,2021,355,NOT_TUE_FRI
EURJPY,2021-08-29,2021,0,NOT_TUE_FRI
EURJPY,2021-08-30,2021,1076,NOT_TUE_FRI
EURJPY,2021-08-31,2021,1440,ACCEPT
EURJPY,2021-09-01,2021,1440,ACCEPT
EURJPY,2021-09-02,2021,1440,ACCEPT
EURJPY,2021-09-03,2021,1440,ACCEPT
EURJPY,2021-09-04,2021,355,NOT_TUE_FRI
EURJPY,2021-09-05,2021,0,NOT_TUE_FRI
EURJPY,2021-09-06,2021,1075,NOT_TUE_FRI
EURJPY,2021-09-07,2021,1437,ACCEPT
EURJPY,2021-09-08,2021,1436,ACCEPT
EURJPY,2021-09-09,2021,1440,ACCEPT
EURJPY,2021-09-10,2021,1440,ACCEPT
EURJPY,2021-09-11,2021,355,NOT_TUE_FRI
EURJPY,2021-09-12,2021,0,NOT_TUE_FRI
EURJPY,2021-09-13,2021,1078,NOT_TUE_FRI
EURJPY,2021-09-14,2021,1440,ACCEPT
EURJPY,2021-09-15,2021,1440,ACCEPT
EURJPY,2021-09-16,2021,1440,ACCEPT
EURJPY,2021-09-17,2021,1440,ACCEPT
EURJPY,2021-09-18,2021,355,NOT_TUE_FRI
EURJPY,2021-09-19,2021,0,NOT_TUE_FRI
EURJPY,2021-09-20,2021,1078,NOT_TUE_FRI
EURJPY,2021-09-21,2021,1440,ACCEPT
EURJPY,2021-09-22,2021,1439,ACCEPT
EURJPY,2021-09-23,2021,1440,ACCEPT
EURJPY,2021-09-24,2021,1440,ACCEPT
EURJPY,2021-09-25,2021,355,NOT_TUE_FRI
EURJPY,2021-09-26,2021,0,NOT_TUE_FRI
EURJPY,2021-09-27,2021,1079,NOT_TUE_FRI
EURJPY,2021-09-28,2021,1440,ACCEPT
EURJPY,2021-09-29,2021,1440,ACCEPT
EURJPY,2021-09-30,2021,1440,ACCEPT
EURJPY,2021-10-01,2021,1439,ACCEPT
EURJPY,2021-10-02,2021,355,NOT_TUE_FRI
EURJPY,2021-10-03,2021,0,NOT_TUE_FRI
EURJPY,2021-10-04,2021,1079,NOT_TUE_FRI
EURJPY,2021-10-05,2021,1440,ACCEPT
EURJPY,2021-10-06,2021,1439,ACCEPT
EURJPY,2021-10-07,2021,1440,ACCEPT
EURJPY,2021-10-08,2021,1440,ACCEPT
EURJPY,2021-10-09,2021,355,NOT_TUE_FRI
EURJPY,2021-10-10,2021,0,NOT_TUE_FRI
EURJPY,2021-10-11,2021,1078,NOT_TUE_FRI
EURJPY,2021-10-12,2021,1440,ACCEPT
EURJPY,2021-10-13,2021,1439,ACCEPT
EURJPY,2021-10-14,2021,1440,ACCEPT
EURJPY,2021-10-15,2021,1440,ACCEPT
EURJPY,2021-10-16,2021,355,NOT_TUE_FRI
EURJPY,2021-10-17,2021,0,NOT_TUE_FRI
EURJPY,2021-10-18,2021,1079,NOT_TUE_FRI
EURJPY,2021-10-19,2021,1440,ACCEPT
EURJPY,2021-10-20,2021,1440,ACCEPT
EURJPY,2021-10-21,2021,1439,ACCEPT
EURJPY,2021-10-22,2021,1440,ACCEPT
EURJPY,2021-10-23,2021,356,NOT_TUE_FRI
EURJPY,2021-10-24,2021,0,NOT_TUE_FRI
EURJPY,2021-10-25,2021,1078,NOT_TUE_FRI
EURJPY,2021-10-26,2021,1439,ACCEPT
EURJPY,2021-10-27,2021,1440,ACCEPT
EURJPY,2021-10-28,2021,1440,ACCEPT
EURJPY,2021-10-29,2021,1440,ACCEPT
EURJPY,2021-10-30,2021,356,NOT_TUE_FRI
EURJPY,2021-10-31,2021,0,NOT_TUE_FRI
EURJPY,2021-11-01,2021,1020,NOT_TUE_FRI
EURJPY,2021-11-02,2021,1440,ACCEPT
EURJPY,2021-11-03,2021,1439,ACCEPT
EURJPY,2021-11-04,2021,1440,ACCEPT
EURJPY,2021-11-05,2021,1440,ACCEPT
EURJPY,2021-11-06,2021,355,NOT_TUE_FRI
EURJPY,2021-11-07,2021,0,NOT_TUE_FRI
EURJPY,2021-11-08,2021,1018,NOT_TUE_FRI
EURJPY,2021-11-09,2021,1440,ACCEPT
EURJPY,2021-11-10,2021,1440,ACCEPT
EURJPY,2021-11-11,2021,1440,ACCEPT
EURJPY,2021-11-12,2021,1440,ACCEPT
EURJPY,2021-11-13,2021,415,NOT_TUE_FRI
EURJPY,2021-11-14,2021,0,NOT_TUE_FRI
EURJPY,2021-11-15,2021,1018,NOT_TUE_FRI
EURJPY,2021-11-16,2021,1440,ACCEPT
EURJPY,2021-11-17,2021,1440,ACCEPT
EURJPY,2021-11-18,2021,1440,ACCEPT
EURJPY,2021-11-19,2021,1440,ACCEPT
EURJPY,2021-11-20,2021,415,NOT_TUE_FRI
EURJPY,2021-11-21,2021,0,NOT_TUE_FRI
EURJPY,2021-11-22,2021,1018,NOT_TUE_FRI
EURJPY,2021-11-23,2021,1440,ACCEPT
EURJPY,2021-11-24,2021,1439,ACCEPT
EURJPY,2021-11-25,2021,1440,ACCEPT
EURJPY,2021-11-26,2021,1437,ACCEPT
EURJPY,2021-11-27,2021,415,NOT_TUE_FRI
EURJPY,2021-11-28,2021,0,NOT_TUE_FRI
EURJPY,2021-11-29,2021,1019,NOT_TUE_FRI
EURJPY,2021-11-30,2021,1439,ACCEPT
EURJPY,2021-12-01,2021,1440,ACCEPT
EURJPY,2021-12-02,2021,1440,ACCEPT
EURJPY,2021-12-03,2021,1439,ACCEPT
EURJPY,2021-12-04,2021,415,NOT_TUE_FRI
EURJPY,2021-12-05,2021,0,NOT_TUE_FRI
EURJPY,2021-12-06,2021,1018,NOT_TUE_FRI
EURJPY,2021-12-07,2021,1440,ACCEPT
EURJPY,2021-12-08,2021,1440,ACCEPT
EURJPY,2021-12-09,2021,1440,ACCEPT
EURJPY,2021-12-10,2021,1440,ACCEPT
EURJPY,2021-12-11,2021,415,NOT_TUE_FRI
EURJPY,2021-12-12,2021,0,NOT_TUE_FRI
EURJPY,2021-12-13,2021,1018,NOT_TUE_FRI
EURJPY,2021-12-14,2021,1438,ACCEPT
EURJPY,2021-12-15,2021,1440,ACCEPT
EURJPY,2021-12-16,2021,1439,ACCEPT
EURJPY,2021-12-17,2021,1440,ACCEPT
EURJPY,2021-12-18,2021,415,NOT_TUE_FRI
EURJPY,2021-12-19,2021,0,NOT_TUE_FRI
EURJPY,2021-12-20,2021,1018,NOT_TUE_FRI
EURJPY,2021-12-21,2021,1439,ACCEPT
EURJPY,2021-12-22,2021,1440,ACCEPT
EURJPY,2021-12-23,2021,1440,ACCEPT
EURJPY,2021-12-24,2021,1438,ACCEPT
EURJPY,2021-12-25,2021,239,NOT_TUE_FRI
EURJPY,2021-12-26,2021,0,NOT_TUE_FRI
EURJPY,2021-12-27,2021,1018,NOT_TUE_FRI
EURJPY,2021-12-28,2021,1438,YEAR_END
EURJPY,2021-12-29,2021,1440,YEAR_END
EURJPY,2021-12-30,2021,1439,YEAR_END
EURJPY,2021-12-31,2021,1440,YEAR_END
EURJPY,2022-01-01,2022,361,NOT_TUE_FRI
EURJPY,2022-01-02,2022,0,NOT_TUE_FRI
EURJPY,2022-01-03,2022,1015,NOT_TUE_FRI
EURJPY,2022-01-04,2022,1440,ACCEPT
EURJPY,2022-01-05,2022,1440,ACCEPT
EURJPY,2022-01-06,2022,1440,ACCEPT
EURJPY,2022-01-07,2022,1440,ACCEPT
EURJPY,2022-01-08,2022,415,NOT_TUE_FRI
EURJPY,2022-01-09,2022,0,NOT_TUE_FRI
EURJPY,2022-01-10,2022,1018,NOT_TUE_FRI
EURJPY,2022-01-11,2022,1440,ACCEPT
EURJPY,2022-01-12,2022,1440,ACCEPT
EURJPY,2022-01-13,2022,1440,ACCEPT
EURJPY,2022-01-14,2022,1440,ACCEPT
EURJPY,2022-01-15,2022,415,NOT_TUE_FRI
EURJPY,2022-01-16,2022,0,NOT_TUE_FRI
EURJPY,2022-01-17,2022,1018,NOT_TUE_FRI
EURJPY,2022-01-18,2022,1440,ACCEPT
EURJPY,2022-01-19,2022,1440,ACCEPT
EURJPY,2022-01-20,2022,1440,ACCEPT
EURJPY,2022-01-21,2022,1432,ACCEPT
EURJPY,2022-01-22,2022,415,NOT_TUE_FRI
EURJPY,2022-01-23,2022,0,NOT_TUE_FRI
EURJPY,2022-01-24,2022,1018,NOT_TUE_FRI
EURJPY,2022-01-25,2022,1439,ACCEPT
EURJPY,2022-01-26,2022,1440,ACCEPT
EURJPY,2022-01-27,2022,1440,ACCEPT
EURJPY,2022-01-28,2022,1440,ACCEPT
EURJPY,2022-01-29,2022,415,NOT_TUE_FRI
EURJPY,2022-01-30,2022,0,NOT_TUE_FRI
EURJPY,2022-01-31,2022,1018,NOT_TUE_FRI
EURJPY,2022-02-01,2022,1439,ACCEPT
EURJPY,2022-02-02,2022,1440,ACCEPT
EURJPY,2022-02-03,2022,1440,ACCEPT
EURJPY,2022-02-04,2022,1437,ACCEPT
EURJPY,2022-02-05,2022,415,NOT_TUE_FRI
EURJPY,2022-02-06,2022,0,NOT_TUE_FRI
EURJPY,2022-02-07,2022,1015,NOT_TUE_FRI
EURJPY,2022-02-08,2022,1440,ACCEPT
EURJPY,2022-02-09,2022,1440,ACCEPT
EURJPY,2022-02-10,2022,1440,ACCEPT
EURJPY,2022-02-11,2022,1440,ACCEPT
EURJPY,2022-02-12,2022,415,NOT_TUE_FRI
EURJPY,2022-02-13,2022,0,NOT_TUE_FRI
EURJPY,2022-02-14,2022,1018,NOT_TUE_FRI
EURJPY,2022-02-15,2022,1440,ACCEPT
EURJPY,2022-02-16,2022,1440,ACCEPT
EURJPY,2022-02-17,2022,1440,ACCEPT
EURJPY,2022-02-18,2022,1439,ACCEPT
EURJPY,2022-02-19,2022,415,NOT_TUE_FRI
EURJPY,2022-02-20,2022,0,NOT_TUE_FRI
EURJPY,2022-02-21,2022,1019,NOT_TUE_FRI
EURJPY,2022-02-22,2022,1440,ACCEPT
EURJPY,2022-02-23,2022,1439,ACCEPT
EURJPY,2022-02-24,2022,1440,ACCEPT
EURJPY,2022-02-25,2022,1440,ACCEPT
EURJPY,2022-02-26,2022,415,NOT_TUE_FRI
EURJPY,2022-02-27,2022,0,NOT_TUE_FRI
EURJPY,2022-02-28,2022,1018,NOT_TUE_FRI
EURJPY,2022-03-01,2022,1440,ACCEPT
EURJPY,2022-03-02,2022,1440,ACCEPT
EURJPY,2022-03-03,2022,1440,ACCEPT
EURJPY,2022-03-04,2022,1440,ACCEPT
EURJPY,2022-03-05,2022,415,NOT_TUE_FRI
EURJPY,2022-03-06,2022,0,NOT_TUE_FRI
EURJPY,2022-03-07,2022,1018,NOT_TUE_FRI
EURJPY,2022-03-08,2022,1439,ACCEPT
EURJPY,2022-03-09,2022,1440,ACCEPT
EURJPY,2022-03-10,2022,1440,ACCEPT
EURJPY,2022-03-11,2022,1439,ACCEPT
EURJPY,2022-03-12,2022,415,NOT_TUE_FRI
EURJPY,2022-03-13,2022,0,NOT_TUE_FRI
EURJPY,2022-03-14,2022,1020,NOT_TUE_FRI
EURJPY,2022-03-15,2022,1440,ACCEPT
EURJPY,2022-03-16,2022,1439,ACCEPT
EURJPY,2022-03-17,2022,1427,GAP
EURJPY,2022-03-18,2022,1438,ACCEPT
EURJPY,2022-03-19,2022,355,NOT_TUE_FRI
EURJPY,2022-03-20,2022,0,NOT_TUE_FRI
EURJPY,2022-03-21,2022,1014,NOT_TUE_FRI
EURJPY,2022-03-22,2022,1440,ACCEPT
EURJPY,2022-03-23,2022,1440,ACCEPT
EURJPY,2022-03-24,2022,1440,ACCEPT
EURJPY,2022-03-25,2022,1439,ACCEPT
EURJPY,2022-03-26,2022,355,NOT_TUE_FRI
EURJPY,2022-03-27,2022,0,NOT_TUE_FRI
EURJPY,2022-03-28,2022,1078,NOT_TUE_FRI
EURJPY,2022-03-29,2022,1437,ACCEPT
EURJPY,2022-03-30,2022,1440,ACCEPT
EURJPY,2022-03-31,2022,1438,ACCEPT
EURJPY,2022-04-01,2022,1438,ACCEPT
EURJPY,2022-04-02,2022,355,NOT_TUE_FRI
EURJPY,2022-04-03,2022,0,NOT_TUE_FRI
EURJPY,2022-04-04,2022,1079,NOT_TUE_FRI
EURJPY,2022-04-05,2022,1440,ACCEPT
EURJPY,2022-04-06,2022,1440,ACCEPT
EURJPY,2022-04-07,2022,1439,ACCEPT
EURJPY,2022-04-08,2022,1440,ACCEPT
EURJPY,2022-04-09,2022,355,NOT_TUE_FRI
EURJPY,2022-04-10,2022,0,NOT_TUE_FRI
EURJPY,2022-04-11,2022,1079,NOT_TUE_FRI
EURJPY,2022-04-12,2022,1440,ACCEPT
EURJPY,2022-04-13,2022,1440,ACCEPT
EURJPY,2022-04-14,2022,1440,ACCEPT
EURJPY,2022-04-15,2022,1440,ACCEPT
EURJPY,2022-04-16,2022,355,NOT_TUE_FRI
EURJPY,2022-04-17,2022,0,NOT_TUE_FRI
EURJPY,2022-04-18,2022,1076,NOT_TUE_FRI
EURJPY,2022-04-19,2022,1440,ACCEPT
EURJPY,2022-04-20,2022,1440,ACCEPT
EURJPY,2022-04-21,2022,1438,ACCEPT
EURJPY,2022-04-22,2022,1440,ACCEPT
EURJPY,2022-04-23,2022,356,NOT_TUE_FRI
EURJPY,2022-04-24,2022,0,NOT_TUE_FRI
EURJPY,2022-04-25,2022,1071,NOT_TUE_FRI
EURJPY,2022-04-26,2022,1440,ACCEPT
EURJPY,2022-04-27,2022,1440,ACCEPT
EURJPY,2022-04-28,2022,1439,ACCEPT
EURJPY,2022-04-29,2022,1440,ACCEPT
EURJPY,2022-04-30,2022,356,NOT_TUE_FRI
EURJPY,2022-05-01,2022,0,NOT_TUE_FRI
EURJPY,2022-05-02,2022,1075,NOT_TUE_FRI
EURJPY,2022-05-03,2022,1440,ACCEPT
EURJPY,2022-05-04,2022,1440,ACCEPT
EURJPY,2022-05-05,2022,1440,ACCEPT
EURJPY,2022-05-06,2022,1439,ACCEPT
EURJPY,2022-05-07,2022,356,NOT_TUE_FRI
EURJPY,2022-05-08,2022,0,NOT_TUE_FRI
EURJPY,2022-05-09,2022,1076,NOT_TUE_FRI
EURJPY,2022-05-10,2022,1439,ACCEPT
EURJPY,2022-05-11,2022,1438,ACCEPT
EURJPY,2022-05-12,2022,1439,ACCEPT
EURJPY,2022-05-13,2022,1440,ACCEPT
EURJPY,2022-05-14,2022,355,NOT_TUE_FRI
EURJPY,2022-05-15,2022,0,NOT_TUE_FRI
EURJPY,2022-05-16,2022,1074,NOT_TUE_FRI
EURJPY,2022-05-17,2022,1440,ACCEPT
EURJPY,2022-05-18,2022,1440,ACCEPT
EURJPY,2022-05-19,2022,1440,ACCEPT
EURJPY,2022-05-20,2022,1438,ACCEPT
EURJPY,2022-05-21,2022,355,NOT_TUE_FRI
EURJPY,2022-05-22,2022,0,NOT_TUE_FRI
EURJPY,2022-05-23,2022,1076,NOT_TUE_FRI
EURJPY,2022-05-24,2022,1440,ACCEPT
EURJPY,2022-05-25,2022,1440,ACCEPT
EURJPY,2022-05-26,2022,1436,ACCEPT
EURJPY,2022-05-27,2022,1439,ACCEPT
EURJPY,2022-05-28,2022,355,NOT_TUE_FRI
EURJPY,2022-05-29,2022,0,NOT_TUE_FRI
EURJPY,2022-05-30,2022,1078,NOT_TUE_FRI
EURJPY,2022-05-31,2022,1439,ACCEPT
EURJPY,2022-06-01,2022,1440,ACCEPT
EURJPY,2022-06-02,2022,1440,ACCEPT
EURJPY,2022-06-03,2022,1440,ACCEPT
EURJPY,2022-06-04,2022,355,NOT_TUE_FRI
EURJPY,2022-06-05,2022,0,NOT_TUE_FRI
EURJPY,2022-06-06,2022,1078,NOT_TUE_FRI
EURJPY,2022-06-07,2022,1440,ACCEPT
EURJPY,2022-06-08,2022,1439,ACCEPT
EURJPY,2022-06-09,2022,1440,ACCEPT
EURJPY,2022-06-10,2022,1440,ACCEPT
EURJPY,2022-06-11,2022,355,NOT_TUE_FRI
EURJPY,2022-06-12,2022,0,NOT_TUE_FRI
EURJPY,2022-06-13,2022,1079,NOT_TUE_FRI
EURJPY,2022-06-14,2022,1440,ACCEPT
EURJPY,2022-06-15,2022,1440,ACCEPT
EURJPY,2022-06-16,2022,1440,ACCEPT
EURJPY,2022-06-17,2022,1439,ACCEPT
EURJPY,2022-06-18,2022,355,NOT_TUE_FRI
EURJPY,2022-06-19,2022,0,NOT_TUE_FRI
EURJPY,2022-06-20,2022,1079,NOT_TUE_FRI
EURJPY,2022-06-21,2022,1437,ACCEPT
EURJPY,2022-06-22,2022,1438,ACCEPT
EURJPY,2022-06-23,2022,1440,ACCEPT
EURJPY,2022-06-24,2022,1438,ACCEPT
EURJPY,2022-06-25,2022,355,NOT_TUE_FRI
EURJPY,2022-06-26,2022,0,NOT_TUE_FRI
EURJPY,2022-06-27,2022,1073,NOT_TUE_FRI
EURJPY,2022-06-28,2022,1440,ACCEPT
EURJPY,2022-06-29,2022,1440,ACCEPT
EURJPY,2022-06-30,2022,1440,ACCEPT
EURJPY,2022-07-01,2022,1439,ACCEPT
EURJPY,2022-07-02,2022,355,NOT_TUE_FRI
EURJPY,2022-07-03,2022,0,NOT_TUE_FRI
EURJPY,2022-07-04,2022,1078,NOT_TUE_FRI
EURJPY,2022-07-05,2022,1437,ACCEPT
EURJPY,2022-07-06,2022,1439,ACCEPT
EURJPY,2022-07-07,2022,1439,ACCEPT
EURJPY,2022-07-08,2022,1440,ACCEPT
EURJPY,2022-07-09,2022,355,NOT_TUE_FRI
EURJPY,2022-07-10,2022,0,NOT_TUE_FRI
EURJPY,2022-07-11,2022,1076,NOT_TUE_FRI
EURJPY,2022-07-12,2022,1440,ACCEPT
EURJPY,2022-07-13,2022,1440,ACCEPT
EURJPY,2022-07-14,2022,1440,ACCEPT
EURJPY,2022-07-15,2022,1440,ACCEPT
EURJPY,2022-07-16,2022,355,NOT_TUE_FRI
EURJPY,2022-07-17,2022,0,NOT_TUE_FRI
EURJPY,2022-07-18,2022,1077,NOT_TUE_FRI
EURJPY,2022-07-19,2022,1438,ACCEPT
EURJPY,2022-07-20,2022,1437,ACCEPT
EURJPY,2022-07-21,2022,1439,ACCEPT
EURJPY,2022-07-22,2022,1440,ACCEPT
EURJPY,2022-07-23,2022,355,NOT_TUE_FRI
EURJPY,2022-07-24,2022,0,NOT_TUE_FRI
EURJPY,2022-07-25,2022,1076,NOT_TUE_FRI
EURJPY,2022-07-26,2022,1436,ACCEPT
EURJPY,2022-07-27,2022,1440,ACCEPT
EURJPY,2022-07-28,2022,1437,ACCEPT
EURJPY,2022-07-29,2022,1439,ACCEPT
EURJPY,2022-07-30,2022,355,NOT_TUE_FRI
EURJPY,2022-07-31,2022,0,NOT_TUE_FRI
EURJPY,2022-08-01,2022,1078,NOT_TUE_FRI
EURJPY,2022-08-02,2022,1440,ACCEPT
EURJPY,2022-08-03,2022,1440,ACCEPT
EURJPY,2022-08-04,2022,1440,ACCEPT
EURJPY,2022-08-05,2022,1437,ACCEPT
EURJPY,2022-08-06,2022,355,NOT_TUE_FRI
EURJPY,2022-08-07,2022,0,NOT_TUE_FRI
EURJPY,2022-08-08,2022,1075,NOT_TUE_FRI
EURJPY,2022-08-09,2022,1439,ACCEPT
EURJPY,2022-08-10,2022,1440,ACCEPT
EURJPY,2022-08-11,2022,1436,ACCEPT
EURJPY,2022-08-12,2022,1440,ACCEPT
EURJPY,2022-08-13,2022,355,NOT_TUE_FRI
EURJPY,2022-08-14,2022,0,NOT_TUE_FRI
EURJPY,2022-08-15,2022,1072,NOT_TUE_FRI
EURJPY,2022-08-16,2022,1440,ACCEPT
EURJPY,2022-08-17,2022,1440,ACCEPT
EURJPY,2022-08-18,2022,1440,ACCEPT
EURJPY,2022-08-19,2022,1440,ACCEPT
EURJPY,2022-08-20,2022,355,NOT_TUE_FRI
EURJPY,2022-08-21,2022,0,NOT_TUE_FRI
EURJPY,2022-08-22,2022,1065,NOT_TUE_FRI
EURJPY,2022-08-23,2022,1440,ACCEPT
EURJPY,2022-08-24,2022,1440,ACCEPT
EURJPY,2022-08-25,2022,1440,ACCEPT
EURJPY,2022-08-26,2022,1436,ACCEPT
EURJPY,2022-08-27,2022,355,NOT_TUE_FRI
EURJPY,2022-08-28,2022,0,NOT_TUE_FRI
EURJPY,2022-08-29,2022,1067,NOT_TUE_FRI
EURJPY,2022-08-30,2022,1431,ACCEPT
EURJPY,2022-08-31,2022,1439,ACCEPT
EURJPY,2022-09-01,2022,1438,ACCEPT
EURJPY,2022-09-02,2022,1440,ACCEPT
EURJPY,2022-09-03,2022,355,NOT_TUE_FRI
EURJPY,2022-09-04,2022,0,NOT_TUE_FRI
EURJPY,2022-09-05,2022,1079,NOT_TUE_FRI
EURJPY,2022-09-06,2022,1429,ACCEPT
EURJPY,2022-09-07,2022,1439,ACCEPT
EURJPY,2022-09-08,2022,1435,ACCEPT
EURJPY,2022-09-09,2022,1439,ACCEPT
EURJPY,2022-09-10,2022,355,NOT_TUE_FRI
EURJPY,2022-09-11,2022,0,NOT_TUE_FRI
EURJPY,2022-09-12,2022,1078,NOT_TUE_FRI
EURJPY,2022-09-13,2022,1439,ACCEPT
EURJPY,2022-09-14,2022,1440,ACCEPT
EURJPY,2022-09-15,2022,1431,ACCEPT
EURJPY,2022-09-16,2022,1438,ACCEPT
EURJPY,2022-09-17,2022,355,NOT_TUE_FRI
EURJPY,2022-09-18,2022,0,NOT_TUE_FRI
EURJPY,2022-09-19,2022,1070,NOT_TUE_FRI
EURJPY,2022-09-20,2022,1440,ACCEPT
EURJPY,2022-09-21,2022,1439,ACCEPT
EURJPY,2022-09-22,2022,1439,ACCEPT
EURJPY,2022-09-23,2022,1440,ACCEPT
EURJPY,2022-09-24,2022,355,NOT_TUE_FRI
EURJPY,2022-09-25,2022,0,NOT_TUE_FRI
EURJPY,2022-09-26,2022,1078,NOT_TUE_FRI
EURJPY,2022-09-27,2022,1440,ACCEPT
EURJPY,2022-09-28,2022,1440,ACCEPT
EURJPY,2022-09-29,2022,1439,ACCEPT
EURJPY,2022-09-30,2022,1439,ACCEPT
EURJPY,2022-10-01,2022,355,NOT_TUE_FRI
EURJPY,2022-10-02,2022,0,NOT_TUE_FRI
EURJPY,2022-10-03,2022,1079,NOT_TUE_FRI
EURJPY,2022-10-04,2022,1440,ACCEPT
EURJPY,2022-10-05,2022,1440,ACCEPT
EURJPY,2022-10-06,2022,1440,ACCEPT
EURJPY,2022-10-07,2022,1440,ACCEPT
EURJPY,2022-10-08,2022,355,NOT_TUE_FRI
EURJPY,2022-10-09,2022,0,NOT_TUE_FRI
EURJPY,2022-10-10,2022,1078,NOT_TUE_FRI
EURJPY,2022-10-11,2022,1440,ACCEPT
EURJPY,2022-10-12,2022,1439,ACCEPT
EURJPY,2022-10-13,2022,1440,ACCEPT
EURJPY,2022-10-14,2022,1440,ACCEPT
EURJPY,2022-10-15,2022,355,NOT_TUE_FRI
EURJPY,2022-10-16,2022,0,NOT_TUE_FRI
EURJPY,2022-10-17,2022,1078,NOT_TUE_FRI
EURJPY,2022-10-18,2022,1440,ACCEPT
EURJPY,2022-10-19,2022,1440,ACCEPT
EURJPY,2022-10-20,2022,1440,ACCEPT
EURJPY,2022-10-21,2022,1438,ACCEPT
EURJPY,2022-10-22,2022,355,NOT_TUE_FRI
EURJPY,2022-10-23,2022,0,NOT_TUE_FRI
EURJPY,2022-10-24,2022,1076,NOT_TUE_FRI
EURJPY,2022-10-25,2022,1437,ACCEPT
EURJPY,2022-10-26,2022,1439,ACCEPT
EURJPY,2022-10-27,2022,1438,ACCEPT
EURJPY,2022-10-28,2022,1439,ACCEPT
EURJPY,2022-10-29,2022,355,NOT_TUE_FRI
EURJPY,2022-10-30,2022,0,NOT_TUE_FRI
EURJPY,2022-10-31,2022,1020,NOT_TUE_FRI
EURJPY,2022-11-01,2022,1438,ACCEPT
EURJPY,2022-11-02,2022,1436,ACCEPT
EURJPY,2022-11-03,2022,1439,ACCEPT
EURJPY,2022-11-04,2022,1436,ACCEPT
EURJPY,2022-11-05,2022,355,NOT_TUE_FRI
EURJPY,2022-11-06,2022,0,NOT_TUE_FRI
EURJPY,2022-11-07,2022,1017,NOT_TUE_FRI
EURJPY,2022-11-08,2022,1439,ACCEPT
EURJPY,2022-11-09,2022,1439,ACCEPT
EURJPY,2022-11-10,2022,1438,ACCEPT
EURJPY,2022-11-11,2022,1439,ACCEPT
EURJPY,2022-11-12,2022,415,NOT_TUE_FRI
EURJPY,2022-11-13,2022,0,NOT_TUE_FRI
EURJPY,2022-11-14,2022,1019,NOT_TUE_FRI
EURJPY,2022-11-15,2022,1438,ACCEPT
EURJPY,2022-11-16,2022,1437,ACCEPT
EURJPY,2022-11-17,2022,1438,ACCEPT
EURJPY,2022-11-18,2022,1439,ACCEPT
EURJPY,2022-11-19,2022,415,NOT_TUE_FRI
EURJPY,2022-11-20,2022,0,NOT_TUE_FRI
EURJPY,2022-11-21,2022,1017,NOT_TUE_FRI
EURJPY,2022-11-22,2022,1439,ACCEPT
EURJPY,2022-11-23,2022,1438,ACCEPT
EURJPY,2022-11-24,2022,1437,ACCEPT
EURJPY,2022-11-25,2022,1436,ACCEPT
EURJPY,2022-11-26,2022,416,NOT_TUE_FRI
EURJPY,2022-11-27,2022,0,NOT_TUE_FRI
EURJPY,2022-11-28,2022,1017,NOT_TUE_FRI
EURJPY,2022-11-29,2022,1437,ACCEPT
EURJPY,2022-11-30,2022,1437,ACCEPT
EURJPY,2022-12-01,2022,1438,ACCEPT
EURJPY,2022-12-02,2022,1439,ACCEPT
EURJPY,2022-12-03,2022,415,NOT_TUE_FRI
EURJPY,2022-12-04,2022,0,NOT_TUE_FRI
EURJPY,2022-12-05,2022,1018,NOT_TUE_FRI
EURJPY,2022-12-06,2022,1438,ACCEPT
EURJPY,2022-12-07,2022,1436,ACCEPT
EURJPY,2022-12-08,2022,1438,ACCEPT
EURJPY,2022-12-09,2022,1437,ACCEPT
EURJPY,2022-12-10,2022,415,NOT_TUE_FRI
EURJPY,2022-12-11,2022,0,NOT_TUE_FRI
EURJPY,2022-12-12,2022,1017,NOT_TUE_FRI
EURJPY,2022-12-13,2022,1440,ACCEPT
EURJPY,2022-12-14,2022,1437,ACCEPT
EURJPY,2022-12-15,2022,1440,ACCEPT
EURJPY,2022-12-16,2022,1437,ACCEPT
EURJPY,2022-12-17,2022,415,NOT_TUE_FRI
EURJPY,2022-12-18,2022,0,NOT_TUE_FRI
EURJPY,2022-12-19,2022,1017,NOT_TUE_FRI
EURJPY,2022-12-20,2022,1440,ACCEPT
EURJPY,2022-12-21,2022,1437,ACCEPT
EURJPY,2022-12-22,2022,1438,ACCEPT
EURJPY,2022-12-23,2022,1437,ACCEPT
EURJPY,2022-12-24,2022,416,NOT_TUE_FRI
EURJPY,2022-12-25,2022,0,NOT_TUE_FRI
EURJPY,2022-12-26,2022,477,NOT_TUE_FRI
EURJPY,2022-12-27,2022,1432,YEAR_END
EURJPY,2022-12-28,2022,1437,YEAR_END
EURJPY,2022-12-29,2022,1435,YEAR_END
EURJPY,2022-12-30,2022,1439,YEAR_END
EURJPY,2022-12-31,2022,416,NOT_TUE_FRI
EURJPY,2023-01-01,2023,0,NOT_TUE_FRI
EURJPY,2023-01-02,2023,565,NOT_TUE_FRI
EURJPY,2023-01-03,2023,1428,YEAR_END
EURJPY,2023-01-04,2023,1439,ACCEPT
EURJPY,2023-01-05,2023,1439,ACCEPT
EURJPY,2023-01-06,2023,1439,ACCEPT
EURJPY,2023-01-07,2023,415,NOT_TUE_FRI
EURJPY,2023-01-08,2023,0,NOT_TUE_FRI
EURJPY,2023-01-09,2023,1018,NOT_TUE_FRI
EURJPY,2023-01-10,2023,1439,ACCEPT
EURJPY,2023-01-11,2023,1436,ACCEPT
EURJPY,2023-01-12,2023,1439,ACCEPT
EURJPY,2023-01-13,2023,1439,ACCEPT
EURJPY,2023-01-14,2023,415,NOT_TUE_FRI
EURJPY,2023-01-15,2023,0,NOT_TUE_FRI
EURJPY,2023-01-16,2023,1018,NOT_TUE_FRI
EURJPY,2023-01-17,2023,1437,ACCEPT
EURJPY,2023-01-18,2023,1438,ACCEPT
EURJPY,2023-01-19,2023,1439,ACCEPT
EURJPY,2023-01-20,2023,1439,ACCEPT
EURJPY,2023-01-21,2023,415,NOT_TUE_FRI
EURJPY,2023-01-22,2023,0,NOT_TUE_FRI
EURJPY,2023-01-23,2023,1017,NOT_TUE_FRI
EURJPY,2023-01-24,2023,1439,ACCEPT
EURJPY,2023-01-25,2023,1440,ACCEPT
EURJPY,2023-01-26,2023,1440,ACCEPT
EURJPY,2023-01-27,2023,1440,ACCEPT
EURJPY,2023-01-28,2023,415,NOT_TUE_FRI
EURJPY,2023-01-29,2023,0,NOT_TUE_FRI
EURJPY,2023-01-30,2023,1018,NOT_TUE_FRI
EURJPY,2023-01-31,2023,1440,ACCEPT
EURJPY,2023-02-01,2023,1439,ACCEPT
EURJPY,2023-02-02,2023,1438,ACCEPT
EURJPY,2023-02-03,2023,1437,ACCEPT
EURJPY,2023-02-04,2023,415,NOT_TUE_FRI
EURJPY,2023-02-05,2023,0,NOT_TUE_FRI
EURJPY,2023-02-06,2023,1018,NOT_TUE_FRI
EURJPY,2023-02-07,2023,1439,ACCEPT
EURJPY,2023-02-08,2023,1437,ACCEPT
EURJPY,2023-02-09,2023,1439,ACCEPT
EURJPY,2023-02-10,2023,1438,ACCEPT
EURJPY,2023-02-11,2023,415,NOT_TUE_FRI
EURJPY,2023-02-12,2023,0,NOT_TUE_FRI
EURJPY,2023-02-13,2023,1018,NOT_TUE_FRI
EURJPY,2023-02-14,2023,1436,ACCEPT
EURJPY,2023-02-15,2023,1440,ACCEPT
EURJPY,2023-02-16,2023,1439,ACCEPT
EURJPY,2023-02-17,2023,1439,ACCEPT
EURJPY,2023-02-18,2023,415,NOT_TUE_FRI
EURJPY,2023-02-19,2023,0,NOT_TUE_FRI
EURJPY,2023-02-20,2023,1017,NOT_TUE_FRI
EURJPY,2023-02-21,2023,1440,ACCEPT
EURJPY,2023-02-22,2023,1439,ACCEPT
EURJPY,2023-02-23,2023,1439,ACCEPT
EURJPY,2023-02-24,2023,1439,ACCEPT
EURJPY,2023-02-25,2023,415,NOT_TUE_FRI
EURJPY,2023-02-26,2023,0,NOT_TUE_FRI
EURJPY,2023-02-27,2023,1013,NOT_TUE_FRI
EURJPY,2023-02-28,2023,1434,ACCEPT
EURJPY,2023-03-01,2023,1434,ACCEPT
EURJPY,2023-03-02,2023,1434,ACCEPT
EURJPY,2023-03-03,2023,1434,ACCEPT
EURJPY,2023-03-04,2023,415,NOT_TUE_FRI
EURJPY,2023-03-05,2023,0,NOT_TUE_FRI
EURJPY,2023-03-06,2023,1018,NOT_TUE_FRI
EURJPY,2023-03-07,2023,1434,ACCEPT
EURJPY,2023-03-08,2023,1434,ACCEPT
EURJPY,2023-03-09,2023,1434,ACCEPT
EURJPY,2023-03-10,2023,1434,ACCEPT
EURJPY,2023-03-11,2023,415,NOT_TUE_FRI
EURJPY,2023-03-12,2023,0,NOT_TUE_FRI
EURJPY,2023-03-13,2023,1020,NOT_TUE_FRI
EURJPY,2023-03-14,2023,1433,ACCEPT
EURJPY,2023-03-15,2023,1434,ACCEPT
EURJPY,2023-03-16,2023,1434,ACCEPT
EURJPY,2023-03-17,2023,1433,ACCEPT
EURJPY,2023-03-18,2023,355,NOT_TUE_FRI
EURJPY,2023-03-19,2023,0,NOT_TUE_FRI
EURJPY,2023-03-20,2023,1020,NOT_TUE_FRI
EURJPY,2023-03-21,2023,1432,ACCEPT
EURJPY,2023-03-22,2023,1431,ACCEPT
EURJPY,2023-03-23,2023,1433,ACCEPT
EURJPY,2023-03-24,2023,1431,ACCEPT
EURJPY,2023-03-25,2023,354,NOT_TUE_FRI
EURJPY,2023-03-26,2023,0,NOT_TUE_FRI
EURJPY,2023-03-27,2023,1075,NOT_TUE_FRI
EURJPY,2023-03-28,2023,1430,ACCEPT
EURJPY,2023-03-29,2023,1435,ACCEPT
EURJPY,2023-03-30,2023,1434,ACCEPT
EURJPY,2023-03-31,2023,1433,ACCEPT
EURJPY,2023-04-01,2023,355,NOT_TUE_FRI
EURJPY,2023-04-02,2023,0,NOT_TUE_FRI
EURJPY,2023-04-03,2023,1078,NOT_TUE_FRI
EURJPY,2023-04-04,2023,1431,ACCEPT
EURJPY,2023-04-05,2023,1434,ACCEPT
EURJPY,2023-04-06,2023,1433,ACCEPT
EURJPY,2023-04-07,2023,1427,ACCEPT
EURJPY,2023-04-08,2023,350,NOT_TUE_FRI
EURJPY,2023-04-09,2023,0,NOT_TUE_FRI
EURJPY,2023-04-10,2023,1070,NOT_TUE_FRI
EURJPY,2023-04-11,2023,1433,ACCEPT
EURJPY,2023-04-12,2023,1433,ACCEPT
EURJPY,2023-04-13,2023,1434,ACCEPT
EURJPY,2023-04-14,2023,1435,ACCEPT
EURJPY,2023-04-15,2023,355,NOT_TUE_FRI
EURJPY,2023-04-16,2023,0,NOT_TUE_FRI
EURJPY,2023-04-17,2023,1077,NOT_TUE_FRI
EURJPY,2023-04-18,2023,1434,ACCEPT
EURJPY,2023-04-19,2023,1433,ACCEPT
EURJPY,2023-04-20,2023,1434,ACCEPT
EURJPY,2023-04-21,2023,1433,ACCEPT
EURJPY,2023-04-22,2023,355,NOT_TUE_FRI
EURJPY,2023-04-23,2023,0,NOT_TUE_FRI
EURJPY,2023-04-24,2023,1078,NOT_TUE_FRI
EURJPY,2023-04-25,2023,1435,ACCEPT
EURJPY,2023-04-26,2023,1434,ACCEPT
EURJPY,2023-04-27,2023,1432,ACCEPT
EURJPY,2023-04-28,2023,1434,ACCEPT
EURJPY,2023-04-29,2023,355,NOT_TUE_FRI
EURJPY,2023-04-30,2023,0,NOT_TUE_FRI
EURJPY,2023-05-01,2023,1077,NOT_TUE_FRI
EURJPY,2023-05-02,2023,1434,ACCEPT
EURJPY,2023-05-03,2023,1433,ACCEPT
EURJPY,2023-05-04,2023,1434,ACCEPT
EURJPY,2023-05-05,2023,1434,ACCEPT
EURJPY,2023-05-06,2023,356,NOT_TUE_FRI
EURJPY,2023-05-07,2023,0,NOT_TUE_FRI
EURJPY,2023-05-08,2023,1079,NOT_TUE_FRI
EURJPY,2023-05-09,2023,1434,ACCEPT
EURJPY,2023-05-10,2023,1433,ACCEPT
EURJPY,2023-05-11,2023,1434,ACCEPT
EURJPY,2023-05-12,2023,1433,ACCEPT
EURJPY,2023-05-13,2023,355,NOT_TUE_FRI
EURJPY,2023-05-14,2023,0,NOT_TUE_FRI
EURJPY,2023-05-15,2023,1074,NOT_TUE_FRI
EURJPY,2023-05-16,2023,1433,ACCEPT
EURJPY,2023-05-17,2023,1433,ACCEPT
EURJPY,2023-05-18,2023,1433,ACCEPT
EURJPY,2023-05-19,2023,1434,ACCEPT
EURJPY,2023-05-20,2023,356,NOT_TUE_FRI
EURJPY,2023-05-21,2023,0,NOT_TUE_FRI
EURJPY,2023-05-22,2023,1075,NOT_TUE_FRI
EURJPY,2023-05-23,2023,1434,ACCEPT
EURJPY,2023-05-24,2023,1429,ACCEPT
EURJPY,2023-05-25,2023,1434,ACCEPT
EURJPY,2023-05-26,2023,1432,ACCEPT
EURJPY,2023-05-27,2023,355,NOT_TUE_FRI
EURJPY,2023-05-28,2023,0,NOT_TUE_FRI
EURJPY,2023-05-29,2023,1076,NOT_TUE_FRI
EURJPY,2023-05-30,2023,1430,ACCEPT
EURJPY,2023-05-31,2023,1431,ACCEPT
EURJPY,2023-06-01,2023,1434,ACCEPT
EURJPY,2023-06-02,2023,1434,ACCEPT
EURJPY,2023-06-03,2023,355,NOT_TUE_FRI
EURJPY,2023-06-04,2023,0,NOT_TUE_FRI
EURJPY,2023-06-05,2023,1075,NOT_TUE_FRI
EURJPY,2023-06-06,2023,1434,ACCEPT
EURJPY,2023-06-07,2023,1434,ACCEPT
EURJPY,2023-06-08,2023,1426,ACCEPT
EURJPY,2023-06-09,2023,1427,ACCEPT
EURJPY,2023-06-10,2023,354,NOT_TUE_FRI
EURJPY,2023-06-11,2023,0,NOT_TUE_FRI
EURJPY,2023-06-12,2023,1075,NOT_TUE_FRI
EURJPY,2023-06-13,2023,1432,ACCEPT
EURJPY,2023-06-14,2023,1434,ACCEPT
EURJPY,2023-06-15,2023,1434,ACCEPT
EURJPY,2023-06-16,2023,1434,ACCEPT
EURJPY,2023-06-17,2023,355,NOT_TUE_FRI
EURJPY,2023-06-18,2023,0,NOT_TUE_FRI
EURJPY,2023-06-19,2023,1074,NOT_TUE_FRI
EURJPY,2023-06-20,2023,1430,ACCEPT
EURJPY,2023-06-21,2023,1440,ACCEPT
EURJPY,2023-06-22,2023,1440,ACCEPT
EURJPY,2023-06-23,2023,1439,ACCEPT
EURJPY,2023-06-24,2023,359,NOT_TUE_FRI
EURJPY,2023-06-25,2023,0,NOT_TUE_FRI
EURJPY,2023-06-26,2023,1078,NOT_TUE_FRI
EURJPY,2023-06-27,2023,1440,ACCEPT
EURJPY,2023-06-28,2023,1413,ACCEPT
EURJPY,2023-06-29,2023,1440,ACCEPT
EURJPY,2023-06-30,2023,1439,ACCEPT
EURJPY,2023-07-01,2023,359,NOT_TUE_FRI
EURJPY,2023-07-02,2023,0,NOT_TUE_FRI
EURJPY,2023-07-03,2023,1078,NOT_TUE_FRI
EURJPY,2023-07-04,2023,1440,ACCEPT
EURJPY,2023-07-05,2023,1440,ACCEPT
EURJPY,2023-07-06,2023,1440,ACCEPT
EURJPY,2023-07-07,2023,1440,ACCEPT
EURJPY,2023-07-08,2023,359,NOT_TUE_FRI
EURJPY,2023-07-09,2023,0,NOT_TUE_FRI
EURJPY,2023-07-10,2023,1075,NOT_TUE_FRI
EURJPY,2023-07-11,2023,1440,ACCEPT
EURJPY,2023-07-12,2023,1440,ACCEPT
EURJPY,2023-07-13,2023,1440,ACCEPT
EURJPY,2023-07-14,2023,1438,ACCEPT
EURJPY,2023-07-15,2023,248,NOT_TUE_FRI
EURJPY,2023-07-16,2023,0,NOT_TUE_FRI
EURJPY,2023-07-17,2023,1076,NOT_TUE_FRI
EURJPY,2023-07-18,2023,1440,ACCEPT
EURJPY,2023-07-19,2023,1440,ACCEPT
EURJPY,2023-07-20,2023,1439,ACCEPT
EURJPY,2023-07-21,2023,1440,ACCEPT
EURJPY,2023-07-22,2023,359,NOT_TUE_FRI
EURJPY,2023-07-23,2023,0,NOT_TUE_FRI
EURJPY,2023-07-24,2023,1078,NOT_TUE_FRI
EURJPY,2023-07-25,2023,1439,ACCEPT
EURJPY,2023-07-26,2023,1438,ACCEPT
EURJPY,2023-07-27,2023,1440,ACCEPT
EURJPY,2023-07-28,2023,1439,ACCEPT
EURJPY,2023-07-29,2023,359,NOT_TUE_FRI
EURJPY,2023-07-30,2023,0,NOT_TUE_FRI
EURJPY,2023-07-31,2023,1078,NOT_TUE_FRI
EURJPY,2023-08-01,2023,1440,ACCEPT
EURJPY,2023-08-02,2023,1439,ACCEPT
EURJPY,2023-08-03,2023,1440,ACCEPT
EURJPY,2023-08-04,2023,1440,ACCEPT
EURJPY,2023-08-05,2023,359,NOT_TUE_FRI
EURJPY,2023-08-06,2023,0,NOT_TUE_FRI
EURJPY,2023-08-07,2023,1077,NOT_TUE_FRI
EURJPY,2023-08-08,2023,1440,ACCEPT
EURJPY,2023-08-09,2023,1440,ACCEPT
EURJPY,2023-08-10,2023,1440,ACCEPT
EURJPY,2023-08-11,2023,1440,ACCEPT
EURJPY,2023-08-12,2023,333,NOT_TUE_FRI
EURJPY,2023-08-13,2023,0,NOT_TUE_FRI
EURJPY,2023-08-14,2023,1078,NOT_TUE_FRI
EURJPY,2023-08-15,2023,1440,ACCEPT
EURJPY,2023-08-16,2023,1438,ACCEPT
EURJPY,2023-08-17,2023,1440,ACCEPT
EURJPY,2023-08-18,2023,1439,ACCEPT
EURJPY,2023-08-19,2023,359,NOT_TUE_FRI
EURJPY,2023-08-20,2023,0,NOT_TUE_FRI
EURJPY,2023-08-21,2023,1077,NOT_TUE_FRI
EURJPY,2023-08-22,2023,1439,ACCEPT
EURJPY,2023-08-23,2023,1440,ACCEPT
EURJPY,2023-08-24,2023,1439,ACCEPT
EURJPY,2023-08-25,2023,1440,ACCEPT
EURJPY,2023-08-26,2023,359,NOT_TUE_FRI
EURJPY,2023-08-27,2023,0,NOT_TUE_FRI
EURJPY,2023-08-28,2023,1078,NOT_TUE_FRI
EURJPY,2023-08-29,2023,1440,ACCEPT
EURJPY,2023-08-30,2023,1440,ACCEPT
EURJPY,2023-08-31,2023,1413,GAP
EURJPY,2023-09-01,2023,1440,ACCEPT
EURJPY,2023-09-02,2023,359,NOT_TUE_FRI
EURJPY,2023-09-03,2023,0,NOT_TUE_FRI
EURJPY,2023-09-04,2023,1076,NOT_TUE_FRI
EURJPY,2023-09-05,2023,1439,ACCEPT
EURJPY,2023-09-06,2023,1440,ACCEPT
EURJPY,2023-09-07,2023,1440,ACCEPT
EURJPY,2023-09-08,2023,1440,ACCEPT
EURJPY,2023-09-09,2023,359,NOT_TUE_FRI
EURJPY,2023-09-10,2023,0,NOT_TUE_FRI
EURJPY,2023-09-11,2023,1079,NOT_TUE_FRI
EURJPY,2023-09-12,2023,1440,ACCEPT
EURJPY,2023-09-13,2023,1440,ACCEPT
EURJPY,2023-09-14,2023,1440,ACCEPT
EURJPY,2023-09-15,2023,1439,ACCEPT
EURJPY,2023-09-16,2023,359,NOT_TUE_FRI
EURJPY,2023-09-17,2023,0,NOT_TUE_FRI
EURJPY,2023-09-18,2023,1080,NOT_TUE_FRI
EURJPY,2023-09-19,2023,1439,ACCEPT
EURJPY,2023-09-20,2023,1440,ACCEPT
EURJPY,2023-09-21,2023,1440,ACCEPT
EURJPY,2023-09-22,2023,1440,ACCEPT
EURJPY,2023-09-23,2023,359,NOT_TUE_FRI
EURJPY,2023-09-24,2023,0,NOT_TUE_FRI
EURJPY,2023-09-25,2023,1078,NOT_TUE_FRI
EURJPY,2023-09-26,2023,1439,ACCEPT
EURJPY,2023-09-27,2023,1440,ACCEPT
EURJPY,2023-09-28,2023,1440,ACCEPT
EURJPY,2023-09-29,2023,1437,ACCEPT
EURJPY,2023-09-30,2023,359,NOT_TUE_FRI
EURJPY,2023-10-01,2023,0,NOT_TUE_FRI
EURJPY,2023-10-02,2023,1079,NOT_TUE_FRI
EURJPY,2023-10-03,2023,1439,ACCEPT
EURJPY,2023-10-04,2023,1440,ACCEPT
EURJPY,2023-10-05,2023,1438,ACCEPT
EURJPY,2023-10-06,2023,1439,ACCEPT
EURJPY,2023-10-07,2023,359,NOT_TUE_FRI
EURJPY,2023-10-08,2023,0,NOT_TUE_FRI
EURJPY,2023-10-09,2023,1079,NOT_TUE_FRI
EURJPY,2023-10-10,2023,1440,ACCEPT
EURJPY,2023-10-11,2023,1440,ACCEPT
EURJPY,2023-10-12,2023,1439,ACCEPT
EURJPY,2023-10-13,2023,1440,ACCEPT
EURJPY,2023-10-14,2023,359,NOT_TUE_FRI
EURJPY,2023-10-15,2023,0,NOT_TUE_FRI
EURJPY,2023-10-16,2023,1079,NOT_TUE_FRI
EURJPY,2023-10-17,2023,1440,ACCEPT
EURJPY,2023-10-18,2023,1440,ACCEPT
EURJPY,2023-10-19,2023,1439,ACCEPT
EURJPY,2023-10-20,2023,1438,ACCEPT
EURJPY,2023-10-21,2023,359,NOT_TUE_FRI
EURJPY,2023-10-22,2023,0,NOT_TUE_FRI
EURJPY,2023-10-23,2023,1079,NOT_TUE_FRI
EURJPY,2023-10-24,2023,1440,ACCEPT
EURJPY,2023-10-25,2023,1440,ACCEPT
EURJPY,2023-10-26,2023,1439,ACCEPT
EURJPY,2023-10-27,2023,1440,ACCEPT
EURJPY,2023-10-28,2023,359,NOT_TUE_FRI
EURJPY,2023-10-29,2023,0,NOT_TUE_FRI
EURJPY,2023-10-30,2023,1020,NOT_TUE_FRI
EURJPY,2023-10-31,2023,1440,ACCEPT
EURJPY,2023-11-01,2023,1439,ACCEPT
EURJPY,2023-11-02,2023,1438,ACCEPT
EURJPY,2023-11-03,2023,1440,ACCEPT
EURJPY,2023-11-04,2023,359,NOT_TUE_FRI
EURJPY,2023-11-05,2023,0,NOT_TUE_FRI
EURJPY,2023-11-06,2023,1020,NOT_TUE_FRI
EURJPY,2023-11-07,2023,1440,ACCEPT
EURJPY,2023-11-08,2023,1439,ACCEPT
EURJPY,2023-11-09,2023,1440,ACCEPT
EURJPY,2023-11-10,2023,1440,ACCEPT
EURJPY,2023-11-11,2023,419,NOT_TUE_FRI
EURJPY,2023-11-12,2023,0,NOT_TUE_FRI
EURJPY,2023-11-13,2023,1018,NOT_TUE_FRI
EURJPY,2023-11-14,2023,1440,ACCEPT
EURJPY,2023-11-15,2023,1438,ACCEPT
EURJPY,2023-11-16,2023,1439,ACCEPT
EURJPY,2023-11-17,2023,1438,ACCEPT
EURJPY,2023-11-18,2023,419,NOT_TUE_FRI
EURJPY,2023-11-19,2023,0,NOT_TUE_FRI
EURJPY,2023-11-20,2023,1018,NOT_TUE_FRI
EURJPY,2023-11-21,2023,1440,ACCEPT
EURJPY,2023-11-22,2023,1440,ACCEPT
EURJPY,2023-11-23,2023,1440,ACCEPT
EURJPY,2023-11-24,2023,1439,ACCEPT
EURJPY,2023-11-25,2023,419,NOT_TUE_FRI
EURJPY,2023-11-26,2023,0,NOT_TUE_FRI
EURJPY,2023-11-27,2023,1020,NOT_TUE_FRI
EURJPY,2023-11-28,2023,1440,ACCEPT
EURJPY,2023-11-29,2023,1440,ACCEPT
EURJPY,2023-11-30,2023,1439,ACCEPT
EURJPY,2023-12-01,2023,1440,ACCEPT
EURJPY,2023-12-02,2023,419,NOT_TUE_FRI
EURJPY,2023-12-03,2023,0,NOT_TUE_FRI
EURJPY,2023-12-04,2023,1020,NOT_TUE_FRI
EURJPY,2023-12-05,2023,1438,ACCEPT
EURJPY,2023-12-06,2023,1439,ACCEPT
EURJPY,2023-12-07,2023,1439,ACCEPT
EURJPY,2023-12-08,2023,1440,ACCEPT
EURJPY,2023-12-09,2023,419,NOT_TUE_FRI
EURJPY,2023-12-10,2023,0,NOT_TUE_FRI
EURJPY,2023-12-11,2023,1019,NOT_TUE_FRI
EURJPY,2023-12-12,2023,1439,ACCEPT
EURJPY,2023-12-13,2023,1440,ACCEPT
EURJPY,2023-12-14,2023,1439,ACCEPT
EURJPY,2023-12-15,2023,1438,ACCEPT
EURJPY,2023-12-16,2023,419,NOT_TUE_FRI
EURJPY,2023-12-17,2023,0,NOT_TUE_FRI
EURJPY,2023-12-18,2023,993,NOT_TUE_FRI
EURJPY,2023-12-19,2023,1428,ACCEPT
EURJPY,2023-12-20,2023,1440,ACCEPT
EURJPY,2023-12-21,2023,1438,ACCEPT
EURJPY,2023-12-22,2023,1437,ACCEPT
EURJPY,2023-12-23,2023,419,NOT_TUE_FRI
EURJPY,2023-12-24,2023,0,NOT_TUE_FRI
EURJPY,2023-12-25,2023,81,NOT_TUE_FRI
EURJPY,2023-12-26,2023,1020,YEAR_END
EURJPY,2023-12-27,2023,1440,YEAR_END
EURJPY,2023-12-28,2023,1440,YEAR_END
EURJPY,2023-12-29,2023,1440,YEAR_END
EURJPY,2023-12-30,2023,419,NOT_TUE_FRI
EURJPY,2023-12-31,2023,0,NOT_TUE_FRI
GBPJPY,2020-01-01,2020,361,YEAR_END
GBPJPY,2020-01-02,2020,660,YEAR_END
GBPJPY,2020-01-03,2020,1440,YEAR_END
GBPJPY,2020-01-04,2020,415,NOT_TUE_FRI
GBPJPY,2020-01-05,2020,0,NOT_TUE_FRI
GBPJPY,2020-01-06,2020,1018,NOT_TUE_FRI
GBPJPY,2020-01-07,2020,1440,ACCEPT
GBPJPY,2020-01-08,2020,1440,ACCEPT
GBPJPY,2020-01-09,2020,1440,ACCEPT
GBPJPY,2020-01-10,2020,1440,ACCEPT
GBPJPY,2020-01-11,2020,415,NOT_TUE_FRI
GBPJPY,2020-01-12,2020,0,NOT_TUE_FRI
GBPJPY,2020-01-13,2020,1019,NOT_TUE_FRI
GBPJPY,2020-01-14,2020,1440,ACCEPT
GBPJPY,2020-01-15,2020,1440,ACCEPT
GBPJPY,2020-01-16,2020,1440,ACCEPT
GBPJPY,2020-01-17,2020,1440,ACCEPT
GBPJPY,2020-01-18,2020,415,NOT_TUE_FRI
GBPJPY,2020-01-19,2020,0,NOT_TUE_FRI
GBPJPY,2020-01-20,2020,1015,NOT_TUE_FRI
GBPJPY,2020-01-21,2020,1440,ACCEPT
GBPJPY,2020-01-22,2020,1440,ACCEPT
GBPJPY,2020-01-23,2020,1439,ACCEPT
GBPJPY,2020-01-24,2020,1440,ACCEPT
GBPJPY,2020-01-25,2020,416,NOT_TUE_FRI
GBPJPY,2020-01-26,2020,0,NOT_TUE_FRI
GBPJPY,2020-01-27,2020,1019,NOT_TUE_FRI
GBPJPY,2020-01-28,2020,1440,ACCEPT
GBPJPY,2020-01-29,2020,1439,ACCEPT
GBPJPY,2020-01-30,2020,1440,ACCEPT
GBPJPY,2020-01-31,2020,1440,ACCEPT
GBPJPY,2020-02-01,2020,415,NOT_TUE_FRI
GBPJPY,2020-02-02,2020,0,NOT_TUE_FRI
GBPJPY,2020-02-03,2020,1018,NOT_TUE_FRI
GBPJPY,2020-02-04,2020,1440,ACCEPT
GBPJPY,2020-02-05,2020,1440,ACCEPT
GBPJPY,2020-02-06,2020,1440,ACCEPT
GBPJPY,2020-02-07,2020,1440,ACCEPT
GBPJPY,2020-02-08,2020,415,NOT_TUE_FRI
GBPJPY,2020-02-09,2020,0,NOT_TUE_FRI
GBPJPY,2020-02-10,2020,1015,NOT_TUE_FRI
GBPJPY,2020-02-11,2020,1440,ACCEPT
GBPJPY,2020-02-12,2020,1440,ACCEPT
GBPJPY,2020-02-13,2020,1440,ACCEPT
GBPJPY,2020-02-14,2020,1440,ACCEPT
GBPJPY,2020-02-15,2020,415,NOT_TUE_FRI
GBPJPY,2020-02-16,2020,0,NOT_TUE_FRI
GBPJPY,2020-02-17,2020,1018,NOT_TUE_FRI
GBPJPY,2020-02-18,2020,1440,ACCEPT
GBPJPY,2020-02-19,2020,1440,ACCEPT
GBPJPY,2020-02-20,2020,1440,ACCEPT
GBPJPY,2020-02-21,2020,1440,ACCEPT
GBPJPY,2020-02-22,2020,415,NOT_TUE_FRI
GBPJPY,2020-02-23,2020,0,NOT_TUE_FRI
GBPJPY,2020-02-24,2020,1019,NOT_TUE_FRI
GBPJPY,2020-02-25,2020,1440,ACCEPT
GBPJPY,2020-02-26,2020,1440,ACCEPT
GBPJPY,2020-02-27,2020,1440,ACCEPT
GBPJPY,2020-02-28,2020,1439,ACCEPT
GBPJPY,2020-02-29,2020,416,NOT_TUE_FRI
GBPJPY,2020-03-01,2020,0,NOT_TUE_FRI
GBPJPY,2020-03-02,2020,1019,NOT_TUE_FRI
GBPJPY,2020-03-03,2020,1440,ACCEPT
GBPJPY,2020-03-04,2020,1440,ACCEPT
GBPJPY,2020-03-05,2020,1439,ACCEPT
GBPJPY,2020-03-06,2020,1440,ACCEPT
GBPJPY,2020-03-07,2020,416,NOT_TUE_FRI
GBPJPY,2020-03-08,2020,0,NOT_TUE_FRI
GBPJPY,2020-03-09,2020,1020,NOT_TUE_FRI
GBPJPY,2020-03-10,2020,1436,ACCEPT
GBPJPY,2020-03-11,2020,1436,ACCEPT
GBPJPY,2020-03-12,2020,1440,ACCEPT
GBPJPY,2020-03-13,2020,1440,ACCEPT
GBPJPY,2020-03-14,2020,355,NOT_TUE_FRI
GBPJPY,2020-03-15,2020,0,NOT_TUE_FRI
GBPJPY,2020-03-16,2020,1020,NOT_TUE_FRI
GBPJPY,2020-03-17,2020,1440,ACCEPT
GBPJPY,2020-03-18,2020,1440,ACCEPT
GBPJPY,2020-03-19,2020,1439,ACCEPT
GBPJPY,2020-03-20,2020,1440,ACCEPT
GBPJPY,2020-03-21,2020,355,NOT_TUE_FRI
GBPJPY,2020-03-22,2020,0,NOT_TUE_FRI
GBPJPY,2020-03-23,2020,1020,NOT_TUE_FRI
GBPJPY,2020-03-24,2020,1439,ACCEPT
GBPJPY,2020-03-25,2020,1436,ACCEPT
GBPJPY,2020-03-26,2020,1440,ACCEPT
GBPJPY,2020-03-27,2020,1439,ACCEPT
GBPJPY,2020-03-28,2020,355,NOT_TUE_FRI
GBPJPY,2020-03-29,2020,0,NOT_TUE_FRI
GBPJPY,2020-03-30,2020,1075,NOT_TUE_FRI
GBPJPY,2020-03-31,2020,1440,ACCEPT
GBPJPY,2020-04-01,2020,1436,ACCEPT
GBPJPY,2020-04-02,2020,1440,ACCEPT
GBPJPY,2020-04-03,2020,1440,ACCEPT
GBPJPY,2020-04-04,2020,355,NOT_TUE_FRI
GBPJPY,2020-04-05,2020,0,NOT_TUE_FRI
GBPJPY,2020-04-06,2020,1076,NOT_TUE_FRI
GBPJPY,2020-04-07,2020,1440,ACCEPT
GBPJPY,2020-04-08,2020,1440,ACCEPT
GBPJPY,2020-04-09,2020,1440,ACCEPT
GBPJPY,2020-04-10,2020,1440,ACCEPT
GBPJPY,2020-04-11,2020,355,NOT_TUE_FRI
GBPJPY,2020-04-12,2020,0,NOT_TUE_FRI
GBPJPY,2020-04-13,2020,1075,NOT_TUE_FRI
GBPJPY,2020-04-14,2020,1440,ACCEPT
GBPJPY,2020-04-15,2020,1440,ACCEPT
GBPJPY,2020-04-16,2020,1440,ACCEPT
GBPJPY,2020-04-17,2020,1440,ACCEPT
GBPJPY,2020-04-18,2020,356,NOT_TUE_FRI
GBPJPY,2020-04-19,2020,0,NOT_TUE_FRI
GBPJPY,2020-04-20,2020,1075,NOT_TUE_FRI
GBPJPY,2020-04-21,2020,1440,ACCEPT
GBPJPY,2020-04-22,2020,1440,ACCEPT
GBPJPY,2020-04-23,2020,1440,ACCEPT
GBPJPY,2020-04-24,2020,1439,ACCEPT
GBPJPY,2020-04-25,2020,355,NOT_TUE_FRI
GBPJPY,2020-04-26,2020,0,NOT_TUE_FRI
GBPJPY,2020-04-27,2020,1077,NOT_TUE_FRI
GBPJPY,2020-04-28,2020,1440,ACCEPT
GBPJPY,2020-04-29,2020,1440,ACCEPT
GBPJPY,2020-04-30,2020,1440,ACCEPT
GBPJPY,2020-05-01,2020,1440,ACCEPT
GBPJPY,2020-05-02,2020,355,NOT_TUE_FRI
GBPJPY,2020-05-03,2020,0,NOT_TUE_FRI
GBPJPY,2020-05-04,2020,1075,NOT_TUE_FRI
GBPJPY,2020-05-05,2020,1440,ACCEPT
GBPJPY,2020-05-06,2020,1440,ACCEPT
GBPJPY,2020-05-07,2020,1440,ACCEPT
GBPJPY,2020-05-08,2020,1439,ACCEPT
GBPJPY,2020-05-09,2020,355,NOT_TUE_FRI
GBPJPY,2020-05-10,2020,0,NOT_TUE_FRI
GBPJPY,2020-05-11,2020,1077,NOT_TUE_FRI
GBPJPY,2020-05-12,2020,1440,ACCEPT
GBPJPY,2020-05-13,2020,1439,ACCEPT
GBPJPY,2020-05-14,2020,1440,ACCEPT
GBPJPY,2020-05-15,2020,1439,ACCEPT
GBPJPY,2020-05-16,2020,355,NOT_TUE_FRI
GBPJPY,2020-05-17,2020,0,NOT_TUE_FRI
GBPJPY,2020-05-18,2020,1079,NOT_TUE_FRI
GBPJPY,2020-05-19,2020,1440,ACCEPT
GBPJPY,2020-05-20,2020,1440,ACCEPT
GBPJPY,2020-05-21,2020,1440,ACCEPT
GBPJPY,2020-05-22,2020,1440,ACCEPT
GBPJPY,2020-05-23,2020,355,NOT_TUE_FRI
GBPJPY,2020-05-24,2020,0,NOT_TUE_FRI
GBPJPY,2020-05-25,2020,1075,NOT_TUE_FRI
GBPJPY,2020-05-26,2020,1440,ACCEPT
GBPJPY,2020-05-27,2020,1440,ACCEPT
GBPJPY,2020-05-28,2020,1440,ACCEPT
GBPJPY,2020-05-29,2020,1439,ACCEPT
GBPJPY,2020-05-30,2020,355,NOT_TUE_FRI
GBPJPY,2020-05-31,2020,0,NOT_TUE_FRI
GBPJPY,2020-06-01,2020,1078,NOT_TUE_FRI
GBPJPY,2020-06-02,2020,1440,ACCEPT
GBPJPY,2020-06-03,2020,1440,ACCEPT
GBPJPY,2020-06-04,2020,1440,ACCEPT
GBPJPY,2020-06-05,2020,1440,ACCEPT
GBPJPY,2020-06-06,2020,355,NOT_TUE_FRI
GBPJPY,2020-06-07,2020,0,NOT_TUE_FRI
GBPJPY,2020-06-08,2020,1075,NOT_TUE_FRI
GBPJPY,2020-06-09,2020,1440,ACCEPT
GBPJPY,2020-06-10,2020,1440,ACCEPT
GBPJPY,2020-06-11,2020,1440,ACCEPT
GBPJPY,2020-06-12,2020,1437,ACCEPT
GBPJPY,2020-06-13,2020,355,NOT_TUE_FRI
GBPJPY,2020-06-14,2020,0,NOT_TUE_FRI
GBPJPY,2020-06-15,2020,1078,NOT_TUE_FRI
GBPJPY,2020-06-16,2020,1440,ACCEPT
GBPJPY,2020-06-17,2020,1440,ACCEPT
GBPJPY,2020-06-18,2020,1440,ACCEPT
GBPJPY,2020-06-19,2020,1440,ACCEPT
GBPJPY,2020-06-20,2020,355,NOT_TUE_FRI
GBPJPY,2020-06-21,2020,0,NOT_TUE_FRI
GBPJPY,2020-06-22,2020,1078,NOT_TUE_FRI
GBPJPY,2020-06-23,2020,1440,ACCEPT
GBPJPY,2020-06-24,2020,1440,ACCEPT
GBPJPY,2020-06-25,2020,1440,ACCEPT
GBPJPY,2020-06-26,2020,1440,ACCEPT
GBPJPY,2020-06-27,2020,355,NOT_TUE_FRI
GBPJPY,2020-06-28,2020,0,NOT_TUE_FRI
GBPJPY,2020-06-29,2020,1075,NOT_TUE_FRI
GBPJPY,2020-06-30,2020,1440,ACCEPT
GBPJPY,2020-07-01,2020,1440,ACCEPT
GBPJPY,2020-07-02,2020,1436,ACCEPT
GBPJPY,2020-07-03,2020,1440,ACCEPT
GBPJPY,2020-07-04,2020,355,NOT_TUE_FRI
GBPJPY,2020-07-05,2020,0,NOT_TUE_FRI
GBPJPY,2020-07-06,2020,1075,NOT_TUE_FRI
GBPJPY,2020-07-07,2020,1440,ACCEPT
GBPJPY,2020-07-08,2020,1439,ACCEPT
GBPJPY,2020-07-09,2020,1440,ACCEPT
GBPJPY,2020-07-10,2020,1440,ACCEPT
GBPJPY,2020-07-11,2020,355,NOT_TUE_FRI
GBPJPY,2020-07-12,2020,0,NOT_TUE_FRI
GBPJPY,2020-07-13,2020,1075,NOT_TUE_FRI
GBPJPY,2020-07-14,2020,1440,ACCEPT
GBPJPY,2020-07-15,2020,1440,ACCEPT
GBPJPY,2020-07-16,2020,1440,ACCEPT
GBPJPY,2020-07-17,2020,1439,ACCEPT
GBPJPY,2020-07-18,2020,355,NOT_TUE_FRI
GBPJPY,2020-07-19,2020,0,NOT_TUE_FRI
GBPJPY,2020-07-20,2020,1076,NOT_TUE_FRI
GBPJPY,2020-07-21,2020,1440,ACCEPT
GBPJPY,2020-07-22,2020,1440,ACCEPT
GBPJPY,2020-07-23,2020,1440,ACCEPT
GBPJPY,2020-07-24,2020,1440,ACCEPT
GBPJPY,2020-07-25,2020,355,NOT_TUE_FRI
GBPJPY,2020-07-26,2020,0,NOT_TUE_FRI
GBPJPY,2020-07-27,2020,1077,NOT_TUE_FRI
GBPJPY,2020-07-28,2020,1440,ACCEPT
GBPJPY,2020-07-29,2020,1440,ACCEPT
GBPJPY,2020-07-30,2020,1440,ACCEPT
GBPJPY,2020-07-31,2020,1440,ACCEPT
GBPJPY,2020-08-01,2020,355,NOT_TUE_FRI
GBPJPY,2020-08-02,2020,0,NOT_TUE_FRI
GBPJPY,2020-08-03,2020,1073,NOT_TUE_FRI
GBPJPY,2020-08-04,2020,1440,ACCEPT
GBPJPY,2020-08-05,2020,1439,ACCEPT
GBPJPY,2020-08-06,2020,1440,ACCEPT
GBPJPY,2020-08-07,2020,1439,ACCEPT
GBPJPY,2020-08-08,2020,356,NOT_TUE_FRI
GBPJPY,2020-08-09,2020,0,NOT_TUE_FRI
GBPJPY,2020-08-10,2020,1075,NOT_TUE_FRI
GBPJPY,2020-08-11,2020,1440,ACCEPT
GBPJPY,2020-08-12,2020,1440,ACCEPT
GBPJPY,2020-08-13,2020,1440,ACCEPT
GBPJPY,2020-08-14,2020,1440,ACCEPT
GBPJPY,2020-08-15,2020,355,NOT_TUE_FRI
GBPJPY,2020-08-16,2020,0,NOT_TUE_FRI
GBPJPY,2020-08-17,2020,1076,NOT_TUE_FRI
GBPJPY,2020-08-18,2020,1440,ACCEPT
GBPJPY,2020-08-19,2020,1440,ACCEPT
GBPJPY,2020-08-20,2020,1440,ACCEPT
GBPJPY,2020-08-21,2020,1440,ACCEPT
GBPJPY,2020-08-22,2020,355,NOT_TUE_FRI
GBPJPY,2020-08-23,2020,0,NOT_TUE_FRI
GBPJPY,2020-08-24,2020,1075,NOT_TUE_FRI
GBPJPY,2020-08-25,2020,1440,ACCEPT
GBPJPY,2020-08-26,2020,1439,ACCEPT
GBPJPY,2020-08-27,2020,1440,ACCEPT
GBPJPY,2020-08-28,2020,1440,ACCEPT
GBPJPY,2020-08-29,2020,355,NOT_TUE_FRI
GBPJPY,2020-08-30,2020,0,NOT_TUE_FRI
GBPJPY,2020-08-31,2020,1075,NOT_TUE_FRI
GBPJPY,2020-09-01,2020,1440,ACCEPT
GBPJPY,2020-09-02,2020,1439,ACCEPT
GBPJPY,2020-09-03,2020,1440,ACCEPT
GBPJPY,2020-09-04,2020,1440,ACCEPT
GBPJPY,2020-09-05,2020,356,NOT_TUE_FRI
GBPJPY,2020-09-06,2020,0,NOT_TUE_FRI
GBPJPY,2020-09-07,2020,1074,NOT_TUE_FRI
GBPJPY,2020-09-08,2020,1440,ACCEPT
GBPJPY,2020-09-09,2020,1440,ACCEPT
GBPJPY,2020-09-10,2020,1439,ACCEPT
GBPJPY,2020-09-11,2020,1440,ACCEPT
GBPJPY,2020-09-12,2020,355,NOT_TUE_FRI
GBPJPY,2020-09-13,2020,0,NOT_TUE_FRI
GBPJPY,2020-09-14,2020,1075,NOT_TUE_FRI
GBPJPY,2020-09-15,2020,1440,ACCEPT
GBPJPY,2020-09-16,2020,1440,ACCEPT
GBPJPY,2020-09-17,2020,1440,ACCEPT
GBPJPY,2020-09-18,2020,1439,ACCEPT
GBPJPY,2020-09-19,2020,355,NOT_TUE_FRI
GBPJPY,2020-09-20,2020,0,NOT_TUE_FRI
GBPJPY,2020-09-21,2020,1074,NOT_TUE_FRI
GBPJPY,2020-09-22,2020,1437,ACCEPT
GBPJPY,2020-09-23,2020,1440,ACCEPT
GBPJPY,2020-09-24,2020,1440,ACCEPT
GBPJPY,2020-09-25,2020,1439,ACCEPT
GBPJPY,2020-09-26,2020,355,NOT_TUE_FRI
GBPJPY,2020-09-27,2020,0,NOT_TUE_FRI
GBPJPY,2020-09-28,2020,1075,NOT_TUE_FRI
GBPJPY,2020-09-29,2020,1439,ACCEPT
GBPJPY,2020-09-30,2020,1440,ACCEPT
GBPJPY,2020-10-01,2020,1440,ACCEPT
GBPJPY,2020-10-02,2020,1439,ACCEPT
GBPJPY,2020-10-03,2020,355,NOT_TUE_FRI
GBPJPY,2020-10-04,2020,0,NOT_TUE_FRI
GBPJPY,2020-10-05,2020,1074,NOT_TUE_FRI
GBPJPY,2020-10-06,2020,1440,ACCEPT
GBPJPY,2020-10-07,2020,1440,ACCEPT
GBPJPY,2020-10-08,2020,1439,ACCEPT
GBPJPY,2020-10-09,2020,1439,ACCEPT
GBPJPY,2020-10-10,2020,355,NOT_TUE_FRI
GBPJPY,2020-10-11,2020,0,NOT_TUE_FRI
GBPJPY,2020-10-12,2020,1074,NOT_TUE_FRI
GBPJPY,2020-10-13,2020,1435,ACCEPT
GBPJPY,2020-10-14,2020,1440,ACCEPT
GBPJPY,2020-10-15,2020,1440,ACCEPT
GBPJPY,2020-10-16,2020,1440,ACCEPT
GBPJPY,2020-10-17,2020,355,NOT_TUE_FRI
GBPJPY,2020-10-18,2020,0,NOT_TUE_FRI
GBPJPY,2020-10-19,2020,1075,NOT_TUE_FRI
GBPJPY,2020-10-20,2020,1440,ACCEPT
GBPJPY,2020-10-21,2020,1440,ACCEPT
GBPJPY,2020-10-22,2020,1440,ACCEPT
GBPJPY,2020-10-23,2020,1439,ACCEPT
GBPJPY,2020-10-24,2020,355,NOT_TUE_FRI
GBPJPY,2020-10-25,2020,0,NOT_TUE_FRI
GBPJPY,2020-10-26,2020,1015,NOT_TUE_FRI
GBPJPY,2020-10-27,2020,1440,ACCEPT
GBPJPY,2020-10-28,2020,1440,ACCEPT
GBPJPY,2020-10-29,2020,1440,ACCEPT
GBPJPY,2020-10-30,2020,1439,ACCEPT
GBPJPY,2020-10-31,2020,355,NOT_TUE_FRI
GBPJPY,2020-11-01,2020,0,NOT_TUE_FRI
GBPJPY,2020-11-02,2020,1019,NOT_TUE_FRI
GBPJPY,2020-11-03,2020,1440,ACCEPT
GBPJPY,2020-11-04,2020,1440,ACCEPT
GBPJPY,2020-11-05,2020,1440,ACCEPT
GBPJPY,2020-11-06,2020,1440,ACCEPT
GBPJPY,2020-11-07,2020,416,NOT_TUE_FRI
GBPJPY,2020-11-08,2020,0,NOT_TUE_FRI
GBPJPY,2020-11-09,2020,1018,NOT_TUE_FRI
GBPJPY,2020-11-10,2020,1440,ACCEPT
GBPJPY,2020-11-11,2020,1439,ACCEPT
GBPJPY,2020-11-12,2020,1438,ACCEPT
GBPJPY,2020-11-13,2020,1440,ACCEPT
GBPJPY,2020-11-14,2020,415,NOT_TUE_FRI
GBPJPY,2020-11-15,2020,0,NOT_TUE_FRI
GBPJPY,2020-11-16,2020,1019,NOT_TUE_FRI
GBPJPY,2020-11-17,2020,1440,ACCEPT
GBPJPY,2020-11-18,2020,1440,ACCEPT
GBPJPY,2020-11-19,2020,1440,ACCEPT
GBPJPY,2020-11-20,2020,1440,ACCEPT
GBPJPY,2020-11-21,2020,416,NOT_TUE_FRI
GBPJPY,2020-11-22,2020,0,NOT_TUE_FRI
GBPJPY,2020-11-23,2020,1018,NOT_TUE_FRI
GBPJPY,2020-11-24,2020,1440,ACCEPT
GBPJPY,2020-11-25,2020,1440,ACCEPT
GBPJPY,2020-11-26,2020,1440,ACCEPT
GBPJPY,2020-11-27,2020,1440,ACCEPT
GBPJPY,2020-11-28,2020,415,NOT_TUE_FRI
GBPJPY,2020-11-29,2020,0,NOT_TUE_FRI
GBPJPY,2020-11-30,2020,1018,NOT_TUE_FRI
GBPJPY,2020-12-01,2020,1440,ACCEPT
GBPJPY,2020-12-02,2020,1440,ACCEPT
GBPJPY,2020-12-03,2020,1440,ACCEPT
GBPJPY,2020-12-04,2020,1440,ACCEPT
GBPJPY,2020-12-05,2020,415,NOT_TUE_FRI
GBPJPY,2020-12-06,2020,0,NOT_TUE_FRI
GBPJPY,2020-12-07,2020,1018,NOT_TUE_FRI
GBPJPY,2020-12-08,2020,1440,ACCEPT
GBPJPY,2020-12-09,2020,1440,ACCEPT
GBPJPY,2020-12-10,2020,1440,ACCEPT
GBPJPY,2020-12-11,2020,1440,ACCEPT
GBPJPY,2020-12-12,2020,415,NOT_TUE_FRI
GBPJPY,2020-12-13,2020,0,NOT_TUE_FRI
GBPJPY,2020-12-14,2020,1019,NOT_TUE_FRI
GBPJPY,2020-12-15,2020,1440,ACCEPT
GBPJPY,2020-12-16,2020,1440,ACCEPT
GBPJPY,2020-12-17,2020,1440,ACCEPT
GBPJPY,2020-12-18,2020,1440,ACCEPT
GBPJPY,2020-12-19,2020,415,NOT_TUE_FRI
GBPJPY,2020-12-20,2020,0,NOT_TUE_FRI
GBPJPY,2020-12-21,2020,1019,NOT_TUE_FRI
GBPJPY,2020-12-22,2020,1440,ACCEPT
GBPJPY,2020-12-23,2020,1440,ACCEPT
GBPJPY,2020-12-24,2020,1440,ACCEPT
GBPJPY,2020-12-25,2020,240,YEAR_END
GBPJPY,2020-12-26,2020,0,NOT_TUE_FRI
GBPJPY,2020-12-27,2020,0,NOT_TUE_FRI
GBPJPY,2020-12-28,2020,1015,NOT_TUE_FRI
GBPJPY,2020-12-29,2020,1440,YEAR_END
GBPJPY,2020-12-30,2020,1440,YEAR_END
GBPJPY,2020-12-31,2020,421,YEAR_END
GBPJPY,2021-01-01,2021,0,YEAR_END
GBPJPY,2021-01-02,2021,0,NOT_TUE_FRI
GBPJPY,2021-01-03,2021,0,NOT_TUE_FRI
GBPJPY,2021-01-04,2021,1018,NOT_TUE_FRI
GBPJPY,2021-01-05,2021,1440,ACCEPT
GBPJPY,2021-01-06,2021,1440,ACCEPT
GBPJPY,2021-01-07,2021,1440,ACCEPT
GBPJPY,2021-01-08,2021,1440,ACCEPT
GBPJPY,2021-01-09,2021,415,NOT_TUE_FRI
GBPJPY,2021-01-10,2021,0,NOT_TUE_FRI
GBPJPY,2021-01-11,2021,1010,NOT_TUE_FRI
GBPJPY,2021-01-12,2021,1440,ACCEPT
GBPJPY,2021-01-13,2021,1439,ACCEPT
GBPJPY,2021-01-14,2021,1440,ACCEPT
GBPJPY,2021-01-15,2021,1439,ACCEPT
GBPJPY,2021-01-16,2021,415,NOT_TUE_FRI
GBPJPY,2021-01-17,2021,0,NOT_TUE_FRI
GBPJPY,2021-01-18,2021,1017,NOT_TUE_FRI
GBPJPY,2021-01-19,2021,1440,ACCEPT
GBPJPY,2021-01-20,2021,1440,ACCEPT
GBPJPY,2021-01-21,2021,1440,ACCEPT
GBPJPY,2021-01-22,2021,1440,ACCEPT
GBPJPY,2021-01-23,2021,415,NOT_TUE_FRI
GBPJPY,2021-01-24,2021,0,NOT_TUE_FRI
GBPJPY,2021-01-25,2021,1018,NOT_TUE_FRI
GBPJPY,2021-01-26,2021,1434,ACCEPT
GBPJPY,2021-01-27,2021,1438,ACCEPT
GBPJPY,2021-01-28,2021,1440,ACCEPT
GBPJPY,2021-01-29,2021,1439,ACCEPT
GBPJPY,2021-01-30,2021,415,NOT_TUE_FRI
GBPJPY,2021-01-31,2021,0,NOT_TUE_FRI
GBPJPY,2021-02-01,2021,1017,NOT_TUE_FRI
GBPJPY,2021-02-02,2021,1440,ACCEPT
GBPJPY,2021-02-03,2021,1440,ACCEPT
GBPJPY,2021-02-04,2021,1440,ACCEPT
GBPJPY,2021-02-05,2021,1439,ACCEPT
GBPJPY,2021-02-06,2021,415,NOT_TUE_FRI
GBPJPY,2021-02-07,2021,0,NOT_TUE_FRI
GBPJPY,2021-02-08,2021,1019,NOT_TUE_FRI
GBPJPY,2021-02-09,2021,1439,ACCEPT
GBPJPY,2021-02-10,2021,1440,ACCEPT
GBPJPY,2021-02-11,2021,1440,ACCEPT
GBPJPY,2021-02-12,2021,1439,ACCEPT
GBPJPY,2021-02-13,2021,416,NOT_TUE_FRI
GBPJPY,2021-02-14,2021,0,NOT_TUE_FRI
GBPJPY,2021-02-15,2021,1019,NOT_TUE_FRI
GBPJPY,2021-02-16,2021,1440,ACCEPT
GBPJPY,2021-02-17,2021,1440,ACCEPT
GBPJPY,2021-02-18,2021,1440,ACCEPT
GBPJPY,2021-02-19,2021,1439,ACCEPT
GBPJPY,2021-02-20,2021,415,NOT_TUE_FRI
GBPJPY,2021-02-21,2021,0,NOT_TUE_FRI
GBPJPY,2021-02-22,2021,1018,NOT_TUE_FRI
GBPJPY,2021-02-23,2021,1440,ACCEPT
GBPJPY,2021-02-24,2021,1440,ACCEPT
GBPJPY,2021-02-25,2021,1440,ACCEPT
GBPJPY,2021-02-26,2021,1440,ACCEPT
GBPJPY,2021-02-27,2021,415,NOT_TUE_FRI
GBPJPY,2021-02-28,2021,0,NOT_TUE_FRI
GBPJPY,2021-03-01,2021,1018,NOT_TUE_FRI
GBPJPY,2021-03-02,2021,1440,ACCEPT
GBPJPY,2021-03-03,2021,1440,ACCEPT
GBPJPY,2021-03-04,2021,1439,ACCEPT
GBPJPY,2021-03-05,2021,1440,ACCEPT
GBPJPY,2021-03-06,2021,415,NOT_TUE_FRI
GBPJPY,2021-03-07,2021,0,NOT_TUE_FRI
GBPJPY,2021-03-08,2021,1018,NOT_TUE_FRI
GBPJPY,2021-03-09,2021,1438,ACCEPT
GBPJPY,2021-03-10,2021,1439,ACCEPT
GBPJPY,2021-03-11,2021,1440,ACCEPT
GBPJPY,2021-03-12,2021,1440,ACCEPT
GBPJPY,2021-03-13,2021,415,NOT_TUE_FRI
GBPJPY,2021-03-14,2021,0,NOT_TUE_FRI
GBPJPY,2021-03-15,2021,1020,NOT_TUE_FRI
GBPJPY,2021-03-16,2021,1440,ACCEPT
GBPJPY,2021-03-17,2021,1440,ACCEPT
GBPJPY,2021-03-18,2021,1439,ACCEPT
GBPJPY,2021-03-19,2021,1440,ACCEPT
GBPJPY,2021-03-20,2021,354,NOT_TUE_FRI
GBPJPY,2021-03-21,2021,0,NOT_TUE_FRI
GBPJPY,2021-03-22,2021,1020,NOT_TUE_FRI
GBPJPY,2021-03-23,2021,1440,ACCEPT
GBPJPY,2021-03-24,2021,1439,ACCEPT
GBPJPY,2021-03-25,2021,1439,ACCEPT
GBPJPY,2021-03-26,2021,1439,ACCEPT
GBPJPY,2021-03-27,2021,355,NOT_TUE_FRI
GBPJPY,2021-03-28,2021,0,NOT_TUE_FRI
GBPJPY,2021-03-29,2021,1077,NOT_TUE_FRI
GBPJPY,2021-03-30,2021,1440,ACCEPT
GBPJPY,2021-03-31,2021,1440,ACCEPT
GBPJPY,2021-04-01,2021,1439,ACCEPT
GBPJPY,2021-04-02,2021,1440,ACCEPT
GBPJPY,2021-04-03,2021,355,NOT_TUE_FRI
GBPJPY,2021-04-04,2021,0,NOT_TUE_FRI
GBPJPY,2021-04-05,2021,1076,NOT_TUE_FRI
GBPJPY,2021-04-06,2021,1440,ACCEPT
GBPJPY,2021-04-07,2021,1440,ACCEPT
GBPJPY,2021-04-08,2021,1439,ACCEPT
GBPJPY,2021-04-09,2021,1440,ACCEPT
GBPJPY,2021-04-10,2021,355,NOT_TUE_FRI
GBPJPY,2021-04-11,2021,0,NOT_TUE_FRI
GBPJPY,2021-04-12,2021,1075,NOT_TUE_FRI
GBPJPY,2021-04-13,2021,1440,ACCEPT
GBPJPY,2021-04-14,2021,1440,ACCEPT
GBPJPY,2021-04-15,2021,1440,ACCEPT
GBPJPY,2021-04-16,2021,1440,ACCEPT
GBPJPY,2021-04-17,2021,355,NOT_TUE_FRI
GBPJPY,2021-04-18,2021,0,NOT_TUE_FRI
GBPJPY,2021-04-19,2021,1076,NOT_TUE_FRI
GBPJPY,2021-04-20,2021,1440,ACCEPT
GBPJPY,2021-04-21,2021,1440,ACCEPT
GBPJPY,2021-04-22,2021,1439,ACCEPT
GBPJPY,2021-04-23,2021,1440,ACCEPT
GBPJPY,2021-04-24,2021,355,NOT_TUE_FRI
GBPJPY,2021-04-25,2021,0,NOT_TUE_FRI
GBPJPY,2021-04-26,2021,1077,NOT_TUE_FRI
GBPJPY,2021-04-27,2021,1440,ACCEPT
GBPJPY,2021-04-28,2021,1440,ACCEPT
GBPJPY,2021-04-29,2021,1440,ACCEPT
GBPJPY,2021-04-30,2021,1440,ACCEPT
GBPJPY,2021-05-01,2021,355,NOT_TUE_FRI
GBPJPY,2021-05-02,2021,0,NOT_TUE_FRI
GBPJPY,2021-05-03,2021,1077,NOT_TUE_FRI
GBPJPY,2021-05-04,2021,1440,ACCEPT
GBPJPY,2021-05-05,2021,1440,ACCEPT
GBPJPY,2021-05-06,2021,1440,ACCEPT
GBPJPY,2021-05-07,2021,1440,ACCEPT
GBPJPY,2021-05-08,2021,355,NOT_TUE_FRI
GBPJPY,2021-05-09,2021,0,NOT_TUE_FRI
GBPJPY,2021-05-10,2021,1078,NOT_TUE_FRI
GBPJPY,2021-05-11,2021,1440,ACCEPT
GBPJPY,2021-05-12,2021,1440,ACCEPT
GBPJPY,2021-05-13,2021,1440,ACCEPT
GBPJPY,2021-05-14,2021,1440,ACCEPT
GBPJPY,2021-05-15,2021,355,NOT_TUE_FRI
GBPJPY,2021-05-16,2021,0,NOT_TUE_FRI
GBPJPY,2021-05-17,2021,1078,NOT_TUE_FRI
GBPJPY,2021-05-18,2021,1440,ACCEPT
GBPJPY,2021-05-19,2021,1440,ACCEPT
GBPJPY,2021-05-20,2021,1440,ACCEPT
GBPJPY,2021-05-21,2021,1440,ACCEPT
GBPJPY,2021-05-22,2021,355,NOT_TUE_FRI
GBPJPY,2021-05-23,2021,0,NOT_TUE_FRI
GBPJPY,2021-05-24,2021,1078,NOT_TUE_FRI
GBPJPY,2021-05-25,2021,1440,ACCEPT
GBPJPY,2021-05-26,2021,1440,ACCEPT
GBPJPY,2021-05-27,2021,1439,ACCEPT
GBPJPY,2021-05-28,2021,1440,ACCEPT
GBPJPY,2021-05-29,2021,355,NOT_TUE_FRI
GBPJPY,2021-05-30,2021,0,NOT_TUE_FRI
GBPJPY,2021-05-31,2021,1077,NOT_TUE_FRI
GBPJPY,2021-06-01,2021,1440,ACCEPT
GBPJPY,2021-06-02,2021,1440,ACCEPT
GBPJPY,2021-06-03,2021,1439,ACCEPT
GBPJPY,2021-06-04,2021,1440,ACCEPT
GBPJPY,2021-06-05,2021,355,NOT_TUE_FRI
GBPJPY,2021-06-06,2021,0,NOT_TUE_FRI
GBPJPY,2021-06-07,2021,1078,NOT_TUE_FRI
GBPJPY,2021-06-08,2021,1440,ACCEPT
GBPJPY,2021-06-09,2021,1428,GAP
GBPJPY,2021-06-10,2021,1440,ACCEPT
GBPJPY,2021-06-11,2021,1440,ACCEPT
GBPJPY,2021-06-12,2021,355,NOT_TUE_FRI
GBPJPY,2021-06-13,2021,0,NOT_TUE_FRI
GBPJPY,2021-06-14,2021,1077,NOT_TUE_FRI
GBPJPY,2021-06-15,2021,1378,LOW_COUNT
GBPJPY,2021-06-16,2021,1337,LOW_COUNT
GBPJPY,2021-06-17,2021,1440,ACCEPT
GBPJPY,2021-06-18,2021,1284,LOW_COUNT
GBPJPY,2021-06-19,2021,337,NOT_TUE_FRI
GBPJPY,2021-06-20,2021,0,NOT_TUE_FRI
GBPJPY,2021-06-21,2021,1076,NOT_TUE_FRI
GBPJPY,2021-06-22,2021,1439,ACCEPT
GBPJPY,2021-06-23,2021,1439,ACCEPT
GBPJPY,2021-06-24,2021,1440,ACCEPT
GBPJPY,2021-06-25,2021,1439,ACCEPT
GBPJPY,2021-06-26,2021,355,NOT_TUE_FRI
GBPJPY,2021-06-27,2021,0,NOT_TUE_FRI
GBPJPY,2021-06-28,2021,1076,NOT_TUE_FRI
GBPJPY,2021-06-29,2021,1440,ACCEPT
GBPJPY,2021-06-30,2021,1439,ACCEPT
GBPJPY,2021-07-01,2021,1440,ACCEPT
GBPJPY,2021-07-02,2021,1440,ACCEPT
GBPJPY,2021-07-03,2021,355,NOT_TUE_FRI
GBPJPY,2021-07-04,2021,0,NOT_TUE_FRI
GBPJPY,2021-07-05,2021,1076,NOT_TUE_FRI
GBPJPY,2021-07-06,2021,1439,ACCEPT
GBPJPY,2021-07-07,2021,1439,ACCEPT
GBPJPY,2021-07-08,2021,1439,ACCEPT
GBPJPY,2021-07-09,2021,1439,ACCEPT
GBPJPY,2021-07-10,2021,355,NOT_TUE_FRI
GBPJPY,2021-07-11,2021,0,NOT_TUE_FRI
GBPJPY,2021-07-12,2021,1076,NOT_TUE_FRI
GBPJPY,2021-07-13,2021,1440,ACCEPT
GBPJPY,2021-07-14,2021,1439,ACCEPT
GBPJPY,2021-07-15,2021,1440,ACCEPT
GBPJPY,2021-07-16,2021,1439,ACCEPT
GBPJPY,2021-07-17,2021,355,NOT_TUE_FRI
GBPJPY,2021-07-18,2021,0,NOT_TUE_FRI
GBPJPY,2021-07-19,2021,1076,NOT_TUE_FRI
GBPJPY,2021-07-20,2021,1440,ACCEPT
GBPJPY,2021-07-21,2021,1440,ACCEPT
GBPJPY,2021-07-22,2021,1440,ACCEPT
GBPJPY,2021-07-23,2021,1440,ACCEPT
GBPJPY,2021-07-24,2021,356,NOT_TUE_FRI
GBPJPY,2021-07-25,2021,0,NOT_TUE_FRI
GBPJPY,2021-07-26,2021,1078,NOT_TUE_FRI
GBPJPY,2021-07-27,2021,1440,ACCEPT
GBPJPY,2021-07-28,2021,1440,ACCEPT
GBPJPY,2021-07-29,2021,1440,ACCEPT
GBPJPY,2021-07-30,2021,1440,ACCEPT
GBPJPY,2021-07-31,2021,355,NOT_TUE_FRI
GBPJPY,2021-08-01,2021,0,NOT_TUE_FRI
GBPJPY,2021-08-02,2021,1073,NOT_TUE_FRI
GBPJPY,2021-08-03,2021,1440,ACCEPT
GBPJPY,2021-08-04,2021,1440,ACCEPT
GBPJPY,2021-08-05,2021,1440,ACCEPT
GBPJPY,2021-08-06,2021,1440,ACCEPT
GBPJPY,2021-08-07,2021,356,NOT_TUE_FRI
GBPJPY,2021-08-08,2021,0,NOT_TUE_FRI
GBPJPY,2021-08-09,2021,1079,NOT_TUE_FRI
GBPJPY,2021-08-10,2021,1440,ACCEPT
GBPJPY,2021-08-11,2021,1440,ACCEPT
GBPJPY,2021-08-12,2021,1440,ACCEPT
GBPJPY,2021-08-13,2021,1439,ACCEPT
GBPJPY,2021-08-14,2021,355,NOT_TUE_FRI
GBPJPY,2021-08-15,2021,0,NOT_TUE_FRI
GBPJPY,2021-08-16,2021,1078,NOT_TUE_FRI
GBPJPY,2021-08-17,2021,1440,ACCEPT
GBPJPY,2021-08-18,2021,1440,ACCEPT
GBPJPY,2021-08-19,2021,1440,ACCEPT
GBPJPY,2021-08-20,2021,1439,ACCEPT
GBPJPY,2021-08-21,2021,355,NOT_TUE_FRI
GBPJPY,2021-08-22,2021,0,NOT_TUE_FRI
GBPJPY,2021-08-23,2021,1076,NOT_TUE_FRI
GBPJPY,2021-08-24,2021,1440,ACCEPT
GBPJPY,2021-08-25,2021,1440,ACCEPT
GBPJPY,2021-08-26,2021,1440,ACCEPT
GBPJPY,2021-08-27,2021,1440,ACCEPT
GBPJPY,2021-08-28,2021,355,NOT_TUE_FRI
GBPJPY,2021-08-29,2021,0,NOT_TUE_FRI
GBPJPY,2021-08-30,2021,1075,NOT_TUE_FRI
GBPJPY,2021-08-31,2021,1440,ACCEPT
GBPJPY,2021-09-01,2021,1440,ACCEPT
GBPJPY,2021-09-02,2021,1440,ACCEPT
GBPJPY,2021-09-03,2021,1440,ACCEPT
GBPJPY,2021-09-04,2021,355,NOT_TUE_FRI
GBPJPY,2021-09-05,2021,0,NOT_TUE_FRI
GBPJPY,2021-09-06,2021,1077,NOT_TUE_FRI
GBPJPY,2021-09-07,2021,1436,ACCEPT
GBPJPY,2021-09-08,2021,1437,ACCEPT
GBPJPY,2021-09-09,2021,1440,ACCEPT
GBPJPY,2021-09-10,2021,1440,ACCEPT
GBPJPY,2021-09-11,2021,355,NOT_TUE_FRI
GBPJPY,2021-09-12,2021,0,NOT_TUE_FRI
GBPJPY,2021-09-13,2021,1076,NOT_TUE_FRI
GBPJPY,2021-09-14,2021,1439,ACCEPT
GBPJPY,2021-09-15,2021,1440,ACCEPT
GBPJPY,2021-09-16,2021,1440,ACCEPT
GBPJPY,2021-09-17,2021,1440,ACCEPT
GBPJPY,2021-09-18,2021,355,NOT_TUE_FRI
GBPJPY,2021-09-19,2021,0,NOT_TUE_FRI
GBPJPY,2021-09-20,2021,1076,NOT_TUE_FRI
GBPJPY,2021-09-21,2021,1440,ACCEPT
GBPJPY,2021-09-22,2021,1440,ACCEPT
GBPJPY,2021-09-23,2021,1440,ACCEPT
GBPJPY,2021-09-24,2021,1440,ACCEPT
GBPJPY,2021-09-25,2021,356,NOT_TUE_FRI
GBPJPY,2021-09-26,2021,0,NOT_TUE_FRI
GBPJPY,2021-09-27,2021,1079,NOT_TUE_FRI
GBPJPY,2021-09-28,2021,1440,ACCEPT
GBPJPY,2021-09-29,2021,1440,ACCEPT
GBPJPY,2021-09-30,2021,1440,ACCEPT
GBPJPY,2021-10-01,2021,1440,ACCEPT
GBPJPY,2021-10-02,2021,355,NOT_TUE_FRI
GBPJPY,2021-10-03,2021,0,NOT_TUE_FRI
GBPJPY,2021-10-04,2021,1079,NOT_TUE_FRI
GBPJPY,2021-10-05,2021,1439,ACCEPT
GBPJPY,2021-10-06,2021,1440,ACCEPT
GBPJPY,2021-10-07,2021,1440,ACCEPT
GBPJPY,2021-10-08,2021,1440,ACCEPT
GBPJPY,2021-10-09,2021,355,NOT_TUE_FRI
GBPJPY,2021-10-10,2021,0,NOT_TUE_FRI
GBPJPY,2021-10-11,2021,1078,NOT_TUE_FRI
GBPJPY,2021-10-12,2021,1440,ACCEPT
GBPJPY,2021-10-13,2021,1440,ACCEPT
GBPJPY,2021-10-14,2021,1440,ACCEPT
GBPJPY,2021-10-15,2021,1440,ACCEPT
GBPJPY,2021-10-16,2021,355,NOT_TUE_FRI
GBPJPY,2021-10-17,2021,0,NOT_TUE_FRI
GBPJPY,2021-10-18,2021,1077,NOT_TUE_FRI
GBPJPY,2021-10-19,2021,1440,ACCEPT
GBPJPY,2021-10-20,2021,1440,ACCEPT
GBPJPY,2021-10-21,2021,1440,ACCEPT
GBPJPY,2021-10-22,2021,1440,ACCEPT
GBPJPY,2021-10-23,2021,355,NOT_TUE_FRI
GBPJPY,2021-10-24,2021,0,NOT_TUE_FRI
GBPJPY,2021-10-25,2021,1078,NOT_TUE_FRI
GBPJPY,2021-10-26,2021,1440,ACCEPT
GBPJPY,2021-10-27,2021,1440,ACCEPT
GBPJPY,2021-10-28,2021,1439,ACCEPT
GBPJPY,2021-10-29,2021,1440,ACCEPT
GBPJPY,2021-10-30,2021,355,NOT_TUE_FRI
GBPJPY,2021-10-31,2021,0,NOT_TUE_FRI
GBPJPY,2021-11-01,2021,1020,NOT_TUE_FRI
GBPJPY,2021-11-02,2021,1439,ACCEPT
GBPJPY,2021-11-03,2021,1440,ACCEPT
GBPJPY,2021-11-04,2021,1439,ACCEPT
GBPJPY,2021-11-05,2021,1440,ACCEPT
GBPJPY,2021-11-06,2021,355,NOT_TUE_FRI
GBPJPY,2021-11-07,2021,0,NOT_TUE_FRI
GBPJPY,2021-11-08,2021,1018,NOT_TUE_FRI
GBPJPY,2021-11-09,2021,1440,ACCEPT
GBPJPY,2021-11-10,2021,1439,ACCEPT
GBPJPY,2021-11-11,2021,1440,ACCEPT
GBPJPY,2021-11-12,2021,1440,ACCEPT
GBPJPY,2021-11-13,2021,415,NOT_TUE_FRI
GBPJPY,2021-11-14,2021,0,NOT_TUE_FRI
GBPJPY,2021-11-15,2021,1018,NOT_TUE_FRI
GBPJPY,2021-11-16,2021,1440,ACCEPT
GBPJPY,2021-11-17,2021,1440,ACCEPT
GBPJPY,2021-11-18,2021,1440,ACCEPT
GBPJPY,2021-11-19,2021,1439,ACCEPT
GBPJPY,2021-11-20,2021,415,NOT_TUE_FRI
GBPJPY,2021-11-21,2021,0,NOT_TUE_FRI
GBPJPY,2021-11-22,2021,1017,NOT_TUE_FRI
GBPJPY,2021-11-23,2021,1440,ACCEPT
GBPJPY,2021-11-24,2021,1440,ACCEPT
GBPJPY,2021-11-25,2021,1440,ACCEPT
GBPJPY,2021-11-26,2021,1437,ACCEPT
GBPJPY,2021-11-27,2021,415,NOT_TUE_FRI
GBPJPY,2021-11-28,2021,0,NOT_TUE_FRI
GBPJPY,2021-11-29,2021,1018,NOT_TUE_FRI
GBPJPY,2021-11-30,2021,1440,ACCEPT
GBPJPY,2021-12-01,2021,1440,ACCEPT
GBPJPY,2021-12-02,2021,1440,ACCEPT
GBPJPY,2021-12-03,2021,1439,ACCEPT
GBPJPY,2021-12-04,2021,415,NOT_TUE_FRI
GBPJPY,2021-12-05,2021,0,NOT_TUE_FRI
GBPJPY,2021-12-06,2021,1016,NOT_TUE_FRI
GBPJPY,2021-12-07,2021,1440,ACCEPT
GBPJPY,2021-12-08,2021,1440,ACCEPT
GBPJPY,2021-12-09,2021,1440,ACCEPT
GBPJPY,2021-12-10,2021,1440,ACCEPT
GBPJPY,2021-12-11,2021,415,NOT_TUE_FRI
GBPJPY,2021-12-12,2021,0,NOT_TUE_FRI
GBPJPY,2021-12-13,2021,1019,NOT_TUE_FRI
GBPJPY,2021-12-14,2021,1437,ACCEPT
GBPJPY,2021-12-15,2021,1440,ACCEPT
GBPJPY,2021-12-16,2021,1439,ACCEPT
GBPJPY,2021-12-17,2021,1440,ACCEPT
GBPJPY,2021-12-18,2021,415,NOT_TUE_FRI
GBPJPY,2021-12-19,2021,0,NOT_TUE_FRI
GBPJPY,2021-12-20,2021,1018,NOT_TUE_FRI
GBPJPY,2021-12-21,2021,1439,ACCEPT
GBPJPY,2021-12-22,2021,1439,ACCEPT
GBPJPY,2021-12-23,2021,1440,ACCEPT
GBPJPY,2021-12-24,2021,1440,ACCEPT
GBPJPY,2021-12-25,2021,240,NOT_TUE_FRI
GBPJPY,2021-12-26,2021,0,NOT_TUE_FRI
GBPJPY,2021-12-27,2021,1015,NOT_TUE_FRI
GBPJPY,2021-12-28,2021,1438,YEAR_END
GBPJPY,2021-12-29,2021,1436,YEAR_END
GBPJPY,2021-12-30,2021,1439,YEAR_END
GBPJPY,2021-12-31,2021,1440,YEAR_END
GBPJPY,2022-01-01,2022,361,NOT_TUE_FRI
GBPJPY,2022-01-02,2022,0,NOT_TUE_FRI
GBPJPY,2022-01-03,2022,1015,NOT_TUE_FRI
GBPJPY,2022-01-04,2022,1440,ACCEPT
GBPJPY,2022-01-05,2022,1440,ACCEPT
GBPJPY,2022-01-06,2022,1439,ACCEPT
GBPJPY,2022-01-07,2022,1440,ACCEPT
GBPJPY,2022-01-08,2022,415,NOT_TUE_FRI
GBPJPY,2022-01-09,2022,0,NOT_TUE_FRI
GBPJPY,2022-01-10,2022,1017,NOT_TUE_FRI
GBPJPY,2022-01-11,2022,1439,ACCEPT
GBPJPY,2022-01-12,2022,1440,ACCEPT
GBPJPY,2022-01-13,2022,1440,ACCEPT
GBPJPY,2022-01-14,2022,1440,ACCEPT
GBPJPY,2022-01-15,2022,415,NOT_TUE_FRI
GBPJPY,2022-01-16,2022,0,NOT_TUE_FRI
GBPJPY,2022-01-17,2022,1016,NOT_TUE_FRI
GBPJPY,2022-01-18,2022,1440,ACCEPT
GBPJPY,2022-01-19,2022,1440,ACCEPT
GBPJPY,2022-01-20,2022,1440,ACCEPT
GBPJPY,2022-01-21,2022,1433,ACCEPT
GBPJPY,2022-01-22,2022,415,NOT_TUE_FRI
GBPJPY,2022-01-23,2022,0,NOT_TUE_FRI
GBPJPY,2022-01-24,2022,1018,NOT_TUE_FRI
GBPJPY,2022-01-25,2022,1440,ACCEPT
GBPJPY,2022-01-26,2022,1439,ACCEPT
GBPJPY,2022-01-27,2022,1440,ACCEPT
GBPJPY,2022-01-28,2022,1439,ACCEPT
GBPJPY,2022-01-29,2022,415,NOT_TUE_FRI
GBPJPY,2022-01-30,2022,0,NOT_TUE_FRI
GBPJPY,2022-01-31,2022,1018,NOT_TUE_FRI
GBPJPY,2022-02-01,2022,1439,ACCEPT
GBPJPY,2022-02-02,2022,1440,ACCEPT
GBPJPY,2022-02-03,2022,1440,ACCEPT
GBPJPY,2022-02-04,2022,1437,ACCEPT
GBPJPY,2022-02-05,2022,415,NOT_TUE_FRI
GBPJPY,2022-02-06,2022,0,NOT_TUE_FRI
GBPJPY,2022-02-07,2022,1016,NOT_TUE_FRI
GBPJPY,2022-02-08,2022,1440,ACCEPT
GBPJPY,2022-02-09,2022,1440,ACCEPT
GBPJPY,2022-02-10,2022,1440,ACCEPT
GBPJPY,2022-02-11,2022,1439,ACCEPT
GBPJPY,2022-02-12,2022,415,NOT_TUE_FRI
GBPJPY,2022-02-13,2022,0,NOT_TUE_FRI
GBPJPY,2022-02-14,2022,1018,NOT_TUE_FRI
GBPJPY,2022-02-15,2022,1440,ACCEPT
GBPJPY,2022-02-16,2022,1440,ACCEPT
GBPJPY,2022-02-17,2022,1439,ACCEPT
GBPJPY,2022-02-18,2022,1440,ACCEPT
GBPJPY,2022-02-19,2022,415,NOT_TUE_FRI
GBPJPY,2022-02-20,2022,0,NOT_TUE_FRI
GBPJPY,2022-02-21,2022,1018,NOT_TUE_FRI
GBPJPY,2022-02-22,2022,1440,ACCEPT
GBPJPY,2022-02-23,2022,1439,ACCEPT
GBPJPY,2022-02-24,2022,1440,ACCEPT
GBPJPY,2022-02-25,2022,1439,ACCEPT
GBPJPY,2022-02-26,2022,415,NOT_TUE_FRI
GBPJPY,2022-02-27,2022,0,NOT_TUE_FRI
GBPJPY,2022-02-28,2022,1018,NOT_TUE_FRI
GBPJPY,2022-03-01,2022,1439,ACCEPT
GBPJPY,2022-03-02,2022,1440,ACCEPT
GBPJPY,2022-03-03,2022,1440,ACCEPT
GBPJPY,2022-03-04,2022,1440,ACCEPT
GBPJPY,2022-03-05,2022,415,NOT_TUE_FRI
GBPJPY,2022-03-06,2022,0,NOT_TUE_FRI
GBPJPY,2022-03-07,2022,1018,NOT_TUE_FRI
GBPJPY,2022-03-08,2022,1439,ACCEPT
GBPJPY,2022-03-09,2022,1439,ACCEPT
GBPJPY,2022-03-10,2022,1440,ACCEPT
GBPJPY,2022-03-11,2022,1440,ACCEPT
GBPJPY,2022-03-12,2022,415,NOT_TUE_FRI
GBPJPY,2022-03-13,2022,0,NOT_TUE_FRI
GBPJPY,2022-03-14,2022,1020,NOT_TUE_FRI
GBPJPY,2022-03-15,2022,1440,ACCEPT
GBPJPY,2022-03-16,2022,1439,ACCEPT
GBPJPY,2022-03-17,2022,1427,GAP
GBPJPY,2022-03-18,2022,1440,ACCEPT
GBPJPY,2022-03-19,2022,355,NOT_TUE_FRI
GBPJPY,2022-03-20,2022,0,NOT_TUE_FRI
GBPJPY,2022-03-21,2022,1014,NOT_TUE_FRI
GBPJPY,2022-03-22,2022,1440,ACCEPT
GBPJPY,2022-03-23,2022,1440,ACCEPT
GBPJPY,2022-03-24,2022,1440,ACCEPT
GBPJPY,2022-03-25,2022,1440,ACCEPT
GBPJPY,2022-03-26,2022,356,NOT_TUE_FRI
GBPJPY,2022-03-27,2022,0,NOT_TUE_FRI
GBPJPY,2022-03-28,2022,1076,NOT_TUE_FRI
GBPJPY,2022-03-29,2022,1439,ACCEPT
GBPJPY,2022-03-30,2022,1437,ACCEPT
GBPJPY,2022-03-31,2022,1439,ACCEPT
GBPJPY,2022-04-01,2022,1439,ACCEPT
GBPJPY,2022-04-02,2022,355,NOT_TUE_FRI
GBPJPY,2022-04-03,2022,0,NOT_TUE_FRI
GBPJPY,2022-04-04,2022,1078,NOT_TUE_FRI
GBPJPY,2022-04-05,2022,1440,ACCEPT
GBPJPY,2022-04-06,2022,1439,ACCEPT
GBPJPY,2022-04-07,2022,1440,ACCEPT
GBPJPY,2022-04-08,2022,1440,ACCEPT
GBPJPY,2022-04-09,2022,356,NOT_TUE_FRI
GBPJPY,2022-04-10,2022,0,NOT_TUE_FRI
GBPJPY,2022-04-11,2022,1078,NOT_TUE_FRI
GBPJPY,2022-04-12,2022,1439,ACCEPT
GBPJPY,2022-04-13,2022,1440,ACCEPT
GBPJPY,2022-04-14,2022,1438,ACCEPT
GBPJPY,2022-04-15,2022,1440,ACCEPT
GBPJPY,2022-04-16,2022,353,NOT_TUE_FRI
GBPJPY,2022-04-17,2022,0,NOT_TUE_FRI
GBPJPY,2022-04-18,2022,1077,NOT_TUE_FRI
GBPJPY,2022-04-19,2022,1439,ACCEPT
GBPJPY,2022-04-20,2022,1440,ACCEPT
GBPJPY,2022-04-21,2022,1439,ACCEPT
GBPJPY,2022-04-22,2022,1439,ACCEPT
GBPJPY,2022-04-23,2022,356,NOT_TUE_FRI
GBPJPY,2022-04-24,2022,0,NOT_TUE_FRI
GBPJPY,2022-04-25,2022,1075,NOT_TUE_FRI
GBPJPY,2022-04-26,2022,1439,ACCEPT
GBPJPY,2022-04-27,2022,1439,ACCEPT
GBPJPY,2022-04-28,2022,1439,ACCEPT
GBPJPY,2022-04-29,2022,1439,ACCEPT
GBPJPY,2022-04-30,2022,355,NOT_TUE_FRI
GBPJPY,2022-05-01,2022,0,NOT_TUE_FRI
GBPJPY,2022-05-02,2022,1077,NOT_TUE_FRI
GBPJPY,2022-05-03,2022,1439,ACCEPT
GBPJPY,2022-05-04,2022,1439,ACCEPT
GBPJPY,2022-05-05,2022,1438,ACCEPT
GBPJPY,2022-05-06,2022,1439,ACCEPT
GBPJPY,2022-05-07,2022,356,NOT_TUE_FRI
GBPJPY,2022-05-08,2022,0,NOT_TUE_FRI
GBPJPY,2022-05-09,2022,1078,NOT_TUE_FRI
GBPJPY,2022-05-10,2022,1440,ACCEPT
GBPJPY,2022-05-11,2022,1439,ACCEPT
GBPJPY,2022-05-12,2022,1439,ACCEPT
GBPJPY,2022-05-13,2022,1440,ACCEPT
GBPJPY,2022-05-14,2022,355,NOT_TUE_FRI
GBPJPY,2022-05-15,2022,0,NOT_TUE_FRI
GBPJPY,2022-05-16,2022,1078,NOT_TUE_FRI
GBPJPY,2022-05-17,2022,1439,ACCEPT
GBPJPY,2022-05-18,2022,1439,ACCEPT
GBPJPY,2022-05-19,2022,1439,ACCEPT
GBPJPY,2022-05-20,2022,1439,ACCEPT
GBPJPY,2022-05-21,2022,355,NOT_TUE_FRI
GBPJPY,2022-05-22,2022,0,NOT_TUE_FRI
GBPJPY,2022-05-23,2022,1075,NOT_TUE_FRI
GBPJPY,2022-05-24,2022,1439,ACCEPT
GBPJPY,2022-05-25,2022,1439,ACCEPT
GBPJPY,2022-05-26,2022,1439,ACCEPT
GBPJPY,2022-05-27,2022,1439,ACCEPT
GBPJPY,2022-05-28,2022,355,NOT_TUE_FRI
GBPJPY,2022-05-29,2022,0,NOT_TUE_FRI
GBPJPY,2022-05-30,2022,1076,NOT_TUE_FRI
GBPJPY,2022-05-31,2022,1439,ACCEPT
GBPJPY,2022-06-01,2022,1439,ACCEPT
GBPJPY,2022-06-02,2022,1440,ACCEPT
GBPJPY,2022-06-03,2022,1440,ACCEPT
GBPJPY,2022-06-04,2022,355,NOT_TUE_FRI
GBPJPY,2022-06-05,2022,0,NOT_TUE_FRI
GBPJPY,2022-06-06,2022,1078,NOT_TUE_FRI
GBPJPY,2022-06-07,2022,1440,ACCEPT
GBPJPY,2022-06-08,2022,1439,ACCEPT
GBPJPY,2022-06-09,2022,1439,ACCEPT
GBPJPY,2022-06-10,2022,1440,ACCEPT
GBPJPY,2022-06-11,2022,355,NOT_TUE_FRI
GBPJPY,2022-06-12,2022,0,NOT_TUE_FRI
GBPJPY,2022-06-13,2022,1078,NOT_TUE_FRI
GBPJPY,2022-06-14,2022,1440,ACCEPT
GBPJPY,2022-06-15,2022,1440,ACCEPT
GBPJPY,2022-06-16,2022,1439,ACCEPT
GBPJPY,2022-06-17,2022,1439,ACCEPT
GBPJPY,2022-06-18,2022,355,NOT_TUE_FRI
GBPJPY,2022-06-19,2022,0,NOT_TUE_FRI
GBPJPY,2022-06-20,2022,1077,NOT_TUE_FRI
GBPJPY,2022-06-21,2022,1439,ACCEPT
GBPJPY,2022-06-22,2022,1439,ACCEPT
GBPJPY,2022-06-23,2022,1439,ACCEPT
GBPJPY,2022-06-24,2022,1439,ACCEPT
GBPJPY,2022-06-25,2022,355,NOT_TUE_FRI
GBPJPY,2022-06-26,2022,0,NOT_TUE_FRI
GBPJPY,2022-06-27,2022,1064,NOT_TUE_FRI
GBPJPY,2022-06-28,2022,1440,ACCEPT
GBPJPY,2022-06-29,2022,1440,ACCEPT
GBPJPY,2022-06-30,2022,1440,ACCEPT
GBPJPY,2022-07-01,2022,1440,ACCEPT
GBPJPY,2022-07-02,2022,355,NOT_TUE_FRI
GBPJPY,2022-07-03,2022,0,NOT_TUE_FRI
GBPJPY,2022-07-04,2022,1077,NOT_TUE_FRI
GBPJPY,2022-07-05,2022,1438,ACCEPT
GBPJPY,2022-07-06,2022,1437,ACCEPT
GBPJPY,2022-07-07,2022,1439,ACCEPT
GBPJPY,2022-07-08,2022,1440,ACCEPT
GBPJPY,2022-07-09,2022,355,NOT_TUE_FRI
GBPJPY,2022-07-10,2022,0,NOT_TUE_FRI
GBPJPY,2022-07-11,2022,1078,NOT_TUE_FRI
GBPJPY,2022-07-12,2022,1440,ACCEPT
GBPJPY,2022-07-13,2022,1440,ACCEPT
GBPJPY,2022-07-14,2022,1439,ACCEPT
GBPJPY,2022-07-15,2022,1439,ACCEPT
GBPJPY,2022-07-16,2022,355,NOT_TUE_FRI
GBPJPY,2022-07-17,2022,0,NOT_TUE_FRI
GBPJPY,2022-07-18,2022,1076,NOT_TUE_FRI
GBPJPY,2022-07-19,2022,1440,ACCEPT
GBPJPY,2022-07-20,2022,1437,ACCEPT
GBPJPY,2022-07-21,2022,1430,ACCEPT
GBPJPY,2022-07-22,2022,1438,ACCEPT
GBPJPY,2022-07-23,2022,355,NOT_TUE_FRI
GBPJPY,2022-07-24,2022,0,NOT_TUE_FRI
GBPJPY,2022-07-25,2022,1075,NOT_TUE_FRI
GBPJPY,2022-07-26,2022,1437,ACCEPT
GBPJPY,2022-07-27,2022,1439,ACCEPT
GBPJPY,2022-07-28,2022,1433,ACCEPT
GBPJPY,2022-07-29,2022,1438,ACCEPT
GBPJPY,2022-07-30,2022,355,NOT_TUE_FRI
GBPJPY,2022-07-31,2022,0,NOT_TUE_FRI
GBPJPY,2022-08-01,2022,1068,NOT_TUE_FRI
GBPJPY,2022-08-02,2022,1438,ACCEPT
GBPJPY,2022-08-03,2022,1439,ACCEPT
GBPJPY,2022-08-04,2022,1435,ACCEPT
GBPJPY,2022-08-05,2022,1438,ACCEPT
GBPJPY,2022-08-06,2022,355,NOT_TUE_FRI
GBPJPY,2022-08-07,2022,0,NOT_TUE_FRI
GBPJPY,2022-08-08,2022,1076,NOT_TUE_FRI
GBPJPY,2022-08-09,2022,1439,ACCEPT
GBPJPY,2022-08-10,2022,1438,ACCEPT
GBPJPY,2022-08-11,2022,1437,ACCEPT
GBPJPY,2022-08-12,2022,1433,ACCEPT
GBPJPY,2022-08-13,2022,355,NOT_TUE_FRI
GBPJPY,2022-08-14,2022,0,NOT_TUE_FRI
GBPJPY,2022-08-15,2022,1066,NOT_TUE_FRI
GBPJPY,2022-08-16,2022,1439,ACCEPT
GBPJPY,2022-08-17,2022,1440,ACCEPT
GBPJPY,2022-08-18,2022,1439,ACCEPT
GBPJPY,2022-08-19,2022,1440,ACCEPT
GBPJPY,2022-08-20,2022,355,NOT_TUE_FRI
GBPJPY,2022-08-21,2022,0,NOT_TUE_FRI
GBPJPY,2022-08-22,2022,1067,NOT_TUE_FRI
GBPJPY,2022-08-23,2022,1439,ACCEPT
GBPJPY,2022-08-24,2022,1438,ACCEPT
GBPJPY,2022-08-25,2022,1439,ACCEPT
GBPJPY,2022-08-26,2022,1440,ACCEPT
GBPJPY,2022-08-27,2022,355,NOT_TUE_FRI
GBPJPY,2022-08-28,2022,0,NOT_TUE_FRI
GBPJPY,2022-08-29,2022,1065,NOT_TUE_FRI
GBPJPY,2022-08-30,2022,1440,ACCEPT
GBPJPY,2022-08-31,2022,1432,ACCEPT
GBPJPY,2022-09-01,2022,1439,ACCEPT
GBPJPY,2022-09-02,2022,1436,ACCEPT
GBPJPY,2022-09-03,2022,356,NOT_TUE_FRI
GBPJPY,2022-09-04,2022,0,NOT_TUE_FRI
GBPJPY,2022-09-05,2022,1079,NOT_TUE_FRI
GBPJPY,2022-09-06,2022,1438,ACCEPT
GBPJPY,2022-09-07,2022,1440,ACCEPT
GBPJPY,2022-09-08,2022,1438,ACCEPT
GBPJPY,2022-09-09,2022,1437,ACCEPT
GBPJPY,2022-09-10,2022,356,NOT_TUE_FRI
GBPJPY,2022-09-11,2022,0,NOT_TUE_FRI
GBPJPY,2022-09-12,2022,1075,NOT_TUE_FRI
GBPJPY,2022-09-13,2022,1439,ACCEPT
GBPJPY,2022-09-14,2022,1438,ACCEPT
GBPJPY,2022-09-15,2022,1429,ACCEPT
GBPJPY,2022-09-16,2022,1430,ACCEPT
GBPJPY,2022-09-17,2022,355,NOT_TUE_FRI
GBPJPY,2022-09-18,2022,0,NOT_TUE_FRI
GBPJPY,2022-09-19,2022,1063,NOT_TUE_FRI
GBPJPY,2022-09-20,2022,1439,ACCEPT
GBPJPY,2022-09-21,2022,1440,ACCEPT
GBPJPY,2022-09-22,2022,1438,ACCEPT
GBPJPY,2022-09-23,2022,1440,ACCEPT
GBPJPY,2022-09-24,2022,355,NOT_TUE_FRI
GBPJPY,2022-09-25,2022,0,NOT_TUE_FRI
GBPJPY,2022-09-26,2022,1078,NOT_TUE_FRI
GBPJPY,2022-09-27,2022,1440,ACCEPT
GBPJPY,2022-09-28,2022,1440,ACCEPT
GBPJPY,2022-09-29,2022,1440,ACCEPT
GBPJPY,2022-09-30,2022,1439,ACCEPT
GBPJPY,2022-10-01,2022,355,NOT_TUE_FRI
GBPJPY,2022-10-02,2022,0,NOT_TUE_FRI
GBPJPY,2022-10-03,2022,1076,NOT_TUE_FRI
GBPJPY,2022-10-04,2022,1440,ACCEPT
GBPJPY,2022-10-05,2022,1439,ACCEPT
GBPJPY,2022-10-06,2022,1439,ACCEPT
GBPJPY,2022-10-07,2022,1440,ACCEPT
GBPJPY,2022-10-08,2022,355,NOT_TUE_FRI
GBPJPY,2022-10-09,2022,0,NOT_TUE_FRI
GBPJPY,2022-10-10,2022,1076,NOT_TUE_FRI
GBPJPY,2022-10-11,2022,1439,ACCEPT
GBPJPY,2022-10-12,2022,1440,ACCEPT
GBPJPY,2022-10-13,2022,1440,ACCEPT
GBPJPY,2022-10-14,2022,1437,ACCEPT
GBPJPY,2022-10-15,2022,355,NOT_TUE_FRI
GBPJPY,2022-10-16,2022,0,NOT_TUE_FRI
GBPJPY,2022-10-17,2022,1079,NOT_TUE_FRI
GBPJPY,2022-10-18,2022,1439,ACCEPT
GBPJPY,2022-10-19,2022,1440,ACCEPT
GBPJPY,2022-10-20,2022,1440,ACCEPT
GBPJPY,2022-10-21,2022,1438,ACCEPT
GBPJPY,2022-10-22,2022,355,NOT_TUE_FRI
GBPJPY,2022-10-23,2022,0,NOT_TUE_FRI
GBPJPY,2022-10-24,2022,1078,NOT_TUE_FRI
GBPJPY,2022-10-25,2022,1439,ACCEPT
GBPJPY,2022-10-26,2022,1438,ACCEPT
GBPJPY,2022-10-27,2022,1439,ACCEPT
GBPJPY,2022-10-28,2022,1437,ACCEPT
GBPJPY,2022-10-29,2022,355,NOT_TUE_FRI
GBPJPY,2022-10-30,2022,0,NOT_TUE_FRI
GBPJPY,2022-10-31,2022,1020,NOT_TUE_FRI
GBPJPY,2022-11-01,2022,1436,ACCEPT
GBPJPY,2022-11-02,2022,1440,ACCEPT
GBPJPY,2022-11-03,2022,1439,ACCEPT
GBPJPY,2022-11-04,2022,1439,ACCEPT
GBPJPY,2022-11-05,2022,355,NOT_TUE_FRI
GBPJPY,2022-11-06,2022,0,NOT_TUE_FRI
GBPJPY,2022-11-07,2022,1018,NOT_TUE_FRI
GBPJPY,2022-11-08,2022,1439,ACCEPT
GBPJPY,2022-11-09,2022,1439,ACCEPT
GBPJPY,2022-11-10,2022,1438,ACCEPT
GBPJPY,2022-11-11,2022,1439,ACCEPT
GBPJPY,2022-11-12,2022,415,NOT_TUE_FRI
GBPJPY,2022-11-13,2022,0,NOT_TUE_FRI
GBPJPY,2022-11-14,2022,1019,NOT_TUE_FRI
GBPJPY,2022-11-15,2022,1440,ACCEPT
GBPJPY,2022-11-16,2022,1439,ACCEPT
GBPJPY,2022-11-17,2022,1439,ACCEPT
GBPJPY,2022-11-18,2022,1440,ACCEPT
GBPJPY,2022-11-19,2022,415,NOT_TUE_FRI
GBPJPY,2022-11-20,2022,0,NOT_TUE_FRI
GBPJPY,2022-11-21,2022,1017,NOT_TUE_FRI
GBPJPY,2022-11-22,2022,1440,ACCEPT
GBPJPY,2022-11-23,2022,1440,ACCEPT
GBPJPY,2022-11-24,2022,1440,ACCEPT
GBPJPY,2022-11-25,2022,1438,ACCEPT
GBPJPY,2022-11-26,2022,415,NOT_TUE_FRI
GBPJPY,2022-11-27,2022,0,NOT_TUE_FRI
GBPJPY,2022-11-28,2022,1018,NOT_TUE_FRI
GBPJPY,2022-11-29,2022,1439,ACCEPT
GBPJPY,2022-11-30,2022,1439,ACCEPT
GBPJPY,2022-12-01,2022,1439,ACCEPT
GBPJPY,2022-12-02,2022,1439,ACCEPT
GBPJPY,2022-12-03,2022,415,NOT_TUE_FRI
GBPJPY,2022-12-04,2022,0,NOT_TUE_FRI
GBPJPY,2022-12-05,2022,1016,NOT_TUE_FRI
GBPJPY,2022-12-06,2022,1438,ACCEPT
GBPJPY,2022-12-07,2022,1438,ACCEPT
GBPJPY,2022-12-08,2022,1440,ACCEPT
GBPJPY,2022-12-09,2022,1438,ACCEPT
GBPJPY,2022-12-10,2022,415,NOT_TUE_FRI
GBPJPY,2022-12-11,2022,0,NOT_TUE_FRI
GBPJPY,2022-12-12,2022,1015,NOT_TUE_FRI
GBPJPY,2022-12-13,2022,1439,ACCEPT
GBPJPY,2022-12-14,2022,1439,ACCEPT
GBPJPY,2022-12-15,2022,1440,ACCEPT
GBPJPY,2022-12-16,2022,1439,ACCEPT
GBPJPY,2022-12-17,2022,415,NOT_TUE_FRI
GBPJPY,2022-12-18,2022,0,NOT_TUE_FRI
GBPJPY,2022-12-19,2022,1018,NOT_TUE_FRI
GBPJPY,2022-12-20,2022,1440,ACCEPT
GBPJPY,2022-12-21,2022,1439,ACCEPT
GBPJPY,2022-12-22,2022,1438,ACCEPT
GBPJPY,2022-12-23,2022,1438,ACCEPT
GBPJPY,2022-12-24,2022,416,NOT_TUE_FRI
GBPJPY,2022-12-25,2022,0,NOT_TUE_FRI
GBPJPY,2022-12-26,2022,433,NOT_TUE_FRI
GBPJPY,2022-12-27,2022,1319,YEAR_END
GBPJPY,2022-12-28,2022,1439,YEAR_END
GBPJPY,2022-12-29,2022,1438,YEAR_END
GBPJPY,2022-12-30,2022,1437,YEAR_END
GBPJPY,2022-12-31,2022,416,NOT_TUE_FRI
GBPJPY,2023-01-01,2023,0,NOT_TUE_FRI
GBPJPY,2023-01-02,2023,541,NOT_TUE_FRI
GBPJPY,2023-01-03,2023,1432,YEAR_END
GBPJPY,2023-01-04,2023,1440,ACCEPT
GBPJPY,2023-01-05,2023,1439,ACCEPT
GBPJPY,2023-01-06,2023,1435,ACCEPT
GBPJPY,2023-01-07,2023,415,NOT_TUE_FRI
GBPJPY,2023-01-08,2023,0,NOT_TUE_FRI
GBPJPY,2023-01-09,2023,1017,NOT_TUE_FRI
GBPJPY,2023-01-10,2023,1439,ACCEPT
GBPJPY,2023-01-11,2023,1439,ACCEPT
GBPJPY,2023-01-12,2023,1440,ACCEPT
GBPJPY,2023-01-13,2023,1437,ACCEPT
GBPJPY,2023-01-14,2023,416,NOT_TUE_FRI
GBPJPY,2023-01-15,2023,0,NOT_TUE_FRI
GBPJPY,2023-01-16,2023,1018,NOT_TUE_FRI
GBPJPY,2023-01-17,2023,1439,ACCEPT
GBPJPY,2023-01-18,2023,1440,ACCEPT
GBPJPY,2023-01-19,2023,1440,ACCEPT
GBPJPY,2023-01-20,2023,1440,ACCEPT
GBPJPY,2023-01-21,2023,415,NOT_TUE_FRI
GBPJPY,2023-01-22,2023,0,NOT_TUE_FRI
GBPJPY,2023-01-23,2023,1018,NOT_TUE_FRI
GBPJPY,2023-01-24,2023,1439,ACCEPT
GBPJPY,2023-01-25,2023,1440,ACCEPT
GBPJPY,2023-01-26,2023,1440,ACCEPT
GBPJPY,2023-01-27,2023,1438,ACCEPT
GBPJPY,2023-01-28,2023,415,NOT_TUE_FRI
GBPJPY,2023-01-29,2023,0,NOT_TUE_FRI
GBPJPY,2023-01-30,2023,1018,NOT_TUE_FRI
GBPJPY,2023-01-31,2023,1439,ACCEPT
GBPJPY,2023-02-01,2023,1440,ACCEPT
GBPJPY,2023-02-02,2023,1440,ACCEPT
GBPJPY,2023-02-03,2023,1440,ACCEPT
GBPJPY,2023-02-04,2023,415,NOT_TUE_FRI
GBPJPY,2023-02-05,2023,0,NOT_TUE_FRI
GBPJPY,2023-02-06,2023,1018,NOT_TUE_FRI
GBPJPY,2023-02-07,2023,1440,ACCEPT
GBPJPY,2023-02-08,2023,1440,ACCEPT
GBPJPY,2023-02-09,2023,1439,ACCEPT
GBPJPY,2023-02-10,2023,1440,ACCEPT
GBPJPY,2023-02-11,2023,415,NOT_TUE_FRI
GBPJPY,2023-02-12,2023,0,NOT_TUE_FRI
GBPJPY,2023-02-13,2023,1017,NOT_TUE_FRI
GBPJPY,2023-02-14,2023,1439,ACCEPT
GBPJPY,2023-02-15,2023,1440,ACCEPT
GBPJPY,2023-02-16,2023,1440,ACCEPT
GBPJPY,2023-02-17,2023,1440,ACCEPT
GBPJPY,2023-02-18,2023,415,NOT_TUE_FRI
GBPJPY,2023-02-19,2023,0,NOT_TUE_FRI
GBPJPY,2023-02-20,2023,1019,NOT_TUE_FRI
GBPJPY,2023-02-21,2023,1439,ACCEPT
GBPJPY,2023-02-22,2023,1440,ACCEPT
GBPJPY,2023-02-23,2023,1439,ACCEPT
GBPJPY,2023-02-24,2023,1438,ACCEPT
GBPJPY,2023-02-25,2023,415,NOT_TUE_FRI
GBPJPY,2023-02-26,2023,0,NOT_TUE_FRI
GBPJPY,2023-02-27,2023,1011,NOT_TUE_FRI
GBPJPY,2023-02-28,2023,1434,ACCEPT
GBPJPY,2023-03-01,2023,1433,ACCEPT
GBPJPY,2023-03-02,2023,1431,ACCEPT
GBPJPY,2023-03-03,2023,1434,ACCEPT
GBPJPY,2023-03-04,2023,415,NOT_TUE_FRI
GBPJPY,2023-03-05,2023,0,NOT_TUE_FRI
GBPJPY,2023-03-06,2023,1018,NOT_TUE_FRI
GBPJPY,2023-03-07,2023,1434,ACCEPT
GBPJPY,2023-03-08,2023,1434,ACCEPT
GBPJPY,2023-03-09,2023,1434,ACCEPT
GBPJPY,2023-03-10,2023,1434,ACCEPT
GBPJPY,2023-03-11,2023,415,NOT_TUE_FRI
GBPJPY,2023-03-12,2023,0,NOT_TUE_FRI
GBPJPY,2023-03-13,2023,1020,NOT_TUE_FRI
GBPJPY,2023-03-14,2023,1434,ACCEPT
GBPJPY,2023-03-15,2023,1434,ACCEPT
GBPJPY,2023-03-16,2023,1434,ACCEPT
GBPJPY,2023-03-17,2023,1433,ACCEPT
GBPJPY,2023-03-18,2023,355,NOT_TUE_FRI
GBPJPY,2023-03-19,2023,0,NOT_TUE_FRI
GBPJPY,2023-03-20,2023,1020,NOT_TUE_FRI
GBPJPY,2023-03-21,2023,1432,ACCEPT
GBPJPY,2023-03-22,2023,1432,ACCEPT
GBPJPY,2023-03-23,2023,1433,ACCEPT
GBPJPY,2023-03-24,2023,1434,ACCEPT
GBPJPY,2023-03-25,2023,354,NOT_TUE_FRI
GBPJPY,2023-03-26,2023,0,NOT_TUE_FRI
GBPJPY,2023-03-27,2023,1078,NOT_TUE_FRI
GBPJPY,2023-03-28,2023,1431,ACCEPT
GBPJPY,2023-03-29,2023,1434,ACCEPT
GBPJPY,2023-03-30,2023,1434,ACCEPT
GBPJPY,2023-03-31,2023,1434,ACCEPT
GBPJPY,2023-04-01,2023,355,NOT_TUE_FRI
GBPJPY,2023-04-02,2023,0,NOT_TUE_FRI
GBPJPY,2023-04-03,2023,1077,NOT_TUE_FRI
GBPJPY,2023-04-04,2023,1434,ACCEPT
GBPJPY,2023-04-05,2023,1433,ACCEPT
GBPJPY,2023-04-06,2023,1434,ACCEPT
GBPJPY,2023-04-07,2023,1429,ACCEPT
GBPJPY,2023-04-08,2023,355,NOT_TUE_FRI
GBPJPY,2023-04-09,2023,0,NOT_TUE_FRI
GBPJPY,2023-04-10,2023,1070,NOT_TUE_FRI
GBPJPY,2023-04-11,2023,1433,ACCEPT
GBPJPY,2023-04-12,2023,1429,ACCEPT
GBPJPY,2023-04-13,2023,1434,ACCEPT
GBPJPY,2023-04-14,2023,1434,ACCEPT
GBPJPY,2023-04-15,2023,355,NOT_TUE_FRI
GBPJPY,2023-04-16,2023,0,NOT_TUE_FRI
GBPJPY,2023-04-17,2023,1074,NOT_TUE_FRI
GBPJPY,2023-04-18,2023,1433,ACCEPT
GBPJPY,2023-04-19,2023,1432,ACCEPT
GBPJPY,2023-04-20,2023,1433,ACCEPT
GBPJPY,2023-04-21,2023,1434,ACCEPT
GBPJPY,2023-04-22,2023,355,NOT_TUE_FRI
GBPJPY,2023-04-23,2023,0,NOT_TUE_FRI
GBPJPY,2023-04-24,2023,1078,NOT_TUE_FRI
GBPJPY,2023-04-25,2023,1434,ACCEPT
GBPJPY,2023-04-26,2023,1434,ACCEPT
GBPJPY,2023-04-27,2023,1434,ACCEPT
GBPJPY,2023-04-28,2023,1434,ACCEPT
GBPJPY,2023-04-29,2023,355,NOT_TUE_FRI
GBPJPY,2023-04-30,2023,0,NOT_TUE_FRI
GBPJPY,2023-05-01,2023,1073,NOT_TUE_FRI
GBPJPY,2023-05-02,2023,1434,ACCEPT
GBPJPY,2023-05-03,2023,1433,ACCEPT
GBPJPY,2023-05-04,2023,1434,ACCEPT
GBPJPY,2023-05-05,2023,1434,ACCEPT
GBPJPY,2023-05-06,2023,355,NOT_TUE_FRI
GBPJPY,2023-05-07,2023,0,NOT_TUE_FRI
GBPJPY,2023-05-08,2023,1076,NOT_TUE_FRI
GBPJPY,2023-05-09,2023,1434,ACCEPT
GBPJPY,2023-05-10,2023,1434,ACCEPT
GBPJPY,2023-05-11,2023,1433,ACCEPT
GBPJPY,2023-05-12,2023,1433,ACCEPT
GBPJPY,2023-05-13,2023,355,NOT_TUE_FRI
GBPJPY,2023-05-14,2023,0,NOT_TUE_FRI
GBPJPY,2023-05-15,2023,1077,NOT_TUE_FRI
GBPJPY,2023-05-16,2023,1434,ACCEPT
GBPJPY,2023-05-17,2023,1434,ACCEPT
GBPJPY,2023-05-18,2023,1433,ACCEPT
GBPJPY,2023-05-19,2023,1434,ACCEPT
GBPJPY,2023-05-20,2023,355,NOT_TUE_FRI
GBPJPY,2023-05-21,2023,0,NOT_TUE_FRI
GBPJPY,2023-05-22,2023,1075,NOT_TUE_FRI
GBPJPY,2023-05-23,2023,1434,ACCEPT
GBPJPY,2023-05-24,2023,1431,ACCEPT
GBPJPY,2023-05-25,2023,1434,ACCEPT
GBPJPY,2023-05-26,2023,1434,ACCEPT
GBPJPY,2023-05-27,2023,355,NOT_TUE_FRI
GBPJPY,2023-05-28,2023,0,NOT_TUE_FRI
GBPJPY,2023-05-29,2023,1076,NOT_TUE_FRI
GBPJPY,2023-05-30,2023,1432,ACCEPT
GBPJPY,2023-05-31,2023,1431,ACCEPT
GBPJPY,2023-06-01,2023,1433,ACCEPT
GBPJPY,2023-06-02,2023,1433,ACCEPT
GBPJPY,2023-06-03,2023,355,NOT_TUE_FRI
GBPJPY,2023-06-04,2023,0,NOT_TUE_FRI
GBPJPY,2023-06-05,2023,1076,NOT_TUE_FRI
GBPJPY,2023-06-06,2023,1434,ACCEPT
GBPJPY,2023-06-07,2023,1434,ACCEPT
GBPJPY,2023-06-08,2023,1426,ACCEPT
GBPJPY,2023-06-09,2023,1427,ACCEPT
GBPJPY,2023-06-10,2023,354,NOT_TUE_FRI
GBPJPY,2023-06-11,2023,0,NOT_TUE_FRI
GBPJPY,2023-06-12,2023,1068,NOT_TUE_FRI
GBPJPY,2023-06-13,2023,1434,ACCEPT
GBPJPY,2023-06-14,2023,1433,ACCEPT
GBPJPY,2023-06-15,2023,1434,ACCEPT
GBPJPY,2023-06-16,2023,1432,ACCEPT
GBPJPY,2023-06-17,2023,355,NOT_TUE_FRI
GBPJPY,2023-06-18,2023,0,NOT_TUE_FRI
GBPJPY,2023-06-19,2023,1078,NOT_TUE_FRI
GBPJPY,2023-06-20,2023,1434,ACCEPT
GBPJPY,2023-06-21,2023,1440,ACCEPT
GBPJPY,2023-06-22,2023,1439,ACCEPT
GBPJPY,2023-06-23,2023,1440,ACCEPT
GBPJPY,2023-06-24,2023,360,NOT_TUE_FRI
GBPJPY,2023-06-25,2023,0,NOT_TUE_FRI
GBPJPY,2023-06-26,2023,1079,NOT_TUE_FRI
GBPJPY,2023-06-27,2023,1440,ACCEPT
GBPJPY,2023-06-28,2023,1410,GAP
GBPJPY,2023-06-29,2023,1440,ACCEPT
GBPJPY,2023-06-30,2023,1439,ACCEPT
GBPJPY,2023-07-01,2023,360,NOT_TUE_FRI
GBPJPY,2023-07-02,2023,0,NOT_TUE_FRI
GBPJPY,2023-07-03,2023,1074,NOT_TUE_FRI
GBPJPY,2023-07-04,2023,1440,ACCEPT
GBPJPY,2023-07-05,2023,1439,ACCEPT
GBPJPY,2023-07-06,2023,1440,ACCEPT
GBPJPY,2023-07-07,2023,1440,ACCEPT
GBPJPY,2023-07-08,2023,359,NOT_TUE_FRI
GBPJPY,2023-07-09,2023,0,NOT_TUE_FRI
GBPJPY,2023-07-10,2023,1078,NOT_TUE_FRI
GBPJPY,2023-07-11,2023,1440,ACCEPT
GBPJPY,2023-07-12,2023,1440,ACCEPT
GBPJPY,2023-07-13,2023,1440,ACCEPT
GBPJPY,2023-07-14,2023,1440,ACCEPT
GBPJPY,2023-07-15,2023,248,NOT_TUE_FRI
GBPJPY,2023-07-16,2023,0,NOT_TUE_FRI
GBPJPY,2023-07-17,2023,1074,NOT_TUE_FRI
GBPJPY,2023-07-18,2023,1440,ACCEPT
GBPJPY,2023-07-19,2023,1440,ACCEPT
GBPJPY,2023-07-20,2023,1440,ACCEPT
GBPJPY,2023-07-21,2023,1440,ACCEPT
GBPJPY,2023-07-22,2023,359,NOT_TUE_FRI
GBPJPY,2023-07-23,2023,0,NOT_TUE_FRI
GBPJPY,2023-07-24,2023,1080,NOT_TUE_FRI
GBPJPY,2023-07-25,2023,1440,ACCEPT
GBPJPY,2023-07-26,2023,1439,ACCEPT
GBPJPY,2023-07-27,2023,1440,ACCEPT
GBPJPY,2023-07-28,2023,1440,ACCEPT
GBPJPY,2023-07-29,2023,359,NOT_TUE_FRI
GBPJPY,2023-07-30,2023,0,NOT_TUE_FRI
GBPJPY,2023-07-31,2023,1077,NOT_TUE_FRI
GBPJPY,2023-08-01,2023,1440,ACCEPT
GBPJPY,2023-08-02,2023,1440,ACCEPT
GBPJPY,2023-08-03,2023,1440,ACCEPT
GBPJPY,2023-08-04,2023,1438,ACCEPT
GBPJPY,2023-08-05,2023,359,NOT_TUE_FRI
GBPJPY,2023-08-06,2023,0,NOT_TUE_FRI
GBPJPY,2023-08-07,2023,1076,NOT_TUE_FRI
GBPJPY,2023-08-08,2023,1440,ACCEPT
GBPJPY,2023-08-09,2023,1440,ACCEPT
GBPJPY,2023-08-10,2023,1440,ACCEPT
GBPJPY,2023-08-11,2023,1440,ACCEPT
GBPJPY,2023-08-12,2023,333,NOT_TUE_FRI
GBPJPY,2023-08-13,2023,0,NOT_TUE_FRI
GBPJPY,2023-08-14,2023,1076,NOT_TUE_FRI
GBPJPY,2023-08-15,2023,1440,ACCEPT
GBPJPY,2023-08-16,2023,1440,ACCEPT
GBPJPY,2023-08-17,2023,1440,ACCEPT
GBPJPY,2023-08-18,2023,1440,ACCEPT
GBPJPY,2023-08-19,2023,359,NOT_TUE_FRI
GBPJPY,2023-08-20,2023,0,NOT_TUE_FRI
GBPJPY,2023-08-21,2023,1077,NOT_TUE_FRI
GBPJPY,2023-08-22,2023,1440,ACCEPT
GBPJPY,2023-08-23,2023,1440,ACCEPT
GBPJPY,2023-08-24,2023,1439,ACCEPT
GBPJPY,2023-08-25,2023,1440,ACCEPT
GBPJPY,2023-08-26,2023,359,NOT_TUE_FRI
GBPJPY,2023-08-27,2023,0,NOT_TUE_FRI
GBPJPY,2023-08-28,2023,1077,NOT_TUE_FRI
GBPJPY,2023-08-29,2023,1440,ACCEPT
GBPJPY,2023-08-30,2023,1440,ACCEPT
GBPJPY,2023-08-31,2023,1412,GAP
GBPJPY,2023-09-01,2023,1440,ACCEPT
GBPJPY,2023-09-02,2023,359,NOT_TUE_FRI
GBPJPY,2023-09-03,2023,0,NOT_TUE_FRI
GBPJPY,2023-09-04,2023,1079,NOT_TUE_FRI
GBPJPY,2023-09-05,2023,1440,ACCEPT
GBPJPY,2023-09-06,2023,1440,ACCEPT
GBPJPY,2023-09-07,2023,1440,ACCEPT
GBPJPY,2023-09-08,2023,1440,ACCEPT
GBPJPY,2023-09-09,2023,359,NOT_TUE_FRI
GBPJPY,2023-09-10,2023,0,NOT_TUE_FRI
GBPJPY,2023-09-11,2023,1080,NOT_TUE_FRI
GBPJPY,2023-09-12,2023,1440,ACCEPT
GBPJPY,2023-09-13,2023,1440,ACCEPT
GBPJPY,2023-09-14,2023,1440,ACCEPT
GBPJPY,2023-09-15,2023,1440,ACCEPT
GBPJPY,2023-09-16,2023,359,NOT_TUE_FRI
GBPJPY,2023-09-17,2023,0,NOT_TUE_FRI
GBPJPY,2023-09-18,2023,1078,NOT_TUE_FRI
GBPJPY,2023-09-19,2023,1439,ACCEPT
GBPJPY,2023-09-20,2023,1440,ACCEPT
GBPJPY,2023-09-21,2023,1440,ACCEPT
GBPJPY,2023-09-22,2023,1440,ACCEPT
GBPJPY,2023-09-23,2023,359,NOT_TUE_FRI
GBPJPY,2023-09-24,2023,0,NOT_TUE_FRI
GBPJPY,2023-09-25,2023,1074,NOT_TUE_FRI
GBPJPY,2023-09-26,2023,1440,ACCEPT
GBPJPY,2023-09-27,2023,1440,ACCEPT
GBPJPY,2023-09-28,2023,1440,ACCEPT
GBPJPY,2023-09-29,2023,1440,ACCEPT
GBPJPY,2023-09-30,2023,359,NOT_TUE_FRI
GBPJPY,2023-10-01,2023,0,NOT_TUE_FRI
GBPJPY,2023-10-02,2023,1078,NOT_TUE_FRI
GBPJPY,2023-10-03,2023,1440,ACCEPT
GBPJPY,2023-10-04,2023,1439,ACCEPT
GBPJPY,2023-10-05,2023,1440,ACCEPT
GBPJPY,2023-10-06,2023,1440,ACCEPT
GBPJPY,2023-10-07,2023,359,NOT_TUE_FRI
GBPJPY,2023-10-08,2023,0,NOT_TUE_FRI
GBPJPY,2023-10-09,2023,1080,NOT_TUE_FRI
GBPJPY,2023-10-10,2023,1440,ACCEPT
GBPJPY,2023-10-11,2023,1440,ACCEPT
GBPJPY,2023-10-12,2023,1440,ACCEPT
GBPJPY,2023-10-13,2023,1440,ACCEPT
GBPJPY,2023-10-14,2023,359,NOT_TUE_FRI
GBPJPY,2023-10-15,2023,0,NOT_TUE_FRI
GBPJPY,2023-10-16,2023,1080,NOT_TUE_FRI
GBPJPY,2023-10-17,2023,1440,ACCEPT
GBPJPY,2023-10-18,2023,1439,ACCEPT
GBPJPY,2023-10-19,2023,1440,ACCEPT
GBPJPY,2023-10-20,2023,1439,ACCEPT
GBPJPY,2023-10-21,2023,358,NOT_TUE_FRI
GBPJPY,2023-10-22,2023,0,NOT_TUE_FRI
GBPJPY,2023-10-23,2023,1078,NOT_TUE_FRI
GBPJPY,2023-10-24,2023,1440,ACCEPT
GBPJPY,2023-10-25,2023,1440,ACCEPT
GBPJPY,2023-10-26,2023,1439,ACCEPT
GBPJPY,2023-10-27,2023,1440,ACCEPT
GBPJPY,2023-10-28,2023,359,NOT_TUE_FRI
GBPJPY,2023-10-29,2023,0,NOT_TUE_FRI
GBPJPY,2023-10-30,2023,1020,NOT_TUE_FRI
GBPJPY,2023-10-31,2023,1440,ACCEPT
GBPJPY,2023-11-01,2023,1439,ACCEPT
GBPJPY,2023-11-02,2023,1440,ACCEPT
GBPJPY,2023-11-03,2023,1439,ACCEPT
GBPJPY,2023-11-04,2023,359,NOT_TUE_FRI
GBPJPY,2023-11-05,2023,0,NOT_TUE_FRI
GBPJPY,2023-11-06,2023,1020,NOT_TUE_FRI
GBPJPY,2023-11-07,2023,1440,ACCEPT
GBPJPY,2023-11-08,2023,1440,ACCEPT
GBPJPY,2023-11-09,2023,1440,ACCEPT
GBPJPY,2023-11-10,2023,1440,ACCEPT
GBPJPY,2023-11-11,2023,419,NOT_TUE_FRI
GBPJPY,2023-11-12,2023,0,NOT_TUE_FRI
GBPJPY,2023-11-13,2023,1017,NOT_TUE_FRI
GBPJPY,2023-11-14,2023,1440,ACCEPT
GBPJPY,2023-11-15,2023,1440,ACCEPT
GBPJPY,2023-11-16,2023,1440,ACCEPT
GBPJPY,2023-11-17,2023,1439,ACCEPT
GBPJPY,2023-11-18,2023,419,NOT_TUE_FRI
GBPJPY,2023-11-19,2023,0,NOT_TUE_FRI
GBPJPY,2023-11-20,2023,1019,NOT_TUE_FRI
GBPJPY,2023-11-21,2023,1439,ACCEPT
GBPJPY,2023-11-22,2023,1440,ACCEPT
GBPJPY,2023-11-23,2023,1439,ACCEPT
GBPJPY,2023-11-24,2023,1440,ACCEPT
GBPJPY,2023-11-25,2023,419,NOT_TUE_FRI
GBPJPY,2023-11-26,2023,0,NOT_TUE_FRI
GBPJPY,2023-11-27,2023,1019,NOT_TUE_FRI
GBPJPY,2023-11-28,2023,1440,ACCEPT
GBPJPY,2023-11-29,2023,1439,ACCEPT
GBPJPY,2023-11-30,2023,1440,ACCEPT
GBPJPY,2023-12-01,2023,1440,ACCEPT
GBPJPY,2023-12-02,2023,419,NOT_TUE_FRI
GBPJPY,2023-12-03,2023,0,NOT_TUE_FRI
GBPJPY,2023-12-04,2023,1019,NOT_TUE_FRI
GBPJPY,2023-12-05,2023,1440,ACCEPT
GBPJPY,2023-12-06,2023,1440,ACCEPT
GBPJPY,2023-12-07,2023,1440,ACCEPT
GBPJPY,2023-12-08,2023,1439,ACCEPT
GBPJPY,2023-12-09,2023,419,NOT_TUE_FRI
GBPJPY,2023-12-10,2023,0,NOT_TUE_FRI
GBPJPY,2023-12-11,2023,1019,NOT_TUE_FRI
GBPJPY,2023-12-12,2023,1440,ACCEPT
GBPJPY,2023-12-13,2023,1440,ACCEPT
GBPJPY,2023-12-14,2023,1440,ACCEPT
GBPJPY,2023-12-15,2023,1440,ACCEPT
GBPJPY,2023-12-16,2023,419,NOT_TUE_FRI
GBPJPY,2023-12-17,2023,0,NOT_TUE_FRI
GBPJPY,2023-12-18,2023,997,NOT_TUE_FRI
GBPJPY,2023-12-19,2023,1427,ACCEPT
GBPJPY,2023-12-20,2023,1440,ACCEPT
GBPJPY,2023-12-21,2023,1439,ACCEPT
GBPJPY,2023-12-22,2023,1440,ACCEPT
GBPJPY,2023-12-23,2023,419,NOT_TUE_FRI
GBPJPY,2023-12-24,2023,0,NOT_TUE_FRI
GBPJPY,2023-12-25,2023,10,NOT_TUE_FRI
GBPJPY,2023-12-26,2023,1020,YEAR_END
GBPJPY,2023-12-27,2023,1440,YEAR_END
GBPJPY,2023-12-28,2023,1440,YEAR_END
GBPJPY,2023-12-29,2023,1440,YEAR_END
GBPJPY,2023-12-30,2023,419,NOT_TUE_FRI
GBPJPY,2023-12-31,2023,0,NOT_TUE_FRI
AUDJPY,2020-01-01,2020,361,YEAR_END
AUDJPY,2020-01-02,2020,660,YEAR_END
AUDJPY,2020-01-03,2020,1440,YEAR_END
AUDJPY,2020-01-04,2020,415,NOT_TUE_FRI
AUDJPY,2020-01-05,2020,0,NOT_TUE_FRI
AUDJPY,2020-01-06,2020,1018,NOT_TUE_FRI
AUDJPY,2020-01-07,2020,1440,ACCEPT
AUDJPY,2020-01-08,2020,1440,ACCEPT
AUDJPY,2020-01-09,2020,1440,ACCEPT
AUDJPY,2020-01-10,2020,1440,ACCEPT
AUDJPY,2020-01-11,2020,415,NOT_TUE_FRI
AUDJPY,2020-01-12,2020,0,NOT_TUE_FRI
AUDJPY,2020-01-13,2020,1018,NOT_TUE_FRI
AUDJPY,2020-01-14,2020,1440,ACCEPT
AUDJPY,2020-01-15,2020,1440,ACCEPT
AUDJPY,2020-01-16,2020,1440,ACCEPT
AUDJPY,2020-01-17,2020,1440,ACCEPT
AUDJPY,2020-01-18,2020,415,NOT_TUE_FRI
AUDJPY,2020-01-19,2020,0,NOT_TUE_FRI
AUDJPY,2020-01-20,2020,1015,NOT_TUE_FRI
AUDJPY,2020-01-21,2020,1440,ACCEPT
AUDJPY,2020-01-22,2020,1440,ACCEPT
AUDJPY,2020-01-23,2020,1439,ACCEPT
AUDJPY,2020-01-24,2020,1440,ACCEPT
AUDJPY,2020-01-25,2020,416,NOT_TUE_FRI
AUDJPY,2020-01-26,2020,0,NOT_TUE_FRI
AUDJPY,2020-01-27,2020,1019,NOT_TUE_FRI
AUDJPY,2020-01-28,2020,1440,ACCEPT
AUDJPY,2020-01-29,2020,1439,ACCEPT
AUDJPY,2020-01-30,2020,1440,ACCEPT
AUDJPY,2020-01-31,2020,1440,ACCEPT
AUDJPY,2020-02-01,2020,415,NOT_TUE_FRI
AUDJPY,2020-02-02,2020,0,NOT_TUE_FRI
AUDJPY,2020-02-03,2020,1018,NOT_TUE_FRI
AUDJPY,2020-02-04,2020,1440,ACCEPT
AUDJPY,2020-02-05,2020,1440,ACCEPT
AUDJPY,2020-02-06,2020,1440,ACCEPT
AUDJPY,2020-02-07,2020,1440,ACCEPT
AUDJPY,2020-02-08,2020,415,NOT_TUE_FRI
AUDJPY,2020-02-09,2020,0,NOT_TUE_FRI
AUDJPY,2020-02-10,2020,1015,NOT_TUE_FRI
AUDJPY,2020-02-11,2020,1440,ACCEPT
AUDJPY,2020-02-12,2020,1440,ACCEPT
AUDJPY,2020-02-13,2020,1440,ACCEPT
AUDJPY,2020-02-14,2020,1440,ACCEPT
AUDJPY,2020-02-15,2020,415,NOT_TUE_FRI
AUDJPY,2020-02-16,2020,0,NOT_TUE_FRI
AUDJPY,2020-02-17,2020,1018,NOT_TUE_FRI
AUDJPY,2020-02-18,2020,1440,ACCEPT
AUDJPY,2020-02-19,2020,1440,ACCEPT
AUDJPY,2020-02-20,2020,1440,ACCEPT
AUDJPY,2020-02-21,2020,1439,ACCEPT
AUDJPY,2020-02-22,2020,415,NOT_TUE_FRI
AUDJPY,2020-02-23,2020,0,NOT_TUE_FRI
AUDJPY,2020-02-24,2020,1019,NOT_TUE_FRI
AUDJPY,2020-02-25,2020,1440,ACCEPT
AUDJPY,2020-02-26,2020,1440,ACCEPT
AUDJPY,2020-02-27,2020,1440,ACCEPT
AUDJPY,2020-02-28,2020,1439,ACCEPT
AUDJPY,2020-02-29,2020,415,NOT_TUE_FRI
AUDJPY,2020-03-01,2020,0,NOT_TUE_FRI
AUDJPY,2020-03-02,2020,1019,NOT_TUE_FRI
AUDJPY,2020-03-03,2020,1440,ACCEPT
AUDJPY,2020-03-04,2020,1439,ACCEPT
AUDJPY,2020-03-05,2020,1440,ACCEPT
AUDJPY,2020-03-06,2020,1440,ACCEPT
AUDJPY,2020-03-07,2020,414,NOT_TUE_FRI
AUDJPY,2020-03-08,2020,0,NOT_TUE_FRI
AUDJPY,2020-03-09,2020,1020,NOT_TUE_FRI
AUDJPY,2020-03-10,2020,1436,ACCEPT
AUDJPY,2020-03-11,2020,1436,ACCEPT
AUDJPY,2020-03-12,2020,1440,ACCEPT
AUDJPY,2020-03-13,2020,1440,ACCEPT
AUDJPY,2020-03-14,2020,355,NOT_TUE_FRI
AUDJPY,2020-03-15,2020,0,NOT_TUE_FRI
AUDJPY,2020-03-16,2020,1020,NOT_TUE_FRI
AUDJPY,2020-03-17,2020,1440,ACCEPT
AUDJPY,2020-03-18,2020,1440,ACCEPT
AUDJPY,2020-03-19,2020,1440,ACCEPT
AUDJPY,2020-03-20,2020,1440,ACCEPT
AUDJPY,2020-03-21,2020,355,NOT_TUE_FRI
AUDJPY,2020-03-22,2020,0,NOT_TUE_FRI
AUDJPY,2020-03-23,2020,1020,NOT_TUE_FRI
AUDJPY,2020-03-24,2020,1439,ACCEPT
AUDJPY,2020-03-25,2020,1440,ACCEPT
AUDJPY,2020-03-26,2020,1440,ACCEPT
AUDJPY,2020-03-27,2020,1440,ACCEPT
AUDJPY,2020-03-28,2020,355,NOT_TUE_FRI
AUDJPY,2020-03-29,2020,0,NOT_TUE_FRI
AUDJPY,2020-03-30,2020,1076,NOT_TUE_FRI
AUDJPY,2020-03-31,2020,1439,ACCEPT
AUDJPY,2020-04-01,2020,1436,ACCEPT
AUDJPY,2020-04-02,2020,1440,ACCEPT
AUDJPY,2020-04-03,2020,1440,ACCEPT
AUDJPY,2020-04-04,2020,355,NOT_TUE_FRI
AUDJPY,2020-04-05,2020,0,NOT_TUE_FRI
AUDJPY,2020-04-06,2020,1078,NOT_TUE_FRI
AUDJPY,2020-04-07,2020,1440,ACCEPT
AUDJPY,2020-04-08,2020,1440,ACCEPT
AUDJPY,2020-04-09,2020,1440,ACCEPT
AUDJPY,2020-04-10,2020,1439,ACCEPT
AUDJPY,2020-04-11,2020,355,NOT_TUE_FRI
AUDJPY,2020-04-12,2020,0,NOT_TUE_FRI
AUDJPY,2020-04-13,2020,1075,NOT_TUE_FRI
AUDJPY,2020-04-14,2020,1440,ACCEPT
AUDJPY,2020-04-15,2020,1440,ACCEPT
AUDJPY,2020-04-16,2020,1440,ACCEPT
AUDJPY,2020-04-17,2020,1440,ACCEPT
AUDJPY,2020-04-18,2020,355,NOT_TUE_FRI
AUDJPY,2020-04-19,2020,0,NOT_TUE_FRI
AUDJPY,2020-04-20,2020,1075,NOT_TUE_FRI
AUDJPY,2020-04-21,2020,1440,ACCEPT
AUDJPY,2020-04-22,2020,1440,ACCEPT
AUDJPY,2020-04-23,2020,1440,ACCEPT
AUDJPY,2020-04-24,2020,1440,ACCEPT
AUDJPY,2020-04-25,2020,355,NOT_TUE_FRI
AUDJPY,2020-04-26,2020,0,NOT_TUE_FRI
AUDJPY,2020-04-27,2020,1077,NOT_TUE_FRI
AUDJPY,2020-04-28,2020,1440,ACCEPT
AUDJPY,2020-04-29,2020,1440,ACCEPT
AUDJPY,2020-04-30,2020,1439,ACCEPT
AUDJPY,2020-05-01,2020,1439,ACCEPT
AUDJPY,2020-05-02,2020,355,NOT_TUE_FRI
AUDJPY,2020-05-03,2020,0,NOT_TUE_FRI
AUDJPY,2020-05-04,2020,1078,NOT_TUE_FRI
AUDJPY,2020-05-05,2020,1440,ACCEPT
AUDJPY,2020-05-06,2020,1440,ACCEPT
AUDJPY,2020-05-07,2020,1439,ACCEPT
AUDJPY,2020-05-08,2020,1439,ACCEPT
AUDJPY,2020-05-09,2020,355,NOT_TUE_FRI
AUDJPY,2020-05-10,2020,0,NOT_TUE_FRI
AUDJPY,2020-05-11,2020,1078,NOT_TUE_FRI
AUDJPY,2020-05-12,2020,1439,ACCEPT
AUDJPY,2020-05-13,2020,1439,ACCEPT
AUDJPY,2020-05-14,2020,1439,ACCEPT
AUDJPY,2020-05-15,2020,1438,ACCEPT
AUDJPY,2020-05-16,2020,355,NOT_TUE_FRI
AUDJPY,2020-05-17,2020,0,NOT_TUE_FRI
AUDJPY,2020-05-18,2020,1078,NOT_TUE_FRI
AUDJPY,2020-05-19,2020,1438,ACCEPT
AUDJPY,2020-05-20,2020,1439,ACCEPT
AUDJPY,2020-05-21,2020,1439,ACCEPT
AUDJPY,2020-05-22,2020,1439,ACCEPT
AUDJPY,2020-05-23,2020,355,NOT_TUE_FRI
AUDJPY,2020-05-24,2020,0,NOT_TUE_FRI
AUDJPY,2020-05-25,2020,1075,NOT_TUE_FRI
AUDJPY,2020-05-26,2020,1440,ACCEPT
AUDJPY,2020-05-27,2020,1439,ACCEPT
AUDJPY,2020-05-28,2020,1439,ACCEPT
AUDJPY,2020-05-29,2020,1439,ACCEPT
AUDJPY,2020-05-30,2020,355,NOT_TUE_FRI
AUDJPY,2020-05-31,2020,0,NOT_TUE_FRI
AUDJPY,2020-06-01,2020,1076,NOT_TUE_FRI
AUDJPY,2020-06-02,2020,1439,ACCEPT
AUDJPY,2020-06-03,2020,1439,ACCEPT
AUDJPY,2020-06-04,2020,1439,ACCEPT
AUDJPY,2020-06-05,2020,1439,ACCEPT
AUDJPY,2020-06-06,2020,355,NOT_TUE_FRI
AUDJPY,2020-06-07,2020,0,NOT_TUE_FRI
AUDJPY,2020-06-08,2020,1076,NOT_TUE_FRI
AUDJPY,2020-06-09,2020,1439,ACCEPT
AUDJPY,2020-06-10,2020,1439,ACCEPT
AUDJPY,2020-06-11,2020,1440,ACCEPT
AUDJPY,2020-06-12,2020,1435,ACCEPT
AUDJPY,2020-06-13,2020,355,NOT_TUE_FRI
AUDJPY,2020-06-14,2020,0,NOT_TUE_FRI
AUDJPY,2020-06-15,2020,1078,NOT_TUE_FRI
AUDJPY,2020-06-16,2020,1439,ACCEPT
AUDJPY,2020-06-17,2020,1440,ACCEPT
AUDJPY,2020-06-18,2020,1440,ACCEPT
AUDJPY,2020-06-19,2020,1439,ACCEPT
AUDJPY,2020-06-20,2020,355,NOT_TUE_FRI
AUDJPY,2020-06-21,2020,0,NOT_TUE_FRI
AUDJPY,2020-06-22,2020,1078,NOT_TUE_FRI
AUDJPY,2020-06-23,2020,1439,ACCEPT
AUDJPY,2020-06-24,2020,1440,ACCEPT
AUDJPY,2020-06-25,2020,1440,ACCEPT
AUDJPY,2020-06-26,2020,1439,ACCEPT
AUDJPY,2020-06-27,2020,355,NOT_TUE_FRI
AUDJPY,2020-06-28,2020,0,NOT_TUE_FRI
AUDJPY,2020-06-29,2020,1076,NOT_TUE_FRI
AUDJPY,2020-06-30,2020,1440,ACCEPT
AUDJPY,2020-07-01,2020,1440,ACCEPT
AUDJPY,2020-07-02,2020,1436,ACCEPT
AUDJPY,2020-07-03,2020,1440,ACCEPT
AUDJPY,2020-07-04,2020,355,NOT_TUE_FRI
AUDJPY,2020-07-05,2020,0,NOT_TUE_FRI
AUDJPY,2020-07-06,2020,1075,NOT_TUE_FRI
AUDJPY,2020-07-07,2020,1440,ACCEPT
AUDJPY,2020-07-08,2020,1439,ACCEPT
AUDJPY,2020-07-09,2020,1440,ACCEPT
AUDJPY,2020-07-10,2020,1440,ACCEPT
AUDJPY,2020-07-11,2020,355,NOT_TUE_FRI
AUDJPY,2020-07-12,2020,0,NOT_TUE_FRI
AUDJPY,2020-07-13,2020,1077,NOT_TUE_FRI
AUDJPY,2020-07-14,2020,1440,ACCEPT
AUDJPY,2020-07-15,2020,1440,ACCEPT
AUDJPY,2020-07-16,2020,1440,ACCEPT
AUDJPY,2020-07-17,2020,1440,ACCEPT
AUDJPY,2020-07-18,2020,355,NOT_TUE_FRI
AUDJPY,2020-07-19,2020,0,NOT_TUE_FRI
AUDJPY,2020-07-20,2020,1075,NOT_TUE_FRI
AUDJPY,2020-07-21,2020,1440,ACCEPT
AUDJPY,2020-07-22,2020,1440,ACCEPT
AUDJPY,2020-07-23,2020,1440,ACCEPT
AUDJPY,2020-07-24,2020,1440,ACCEPT
AUDJPY,2020-07-25,2020,355,NOT_TUE_FRI
AUDJPY,2020-07-26,2020,0,NOT_TUE_FRI
AUDJPY,2020-07-27,2020,1077,NOT_TUE_FRI
AUDJPY,2020-07-28,2020,1440,ACCEPT
AUDJPY,2020-07-29,2020,1440,ACCEPT
AUDJPY,2020-07-30,2020,1440,ACCEPT
AUDJPY,2020-07-31,2020,1440,ACCEPT
AUDJPY,2020-08-01,2020,355,NOT_TUE_FRI
AUDJPY,2020-08-02,2020,0,NOT_TUE_FRI
AUDJPY,2020-08-03,2020,1077,NOT_TUE_FRI
AUDJPY,2020-08-04,2020,1440,ACCEPT
AUDJPY,2020-08-05,2020,1440,ACCEPT
AUDJPY,2020-08-06,2020,1440,ACCEPT
AUDJPY,2020-08-07,2020,1440,ACCEPT
AUDJPY,2020-08-08,2020,356,NOT_TUE_FRI
AUDJPY,2020-08-09,2020,0,NOT_TUE_FRI
AUDJPY,2020-08-10,2020,1075,NOT_TUE_FRI
AUDJPY,2020-08-11,2020,1440,ACCEPT
AUDJPY,2020-08-12,2020,1439,ACCEPT
AUDJPY,2020-08-13,2020,1440,ACCEPT
AUDJPY,2020-08-14,2020,1439,ACCEPT
AUDJPY,2020-08-15,2020,355,NOT_TUE_FRI
AUDJPY,2020-08-16,2020,0,NOT_TUE_FRI
AUDJPY,2020-08-17,2020,1076,NOT_TUE_FRI
AUDJPY,2020-08-18,2020,1440,ACCEPT
AUDJPY,2020-08-19,2020,1440,ACCEPT
AUDJPY,2020-08-20,2020,1440,ACCEPT
AUDJPY,2020-08-21,2020,1440,ACCEPT
AUDJPY,2020-08-22,2020,355,NOT_TUE_FRI
AUDJPY,2020-08-23,2020,0,NOT_TUE_FRI
AUDJPY,2020-08-24,2020,1074,NOT_TUE_FRI
AUDJPY,2020-08-25,2020,1440,ACCEPT
AUDJPY,2020-08-26,2020,1440,ACCEPT
AUDJPY,2020-08-27,2020,1440,ACCEPT
AUDJPY,2020-08-28,2020,1440,ACCEPT
AUDJPY,2020-08-29,2020,355,NOT_TUE_FRI
AUDJPY,2020-08-30,2020,0,NOT_TUE_FRI
AUDJPY,2020-08-31,2020,1075,NOT_TUE_FRI
AUDJPY,2020-09-01,2020,1439,ACCEPT
AUDJPY,2020-09-02,2020,1440,ACCEPT
AUDJPY,2020-09-03,2020,1440,ACCEPT
AUDJPY,2020-09-04,2020,1440,ACCEPT
AUDJPY,2020-09-05,2020,356,NOT_TUE_FRI
AUDJPY,2020-09-06,2020,0,NOT_TUE_FRI
AUDJPY,2020-09-07,2020,1075,NOT_TUE_FRI
AUDJPY,2020-09-08,2020,1440,ACCEPT
AUDJPY,2020-09-09,2020,1440,ACCEPT
AUDJPY,2020-09-10,2020,1440,ACCEPT
AUDJPY,2020-09-11,2020,1439,ACCEPT
AUDJPY,2020-09-12,2020,355,NOT_TUE_FRI
AUDJPY,2020-09-13,2020,0,NOT_TUE_FRI
AUDJPY,2020-09-14,2020,1074,NOT_TUE_FRI
AUDJPY,2020-09-15,2020,1440,ACCEPT
AUDJPY,2020-09-16,2020,1440,ACCEPT
AUDJPY,2020-09-17,2020,1440,ACCEPT
AUDJPY,2020-09-18,2020,1439,ACCEPT
AUDJPY,2020-09-19,2020,354,NOT_TUE_FRI
AUDJPY,2020-09-20,2020,0,NOT_TUE_FRI
AUDJPY,2020-09-21,2020,1075,NOT_TUE_FRI
AUDJPY,2020-09-22,2020,1440,ACCEPT
AUDJPY,2020-09-23,2020,1440,ACCEPT
AUDJPY,2020-09-24,2020,1440,ACCEPT
AUDJPY,2020-09-25,2020,1440,ACCEPT
AUDJPY,2020-09-26,2020,355,NOT_TUE_FRI
AUDJPY,2020-09-27,2020,0,NOT_TUE_FRI
AUDJPY,2020-09-28,2020,1075,NOT_TUE_FRI
AUDJPY,2020-09-29,2020,1440,ACCEPT
AUDJPY,2020-09-30,2020,1440,ACCEPT
AUDJPY,2020-10-01,2020,1440,ACCEPT
AUDJPY,2020-10-02,2020,1439,ACCEPT
AUDJPY,2020-10-03,2020,356,NOT_TUE_FRI
AUDJPY,2020-10-04,2020,0,NOT_TUE_FRI
AUDJPY,2020-10-05,2020,1075,NOT_TUE_FRI
AUDJPY,2020-10-06,2020,1440,ACCEPT
AUDJPY,2020-10-07,2020,1440,ACCEPT
AUDJPY,2020-10-08,2020,1440,ACCEPT
AUDJPY,2020-10-09,2020,1439,ACCEPT
AUDJPY,2020-10-10,2020,356,NOT_TUE_FRI
AUDJPY,2020-10-11,2020,0,NOT_TUE_FRI
AUDJPY,2020-10-12,2020,1074,NOT_TUE_FRI
AUDJPY,2020-10-13,2020,1436,ACCEPT
AUDJPY,2020-10-14,2020,1440,ACCEPT
AUDJPY,2020-10-15,2020,1439,ACCEPT
AUDJPY,2020-10-16,2020,1440,ACCEPT
AUDJPY,2020-10-17,2020,355,NOT_TUE_FRI
AUDJPY,2020-10-18,2020,0,NOT_TUE_FRI
AUDJPY,2020-10-19,2020,1074,NOT_TUE_FRI
AUDJPY,2020-10-20,2020,1440,ACCEPT
AUDJPY,2020-10-21,2020,1440,ACCEPT
AUDJPY,2020-10-22,2020,1439,ACCEPT
AUDJPY,2020-10-23,2020,1440,ACCEPT
AUDJPY,2020-10-24,2020,355,NOT_TUE_FRI
AUDJPY,2020-10-25,2020,0,NOT_TUE_FRI
AUDJPY,2020-10-26,2020,1015,NOT_TUE_FRI
AUDJPY,2020-10-27,2020,1440,ACCEPT
AUDJPY,2020-10-28,2020,1440,ACCEPT
AUDJPY,2020-10-29,2020,1440,ACCEPT
AUDJPY,2020-10-30,2020,1439,ACCEPT
AUDJPY,2020-10-31,2020,355,NOT_TUE_FRI
AUDJPY,2020-11-01,2020,0,NOT_TUE_FRI
AUDJPY,2020-11-02,2020,1019,NOT_TUE_FRI
AUDJPY,2020-11-03,2020,1440,ACCEPT
AUDJPY,2020-11-04,2020,1440,ACCEPT
AUDJPY,2020-11-05,2020,1440,ACCEPT
AUDJPY,2020-11-06,2020,1440,ACCEPT
AUDJPY,2020-11-07,2020,415,NOT_TUE_FRI
AUDJPY,2020-11-08,2020,0,NOT_TUE_FRI
AUDJPY,2020-11-09,2020,1018,NOT_TUE_FRI
AUDJPY,2020-11-10,2020,1440,ACCEPT
AUDJPY,2020-11-11,2020,1439,ACCEPT
AUDJPY,2020-11-12,2020,1437,ACCEPT
AUDJPY,2020-11-13,2020,1440,ACCEPT
AUDJPY,2020-11-14,2020,415,NOT_TUE_FRI
AUDJPY,2020-11-15,2020,0,NOT_TUE_FRI
AUDJPY,2020-11-16,2020,1018,NOT_TUE_FRI
AUDJPY,2020-11-17,2020,1440,ACCEPT
AUDJPY,2020-11-18,2020,1440,ACCEPT
AUDJPY,2020-11-19,2020,1440,ACCEPT
AUDJPY,2020-11-20,2020,1440,ACCEPT
AUDJPY,2020-11-21,2020,415,NOT_TUE_FRI
AUDJPY,2020-11-22,2020,0,NOT_TUE_FRI
AUDJPY,2020-11-23,2020,1018,NOT_TUE_FRI
AUDJPY,2020-11-24,2020,1440,ACCEPT
AUDJPY,2020-11-25,2020,1440,ACCEPT
AUDJPY,2020-11-26,2020,1440,ACCEPT
AUDJPY,2020-11-27,2020,1440,ACCEPT
AUDJPY,2020-11-28,2020,415,NOT_TUE_FRI
AUDJPY,2020-11-29,2020,0,NOT_TUE_FRI
AUDJPY,2020-11-30,2020,1018,NOT_TUE_FRI
AUDJPY,2020-12-01,2020,1440,ACCEPT
AUDJPY,2020-12-02,2020,1440,ACCEPT
AUDJPY,2020-12-03,2020,1440,ACCEPT
AUDJPY,2020-12-04,2020,1440,ACCEPT
AUDJPY,2020-12-05,2020,415,NOT_TUE_FRI
AUDJPY,2020-12-06,2020,0,NOT_TUE_FRI
AUDJPY,2020-12-07,2020,1018,NOT_TUE_FRI
AUDJPY,2020-12-08,2020,1440,ACCEPT
AUDJPY,2020-12-09,2020,1440,ACCEPT
AUDJPY,2020-12-10,2020,1440,ACCEPT
AUDJPY,2020-12-11,2020,1440,ACCEPT
AUDJPY,2020-12-12,2020,415,NOT_TUE_FRI
AUDJPY,2020-12-13,2020,0,NOT_TUE_FRI
AUDJPY,2020-12-14,2020,1019,NOT_TUE_FRI
AUDJPY,2020-12-15,2020,1440,ACCEPT
AUDJPY,2020-12-16,2020,1440,ACCEPT
AUDJPY,2020-12-17,2020,1440,ACCEPT
AUDJPY,2020-12-18,2020,1440,ACCEPT
AUDJPY,2020-12-19,2020,415,NOT_TUE_FRI
AUDJPY,2020-12-20,2020,0,NOT_TUE_FRI
AUDJPY,2020-12-21,2020,1019,NOT_TUE_FRI
AUDJPY,2020-12-22,2020,1438,ACCEPT
AUDJPY,2020-12-23,2020,1440,ACCEPT
AUDJPY,2020-12-24,2020,1440,ACCEPT
AUDJPY,2020-12-25,2020,240,YEAR_END
AUDJPY,2020-12-26,2020,0,NOT_TUE_FRI
AUDJPY,2020-12-27,2020,0,NOT_TUE_FRI
AUDJPY,2020-12-28,2020,1017,NOT_TUE_FRI
AUDJPY,2020-12-29,2020,1437,YEAR_END
AUDJPY,2020-12-30,2020,1440,YEAR_END
AUDJPY,2020-12-31,2020,421,YEAR_END
AUDJPY,2021-01-01,2021,0,YEAR_END
AUDJPY,2021-01-02,2021,0,NOT_TUE_FRI
AUDJPY,2021-01-03,2021,0,NOT_TUE_FRI
AUDJPY,2021-01-04,2021,1018,NOT_TUE_FRI
AUDJPY,2021-01-05,2021,1440,ACCEPT
AUDJPY,2021-01-06,2021,1440,ACCEPT
AUDJPY,2021-01-07,2021,1440,ACCEPT
AUDJPY,2021-01-08,2021,1440,ACCEPT
AUDJPY,2021-01-09,2021,415,NOT_TUE_FRI
AUDJPY,2021-01-10,2021,0,NOT_TUE_FRI
AUDJPY,2021-01-11,2021,1012,NOT_TUE_FRI
AUDJPY,2021-01-12,2021,1440,ACCEPT
AUDJPY,2021-01-13,2021,1440,ACCEPT
AUDJPY,2021-01-14,2021,1440,ACCEPT
AUDJPY,2021-01-15,2021,1439,ACCEPT
AUDJPY,2021-01-16,2021,415,NOT_TUE_FRI
AUDJPY,2021-01-17,2021,0,NOT_TUE_FRI
AUDJPY,2021-01-18,2021,1018,NOT_TUE_FRI
AUDJPY,2021-01-19,2021,1440,ACCEPT
AUDJPY,2021-01-20,2021,1440,ACCEPT
AUDJPY,2021-01-21,2021,1440,ACCEPT
AUDJPY,2021-01-22,2021,1440,ACCEPT
AUDJPY,2021-01-23,2021,415,NOT_TUE_FRI
AUDJPY,2021-01-24,2021,0,NOT_TUE_FRI
AUDJPY,2021-01-25,2021,1018,NOT_TUE_FRI
AUDJPY,2021-01-26,2021,1435,ACCEPT
AUDJPY,2021-01-27,2021,1438,ACCEPT
AUDJPY,2021-01-28,2021,1440,ACCEPT
AUDJPY,2021-01-29,2021,1439,ACCEPT
AUDJPY,2021-01-30,2021,415,NOT_TUE_FRI
AUDJPY,2021-01-31,2021,0,NOT_TUE_FRI
AUDJPY,2021-02-01,2021,1019,NOT_TUE_FRI
AUDJPY,2021-02-02,2021,1440,ACCEPT
AUDJPY,2021-02-03,2021,1440,ACCEPT
AUDJPY,2021-02-04,2021,1440,ACCEPT
AUDJPY,2021-02-05,2021,1439,ACCEPT
AUDJPY,2021-02-06,2021,415,NOT_TUE_FRI
AUDJPY,2021-02-07,2021,0,NOT_TUE_FRI
AUDJPY,2021-02-08,2021,1017,NOT_TUE_FRI
AUDJPY,2021-02-09,2021,1439,ACCEPT
AUDJPY,2021-02-10,2021,1440,ACCEPT
AUDJPY,2021-02-11,2021,1440,ACCEPT
AUDJPY,2021-02-12,2021,1439,ACCEPT
AUDJPY,2021-02-13,2021,415,NOT_TUE_FRI
AUDJPY,2021-02-14,2021,0,NOT_TUE_FRI
AUDJPY,2021-02-15,2021,1019,NOT_TUE_FRI
AUDJPY,2021-02-16,2021,1440,ACCEPT
AUDJPY,2021-02-17,2021,1440,ACCEPT
AUDJPY,2021-02-18,2021,1440,ACCEPT
AUDJPY,2021-02-19,2021,1440,ACCEPT
AUDJPY,2021-02-20,2021,415,NOT_TUE_FRI
AUDJPY,2021-02-21,2021,0,NOT_TUE_FRI
AUDJPY,2021-02-22,2021,1018,NOT_TUE_FRI
AUDJPY,2021-02-23,2021,1440,ACCEPT
AUDJPY,2021-02-24,2021,1440,ACCEPT
AUDJPY,2021-02-25,2021,1440,ACCEPT
AUDJPY,2021-02-26,2021,1440,ACCEPT
AUDJPY,2021-02-27,2021,415,NOT_TUE_FRI
AUDJPY,2021-02-28,2021,0,NOT_TUE_FRI
AUDJPY,2021-03-01,2021,1018,NOT_TUE_FRI
AUDJPY,2021-03-02,2021,1440,ACCEPT
AUDJPY,2021-03-03,2021,1440,ACCEPT
AUDJPY,2021-03-04,2021,1440,ACCEPT
AUDJPY,2021-03-05,2021,1440,ACCEPT
AUDJPY,2021-03-06,2021,415,NOT_TUE_FRI
AUDJPY,2021-03-07,2021,0,NOT_TUE_FRI
AUDJPY,2021-03-08,2021,1019,NOT_TUE_FRI
AUDJPY,2021-03-09,2021,1438,ACCEPT
AUDJPY,2021-03-10,2021,1440,ACCEPT
AUDJPY,2021-03-11,2021,1440,ACCEPT
AUDJPY,2021-03-12,2021,1440,ACCEPT
AUDJPY,2021-03-13,2021,415,NOT_TUE_FRI
AUDJPY,2021-03-14,2021,0,NOT_TUE_FRI
AUDJPY,2021-03-15,2021,1020,NOT_TUE_FRI
AUDJPY,2021-03-16,2021,1440,ACCEPT
AUDJPY,2021-03-17,2021,1440,ACCEPT
AUDJPY,2021-03-18,2021,1439,ACCEPT
AUDJPY,2021-03-19,2021,1440,ACCEPT
AUDJPY,2021-03-20,2021,354,NOT_TUE_FRI
AUDJPY,2021-03-21,2021,0,NOT_TUE_FRI
AUDJPY,2021-03-22,2021,1020,NOT_TUE_FRI
AUDJPY,2021-03-23,2021,1440,ACCEPT
AUDJPY,2021-03-24,2021,1439,ACCEPT
AUDJPY,2021-03-25,2021,1440,ACCEPT
AUDJPY,2021-03-26,2021,1439,ACCEPT
AUDJPY,2021-03-27,2021,355,NOT_TUE_FRI
AUDJPY,2021-03-28,2021,0,NOT_TUE_FRI
AUDJPY,2021-03-29,2021,1076,NOT_TUE_FRI
AUDJPY,2021-03-30,2021,1440,ACCEPT
AUDJPY,2021-03-31,2021,1439,ACCEPT
AUDJPY,2021-04-01,2021,1438,ACCEPT
AUDJPY,2021-04-02,2021,1440,ACCEPT
AUDJPY,2021-04-03,2021,355,NOT_TUE_FRI
AUDJPY,2021-04-04,2021,0,NOT_TUE_FRI
AUDJPY,2021-04-05,2021,1074,NOT_TUE_FRI
AUDJPY,2021-04-06,2021,1440,ACCEPT
AUDJPY,2021-04-07,2021,1440,ACCEPT
AUDJPY,2021-04-08,2021,1439,ACCEPT
AUDJPY,2021-04-09,2021,1440,ACCEPT
AUDJPY,2021-04-10,2021,355,NOT_TUE_FRI
AUDJPY,2021-04-11,2021,0,NOT_TUE_FRI
AUDJPY,2021-04-12,2021,1077,NOT_TUE_FRI
AUDJPY,2021-04-13,2021,1440,ACCEPT
AUDJPY,2021-04-14,2021,1440,ACCEPT
AUDJPY,2021-04-15,2021,1440,ACCEPT
AUDJPY,2021-04-16,2021,1440,ACCEPT
AUDJPY,2021-04-17,2021,355,NOT_TUE_FRI
AUDJPY,2021-04-18,2021,0,NOT_TUE_FRI
AUDJPY,2021-04-19,2021,1077,NOT_TUE_FRI
AUDJPY,2021-04-20,2021,1440,ACCEPT
AUDJPY,2021-04-21,2021,1440,ACCEPT
AUDJPY,2021-04-22,2021,1439,ACCEPT
AUDJPY,2021-04-23,2021,1440,ACCEPT
AUDJPY,2021-04-24,2021,355,NOT_TUE_FRI
AUDJPY,2021-04-25,2021,0,NOT_TUE_FRI
AUDJPY,2021-04-26,2021,1078,NOT_TUE_FRI
AUDJPY,2021-04-27,2021,1440,ACCEPT
AUDJPY,2021-04-28,2021,1440,ACCEPT
AUDJPY,2021-04-29,2021,1440,ACCEPT
AUDJPY,2021-04-30,2021,1440,ACCEPT
AUDJPY,2021-05-01,2021,355,NOT_TUE_FRI
AUDJPY,2021-05-02,2021,0,NOT_TUE_FRI
AUDJPY,2021-05-03,2021,1077,NOT_TUE_FRI
AUDJPY,2021-05-04,2021,1440,ACCEPT
AUDJPY,2021-05-05,2021,1439,ACCEPT
AUDJPY,2021-05-06,2021,1440,ACCEPT
AUDJPY,2021-05-07,2021,1440,ACCEPT
AUDJPY,2021-05-08,2021,355,NOT_TUE_FRI
AUDJPY,2021-05-09,2021,0,NOT_TUE_FRI
AUDJPY,2021-05-10,2021,1079,NOT_TUE_FRI
AUDJPY,2021-05-11,2021,1440,ACCEPT
AUDJPY,2021-05-12,2021,1440,ACCEPT
AUDJPY,2021-05-13,2021,1440,ACCEPT
AUDJPY,2021-05-14,2021,1440,ACCEPT
AUDJPY,2021-05-15,2021,355,NOT_TUE_FRI
AUDJPY,2021-05-16,2021,0,NOT_TUE_FRI
AUDJPY,2021-05-17,2021,1078,NOT_TUE_FRI
AUDJPY,2021-05-18,2021,1440,ACCEPT
AUDJPY,2021-05-19,2021,1440,ACCEPT
AUDJPY,2021-05-20,2021,1440,ACCEPT
AUDJPY,2021-05-21,2021,1439,ACCEPT
AUDJPY,2021-05-22,2021,355,NOT_TUE_FRI
AUDJPY,2021-05-23,2021,0,NOT_TUE_FRI
AUDJPY,2021-05-24,2021,1076,NOT_TUE_FRI
AUDJPY,2021-05-25,2021,1440,ACCEPT
AUDJPY,2021-05-26,2021,1440,ACCEPT
AUDJPY,2021-05-27,2021,1439,ACCEPT
AUDJPY,2021-05-28,2021,1440,ACCEPT
AUDJPY,2021-05-29,2021,355,NOT_TUE_FRI
AUDJPY,2021-05-30,2021,0,NOT_TUE_FRI
AUDJPY,2021-05-31,2021,1047,NOT_TUE_FRI
AUDJPY,2021-06-01,2021,1440,ACCEPT
AUDJPY,2021-06-02,2021,1440,ACCEPT
AUDJPY,2021-06-03,2021,1439,ACCEPT
AUDJPY,2021-06-04,2021,1440,ACCEPT
AUDJPY,2021-06-05,2021,355,NOT_TUE_FRI
AUDJPY,2021-06-06,2021,0,NOT_TUE_FRI
AUDJPY,2021-06-07,2021,1077,NOT_TUE_FRI
AUDJPY,2021-06-08,2021,1440,ACCEPT
AUDJPY,2021-06-09,2021,1428,GAP
AUDJPY,2021-06-10,2021,1440,ACCEPT
AUDJPY,2021-06-11,2021,1440,ACCEPT
AUDJPY,2021-06-12,2021,355,NOT_TUE_FRI
AUDJPY,2021-06-13,2021,0,NOT_TUE_FRI
AUDJPY,2021-06-14,2021,1075,NOT_TUE_FRI
AUDJPY,2021-06-15,2021,1378,LOW_COUNT
AUDJPY,2021-06-16,2021,1337,LOW_COUNT
AUDJPY,2021-06-17,2021,1440,ACCEPT
AUDJPY,2021-06-18,2021,1286,LOW_COUNT
AUDJPY,2021-06-19,2021,337,NOT_TUE_FRI
AUDJPY,2021-06-20,2021,0,NOT_TUE_FRI
AUDJPY,2021-06-21,2021,1078,NOT_TUE_FRI
AUDJPY,2021-06-22,2021,1439,ACCEPT
AUDJPY,2021-06-23,2021,1440,ACCEPT
AUDJPY,2021-06-24,2021,1440,ACCEPT
AUDJPY,2021-06-25,2021,1438,ACCEPT
AUDJPY,2021-06-26,2021,355,NOT_TUE_FRI
AUDJPY,2021-06-27,2021,0,NOT_TUE_FRI
AUDJPY,2021-06-28,2021,1078,NOT_TUE_FRI
AUDJPY,2021-06-29,2021,1440,ACCEPT
AUDJPY,2021-06-30,2021,1440,ACCEPT
AUDJPY,2021-07-01,2021,1440,ACCEPT
AUDJPY,2021-07-02,2021,1440,ACCEPT
AUDJPY,2021-07-03,2021,355,NOT_TUE_FRI
AUDJPY,2021-07-04,2021,0,NOT_TUE_FRI
AUDJPY,2021-07-05,2021,1078,NOT_TUE_FRI
AUDJPY,2021-07-06,2021,1440,ACCEPT
AUDJPY,2021-07-07,2021,1440,ACCEPT
AUDJPY,2021-07-08,2021,1440,ACCEPT
AUDJPY,2021-07-09,2021,1440,ACCEPT
AUDJPY,2021-07-10,2021,355,NOT_TUE_FRI
AUDJPY,2021-07-11,2021,0,NOT_TUE_FRI
AUDJPY,2021-07-12,2021,1075,NOT_TUE_FRI
AUDJPY,2021-07-13,2021,1440,ACCEPT
AUDJPY,2021-07-14,2021,1440,ACCEPT
AUDJPY,2021-07-15,2021,1440,ACCEPT
AUDJPY,2021-07-16,2021,1440,ACCEPT
AUDJPY,2021-07-17,2021,355,NOT_TUE_FRI
AUDJPY,2021-07-18,2021,0,NOT_TUE_FRI
AUDJPY,2021-07-19,2021,1077,NOT_TUE_FRI
AUDJPY,2021-07-20,2021,1440,ACCEPT
AUDJPY,2021-07-21,2021,1440,ACCEPT
AUDJPY,2021-07-22,2021,1440,ACCEPT
AUDJPY,2021-07-23,2021,1440,ACCEPT
AUDJPY,2021-07-24,2021,355,NOT_TUE_FRI
AUDJPY,2021-07-25,2021,0,NOT_TUE_FRI
AUDJPY,2021-07-26,2021,1078,NOT_TUE_FRI
AUDJPY,2021-07-27,2021,1440,ACCEPT
AUDJPY,2021-07-28,2021,1440,ACCEPT
AUDJPY,2021-07-29,2021,1440,ACCEPT
AUDJPY,2021-07-30,2021,1440,ACCEPT
AUDJPY,2021-07-31,2021,355,NOT_TUE_FRI
AUDJPY,2021-08-01,2021,0,NOT_TUE_FRI
AUDJPY,2021-08-02,2021,1075,NOT_TUE_FRI
AUDJPY,2021-08-03,2021,1440,ACCEPT
AUDJPY,2021-08-04,2021,1440,ACCEPT
AUDJPY,2021-08-05,2021,1439,ACCEPT
AUDJPY,2021-08-06,2021,1440,ACCEPT
AUDJPY,2021-08-07,2021,355,NOT_TUE_FRI
AUDJPY,2021-08-08,2021,0,NOT_TUE_FRI
AUDJPY,2021-08-09,2021,1076,NOT_TUE_FRI
AUDJPY,2021-08-10,2021,1439,ACCEPT
AUDJPY,2021-08-11,2021,1440,ACCEPT
AUDJPY,2021-08-12,2021,1440,ACCEPT
AUDJPY,2021-08-13,2021,1438,ACCEPT
AUDJPY,2021-08-14,2021,355,NOT_TUE_FRI
AUDJPY,2021-08-15,2021,0,NOT_TUE_FRI
AUDJPY,2021-08-16,2021,1076,NOT_TUE_FRI
AUDJPY,2021-08-17,2021,1440,ACCEPT
AUDJPY,2021-08-18,2021,1439,ACCEPT
AUDJPY,2021-08-19,2021,1439,ACCEPT
AUDJPY,2021-08-20,2021,1440,ACCEPT
AUDJPY,2021-08-21,2021,355,NOT_TUE_FRI
AUDJPY,2021-08-22,2021,0,NOT_TUE_FRI
AUDJPY,2021-08-23,2021,1078,NOT_TUE_FRI
AUDJPY,2021-08-24,2021,1440,ACCEPT
AUDJPY,2021-08-25,2021,1440,ACCEPT
AUDJPY,2021-08-26,2021,1440,ACCEPT
AUDJPY,2021-08-27,2021,1440,ACCEPT
AUDJPY,2021-08-28,2021,355,NOT_TUE_FRI
AUDJPY,2021-08-29,2021,0,NOT_TUE_FRI
AUDJPY,2021-08-30,2021,1077,NOT_TUE_FRI
AUDJPY,2021-08-31,2021,1440,ACCEPT
AUDJPY,2021-09-01,2021,1440,ACCEPT
AUDJPY,2021-09-02,2021,1440,ACCEPT
AUDJPY,2021-09-03,2021,1440,ACCEPT
AUDJPY,2021-09-04,2021,355,NOT_TUE_FRI
AUDJPY,2021-09-05,2021,0,NOT_TUE_FRI
AUDJPY,2021-09-06,2021,1076,NOT_TUE_FRI
AUDJPY,2021-09-07,2021,1437,ACCEPT
AUDJPY,2021-09-08,2021,1437,ACCEPT
AUDJPY,2021-09-09,2021,1440,ACCEPT
AUDJPY,2021-09-10,2021,1440,ACCEPT
AUDJPY,2021-09-11,2021,355,NOT_TUE_FRI
AUDJPY,2021-09-12,2021,0,NOT_TUE_FRI
AUDJPY,2021-09-13,2021,1075,NOT_TUE_FRI
AUDJPY,2021-09-14,2021,1440,ACCEPT
AUDJPY,2021-09-15,2021,1440,ACCEPT
AUDJPY,2021-09-16,2021,1440,ACCEPT
AUDJPY,2021-09-17,2021,1439,ACCEPT
AUDJPY,2021-09-18,2021,355,NOT_TUE_FRI
AUDJPY,2021-09-19,2021,0,NOT_TUE_FRI
AUDJPY,2021-09-20,2021,1078,NOT_TUE_FRI
AUDJPY,2021-09-21,2021,1439,ACCEPT
AUDJPY,2021-09-22,2021,1439,ACCEPT
AUDJPY,2021-09-23,2021,1439,ACCEPT
AUDJPY,2021-09-24,2021,1440,ACCEPT
AUDJPY,2021-09-25,2021,355,NOT_TUE_FRI
AUDJPY,2021-09-26,2021,0,NOT_TUE_FRI
AUDJPY,2021-09-27,2021,1078,NOT_TUE_FRI
AUDJPY,2021-09-28,2021,1439,ACCEPT
AUDJPY,2021-09-29,2021,1440,ACCEPT
AUDJPY,2021-09-30,2021,1440,ACCEPT
AUDJPY,2021-10-01,2021,1439,ACCEPT
AUDJPY,2021-10-02,2021,355,NOT_TUE_FRI
AUDJPY,2021-10-03,2021,0,NOT_TUE_FRI
AUDJPY,2021-10-04,2021,1079,NOT_TUE_FRI
AUDJPY,2021-10-05,2021,1439,ACCEPT
AUDJPY,2021-10-06,2021,1439,ACCEPT
AUDJPY,2021-10-07,2021,1440,ACCEPT
AUDJPY,2021-10-08,2021,1440,ACCEPT
AUDJPY,2021-10-09,2021,356,NOT_TUE_FRI
AUDJPY,2021-10-10,2021,0,NOT_TUE_FRI
AUDJPY,2021-10-11,2021,1078,NOT_TUE_FRI
AUDJPY,2021-10-12,2021,1440,ACCEPT
AUDJPY,2021-10-13,2021,1440,ACCEPT
AUDJPY,2021-10-14,2021,1440,ACCEPT
AUDJPY,2021-10-15,2021,1440,ACCEPT
AUDJPY,2021-10-16,2021,355,NOT_TUE_FRI
AUDJPY,2021-10-17,2021,0,NOT_TUE_FRI
AUDJPY,2021-10-18,2021,1079,NOT_TUE_FRI
AUDJPY,2021-10-19,2021,1440,ACCEPT
AUDJPY,2021-10-20,2021,1440,ACCEPT
AUDJPY,2021-10-21,2021,1439,ACCEPT
AUDJPY,2021-10-22,2021,1440,ACCEPT
AUDJPY,2021-10-23,2021,355,NOT_TUE_FRI
AUDJPY,2021-10-24,2021,0,NOT_TUE_FRI
AUDJPY,2021-10-25,2021,1077,NOT_TUE_FRI
AUDJPY,2021-10-26,2021,1440,ACCEPT
AUDJPY,2021-10-27,2021,1440,ACCEPT
AUDJPY,2021-10-28,2021,1439,ACCEPT
AUDJPY,2021-10-29,2021,1440,ACCEPT
AUDJPY,2021-10-30,2021,356,NOT_TUE_FRI
AUDJPY,2021-10-31,2021,0,NOT_TUE_FRI
AUDJPY,2021-11-01,2021,1020,NOT_TUE_FRI
AUDJPY,2021-11-02,2021,1439,ACCEPT
AUDJPY,2021-11-03,2021,1440,ACCEPT
AUDJPY,2021-11-04,2021,1440,ACCEPT
AUDJPY,2021-11-05,2021,1440,ACCEPT
AUDJPY,2021-11-06,2021,355,NOT_TUE_FRI
AUDJPY,2021-11-07,2021,0,NOT_TUE_FRI
AUDJPY,2021-11-08,2021,1018,NOT_TUE_FRI
AUDJPY,2021-11-09,2021,1440,ACCEPT
AUDJPY,2021-11-10,2021,1440,ACCEPT
AUDJPY,2021-11-11,2021,1440,ACCEPT
AUDJPY,2021-11-12,2021,1440,ACCEPT
AUDJPY,2021-11-13,2021,415,NOT_TUE_FRI
AUDJPY,2021-11-14,2021,0,NOT_TUE_FRI
AUDJPY,2021-11-15,2021,1018,NOT_TUE_FRI
AUDJPY,2021-11-16,2021,1440,ACCEPT
AUDJPY,2021-11-17,2021,1440,ACCEPT
AUDJPY,2021-11-18,2021,1440,ACCEPT
AUDJPY,2021-11-19,2021,1440,ACCEPT
AUDJPY,2021-11-20,2021,415,NOT_TUE_FRI
AUDJPY,2021-11-21,2021,0,NOT_TUE_FRI
AUDJPY,2021-11-22,2021,1017,NOT_TUE_FRI
AUDJPY,2021-11-23,2021,1440,ACCEPT
AUDJPY,2021-11-24,2021,1440,ACCEPT
AUDJPY,2021-11-25,2021,1440,ACCEPT
AUDJPY,2021-11-26,2021,1437,ACCEPT
AUDJPY,2021-11-27,2021,415,NOT_TUE_FRI
AUDJPY,2021-11-28,2021,0,NOT_TUE_FRI
AUDJPY,2021-11-29,2021,1018,NOT_TUE_FRI
AUDJPY,2021-11-30,2021,1440,ACCEPT
AUDJPY,2021-12-01,2021,1440,ACCEPT
AUDJPY,2021-12-02,2021,1440,ACCEPT
AUDJPY,2021-12-03,2021,1439,ACCEPT
AUDJPY,2021-12-04,2021,415,NOT_TUE_FRI
AUDJPY,2021-12-05,2021,0,NOT_TUE_FRI
AUDJPY,2021-12-06,2021,1018,NOT_TUE_FRI
AUDJPY,2021-12-07,2021,1440,ACCEPT
AUDJPY,2021-12-08,2021,1440,ACCEPT
AUDJPY,2021-12-09,2021,1440,ACCEPT
AUDJPY,2021-12-10,2021,1440,ACCEPT
AUDJPY,2021-12-11,2021,415,NOT_TUE_FRI
AUDJPY,2021-12-12,2021,0,NOT_TUE_FRI
AUDJPY,2021-12-13,2021,1019,NOT_TUE_FRI
AUDJPY,2021-12-14,2021,1437,ACCEPT
AUDJPY,2021-12-15,2021,1440,ACCEPT
AUDJPY,2021-12-16,2021,1440,ACCEPT
AUDJPY,2021-12-17,2021,1440,ACCEPT
AUDJPY,2021-12-18,2021,415,NOT_TUE_FRI
AUDJPY,2021-12-19,2021,0,NOT_TUE_FRI
AUDJPY,2021-12-20,2021,1018,NOT_TUE_FRI
AUDJPY,2021-12-21,2021,1440,ACCEPT
AUDJPY,2021-12-22,2021,1440,ACCEPT
AUDJPY,2021-12-23,2021,1440,ACCEPT
AUDJPY,2021-12-24,2021,1440,ACCEPT
AUDJPY,2021-12-25,2021,240,NOT_TUE_FRI
AUDJPY,2021-12-26,2021,0,NOT_TUE_FRI
AUDJPY,2021-12-27,2021,1016,NOT_TUE_FRI
AUDJPY,2021-12-28,2021,1438,YEAR_END
AUDJPY,2021-12-29,2021,1438,YEAR_END
AUDJPY,2021-12-30,2021,1440,YEAR_END
AUDJPY,2021-12-31,2021,1440,YEAR_END
AUDJPY,2022-01-01,2022,361,NOT_TUE_FRI
AUDJPY,2022-01-02,2022,0,NOT_TUE_FRI
AUDJPY,2022-01-03,2022,1015,NOT_TUE_FRI
AUDJPY,2022-01-04,2022,1440,ACCEPT
AUDJPY,2022-01-05,2022,1440,ACCEPT
AUDJPY,2022-01-06,2022,1440,ACCEPT
AUDJPY,2022-01-07,2022,1440,ACCEPT
AUDJPY,2022-01-08,2022,415,NOT_TUE_FRI
AUDJPY,2022-01-09,2022,0,NOT_TUE_FRI
AUDJPY,2022-01-10,2022,1018,NOT_TUE_FRI
AUDJPY,2022-01-11,2022,1439,ACCEPT
AUDJPY,2022-01-12,2022,1440,ACCEPT
AUDJPY,2022-01-13,2022,1440,ACCEPT
AUDJPY,2022-01-14,2022,1440,ACCEPT
AUDJPY,2022-01-15,2022,415,NOT_TUE_FRI
AUDJPY,2022-01-16,2022,0,NOT_TUE_FRI
AUDJPY,2022-01-17,2022,1018,NOT_TUE_FRI
AUDJPY,2022-01-18,2022,1440,ACCEPT
AUDJPY,2022-01-19,2022,1440,ACCEPT
AUDJPY,2022-01-20,2022,1440,ACCEPT
AUDJPY,2022-01-21,2022,1433,ACCEPT
AUDJPY,2022-01-22,2022,415,NOT_TUE_FRI
AUDJPY,2022-01-23,2022,0,NOT_TUE_FRI
AUDJPY,2022-01-24,2022,1018,NOT_TUE_FRI
AUDJPY,2022-01-25,2022,1440,ACCEPT
AUDJPY,2022-01-26,2022,1439,ACCEPT
AUDJPY,2022-01-27,2022,1440,ACCEPT
AUDJPY,2022-01-28,2022,1440,ACCEPT
AUDJPY,2022-01-29,2022,415,NOT_TUE_FRI
AUDJPY,2022-01-30,2022,0,NOT_TUE_FRI
AUDJPY,2022-01-31,2022,1018,NOT_TUE_FRI
AUDJPY,2022-02-01,2022,1440,ACCEPT
AUDJPY,2022-02-02,2022,1440,ACCEPT
AUDJPY,2022-02-03,2022,1440,ACCEPT
AUDJPY,2022-02-04,2022,1437,ACCEPT
AUDJPY,2022-02-05,2022,415,NOT_TUE_FRI
AUDJPY,2022-02-06,2022,0,NOT_TUE_FRI
AUDJPY,2022-02-07,2022,1015,NOT_TUE_FRI
AUDJPY,2022-02-08,2022,1440,ACCEPT
AUDJPY,2022-02-09,2022,1440,ACCEPT
AUDJPY,2022-02-10,2022,1440,ACCEPT
AUDJPY,2022-02-11,2022,1440,ACCEPT
AUDJPY,2022-02-12,2022,415,NOT_TUE_FRI
AUDJPY,2022-02-13,2022,0,NOT_TUE_FRI
AUDJPY,2022-02-14,2022,1018,NOT_TUE_FRI
AUDJPY,2022-02-15,2022,1440,ACCEPT
AUDJPY,2022-02-16,2022,1440,ACCEPT
AUDJPY,2022-02-17,2022,1440,ACCEPT
AUDJPY,2022-02-18,2022,1439,ACCEPT
AUDJPY,2022-02-19,2022,415,NOT_TUE_FRI
AUDJPY,2022-02-20,2022,0,NOT_TUE_FRI
AUDJPY,2022-02-21,2022,1019,NOT_TUE_FRI
AUDJPY,2022-02-22,2022,1440,ACCEPT
AUDJPY,2022-02-23,2022,1440,ACCEPT
AUDJPY,2022-02-24,2022,1440,ACCEPT
AUDJPY,2022-02-25,2022,1440,ACCEPT
AUDJPY,2022-02-26,2022,415,NOT_TUE_FRI
AUDJPY,2022-02-27,2022,0,NOT_TUE_FRI
AUDJPY,2022-02-28,2022,1019,NOT_TUE_FRI
AUDJPY,2022-03-01,2022,1440,ACCEPT
AUDJPY,2022-03-02,2022,1440,ACCEPT
AUDJPY,2022-03-03,2022,1440,ACCEPT
AUDJPY,2022-03-04,2022,1440,ACCEPT
AUDJPY,2022-03-05,2022,415,NOT_TUE_FRI
AUDJPY,2022-03-06,2022,0,NOT_TUE_FRI
AUDJPY,2022-03-07,2022,1018,NOT_TUE_FRI
AUDJPY,2022-03-08,2022,1440,ACCEPT
AUDJPY,2022-03-09,2022,1440,ACCEPT
AUDJPY,2022-03-10,2022,1440,ACCEPT
AUDJPY,2022-03-11,2022,1439,ACCEPT
AUDJPY,2022-03-12,2022,415,NOT_TUE_FRI
AUDJPY,2022-03-13,2022,0,NOT_TUE_FRI
AUDJPY,2022-03-14,2022,1020,NOT_TUE_FRI
AUDJPY,2022-03-15,2022,1440,ACCEPT
AUDJPY,2022-03-16,2022,1440,ACCEPT
AUDJPY,2022-03-17,2022,1427,GAP
AUDJPY,2022-03-18,2022,1440,ACCEPT
AUDJPY,2022-03-19,2022,355,NOT_TUE_FRI
AUDJPY,2022-03-20,2022,0,NOT_TUE_FRI
AUDJPY,2022-03-21,2022,1014,NOT_TUE_FRI
AUDJPY,2022-03-22,2022,1440,ACCEPT
AUDJPY,2022-03-23,2022,1440,ACCEPT
AUDJPY,2022-03-24,2022,1440,ACCEPT
AUDJPY,2022-03-25,2022,1440,ACCEPT
AUDJPY,2022-03-26,2022,355,NOT_TUE_FRI
AUDJPY,2022-03-27,2022,0,NOT_TUE_FRI
AUDJPY,2022-03-28,2022,1079,NOT_TUE_FRI
AUDJPY,2022-03-29,2022,1439,ACCEPT
AUDJPY,2022-03-30,2022,1439,ACCEPT
AUDJPY,2022-03-31,2022,1439,ACCEPT
AUDJPY,2022-04-01,2022,1438,ACCEPT
AUDJPY,2022-04-02,2022,355,NOT_TUE_FRI
AUDJPY,2022-04-03,2022,0,NOT_TUE_FRI
AUDJPY,2022-04-04,2022,1077,NOT_TUE_FRI
AUDJPY,2022-04-05,2022,1440,ACCEPT
AUDJPY,2022-04-06,2022,1440,ACCEPT
AUDJPY,2022-04-07,2022,1439,ACCEPT
AUDJPY,2022-04-08,2022,1440,ACCEPT
AUDJPY,2022-04-09,2022,355,NOT_TUE_FRI
AUDJPY,2022-04-10,2022,0,NOT_TUE_FRI
AUDJPY,2022-04-11,2022,1077,NOT_TUE_FRI
AUDJPY,2022-04-12,2022,1440,ACCEPT
AUDJPY,2022-04-13,2022,1440,ACCEPT
AUDJPY,2022-04-14,2022,1439,ACCEPT
AUDJPY,2022-04-15,2022,1440,ACCEPT
AUDJPY,2022-04-16,2022,355,NOT_TUE_FRI
AUDJPY,2022-04-17,2022,0,NOT_TUE_FRI
AUDJPY,2022-04-18,2022,1076,NOT_TUE_FRI
AUDJPY,2022-04-19,2022,1440,ACCEPT
AUDJPY,2022-04-20,2022,1440,ACCEPT
AUDJPY,2022-04-21,2022,1440,ACCEPT
AUDJPY,2022-04-22,2022,1440,ACCEPT
AUDJPY,2022-04-23,2022,355,NOT_TUE_FRI
AUDJPY,2022-04-24,2022,0,NOT_TUE_FRI
AUDJPY,2022-04-25,2022,1075,NOT_TUE_FRI
AUDJPY,2022-04-26,2022,1440,ACCEPT
AUDJPY,2022-04-27,2022,1440,ACCEPT
AUDJPY,2022-04-28,2022,1440,ACCEPT
AUDJPY,2022-04-29,2022,1439,ACCEPT
AUDJPY,2022-04-30,2022,356,NOT_TUE_FRI
AUDJPY,2022-05-01,2022,0,NOT_TUE_FRI
AUDJPY,2022-05-02,2022,1077,NOT_TUE_FRI
AUDJPY,2022-05-03,2022,1440,ACCEPT
AUDJPY,2022-05-04,2022,1440,ACCEPT
AUDJPY,2022-05-05,2022,1440,ACCEPT
AUDJPY,2022-05-06,2022,1439,ACCEPT
AUDJPY,2022-05-07,2022,356,NOT_TUE_FRI
AUDJPY,2022-05-08,2022,0,NOT_TUE_FRI
AUDJPY,2022-05-09,2022,1078,NOT_TUE_FRI
AUDJPY,2022-05-10,2022,1439,ACCEPT
AUDJPY,2022-05-11,2022,1440,ACCEPT
AUDJPY,2022-05-12,2022,1439,ACCEPT
AUDJPY,2022-05-13,2022,1439,ACCEPT
AUDJPY,2022-05-14,2022,355,NOT_TUE_FRI
AUDJPY,2022-05-15,2022,0,NOT_TUE_FRI
AUDJPY,2022-05-16,2022,1077,NOT_TUE_FRI
AUDJPY,2022-05-17,2022,1439,ACCEPT
AUDJPY,2022-05-18,2022,1440,ACCEPT
AUDJPY,2022-05-19,2022,1440,ACCEPT
AUDJPY,2022-05-20,2022,1439,ACCEPT
AUDJPY,2022-05-21,2022,355,NOT_TUE_FRI
AUDJPY,2022-05-22,2022,0,NOT_TUE_FRI
AUDJPY,2022-05-23,2022,1077,NOT_TUE_FRI
AUDJPY,2022-05-24,2022,1440,ACCEPT
AUDJPY,2022-05-25,2022,1440,ACCEPT
AUDJPY,2022-05-26,2022,1439,ACCEPT
AUDJPY,2022-05-27,2022,1439,ACCEPT
AUDJPY,2022-05-28,2022,355,NOT_TUE_FRI
AUDJPY,2022-05-29,2022,0,NOT_TUE_FRI
AUDJPY,2022-05-30,2022,1076,NOT_TUE_FRI
AUDJPY,2022-05-31,2022,1439,ACCEPT
AUDJPY,2022-06-01,2022,1440,ACCEPT
AUDJPY,2022-06-02,2022,1439,ACCEPT
AUDJPY,2022-06-03,2022,1440,ACCEPT
AUDJPY,2022-06-04,2022,355,NOT_TUE_FRI
AUDJPY,2022-06-05,2022,0,NOT_TUE_FRI
AUDJPY,2022-06-06,2022,1078,NOT_TUE_FRI
AUDJPY,2022-06-07,2022,1440,ACCEPT
AUDJPY,2022-06-08,2022,1440,ACCEPT
AUDJPY,2022-06-09,2022,1440,ACCEPT
AUDJPY,2022-06-10,2022,1440,ACCEPT
AUDJPY,2022-06-11,2022,355,NOT_TUE_FRI
AUDJPY,2022-06-12,2022,0,NOT_TUE_FRI
AUDJPY,2022-06-13,2022,1078,NOT_TUE_FRI
AUDJPY,2022-06-14,2022,1440,ACCEPT
AUDJPY,2022-06-15,2022,1440,ACCEPT
AUDJPY,2022-06-16,2022,1440,ACCEPT
AUDJPY,2022-06-17,2022,1439,ACCEPT
AUDJPY,2022-06-18,2022,355,NOT_TUE_FRI
AUDJPY,2022-06-19,2022,0,NOT_TUE_FRI
AUDJPY,2022-06-20,2022,1077,NOT_TUE_FRI
AUDJPY,2022-06-21,2022,1439,ACCEPT
AUDJPY,2022-06-22,2022,1439,ACCEPT
AUDJPY,2022-06-23,2022,1440,ACCEPT
AUDJPY,2022-06-24,2022,1439,ACCEPT
AUDJPY,2022-06-25,2022,355,NOT_TUE_FRI
AUDJPY,2022-06-26,2022,0,NOT_TUE_FRI
AUDJPY,2022-06-27,2022,1072,NOT_TUE_FRI
AUDJPY,2022-06-28,2022,1440,ACCEPT
AUDJPY,2022-06-29,2022,1440,ACCEPT
AUDJPY,2022-06-30,2022,1440,ACCEPT
AUDJPY,2022-07-01,2022,1439,ACCEPT
AUDJPY,2022-07-02,2022,355,NOT_TUE_FRI
AUDJPY,2022-07-03,2022,0,NOT_TUE_FRI
AUDJPY,2022-07-04,2022,1077,NOT_TUE_FRI
AUDJPY,2022-07-05,2022,1440,ACCEPT
AUDJPY,2022-07-06,2022,1440,ACCEPT
AUDJPY,2022-07-07,2022,1440,ACCEPT
AUDJPY,2022-07-08,2022,1440,ACCEPT
AUDJPY,2022-07-09,2022,355,NOT_TUE_FRI
AUDJPY,2022-07-10,2022,0,NOT_TUE_FRI
AUDJPY,2022-07-11,2022,1079,NOT_TUE_FRI
AUDJPY,2022-07-12,2022,1440,ACCEPT
AUDJPY,2022-07-13,2022,1439,ACCEPT
AUDJPY,2022-07-14,2022,1439,ACCEPT
AUDJPY,2022-07-15,2022,1440,ACCEPT
AUDJPY,2022-07-16,2022,355,NOT_TUE_FRI
AUDJPY,2022-07-17,2022,0,NOT_TUE_FRI
AUDJPY,2022-07-18,2022,1073,NOT_TUE_FRI
AUDJPY,2022-07-19,2022,1439,ACCEPT
AUDJPY,2022-07-20,2022,1440,ACCEPT
AUDJPY,2022-07-21,2022,1436,ACCEPT
AUDJPY,2022-07-22,2022,1439,ACCEPT
AUDJPY,2022-07-23,2022,355,NOT_TUE_FRI
AUDJPY,2022-07-24,2022,0,NOT_TUE_FRI
AUDJPY,2022-07-25,2022,1074,NOT_TUE_FRI
AUDJPY,2022-07-26,2022,1439,ACCEPT
AUDJPY,2022-07-27,2022,1437,ACCEPT
AUDJPY,2022-07-28,2022,1438,ACCEPT
AUDJPY,2022-07-29,2022,1436,ACCEPT
AUDJPY,2022-07-30,2022,355,NOT_TUE_FRI
AUDJPY,2022-07-31,2022,0,NOT_TUE_FRI
AUDJPY,2022-08-01,2022,1073,NOT_TUE_FRI
AUDJPY,2022-08-02,2022,1438,ACCEPT
AUDJPY,2022-08-03,2022,1440,ACCEPT
AUDJPY,2022-08-04,2022,1438,ACCEPT
AUDJPY,2022-08-05,2022,1438,ACCEPT
AUDJPY,2022-08-06,2022,355,NOT_TUE_FRI
AUDJPY,2022-08-07,2022,0,NOT_TUE_FRI
AUDJPY,2022-08-08,2022,1077,NOT_TUE_FRI
AUDJPY,2022-08-09,2022,1439,ACCEPT
AUDJPY,2022-08-10,2022,1434,ACCEPT
AUDJPY,2022-08-11,2022,1433,ACCEPT
AUDJPY,2022-08-12,2022,1438,ACCEPT
AUDJPY,2022-08-13,2022,355,NOT_TUE_FRI
AUDJPY,2022-08-14,2022,0,NOT_TUE_FRI
AUDJPY,2022-08-15,2022,1072,NOT_TUE_FRI
AUDJPY,2022-08-16,2022,1439,ACCEPT
AUDJPY,2022-08-17,2022,1439,ACCEPT
AUDJPY,2022-08-18,2022,1440,ACCEPT
AUDJPY,2022-08-19,2022,1440,ACCEPT
AUDJPY,2022-08-20,2022,355,NOT_TUE_FRI
AUDJPY,2022-08-21,2022,0,NOT_TUE_FRI
AUDJPY,2022-08-22,2022,1070,NOT_TUE_FRI
AUDJPY,2022-08-23,2022,1436,ACCEPT
AUDJPY,2022-08-24,2022,1439,ACCEPT
AUDJPY,2022-08-25,2022,1438,ACCEPT
AUDJPY,2022-08-26,2022,1436,ACCEPT
AUDJPY,2022-08-27,2022,355,NOT_TUE_FRI
AUDJPY,2022-08-28,2022,0,NOT_TUE_FRI
AUDJPY,2022-08-29,2022,1068,NOT_TUE_FRI
AUDJPY,2022-08-30,2022,1433,ACCEPT
AUDJPY,2022-08-31,2022,1433,ACCEPT
AUDJPY,2022-09-01,2022,1435,ACCEPT
AUDJPY,2022-09-02,2022,1431,ACCEPT
AUDJPY,2022-09-03,2022,354,NOT_TUE_FRI
AUDJPY,2022-09-04,2022,0,NOT_TUE_FRI
AUDJPY,2022-09-05,2022,1076,NOT_TUE_FRI
AUDJPY,2022-09-06,2022,1403,ACCEPT
AUDJPY,2022-09-07,2022,1436,ACCEPT
AUDJPY,2022-09-08,2022,1434,ACCEPT
AUDJPY,2022-09-09,2022,1438,ACCEPT
AUDJPY,2022-09-10,2022,355,NOT_TUE_FRI
AUDJPY,2022-09-11,2022,0,NOT_TUE_FRI
AUDJPY,2022-09-12,2022,1068,NOT_TUE_FRI
AUDJPY,2022-09-13,2022,1439,ACCEPT
AUDJPY,2022-09-14,2022,1437,ACCEPT
AUDJPY,2022-09-15,2022,1432,ACCEPT
AUDJPY,2022-09-16,2022,1435,ACCEPT
AUDJPY,2022-09-17,2022,355,NOT_TUE_FRI
AUDJPY,2022-09-18,2022,0,NOT_TUE_FRI
AUDJPY,2022-09-19,2022,1062,NOT_TUE_FRI
AUDJPY,2022-09-20,2022,1440,ACCEPT
AUDJPY,2022-09-21,2022,1439,ACCEPT
AUDJPY,2022-09-22,2022,1439,ACCEPT
AUDJPY,2022-09-23,2022,1440,ACCEPT
AUDJPY,2022-09-24,2022,355,NOT_TUE_FRI
AUDJPY,2022-09-25,2022,0,NOT_TUE_FRI
AUDJPY,2022-09-26,2022,1078,NOT_TUE_FRI
AUDJPY,2022-09-27,2022,1440,ACCEPT
AUDJPY,2022-09-28,2022,1440,ACCEPT
AUDJPY,2022-09-29,2022,1440,ACCEPT
AUDJPY,2022-09-30,2022,1438,ACCEPT
AUDJPY,2022-10-01,2022,355,NOT_TUE_FRI
AUDJPY,2022-10-02,2022,0,NOT_TUE_FRI
AUDJPY,2022-10-03,2022,1077,NOT_TUE_FRI
AUDJPY,2022-10-04,2022,1440,ACCEPT
AUDJPY,2022-10-05,2022,1440,ACCEPT
AUDJPY,2022-10-06,2022,1440,ACCEPT
AUDJPY,2022-10-07,2022,1440,ACCEPT
AUDJPY,2022-10-08,2022,355,NOT_TUE_FRI
AUDJPY,2022-10-09,2022,0,NOT_TUE_FRI
AUDJPY,2022-10-10,2022,1078,NOT_TUE_FRI
AUDJPY,2022-10-11,2022,1438,ACCEPT
AUDJPY,2022-10-12,2022,1440,ACCEPT
AUDJPY,2022-10-13,2022,1440,ACCEPT
AUDJPY,2022-10-14,2022,1439,ACCEPT
AUDJPY,2022-10-15,2022,355,NOT_TUE_FRI
AUDJPY,2022-10-16,2022,0,NOT_TUE_FRI
AUDJPY,2022-10-17,2022,1078,NOT_TUE_FRI
AUDJPY,2022-10-18,2022,1440,ACCEPT
AUDJPY,2022-10-19,2022,1440,ACCEPT
AUDJPY,2022-10-20,2022,1440,ACCEPT
AUDJPY,2022-10-21,2022,1438,ACCEPT
AUDJPY,2022-10-22,2022,355,NOT_TUE_FRI
AUDJPY,2022-10-23,2022,0,NOT_TUE_FRI
AUDJPY,2022-10-24,2022,1077,NOT_TUE_FRI
AUDJPY,2022-10-25,2022,1439,ACCEPT
AUDJPY,2022-10-26,2022,1439,ACCEPT
AUDJPY,2022-10-27,2022,1439,ACCEPT
AUDJPY,2022-10-28,2022,1439,ACCEPT
AUDJPY,2022-10-29,2022,355,NOT_TUE_FRI
AUDJPY,2022-10-30,2022,0,NOT_TUE_FRI
AUDJPY,2022-10-31,2022,1020,NOT_TUE_FRI
AUDJPY,2022-11-01,2022,1439,ACCEPT
AUDJPY,2022-11-02,2022,1437,ACCEPT
AUDJPY,2022-11-03,2022,1439,ACCEPT
AUDJPY,2022-11-04,2022,1438,ACCEPT
AUDJPY,2022-11-05,2022,355,NOT_TUE_FRI
AUDJPY,2022-11-06,2022,0,NOT_TUE_FRI
AUDJPY,2022-11-07,2022,1018,NOT_TUE_FRI
AUDJPY,2022-11-08,2022,1439,ACCEPT
AUDJPY,2022-11-09,2022,1439,ACCEPT
AUDJPY,2022-11-10,2022,1439,ACCEPT
AUDJPY,2022-11-11,2022,1440,ACCEPT
AUDJPY,2022-11-12,2022,415,NOT_TUE_FRI
AUDJPY,2022-11-13,2022,0,NOT_TUE_FRI
AUDJPY,2022-11-14,2022,1019,NOT_TUE_FRI
AUDJPY,2022-11-15,2022,1439,ACCEPT
AUDJPY,2022-11-16,2022,1439,ACCEPT
AUDJPY,2022-11-17,2022,1439,ACCEPT
AUDJPY,2022-11-18,2022,1439,ACCEPT
AUDJPY,2022-11-19,2022,415,NOT_TUE_FRI
AUDJPY,2022-11-20,2022,0,NOT_TUE_FRI
AUDJPY,2022-11-21,2022,1019,NOT_TUE_FRI
AUDJPY,2022-11-22,2022,1440,ACCEPT
AUDJPY,2022-11-23,2022,1440,ACCEPT
AUDJPY,2022-11-24,2022,1439,ACCEPT
AUDJPY,2022-11-25,2022,1439,ACCEPT
AUDJPY,2022-11-26,2022,415,NOT_TUE_FRI
AUDJPY,2022-11-27,2022,0,NOT_TUE_FRI
AUDJPY,2022-11-28,2022,1018,NOT_TUE_FRI
AUDJPY,2022-11-29,2022,1439,ACCEPT
AUDJPY,2022-11-30,2022,1439,ACCEPT
AUDJPY,2022-12-01,2022,1440,ACCEPT
AUDJPY,2022-12-02,2022,1439,ACCEPT
AUDJPY,2022-12-03,2022,415,NOT_TUE_FRI
AUDJPY,2022-12-04,2022,0,NOT_TUE_FRI
AUDJPY,2022-12-05,2022,1018,NOT_TUE_FRI
AUDJPY,2022-12-06,2022,1439,ACCEPT
AUDJPY,2022-12-07,2022,1439,ACCEPT
AUDJPY,2022-12-08,2022,1440,ACCEPT
AUDJPY,2022-12-09,2022,1438,ACCEPT
AUDJPY,2022-12-10,2022,415,NOT_TUE_FRI
AUDJPY,2022-12-11,2022,0,NOT_TUE_FRI
AUDJPY,2022-12-12,2022,1017,NOT_TUE_FRI
AUDJPY,2022-12-13,2022,1440,ACCEPT
AUDJPY,2022-12-14,2022,1435,ACCEPT
AUDJPY,2022-12-15,2022,1440,ACCEPT
AUDJPY,2022-12-16,2022,1439,ACCEPT
AUDJPY,2022-12-17,2022,415,NOT_TUE_FRI
AUDJPY,2022-12-18,2022,0,NOT_TUE_FRI
AUDJPY,2022-12-19,2022,1018,NOT_TUE_FRI
AUDJPY,2022-12-20,2022,1439,ACCEPT
AUDJPY,2022-12-21,2022,1439,ACCEPT
AUDJPY,2022-12-22,2022,1437,ACCEPT
AUDJPY,2022-12-23,2022,1439,ACCEPT
AUDJPY,2022-12-24,2022,415,NOT_TUE_FRI
AUDJPY,2022-12-25,2022,0,NOT_TUE_FRI
AUDJPY,2022-12-26,2022,296,NOT_TUE_FRI
AUDJPY,2022-12-27,2022,1332,YEAR_END
AUDJPY,2022-12-28,2022,1439,YEAR_END
AUDJPY,2022-12-29,2022,1437,YEAR_END
AUDJPY,2022-12-30,2022,1439,YEAR_END
AUDJPY,2022-12-31,2022,416,NOT_TUE_FRI
AUDJPY,2023-01-01,2023,0,NOT_TUE_FRI
AUDJPY,2023-01-02,2023,525,NOT_TUE_FRI
AUDJPY,2023-01-03,2023,1425,YEAR_END
AUDJPY,2023-01-04,2023,1439,ACCEPT
AUDJPY,2023-01-05,2023,1438,ACCEPT
AUDJPY,2023-01-06,2023,1440,ACCEPT
AUDJPY,2023-01-07,2023,415,NOT_TUE_FRI
AUDJPY,2023-01-08,2023,0,NOT_TUE_FRI
AUDJPY,2023-01-09,2023,1019,NOT_TUE_FRI
AUDJPY,2023-01-10,2023,1437,ACCEPT
AUDJPY,2023-01-11,2023,1437,ACCEPT
AUDJPY,2023-01-12,2023,1438,ACCEPT
AUDJPY,2023-01-13,2023,1437,ACCEPT
AUDJPY,2023-01-14,2023,415,NOT_TUE_FRI
AUDJPY,2023-01-15,2023,0,NOT_TUE_FRI
AUDJPY,2023-01-16,2023,1014,NOT_TUE_FRI
AUDJPY,2023-01-17,2023,1439,ACCEPT
AUDJPY,2023-01-18,2023,1439,ACCEPT
AUDJPY,2023-01-19,2023,1440,ACCEPT
AUDJPY,2023-01-20,2023,1440,ACCEPT
AUDJPY,2023-01-21,2023,415,NOT_TUE_FRI
AUDJPY,2023-01-22,2023,0,NOT_TUE_FRI
AUDJPY,2023-01-23,2023,1018,NOT_TUE_FRI
AUDJPY,2023-01-24,2023,1439,ACCEPT
AUDJPY,2023-01-25,2023,1440,ACCEPT
AUDJPY,2023-01-26,2023,1440,ACCEPT
AUDJPY,2023-01-27,2023,1439,ACCEPT
AUDJPY,2023-01-28,2023,415,NOT_TUE_FRI
AUDJPY,2023-01-29,2023,0,NOT_TUE_FRI
AUDJPY,2023-01-30,2023,1018,NOT_TUE_FRI
AUDJPY,2023-01-31,2023,1440,ACCEPT
AUDJPY,2023-02-01,2023,1439,ACCEPT
AUDJPY,2023-02-02,2023,1439,ACCEPT
AUDJPY,2023-02-03,2023,1439,ACCEPT
AUDJPY,2023-02-04,2023,415,NOT_TUE_FRI
AUDJPY,2023-02-05,2023,0,NOT_TUE_FRI
AUDJPY,2023-02-06,2023,1018,NOT_TUE_FRI
AUDJPY,2023-02-07,2023,1439,ACCEPT
AUDJPY,2023-02-08,2023,1438,ACCEPT
AUDJPY,2023-02-09,2023,1439,ACCEPT
AUDJPY,2023-02-10,2023,1439,ACCEPT
AUDJPY,2023-02-11,2023,415,NOT_TUE_FRI
AUDJPY,2023-02-12,2023,0,NOT_TUE_FRI
AUDJPY,2023-02-13,2023,1018,NOT_TUE_FRI
AUDJPY,2023-02-14,2023,1439,ACCEPT
AUDJPY,2023-02-15,2023,1439,ACCEPT
AUDJPY,2023-02-16,2023,1438,ACCEPT
AUDJPY,2023-02-17,2023,1438,ACCEPT
AUDJPY,2023-02-18,2023,415,NOT_TUE_FRI
AUDJPY,2023-02-19,2023,0,NOT_TUE_FRI
AUDJPY,2023-02-20,2023,1018,NOT_TUE_FRI
AUDJPY,2023-02-21,2023,1439,ACCEPT
AUDJPY,2023-02-22,2023,1439,ACCEPT
AUDJPY,2023-02-23,2023,1439,ACCEPT
AUDJPY,2023-02-24,2023,1440,ACCEPT
AUDJPY,2023-02-25,2023,415,NOT_TUE_FRI
AUDJPY,2023-02-26,2023,0,NOT_TUE_FRI
AUDJPY,2023-02-27,2023,1013,NOT_TUE_FRI
AUDJPY,2023-02-28,2023,1433,ACCEPT
AUDJPY,2023-03-01,2023,1434,ACCEPT
AUDJPY,2023-03-02,2023,1431,ACCEPT
AUDJPY,2023-03-03,2023,1434,ACCEPT
AUDJPY,2023-03-04,2023,415,NOT_TUE_FRI
AUDJPY,2023-03-05,2023,0,NOT_TUE_FRI
AUDJPY,2023-03-06,2023,1019,NOT_TUE_FRI
AUDJPY,2023-03-07,2023,1433,ACCEPT
AUDJPY,2023-03-08,2023,1434,ACCEPT
AUDJPY,2023-03-09,2023,1434,ACCEPT
AUDJPY,2023-03-10,2023,1433,ACCEPT
AUDJPY,2023-03-11,2023,415,NOT_TUE_FRI
AUDJPY,2023-03-12,2023,0,NOT_TUE_FRI
AUDJPY,2023-03-13,2023,1020,NOT_TUE_FRI
AUDJPY,2023-03-14,2023,1433,ACCEPT
AUDJPY,2023-03-15,2023,1432,ACCEPT
AUDJPY,2023-03-16,2023,1431,ACCEPT
AUDJPY,2023-03-17,2023,1433,ACCEPT
AUDJPY,2023-03-18,2023,355,NOT_TUE_FRI
AUDJPY,2023-03-19,2023,0,NOT_TUE_FRI
AUDJPY,2023-03-20,2023,1020,NOT_TUE_FRI
AUDJPY,2023-03-21,2023,1431,ACCEPT
AUDJPY,2023-03-22,2023,1432,ACCEPT
AUDJPY,2023-03-23,2023,1432,ACCEPT
AUDJPY,2023-03-24,2023,1434,ACCEPT
AUDJPY,2023-03-25,2023,354,NOT_TUE_FRI
AUDJPY,2023-03-26,2023,0,NOT_TUE_FRI
AUDJPY,2023-03-27,2023,1076,NOT_TUE_FRI
AUDJPY,2023-03-28,2023,1434,ACCEPT
AUDJPY,2023-03-29,2023,1433,ACCEPT
AUDJPY,2023-03-30,2023,1434,ACCEPT
AUDJPY,2023-03-31,2023,1434,ACCEPT
AUDJPY,2023-04-01,2023,355,NOT_TUE_FRI
AUDJPY,2023-04-02,2023,0,NOT_TUE_FRI
AUDJPY,2023-04-03,2023,1079,NOT_TUE_FRI
AUDJPY,2023-04-04,2023,1430,ACCEPT
AUDJPY,2023-04-05,2023,1431,ACCEPT
AUDJPY,2023-04-06,2023,1432,ACCEPT
AUDJPY,2023-04-07,2023,1427,ACCEPT
AUDJPY,2023-04-08,2023,354,NOT_TUE_FRI
AUDJPY,2023-04-09,2023,0,NOT_TUE_FRI
AUDJPY,2023-04-10,2023,1063,NOT_TUE_FRI
AUDJPY,2023-04-11,2023,1432,ACCEPT
AUDJPY,2023-04-12,2023,1431,ACCEPT
AUDJPY,2023-04-13,2023,1432,ACCEPT
AUDJPY,2023-04-14,2023,1434,ACCEPT
AUDJPY,2023-04-15,2023,355,NOT_TUE_FRI
AUDJPY,2023-04-16,2023,0,NOT_TUE_FRI
AUDJPY,2023-04-17,2023,1075,NOT_TUE_FRI
AUDJPY,2023-04-18,2023,1433,ACCEPT
AUDJPY,2023-04-19,2023,1429,ACCEPT
AUDJPY,2023-04-20,2023,1434,ACCEPT
AUDJPY,2023-04-21,2023,1433,ACCEPT
AUDJPY,2023-04-22,2023,355,NOT_TUE_FRI
AUDJPY,2023-04-23,2023,0,NOT_TUE_FRI
AUDJPY,2023-04-24,2023,1077,NOT_TUE_FRI
AUDJPY,2023-04-25,2023,1434,ACCEPT
AUDJPY,2023-04-26,2023,1434,ACCEPT
AUDJPY,2023-04-27,2023,1434,ACCEPT
AUDJPY,2023-04-28,2023,1434,ACCEPT
AUDJPY,2023-04-29,2023,355,NOT_TUE_FRI
AUDJPY,2023-04-30,2023,0,NOT_TUE_FRI
AUDJPY,2023-05-01,2023,1077,NOT_TUE_FRI
AUDJPY,2023-05-02,2023,1433,ACCEPT
AUDJPY,2023-05-03,2023,1428,ACCEPT
AUDJPY,2023-05-04,2023,1434,ACCEPT
AUDJPY,2023-05-05,2023,1432,ACCEPT
AUDJPY,2023-05-06,2023,356,NOT_TUE_FRI
AUDJPY,2023-05-07,2023,0,NOT_TUE_FRI
AUDJPY,2023-05-08,2023,1076,NOT_TUE_FRI
AUDJPY,2023-05-09,2023,1434,ACCEPT
AUDJPY,2023-05-10,2023,1434,ACCEPT
AUDJPY,2023-05-11,2023,1434,ACCEPT
AUDJPY,2023-05-12,2023,1434,ACCEPT
AUDJPY,2023-05-13,2023,355,NOT_TUE_FRI
AUDJPY,2023-05-14,2023,0,NOT_TUE_FRI
AUDJPY,2023-05-15,2023,1077,NOT_TUE_FRI
AUDJPY,2023-05-16,2023,1433,ACCEPT
AUDJPY,2023-05-17,2023,1431,ACCEPT
AUDJPY,2023-05-18,2023,1434,ACCEPT
AUDJPY,2023-05-19,2023,1432,ACCEPT
AUDJPY,2023-05-20,2023,355,NOT_TUE_FRI
AUDJPY,2023-05-21,2023,0,NOT_TUE_FRI
AUDJPY,2023-05-22,2023,1077,NOT_TUE_FRI
AUDJPY,2023-05-23,2023,1433,ACCEPT
AUDJPY,2023-05-24,2023,1430,ACCEPT
AUDJPY,2023-05-25,2023,1434,ACCEPT
AUDJPY,2023-05-26,2023,1434,ACCEPT
AUDJPY,2023-05-27,2023,355,NOT_TUE_FRI
AUDJPY,2023-05-28,2023,0,NOT_TUE_FRI
AUDJPY,2023-05-29,2023,1079,NOT_TUE_FRI
AUDJPY,2023-05-30,2023,1432,ACCEPT
AUDJPY,2023-05-31,2023,1430,ACCEPT
AUDJPY,2023-06-01,2023,1433,ACCEPT
AUDJPY,2023-06-02,2023,1431,ACCEPT
AUDJPY,2023-06-03,2023,355,NOT_TUE_FRI
AUDJPY,2023-06-04,2023,0,NOT_TUE_FRI
AUDJPY,2023-06-05,2023,1074,NOT_TUE_FRI
AUDJPY,2023-06-06,2023,1434,ACCEPT
AUDJPY,2023-06-07,2023,1433,ACCEPT
AUDJPY,2023-06-08,2023,1426,ACCEPT
AUDJPY,2023-06-09,2023,1425,ACCEPT
AUDJPY,2023-06-10,2023,354,NOT_TUE_FRI
AUDJPY,2023-06-11,2023,0,NOT_TUE_FRI
AUDJPY,2023-06-12,2023,1073,NOT_TUE_FRI
AUDJPY,2023-06-13,2023,1433,ACCEPT
AUDJPY,2023-06-14,2023,1433,ACCEPT
AUDJPY,2023-06-15,2023,1434,ACCEPT
AUDJPY,2023-06-16,2023,1433,ACCEPT
AUDJPY,2023-06-17,2023,355,NOT_TUE_FRI
AUDJPY,2023-06-18,2023,0,NOT_TUE_FRI
AUDJPY,2023-06-19,2023,1077,NOT_TUE_FRI
AUDJPY,2023-06-20,2023,1434,ACCEPT
AUDJPY,2023-06-21,2023,1440,ACCEPT
AUDJPY,2023-06-22,2023,1440,ACCEPT
AUDJPY,2023-06-23,2023,1440,ACCEPT
AUDJPY,2023-06-24,2023,359,NOT_TUE_FRI
AUDJPY,2023-06-25,2023,0,NOT_TUE_FRI
AUDJPY,2023-06-26,2023,1077,NOT_TUE_FRI
AUDJPY,2023-06-27,2023,1440,ACCEPT
AUDJPY,2023-06-28,2023,1409,ACCEPT
AUDJPY,2023-06-29,2023,1440,ACCEPT
AUDJPY,2023-06-30,2023,1439,ACCEPT
AUDJPY,2023-07-01,2023,359,NOT_TUE_FRI
AUDJPY,2023-07-02,2023,0,NOT_TUE_FRI
AUDJPY,2023-07-03,2023,1076,NOT_TUE_FRI
AUDJPY,2023-07-04,2023,1439,ACCEPT
AUDJPY,2023-07-05,2023,1440,ACCEPT
AUDJPY,2023-07-06,2023,1439,ACCEPT
AUDJPY,2023-07-07,2023,1440,ACCEPT
AUDJPY,2023-07-08,2023,359,NOT_TUE_FRI
AUDJPY,2023-07-09,2023,0,NOT_TUE_FRI
AUDJPY,2023-07-10,2023,1079,NOT_TUE_FRI
AUDJPY,2023-07-11,2023,1440,ACCEPT
AUDJPY,2023-07-12,2023,1440,ACCEPT
AUDJPY,2023-07-13,2023,1440,ACCEPT
AUDJPY,2023-07-14,2023,1440,ACCEPT
AUDJPY,2023-07-15,2023,248,NOT_TUE_FRI
AUDJPY,2023-07-16,2023,0,NOT_TUE_FRI
AUDJPY,2023-07-17,2023,1079,NOT_TUE_FRI
AUDJPY,2023-07-18,2023,1440,ACCEPT
AUDJPY,2023-07-19,2023,1439,ACCEPT
AUDJPY,2023-07-20,2023,1440,ACCEPT
AUDJPY,2023-07-21,2023,1440,ACCEPT
AUDJPY,2023-07-22,2023,359,NOT_TUE_FRI
AUDJPY,2023-07-23,2023,0,NOT_TUE_FRI
AUDJPY,2023-07-24,2023,1080,NOT_TUE_FRI
AUDJPY,2023-07-25,2023,1439,ACCEPT
AUDJPY,2023-07-26,2023,1440,ACCEPT
AUDJPY,2023-07-27,2023,1440,ACCEPT
AUDJPY,2023-07-28,2023,1440,ACCEPT
AUDJPY,2023-07-29,2023,359,NOT_TUE_FRI
AUDJPY,2023-07-30,2023,0,NOT_TUE_FRI
AUDJPY,2023-07-31,2023,1075,NOT_TUE_FRI
AUDJPY,2023-08-01,2023,1440,ACCEPT
AUDJPY,2023-08-02,2023,1440,ACCEPT
AUDJPY,2023-08-03,2023,1440,ACCEPT
AUDJPY,2023-08-04,2023,1439,ACCEPT
AUDJPY,2023-08-05,2023,359,NOT_TUE_FRI
AUDJPY,2023-08-06,2023,0,NOT_TUE_FRI
AUDJPY,2023-08-07,2023,1077,NOT_TUE_FRI
AUDJPY,2023-08-08,2023,1440,ACCEPT
AUDJPY,2023-08-09,2023,1440,ACCEPT
AUDJPY,2023-08-10,2023,1440,ACCEPT
AUDJPY,2023-08-11,2023,1439,ACCEPT
AUDJPY,2023-08-12,2023,333,NOT_TUE_FRI
AUDJPY,2023-08-13,2023,0,NOT_TUE_FRI
AUDJPY,2023-08-14,2023,1080,NOT_TUE_FRI
AUDJPY,2023-08-15,2023,1440,ACCEPT
AUDJPY,2023-08-16,2023,1439,ACCEPT
AUDJPY,2023-08-17,2023,1439,ACCEPT
AUDJPY,2023-08-18,2023,1440,ACCEPT
AUDJPY,2023-08-19,2023,359,NOT_TUE_FRI
AUDJPY,2023-08-20,2023,0,NOT_TUE_FRI
AUDJPY,2023-08-21,2023,1079,NOT_TUE_FRI
AUDJPY,2023-08-22,2023,1440,ACCEPT
AUDJPY,2023-08-23,2023,1440,ACCEPT
AUDJPY,2023-08-24,2023,1440,ACCEPT
AUDJPY,2023-08-25,2023,1440,ACCEPT
AUDJPY,2023-08-26,2023,359,NOT_TUE_FRI
AUDJPY,2023-08-27,2023,0,NOT_TUE_FRI
AUDJPY,2023-08-28,2023,1077,NOT_TUE_FRI
AUDJPY,2023-08-29,2023,1440,ACCEPT
AUDJPY,2023-08-30,2023,1440,ACCEPT
AUDJPY,2023-08-31,2023,1413,GAP
AUDJPY,2023-09-01,2023,1440,ACCEPT
AUDJPY,2023-09-02,2023,359,NOT_TUE_FRI
AUDJPY,2023-09-03,2023,0,NOT_TUE_FRI
AUDJPY,2023-09-04,2023,1077,NOT_TUE_FRI
AUDJPY,2023-09-05,2023,1440,ACCEPT
AUDJPY,2023-09-06,2023,1440,ACCEPT
AUDJPY,2023-09-07,2023,1440,ACCEPT
AUDJPY,2023-09-08,2023,1440,ACCEPT
AUDJPY,2023-09-09,2023,359,NOT_TUE_FRI
AUDJPY,2023-09-10,2023,0,NOT_TUE_FRI
AUDJPY,2023-09-11,2023,1080,NOT_TUE_FRI
AUDJPY,2023-09-12,2023,1440,ACCEPT
AUDJPY,2023-09-13,2023,1440,ACCEPT
AUDJPY,2023-09-14,2023,1439,ACCEPT
AUDJPY,2023-09-15,2023,1440,ACCEPT
AUDJPY,2023-09-16,2023,359,NOT_TUE_FRI
AUDJPY,2023-09-17,2023,0,NOT_TUE_FRI
AUDJPY,2023-09-18,2023,1080,NOT_TUE_FRI
AUDJPY,2023-09-19,2023,1439,ACCEPT
AUDJPY,2023-09-20,2023,1440,ACCEPT
AUDJPY,2023-09-21,2023,1440,ACCEPT
AUDJPY,2023-09-22,2023,1440,ACCEPT
AUDJPY,2023-09-23,2023,359,NOT_TUE_FRI
AUDJPY,2023-09-24,2023,0,NOT_TUE_FRI
AUDJPY,2023-09-25,2023,1077,NOT_TUE_FRI
AUDJPY,2023-09-26,2023,1440,ACCEPT
AUDJPY,2023-09-27,2023,1440,ACCEPT
AUDJPY,2023-09-28,2023,1440,ACCEPT
AUDJPY,2023-09-29,2023,1439,ACCEPT
AUDJPY,2023-09-30,2023,359,NOT_TUE_FRI
AUDJPY,2023-10-01,2023,0,NOT_TUE_FRI
AUDJPY,2023-10-02,2023,1080,NOT_TUE_FRI
AUDJPY,2023-10-03,2023,1440,ACCEPT
AUDJPY,2023-10-04,2023,1440,ACCEPT
AUDJPY,2023-10-05,2023,1440,ACCEPT
AUDJPY,2023-10-06,2023,1440,ACCEPT
AUDJPY,2023-10-07,2023,359,NOT_TUE_FRI
AUDJPY,2023-10-08,2023,0,NOT_TUE_FRI
AUDJPY,2023-10-09,2023,1080,NOT_TUE_FRI
AUDJPY,2023-10-10,2023,1439,ACCEPT
AUDJPY,2023-10-11,2023,1439,ACCEPT
AUDJPY,2023-10-12,2023,1440,ACCEPT
AUDJPY,2023-10-13,2023,1440,ACCEPT
AUDJPY,2023-10-14,2023,359,NOT_TUE_FRI
AUDJPY,2023-10-15,2023,0,NOT_TUE_FRI
AUDJPY,2023-10-16,2023,1079,NOT_TUE_FRI
AUDJPY,2023-10-17,2023,1440,ACCEPT
AUDJPY,2023-10-18,2023,1439,ACCEPT
AUDJPY,2023-10-19,2023,1440,ACCEPT
AUDJPY,2023-10-20,2023,1437,ACCEPT
AUDJPY,2023-10-21,2023,359,NOT_TUE_FRI
AUDJPY,2023-10-22,2023,0,NOT_TUE_FRI
AUDJPY,2023-10-23,2023,1078,NOT_TUE_FRI
AUDJPY,2023-10-24,2023,1439,ACCEPT
AUDJPY,2023-10-25,2023,1439,ACCEPT
AUDJPY,2023-10-26,2023,1439,ACCEPT
AUDJPY,2023-10-27,2023,1440,ACCEPT
AUDJPY,2023-10-28,2023,359,NOT_TUE_FRI
AUDJPY,2023-10-29,2023,0,NOT_TUE_FRI
AUDJPY,2023-10-30,2023,1020,NOT_TUE_FRI
AUDJPY,2023-10-31,2023,1440,ACCEPT
AUDJPY,2023-11-01,2023,1439,ACCEPT
AUDJPY,2023-11-02,2023,1440,ACCEPT
AUDJPY,2023-11-03,2023,1439,ACCEPT
AUDJPY,2023-11-04,2023,359,NOT_TUE_FRI
AUDJPY,2023-11-05,2023,0,NOT_TUE_FRI
AUDJPY,2023-11-06,2023,1020,NOT_TUE_FRI
AUDJPY,2023-11-07,2023,1439,ACCEPT
AUDJPY,2023-11-08,2023,1439,ACCEPT
AUDJPY,2023-11-09,2023,1440,ACCEPT
AUDJPY,2023-11-10,2023,1439,ACCEPT
AUDJPY,2023-11-11,2023,419,NOT_TUE_FRI
AUDJPY,2023-11-12,2023,0,NOT_TUE_FRI
AUDJPY,2023-11-13,2023,1020,NOT_TUE_FRI
AUDJPY,2023-11-14,2023,1440,ACCEPT
AUDJPY,2023-11-15,2023,1440,ACCEPT
AUDJPY,2023-11-16,2023,1439,ACCEPT
AUDJPY,2023-11-17,2023,1440,ACCEPT
AUDJPY,2023-11-18,2023,419,NOT_TUE_FRI
AUDJPY,2023-11-19,2023,0,NOT_TUE_FRI
AUDJPY,2023-11-20,2023,1019,NOT_TUE_FRI
AUDJPY,2023-11-21,2023,1439,ACCEPT
AUDJPY,2023-11-22,2023,1440,ACCEPT
AUDJPY,2023-11-23,2023,1440,ACCEPT
AUDJPY,2023-11-24,2023,1440,ACCEPT
AUDJPY,2023-11-25,2023,419,NOT_TUE_FRI
AUDJPY,2023-11-26,2023,0,NOT_TUE_FRI
AUDJPY,2023-11-27,2023,1019,NOT_TUE_FRI
AUDJPY,2023-11-28,2023,1440,ACCEPT
AUDJPY,2023-11-29,2023,1439,ACCEPT
AUDJPY,2023-11-30,2023,1440,ACCEPT
AUDJPY,2023-12-01,2023,1440,ACCEPT
AUDJPY,2023-12-02,2023,419,NOT_TUE_FRI
AUDJPY,2023-12-03,2023,0,NOT_TUE_FRI
AUDJPY,2023-12-04,2023,1019,NOT_TUE_FRI
AUDJPY,2023-12-05,2023,1440,ACCEPT
AUDJPY,2023-12-06,2023,1440,ACCEPT
AUDJPY,2023-12-07,2023,1440,ACCEPT
AUDJPY,2023-12-08,2023,1440,ACCEPT
AUDJPY,2023-12-09,2023,419,NOT_TUE_FRI
AUDJPY,2023-12-10,2023,0,NOT_TUE_FRI
AUDJPY,2023-12-11,2023,1020,NOT_TUE_FRI
AUDJPY,2023-12-12,2023,1440,ACCEPT
AUDJPY,2023-12-13,2023,1440,ACCEPT
AUDJPY,2023-12-14,2023,1440,ACCEPT
AUDJPY,2023-12-15,2023,1440,ACCEPT
AUDJPY,2023-12-16,2023,419,NOT_TUE_FRI
AUDJPY,2023-12-17,2023,0,NOT_TUE_FRI
AUDJPY,2023-12-18,2023,996,NOT_TUE_FRI
AUDJPY,2023-12-19,2023,1428,ACCEPT
AUDJPY,2023-12-20,2023,1440,ACCEPT
AUDJPY,2023-12-21,2023,1439,ACCEPT
AUDJPY,2023-12-22,2023,1439,ACCEPT
AUDJPY,2023-12-23,2023,419,NOT_TUE_FRI
AUDJPY,2023-12-24,2023,0,NOT_TUE_FRI
AUDJPY,2023-12-25,2023,43,NOT_TUE_FRI
AUDJPY,2023-12-26,2023,1020,YEAR_END
AUDJPY,2023-12-27,2023,1440,YEAR_END
AUDJPY,2023-12-28,2023,1440,YEAR_END
AUDJPY,2023-12-29,2023,1440,YEAR_END
AUDJPY,2023-12-30,2023,419,NOT_TUE_FRI
AUDJPY,2023-12-31,2023,0,NOT_TUE_FRI
AUDUSD,2020-01-01,2020,360,YEAR_END
AUDUSD,2020-01-02,2020,660,YEAR_END
AUDUSD,2020-01-03,2020,1440,YEAR_END
AUDUSD,2020-01-04,2020,415,NOT_TUE_FRI
AUDUSD,2020-01-05,2020,0,NOT_TUE_FRI
AUDUSD,2020-01-06,2020,1018,NOT_TUE_FRI
AUDUSD,2020-01-07,2020,1440,ACCEPT
AUDUSD,2020-01-08,2020,1440,ACCEPT
AUDUSD,2020-01-09,2020,1440,ACCEPT
AUDUSD,2020-01-10,2020,1440,ACCEPT
AUDUSD,2020-01-11,2020,415,NOT_TUE_FRI
AUDUSD,2020-01-12,2020,0,NOT_TUE_FRI
AUDUSD,2020-01-13,2020,1019,NOT_TUE_FRI
AUDUSD,2020-01-14,2020,1440,ACCEPT
AUDUSD,2020-01-15,2020,1440,ACCEPT
AUDUSD,2020-01-16,2020,1440,ACCEPT
AUDUSD,2020-01-17,2020,1440,ACCEPT
AUDUSD,2020-01-18,2020,415,NOT_TUE_FRI
AUDUSD,2020-01-19,2020,0,NOT_TUE_FRI
AUDUSD,2020-01-20,2020,1015,NOT_TUE_FRI
AUDUSD,2020-01-21,2020,1439,ACCEPT
AUDUSD,2020-01-22,2020,1440,ACCEPT
AUDUSD,2020-01-23,2020,1439,ACCEPT
AUDUSD,2020-01-24,2020,1440,ACCEPT
AUDUSD,2020-01-25,2020,415,NOT_TUE_FRI
AUDUSD,2020-01-26,2020,0,NOT_TUE_FRI
AUDUSD,2020-01-27,2020,1019,NOT_TUE_FRI
AUDUSD,2020-01-28,2020,1440,ACCEPT
AUDUSD,2020-01-29,2020,1439,ACCEPT
AUDUSD,2020-01-30,2020,1440,ACCEPT
AUDUSD,2020-01-31,2020,1440,ACCEPT
AUDUSD,2020-02-01,2020,415,NOT_TUE_FRI
AUDUSD,2020-02-02,2020,0,NOT_TUE_FRI
AUDUSD,2020-02-03,2020,1018,NOT_TUE_FRI
AUDUSD,2020-02-04,2020,1440,ACCEPT
AUDUSD,2020-02-05,2020,1440,ACCEPT
AUDUSD,2020-02-06,2020,1440,ACCEPT
AUDUSD,2020-02-07,2020,1440,ACCEPT
AUDUSD,2020-02-08,2020,415,NOT_TUE_FRI
AUDUSD,2020-02-09,2020,0,NOT_TUE_FRI
AUDUSD,2020-02-10,2020,1015,NOT_TUE_FRI
AUDUSD,2020-02-11,2020,1440,ACCEPT
AUDUSD,2020-02-12,2020,1439,ACCEPT
AUDUSD,2020-02-13,2020,1440,ACCEPT
AUDUSD,2020-02-14,2020,1440,ACCEPT
AUDUSD,2020-02-15,2020,415,NOT_TUE_FRI
AUDUSD,2020-02-16,2020,0,NOT_TUE_FRI
AUDUSD,2020-02-17,2020,1019,NOT_TUE_FRI
AUDUSD,2020-02-18,2020,1440,ACCEPT
AUDUSD,2020-02-19,2020,1440,ACCEPT
AUDUSD,2020-02-20,2020,1440,ACCEPT
AUDUSD,2020-02-21,2020,1439,ACCEPT
AUDUSD,2020-02-22,2020,415,NOT_TUE_FRI
AUDUSD,2020-02-23,2020,0,NOT_TUE_FRI
AUDUSD,2020-02-24,2020,1019,NOT_TUE_FRI
AUDUSD,2020-02-25,2020,1440,ACCEPT
AUDUSD,2020-02-26,2020,1440,ACCEPT
AUDUSD,2020-02-27,2020,1440,ACCEPT
AUDUSD,2020-02-28,2020,1438,ACCEPT
AUDUSD,2020-02-29,2020,415,NOT_TUE_FRI
AUDUSD,2020-03-01,2020,0,NOT_TUE_FRI
AUDUSD,2020-03-02,2020,1019,NOT_TUE_FRI
AUDUSD,2020-03-03,2020,1440,ACCEPT
AUDUSD,2020-03-04,2020,1439,ACCEPT
AUDUSD,2020-03-05,2020,1438,ACCEPT
AUDUSD,2020-03-06,2020,1440,ACCEPT
AUDUSD,2020-03-07,2020,415,NOT_TUE_FRI
AUDUSD,2020-03-08,2020,0,NOT_TUE_FRI
AUDUSD,2020-03-09,2020,1020,NOT_TUE_FRI
AUDUSD,2020-03-10,2020,1435,ACCEPT
AUDUSD,2020-03-11,2020,1436,ACCEPT
AUDUSD,2020-03-12,2020,1439,ACCEPT
AUDUSD,2020-03-13,2020,1440,ACCEPT
AUDUSD,2020-03-14,2020,355,NOT_TUE_FRI
AUDUSD,2020-03-15,2020,0,NOT_TUE_FRI
AUDUSD,2020-03-16,2020,1020,NOT_TUE_FRI
AUDUSD,2020-03-17,2020,1440,ACCEPT
AUDUSD,2020-03-18,2020,1440,ACCEPT
AUDUSD,2020-03-19,2020,1440,ACCEPT
AUDUSD,2020-03-20,2020,1440,ACCEPT
AUDUSD,2020-03-21,2020,355,NOT_TUE_FRI
AUDUSD,2020-03-22,2020,0,NOT_TUE_FRI
AUDUSD,2020-03-23,2020,1020,NOT_TUE_FRI
AUDUSD,2020-03-24,2020,1439,ACCEPT
AUDUSD,2020-03-25,2020,1440,ACCEPT
AUDUSD,2020-03-26,2020,1440,ACCEPT
AUDUSD,2020-03-27,2020,1440,ACCEPT
AUDUSD,2020-03-28,2020,355,NOT_TUE_FRI
AUDUSD,2020-03-29,2020,0,NOT_TUE_FRI
AUDUSD,2020-03-30,2020,1077,NOT_TUE_FRI
AUDUSD,2020-03-31,2020,1439,ACCEPT
AUDUSD,2020-04-01,2020,1436,ACCEPT
AUDUSD,2020-04-02,2020,1440,ACCEPT
AUDUSD,2020-04-03,2020,1440,ACCEPT
AUDUSD,2020-04-04,2020,355,NOT_TUE_FRI
AUDUSD,2020-04-05,2020,0,NOT_TUE_FRI
AUDUSD,2020-04-06,2020,1078,NOT_TUE_FRI
AUDUSD,2020-04-07,2020,1440,ACCEPT
AUDUSD,2020-04-08,2020,1440,ACCEPT
AUDUSD,2020-04-09,2020,1440,ACCEPT
AUDUSD,2020-04-10,2020,1440,ACCEPT
AUDUSD,2020-04-11,2020,354,NOT_TUE_FRI
AUDUSD,2020-04-12,2020,0,NOT_TUE_FRI
AUDUSD,2020-04-13,2020,1075,NOT_TUE_FRI
AUDUSD,2020-04-14,2020,1440,ACCEPT
AUDUSD,2020-04-15,2020,1440,ACCEPT
AUDUSD,2020-04-16,2020,1440,ACCEPT
AUDUSD,2020-04-17,2020,1440,ACCEPT
AUDUSD,2020-04-18,2020,355,NOT_TUE_FRI
AUDUSD,2020-04-19,2020,0,NOT_TUE_FRI
AUDUSD,2020-04-20,2020,1076,NOT_TUE_FRI
AUDUSD,2020-04-21,2020,1440,ACCEPT
AUDUSD,2020-04-22,2020,1440,ACCEPT
AUDUSD,2020-04-23,2020,1440,ACCEPT
AUDUSD,2020-04-24,2020,1440,ACCEPT
AUDUSD,2020-04-25,2020,355,NOT_TUE_FRI
AUDUSD,2020-04-26,2020,0,NOT_TUE_FRI
AUDUSD,2020-04-27,2020,1077,NOT_TUE_FRI
AUDUSD,2020-04-28,2020,1440,ACCEPT
AUDUSD,2020-04-29,2020,1439,ACCEPT
AUDUSD,2020-04-30,2020,1440,ACCEPT
AUDUSD,2020-05-01,2020,1438,ACCEPT
AUDUSD,2020-05-02,2020,355,NOT_TUE_FRI
AUDUSD,2020-05-03,2020,0,NOT_TUE_FRI
AUDUSD,2020-05-04,2020,1078,NOT_TUE_FRI
AUDUSD,2020-05-05,2020,1439,ACCEPT
AUDUSD,2020-05-06,2020,1440,ACCEPT
AUDUSD,2020-05-07,2020,1439,ACCEPT
AUDUSD,2020-05-08,2020,1439,ACCEPT
AUDUSD,2020-05-09,2020,355,NOT_TUE_FRI
AUDUSD,2020-05-10,2020,0,NOT_TUE_FRI
AUDUSD,2020-05-11,2020,1078,NOT_TUE_FRI
AUDUSD,2020-05-12,2020,1439,ACCEPT
AUDUSD,2020-05-13,2020,1440,ACCEPT
AUDUSD,2020-05-14,2020,1440,ACCEPT
AUDUSD,2020-05-15,2020,1440,ACCEPT
AUDUSD,2020-05-16,2020,355,NOT_TUE_FRI
AUDUSD,2020-05-17,2020,0,NOT_TUE_FRI
AUDUSD,2020-05-18,2020,1076,NOT_TUE_FRI
AUDUSD,2020-05-19,2020,1440,ACCEPT
AUDUSD,2020-05-20,2020,1439,ACCEPT
AUDUSD,2020-05-21,2020,1439,ACCEPT
AUDUSD,2020-05-22,2020,1439,ACCEPT
AUDUSD,2020-05-23,2020,355,NOT_TUE_FRI
AUDUSD,2020-05-24,2020,0,NOT_TUE_FRI
AUDUSD,2020-05-25,2020,1076,NOT_TUE_FRI
AUDUSD,2020-05-26,2020,1439,ACCEPT
AUDUSD,2020-05-27,2020,1439,ACCEPT
AUDUSD,2020-05-28,2020,1440,ACCEPT
AUDUSD,2020-05-29,2020,1439,ACCEPT
AUDUSD,2020-05-30,2020,355,NOT_TUE_FRI
AUDUSD,2020-05-31,2020,0,NOT_TUE_FRI
AUDUSD,2020-06-01,2020,1075,NOT_TUE_FRI
AUDUSD,2020-06-02,2020,1439,ACCEPT
AUDUSD,2020-06-03,2020,1439,ACCEPT
AUDUSD,2020-06-04,2020,1439,ACCEPT
AUDUSD,2020-06-05,2020,1439,ACCEPT
AUDUSD,2020-06-06,2020,355,NOT_TUE_FRI
AUDUSD,2020-06-07,2020,0,NOT_TUE_FRI
AUDUSD,2020-06-08,2020,1077,NOT_TUE_FRI
AUDUSD,2020-06-09,2020,1439,ACCEPT
AUDUSD,2020-06-10,2020,1439,ACCEPT
AUDUSD,2020-06-11,2020,1439,ACCEPT
AUDUSD,2020-06-12,2020,1436,ACCEPT
AUDUSD,2020-06-13,2020,355,NOT_TUE_FRI
AUDUSD,2020-06-14,2020,0,NOT_TUE_FRI
AUDUSD,2020-06-15,2020,1078,NOT_TUE_FRI
AUDUSD,2020-06-16,2020,1439,ACCEPT
AUDUSD,2020-06-17,2020,1440,ACCEPT
AUDUSD,2020-06-18,2020,1439,ACCEPT
AUDUSD,2020-06-19,2020,1439,ACCEPT
AUDUSD,2020-06-20,2020,355,NOT_TUE_FRI
AUDUSD,2020-06-21,2020,0,NOT_TUE_FRI
AUDUSD,2020-06-22,2020,1077,NOT_TUE_FRI
AUDUSD,2020-06-23,2020,1439,ACCEPT
AUDUSD,2020-06-24,2020,1440,ACCEPT
AUDUSD,2020-06-25,2020,1440,ACCEPT
AUDUSD,2020-06-26,2020,1440,ACCEPT
AUDUSD,2020-06-27,2020,355,NOT_TUE_FRI
AUDUSD,2020-06-28,2020,0,NOT_TUE_FRI
AUDUSD,2020-06-29,2020,1077,NOT_TUE_FRI
AUDUSD,2020-06-30,2020,1440,ACCEPT
AUDUSD,2020-07-01,2020,1440,ACCEPT
AUDUSD,2020-07-02,2020,1436,ACCEPT
AUDUSD,2020-07-03,2020,1440,ACCEPT
AUDUSD,2020-07-04,2020,355,NOT_TUE_FRI
AUDUSD,2020-07-05,2020,0,NOT_TUE_FRI
AUDUSD,2020-07-06,2020,1076,NOT_TUE_FRI
AUDUSD,2020-07-07,2020,1440,ACCEPT
AUDUSD,2020-07-08,2020,1439,ACCEPT
AUDUSD,2020-07-09,2020,1439,ACCEPT
AUDUSD,2020-07-10,2020,1439,ACCEPT
AUDUSD,2020-07-11,2020,355,NOT_TUE_FRI
AUDUSD,2020-07-12,2020,0,NOT_TUE_FRI
AUDUSD,2020-07-13,2020,1076,NOT_TUE_FRI
AUDUSD,2020-07-14,2020,1440,ACCEPT
AUDUSD,2020-07-15,2020,1440,ACCEPT
AUDUSD,2020-07-16,2020,1440,ACCEPT
AUDUSD,2020-07-17,2020,1440,ACCEPT
AUDUSD,2020-07-18,2020,355,NOT_TUE_FRI
AUDUSD,2020-07-19,2020,0,NOT_TUE_FRI
AUDUSD,2020-07-20,2020,1074,NOT_TUE_FRI
AUDUSD,2020-07-21,2020,1440,ACCEPT
AUDUSD,2020-07-22,2020,1440,ACCEPT
AUDUSD,2020-07-23,2020,1440,ACCEPT
AUDUSD,2020-07-24,2020,1440,ACCEPT
AUDUSD,2020-07-25,2020,355,NOT_TUE_FRI
AUDUSD,2020-07-26,2020,0,NOT_TUE_FRI
AUDUSD,2020-07-27,2020,1076,NOT_TUE_FRI
AUDUSD,2020-07-28,2020,1440,ACCEPT
AUDUSD,2020-07-29,2020,1439,ACCEPT
AUDUSD,2020-07-30,2020,1440,ACCEPT
AUDUSD,2020-07-31,2020,1440,ACCEPT
AUDUSD,2020-08-01,2020,355,NOT_TUE_FRI
AUDUSD,2020-08-02,2020,0,NOT_TUE_FRI
AUDUSD,2020-08-03,2020,1078,NOT_TUE_FRI
AUDUSD,2020-08-04,2020,1440,ACCEPT
AUDUSD,2020-08-05,2020,1440,ACCEPT
AUDUSD,2020-08-06,2020,1439,ACCEPT
AUDUSD,2020-08-07,2020,1440,ACCEPT
AUDUSD,2020-08-08,2020,355,NOT_TUE_FRI
AUDUSD,2020-08-09,2020,0,NOT_TUE_FRI
AUDUSD,2020-08-10,2020,1074,NOT_TUE_FRI
AUDUSD,2020-08-11,2020,1440,ACCEPT
AUDUSD,2020-08-12,2020,1440,ACCEPT
AUDUSD,2020-08-13,2020,1440,ACCEPT
AUDUSD,2020-08-14,2020,1438,ACCEPT
AUDUSD,2020-08-15,2020,355,NOT_TUE_FRI
AUDUSD,2020-08-16,2020,0,NOT_TUE_FRI
AUDUSD,2020-08-17,2020,1078,NOT_TUE_FRI
AUDUSD,2020-08-18,2020,1440,ACCEPT
AUDUSD,2020-08-19,2020,1440,ACCEPT
AUDUSD,2020-08-20,2020,1440,ACCEPT
AUDUSD,2020-08-21,2020,1440,ACCEPT
AUDUSD,2020-08-22,2020,355,NOT_TUE_FRI
AUDUSD,2020-08-23,2020,0,NOT_TUE_FRI
AUDUSD,2020-08-24,2020,1072,NOT_TUE_FRI
AUDUSD,2020-08-25,2020,1439,ACCEPT
AUDUSD,2020-08-26,2020,1439,ACCEPT
AUDUSD,2020-08-27,2020,1440,ACCEPT
AUDUSD,2020-08-28,2020,1439,ACCEPT
AUDUSD,2020-08-29,2020,355,NOT_TUE_FRI
AUDUSD,2020-08-30,2020,0,NOT_TUE_FRI
AUDUSD,2020-08-31,2020,1075,NOT_TUE_FRI
AUDUSD,2020-09-01,2020,1438,ACCEPT
AUDUSD,2020-09-02,2020,1439,ACCEPT
AUDUSD,2020-09-03,2020,1440,ACCEPT
AUDUSD,2020-09-04,2020,1440,ACCEPT
AUDUSD,2020-09-05,2020,355,NOT_TUE_FRI
AUDUSD,2020-09-06,2020,0,NOT_TUE_FRI
AUDUSD,2020-09-07,2020,1070,NOT_TUE_FRI
AUDUSD,2020-09-08,2020,1434,ACCEPT
AUDUSD,2020-09-09,2020,1439,ACCEPT
AUDUSD,2020-09-10,2020,1436,ACCEPT
AUDUSD,2020-09-11,2020,1438,ACCEPT
AUDUSD,2020-09-12,2020,355,NOT_TUE_FRI
AUDUSD,2020-09-13,2020,0,NOT_TUE_FRI
AUDUSD,2020-09-14,2020,1066,NOT_TUE_FRI
AUDUSD,2020-09-15,2020,1440,ACCEPT
AUDUSD,2020-09-16,2020,1439,ACCEPT
AUDUSD,2020-09-17,2020,1439,ACCEPT
AUDUSD,2020-09-18,2020,1436,ACCEPT
AUDUSD,2020-09-19,2020,355,NOT_TUE_FRI
AUDUSD,2020-09-20,2020,0,NOT_TUE_FRI
AUDUSD,2020-09-21,2020,1071,NOT_TUE_FRI
AUDUSD,2020-09-22,2020,1440,ACCEPT
AUDUSD,2020-09-23,2020,1439,ACCEPT
AUDUSD,2020-09-24,2020,1440,ACCEPT
AUDUSD,2020-09-25,2020,1439,ACCEPT
AUDUSD,2020-09-26,2020,355,NOT_TUE_FRI
AUDUSD,2020-09-27,2020,0,NOT_TUE_FRI
AUDUSD,2020-09-28,2020,1075,NOT_TUE_FRI
AUDUSD,2020-09-29,2020,1439,ACCEPT
AUDUSD,2020-09-30,2020,1436,ACCEPT
AUDUSD,2020-10-01,2020,1439,ACCEPT
AUDUSD,2020-10-02,2020,1436,ACCEPT
AUDUSD,2020-10-03,2020,355,NOT_TUE_FRI
AUDUSD,2020-10-04,2020,0,NOT_TUE_FRI
AUDUSD,2020-10-05,2020,1072,NOT_TUE_FRI
AUDUSD,2020-10-06,2020,1437,ACCEPT
AUDUSD,2020-10-07,2020,1439,ACCEPT
AUDUSD,2020-10-08,2020,1438,ACCEPT
AUDUSD,2020-10-09,2020,1437,ACCEPT
AUDUSD,2020-10-10,2020,355,NOT_TUE_FRI
AUDUSD,2020-10-11,2020,0,NOT_TUE_FRI
AUDUSD,2020-10-12,2020,1075,NOT_TUE_FRI
AUDUSD,2020-10-13,2020,1435,ACCEPT
AUDUSD,2020-10-14,2020,1436,ACCEPT
AUDUSD,2020-10-15,2020,1437,ACCEPT
AUDUSD,2020-10-16,2020,1439,ACCEPT
AUDUSD,2020-10-17,2020,355,NOT_TUE_FRI
AUDUSD,2020-10-18,2020,0,NOT_TUE_FRI
AUDUSD,2020-10-19,2020,1068,NOT_TUE_FRI
AUDUSD,2020-10-20,2020,1439,ACCEPT
AUDUSD,2020-10-21,2020,1440,ACCEPT
AUDUSD,2020-10-22,2020,1439,ACCEPT
AUDUSD,2020-10-23,2020,1436,ACCEPT
AUDUSD,2020-10-24,2020,355,NOT_TUE_FRI
AUDUSD,2020-10-25,2020,0,NOT_TUE_FRI
AUDUSD,2020-10-26,2020,1015,NOT_TUE_FRI
AUDUSD,2020-10-27,2020,1440,ACCEPT
AUDUSD,2020-10-28,2020,1440,ACCEPT
AUDUSD,2020-10-29,2020,1440,ACCEPT
AUDUSD,2020-10-30,2020,1440,ACCEPT
AUDUSD,2020-10-31,2020,355,NOT_TUE_FRI
AUDUSD,2020-11-01,2020,0,NOT_TUE_FRI
AUDUSD,2020-11-02,2020,1019,NOT_TUE_FRI
AUDUSD,2020-11-03,2020,1440,ACCEPT
AUDUSD,2020-11-04,2020,1440,ACCEPT
AUDUSD,2020-11-05,2020,1440,ACCEPT
AUDUSD,2020-11-06,2020,1440,ACCEPT
AUDUSD,2020-11-07,2020,415,NOT_TUE_FRI
AUDUSD,2020-11-08,2020,0,NOT_TUE_FRI
AUDUSD,2020-11-09,2020,1018,NOT_TUE_FRI
AUDUSD,2020-11-10,2020,1440,ACCEPT
AUDUSD,2020-11-11,2020,1439,ACCEPT
AUDUSD,2020-11-12,2020,1438,ACCEPT
AUDUSD,2020-11-13,2020,1440,ACCEPT
AUDUSD,2020-11-14,2020,415,NOT_TUE_FRI
AUDUSD,2020-11-15,2020,0,NOT_TUE_FRI
AUDUSD,2020-11-16,2020,1016,NOT_TUE_FRI
AUDUSD,2020-11-17,2020,1440,ACCEPT
AUDUSD,2020-11-18,2020,1440,ACCEPT
AUDUSD,2020-11-19,2020,1440,ACCEPT
AUDUSD,2020-11-20,2020,1440,ACCEPT
AUDUSD,2020-11-21,2020,416,NOT_TUE_FRI
AUDUSD,2020-11-22,2020,0,NOT_TUE_FRI
AUDUSD,2020-11-23,2020,1017,NOT_TUE_FRI
AUDUSD,2020-11-24,2020,1440,ACCEPT
AUDUSD,2020-11-25,2020,1439,ACCEPT
AUDUSD,2020-11-26,2020,1440,ACCEPT
AUDUSD,2020-11-27,2020,1440,ACCEPT
AUDUSD,2020-11-28,2020,415,NOT_TUE_FRI
AUDUSD,2020-11-29,2020,0,NOT_TUE_FRI
AUDUSD,2020-11-30,2020,1018,NOT_TUE_FRI
AUDUSD,2020-12-01,2020,1440,ACCEPT
AUDUSD,2020-12-02,2020,1440,ACCEPT
AUDUSD,2020-12-03,2020,1440,ACCEPT
AUDUSD,2020-12-04,2020,1440,ACCEPT
AUDUSD,2020-12-05,2020,415,NOT_TUE_FRI
AUDUSD,2020-12-06,2020,0,NOT_TUE_FRI
AUDUSD,2020-12-07,2020,1018,NOT_TUE_FRI
AUDUSD,2020-12-08,2020,1440,ACCEPT
AUDUSD,2020-12-09,2020,1440,ACCEPT
AUDUSD,2020-12-10,2020,1440,ACCEPT
AUDUSD,2020-12-11,2020,1440,ACCEPT
AUDUSD,2020-12-12,2020,415,NOT_TUE_FRI
AUDUSD,2020-12-13,2020,0,NOT_TUE_FRI
AUDUSD,2020-12-14,2020,1017,NOT_TUE_FRI
AUDUSD,2020-12-15,2020,1440,ACCEPT
AUDUSD,2020-12-16,2020,1440,ACCEPT
AUDUSD,2020-12-17,2020,1439,ACCEPT
AUDUSD,2020-12-18,2020,1440,ACCEPT
AUDUSD,2020-12-19,2020,415,NOT_TUE_FRI
AUDUSD,2020-12-20,2020,0,NOT_TUE_FRI
AUDUSD,2020-12-21,2020,1019,NOT_TUE_FRI
AUDUSD,2020-12-22,2020,1440,ACCEPT
AUDUSD,2020-12-23,2020,1440,ACCEPT
AUDUSD,2020-12-24,2020,1440,ACCEPT
AUDUSD,2020-12-25,2020,240,YEAR_END
AUDUSD,2020-12-26,2020,0,NOT_TUE_FRI
AUDUSD,2020-12-27,2020,0,NOT_TUE_FRI
AUDUSD,2020-12-28,2020,1017,NOT_TUE_FRI
AUDUSD,2020-12-29,2020,1440,YEAR_END
AUDUSD,2020-12-30,2020,1440,YEAR_END
AUDUSD,2020-12-31,2020,421,YEAR_END
AUDUSD,2021-01-01,2021,0,YEAR_END
AUDUSD,2021-01-02,2021,0,NOT_TUE_FRI
AUDUSD,2021-01-03,2021,0,NOT_TUE_FRI
AUDUSD,2021-01-04,2021,1018,NOT_TUE_FRI
AUDUSD,2021-01-05,2021,1440,ACCEPT
AUDUSD,2021-01-06,2021,1440,ACCEPT
AUDUSD,2021-01-07,2021,1440,ACCEPT
AUDUSD,2021-01-08,2021,1440,ACCEPT
AUDUSD,2021-01-09,2021,415,NOT_TUE_FRI
AUDUSD,2021-01-10,2021,0,NOT_TUE_FRI
AUDUSD,2021-01-11,2021,1012,NOT_TUE_FRI
AUDUSD,2021-01-12,2021,1439,ACCEPT
AUDUSD,2021-01-13,2021,1440,ACCEPT
AUDUSD,2021-01-14,2021,1440,ACCEPT
AUDUSD,2021-01-15,2021,1439,ACCEPT
AUDUSD,2021-01-16,2021,415,NOT_TUE_FRI
AUDUSD,2021-01-17,2021,0,NOT_TUE_FRI
AUDUSD,2021-01-18,2021,1018,NOT_TUE_FRI
AUDUSD,2021-01-19,2021,1440,ACCEPT
AUDUSD,2021-01-20,2021,1440,ACCEPT
AUDUSD,2021-01-21,2021,1440,ACCEPT
AUDUSD,2021-01-22,2021,1440,ACCEPT
AUDUSD,2021-01-23,2021,415,NOT_TUE_FRI
AUDUSD,2021-01-24,2021,0,NOT_TUE_FRI
AUDUSD,2021-01-25,2021,1017,NOT_TUE_FRI
AUDUSD,2021-01-26,2021,1436,ACCEPT
AUDUSD,2021-01-27,2021,1438,ACCEPT
AUDUSD,2021-01-28,2021,1440,ACCEPT
AUDUSD,2021-01-29,2021,1439,ACCEPT
AUDUSD,2021-01-30,2021,415,NOT_TUE_FRI
AUDUSD,2021-01-31,2021,0,NOT_TUE_FRI
AUDUSD,2021-02-01,2021,1019,NOT_TUE_FRI
AUDUSD,2021-02-02,2021,1440,ACCEPT
AUDUSD,2021-02-03,2021,1439,ACCEPT
AUDUSD,2021-02-04,2021,1440,ACCEPT
AUDUSD,2021-02-05,2021,1439,ACCEPT
AUDUSD,2021-02-06,2021,415,NOT_TUE_FRI
AUDUSD,2021-02-07,2021,0,NOT_TUE_FRI
AUDUSD,2021-02-08,2021,1017,NOT_TUE_FRI
AUDUSD,2021-02-09,2021,1439,ACCEPT
AUDUSD,2021-02-10,2021,1440,ACCEPT
AUDUSD,2021-02-11,2021,1440,ACCEPT
AUDUSD,2021-02-12,2021,1439,ACCEPT
AUDUSD,2021-02-13,2021,415,NOT_TUE_FRI
AUDUSD,2021-02-14,2021,0,NOT_TUE_FRI
AUDUSD,2021-02-15,2021,1019,NOT_TUE_FRI
AUDUSD,2021-02-16,2021,1440,ACCEPT
AUDUSD,2021-02-17,2021,1440,ACCEPT
AUDUSD,2021-02-18,2021,1440,ACCEPT
AUDUSD,2021-02-19,2021,1440,ACCEPT
AUDUSD,2021-02-20,2021,415,NOT_TUE_FRI
AUDUSD,2021-02-21,2021,0,NOT_TUE_FRI
AUDUSD,2021-02-22,2021,1017,NOT_TUE_FRI
AUDUSD,2021-02-23,2021,1440,ACCEPT
AUDUSD,2021-02-24,2021,1440,ACCEPT
AUDUSD,2021-02-25,2021,1440,ACCEPT
AUDUSD,2021-02-26,2021,1440,ACCEPT
AUDUSD,2021-02-27,2021,415,NOT_TUE_FRI
AUDUSD,2021-02-28,2021,0,NOT_TUE_FRI
AUDUSD,2021-03-01,2021,1018,NOT_TUE_FRI
AUDUSD,2021-03-02,2021,1439,ACCEPT
AUDUSD,2021-03-03,2021,1440,ACCEPT
AUDUSD,2021-03-04,2021,1440,ACCEPT
AUDUSD,2021-03-05,2021,1440,ACCEPT
AUDUSD,2021-03-06,2021,415,NOT_TUE_FRI
AUDUSD,2021-03-07,2021,0,NOT_TUE_FRI
AUDUSD,2021-03-08,2021,1018,NOT_TUE_FRI
AUDUSD,2021-03-09,2021,1438,ACCEPT
AUDUSD,2021-03-10,2021,1440,ACCEPT
AUDUSD,2021-03-11,2021,1440,ACCEPT
AUDUSD,2021-03-12,2021,1440,ACCEPT
AUDUSD,2021-03-13,2021,415,NOT_TUE_FRI
AUDUSD,2021-03-14,2021,0,NOT_TUE_FRI
AUDUSD,2021-03-15,2021,1020,NOT_TUE_FRI
AUDUSD,2021-03-16,2021,1440,ACCEPT
AUDUSD,2021-03-17,2021,1440,ACCEPT
AUDUSD,2021-03-18,2021,1439,ACCEPT
AUDUSD,2021-03-19,2021,1440,ACCEPT
AUDUSD,2021-03-20,2021,354,NOT_TUE_FRI
AUDUSD,2021-03-21,2021,0,NOT_TUE_FRI
AUDUSD,2021-03-22,2021,1020,NOT_TUE_FRI
AUDUSD,2021-03-23,2021,1440,ACCEPT
AUDUSD,2021-03-24,2021,1439,ACCEPT
AUDUSD,2021-03-25,2021,1440,ACCEPT
AUDUSD,2021-03-26,2021,1439,ACCEPT
AUDUSD,2021-03-27,2021,355,NOT_TUE_FRI
AUDUSD,2021-03-28,2021,0,NOT_TUE_FRI
AUDUSD,2021-03-29,2021,1077,NOT_TUE_FRI
AUDUSD,2021-03-30,2021,1439,ACCEPT
AUDUSD,2021-03-31,2021,1440,ACCEPT
AUDUSD,2021-04-01,2021,1438,ACCEPT
AUDUSD,2021-04-02,2021,1440,ACCEPT
AUDUSD,2021-04-03,2021,355,NOT_TUE_FRI
AUDUSD,2021-04-04,2021,0,NOT_TUE_FRI
AUDUSD,2021-04-05,2021,1074,NOT_TUE_FRI
AUDUSD,2021-04-06,2021,1437,ACCEPT
AUDUSD,2021-04-07,2021,1440,ACCEPT
AUDUSD,2021-04-08,2021,1438,ACCEPT
AUDUSD,2021-04-09,2021,1440,ACCEPT
AUDUSD,2021-04-10,2021,355,NOT_TUE_FRI
AUDUSD,2021-04-11,2021,0,NOT_TUE_FRI
AUDUSD,2021-04-12,2021,1075,NOT_TUE_FRI
AUDUSD,2021-04-13,2021,1440,ACCEPT
AUDUSD,2021-04-14,2021,1440,ACCEPT
AUDUSD,2021-04-15,2021,1440,ACCEPT
AUDUSD,2021-04-16,2021,1440,ACCEPT
AUDUSD,2021-04-17,2021,355,NOT_TUE_FRI
AUDUSD,2021-04-18,2021,0,NOT_TUE_FRI
AUDUSD,2021-04-19,2021,1077,NOT_TUE_FRI
AUDUSD,2021-04-20,2021,1440,ACCEPT
AUDUSD,2021-04-21,2021,1440,ACCEPT
AUDUSD,2021-04-22,2021,1439,ACCEPT
AUDUSD,2021-04-23,2021,1439,ACCEPT
AUDUSD,2021-04-24,2021,355,NOT_TUE_FRI
AUDUSD,2021-04-25,2021,0,NOT_TUE_FRI
AUDUSD,2021-04-26,2021,1078,NOT_TUE_FRI
AUDUSD,2021-04-27,2021,1440,ACCEPT
AUDUSD,2021-04-28,2021,1440,ACCEPT
AUDUSD,2021-04-29,2021,1440,ACCEPT
AUDUSD,2021-04-30,2021,1440,ACCEPT
AUDUSD,2021-05-01,2021,355,NOT_TUE_FRI
AUDUSD,2021-05-02,2021,0,NOT_TUE_FRI
AUDUSD,2021-05-03,2021,1078,NOT_TUE_FRI
AUDUSD,2021-05-04,2021,1439,ACCEPT
AUDUSD,2021-05-05,2021,1440,ACCEPT
AUDUSD,2021-05-06,2021,1439,ACCEPT
AUDUSD,2021-05-07,2021,1440,ACCEPT
AUDUSD,2021-05-08,2021,355,NOT_TUE_FRI
AUDUSD,2021-05-09,2021,0,NOT_TUE_FRI
AUDUSD,2021-05-10,2021,1079,NOT_TUE_FRI
AUDUSD,2021-05-11,2021,1440,ACCEPT
AUDUSD,2021-05-12,2021,1440,ACCEPT
AUDUSD,2021-05-13,2021,1440,ACCEPT
AUDUSD,2021-05-14,2021,1440,ACCEPT
AUDUSD,2021-05-15,2021,355,NOT_TUE_FRI
AUDUSD,2021-05-16,2021,0,NOT_TUE_FRI
AUDUSD,2021-05-17,2021,1078,NOT_TUE_FRI
AUDUSD,2021-05-18,2021,1440,ACCEPT
AUDUSD,2021-05-19,2021,1440,ACCEPT
AUDUSD,2021-05-20,2021,1440,ACCEPT
AUDUSD,2021-05-21,2021,1439,ACCEPT
AUDUSD,2021-05-22,2021,355,NOT_TUE_FRI
AUDUSD,2021-05-23,2021,0,NOT_TUE_FRI
AUDUSD,2021-05-24,2021,1076,NOT_TUE_FRI
AUDUSD,2021-05-25,2021,1439,ACCEPT
AUDUSD,2021-05-26,2021,1439,ACCEPT
AUDUSD,2021-05-27,2021,1440,ACCEPT
AUDUSD,2021-05-28,2021,1440,ACCEPT
AUDUSD,2021-05-29,2021,355,NOT_TUE_FRI
AUDUSD,2021-05-30,2021,0,NOT_TUE_FRI
AUDUSD,2021-05-31,2021,1043,NOT_TUE_FRI
AUDUSD,2021-06-01,2021,1439,ACCEPT
AUDUSD,2021-06-02,2021,1440,ACCEPT
AUDUSD,2021-06-03,2021,1440,ACCEPT
AUDUSD,2021-06-04,2021,1440,ACCEPT
AUDUSD,2021-06-05,2021,355,NOT_TUE_FRI
AUDUSD,2021-06-06,2021,0,NOT_TUE_FRI
AUDUSD,2021-06-07,2021,1075,NOT_TUE_FRI
AUDUSD,2021-06-08,2021,1440,ACCEPT
AUDUSD,2021-06-09,2021,1426,GAP
AUDUSD,2021-06-10,2021,1440,ACCEPT
AUDUSD,2021-06-11,2021,1440,ACCEPT
AUDUSD,2021-06-12,2021,355,NOT_TUE_FRI
AUDUSD,2021-06-13,2021,0,NOT_TUE_FRI
AUDUSD,2021-06-14,2021,1077,NOT_TUE_FRI
AUDUSD,2021-06-15,2021,1373,LOW_COUNT
AUDUSD,2021-06-16,2021,1337,LOW_COUNT
AUDUSD,2021-06-17,2021,1440,ACCEPT
AUDUSD,2021-06-18,2021,1286,LOW_COUNT
AUDUSD,2021-06-19,2021,337,NOT_TUE_FRI
AUDUSD,2021-06-20,2021,0,NOT_TUE_FRI
AUDUSD,2021-06-21,2021,1077,NOT_TUE_FRI
AUDUSD,2021-06-22,2021,1440,ACCEPT
AUDUSD,2021-06-23,2021,1440,ACCEPT
AUDUSD,2021-06-24,2021,1439,ACCEPT
AUDUSD,2021-06-25,2021,1438,ACCEPT
AUDUSD,2021-06-26,2021,355,NOT_TUE_FRI
AUDUSD,2021-06-27,2021,0,NOT_TUE_FRI
AUDUSD,2021-06-28,2021,1079,NOT_TUE_FRI
AUDUSD,2021-06-29,2021,1440,ACCEPT
AUDUSD,2021-06-30,2021,1439,ACCEPT
AUDUSD,2021-07-01,2021,1440,ACCEPT
AUDUSD,2021-07-02,2021,1439,ACCEPT
AUDUSD,2021-07-03,2021,355,NOT_TUE_FRI
AUDUSD,2021-07-04,2021,0,NOT_TUE_FRI
AUDUSD,2021-07-05,2021,1079,NOT_TUE_FRI
AUDUSD,2021-07-06,2021,1439,ACCEPT
AUDUSD,2021-07-07,2021,1439,ACCEPT
AUDUSD,2021-07-08,2021,1440,ACCEPT
AUDUSD,2021-07-09,2021,1440,ACCEPT
AUDUSD,2021-07-10,2021,355,NOT_TUE_FRI
AUDUSD,2021-07-11,2021,0,NOT_TUE_FRI
AUDUSD,2021-07-12,2021,1077,NOT_TUE_FRI
AUDUSD,2021-07-13,2021,1440,ACCEPT
AUDUSD,2021-07-14,2021,1440,ACCEPT
AUDUSD,2021-07-15,2021,1439,ACCEPT
AUDUSD,2021-07-16,2021,1439,ACCEPT
AUDUSD,2021-07-17,2021,355,NOT_TUE_FRI
AUDUSD,2021-07-18,2021,0,NOT_TUE_FRI
AUDUSD,2021-07-19,2021,1076,NOT_TUE_FRI
AUDUSD,2021-07-20,2021,1440,ACCEPT
AUDUSD,2021-07-21,2021,1439,ACCEPT
AUDUSD,2021-07-22,2021,1440,ACCEPT
AUDUSD,2021-07-23,2021,1438,ACCEPT
AUDUSD,2021-07-24,2021,355,NOT_TUE_FRI
AUDUSD,2021-07-25,2021,0,NOT_TUE_FRI
AUDUSD,2021-07-26,2021,1077,NOT_TUE_FRI
AUDUSD,2021-07-27,2021,1440,ACCEPT
AUDUSD,2021-07-28,2021,1440,ACCEPT
AUDUSD,2021-07-29,2021,1439,ACCEPT
AUDUSD,2021-07-30,2021,1439,ACCEPT
AUDUSD,2021-07-31,2021,355,NOT_TUE_FRI
AUDUSD,2021-08-01,2021,0,NOT_TUE_FRI
AUDUSD,2021-08-02,2021,1075,NOT_TUE_FRI
AUDUSD,2021-08-03,2021,1439,ACCEPT
AUDUSD,2021-08-04,2021,1440,ACCEPT
AUDUSD,2021-08-05,2021,1440,ACCEPT
AUDUSD,2021-08-06,2021,1439,ACCEPT
AUDUSD,2021-08-07,2021,355,NOT_TUE_FRI
AUDUSD,2021-08-08,2021,0,NOT_TUE_FRI
AUDUSD,2021-08-09,2021,1076,NOT_TUE_FRI
AUDUSD,2021-08-10,2021,1439,ACCEPT
AUDUSD,2021-08-11,2021,1438,ACCEPT
AUDUSD,2021-08-12,2021,1439,ACCEPT
AUDUSD,2021-08-13,2021,1438,ACCEPT
AUDUSD,2021-08-14,2021,355,NOT_TUE_FRI
AUDUSD,2021-08-15,2021,0,NOT_TUE_FRI
AUDUSD,2021-08-16,2021,1077,NOT_TUE_FRI
AUDUSD,2021-08-17,2021,1438,ACCEPT
AUDUSD,2021-08-18,2021,1436,ACCEPT
AUDUSD,2021-08-19,2021,1439,ACCEPT
AUDUSD,2021-08-20,2021,1440,ACCEPT
AUDUSD,2021-08-21,2021,355,NOT_TUE_FRI
AUDUSD,2021-08-22,2021,0,NOT_TUE_FRI
AUDUSD,2021-08-23,2021,1078,NOT_TUE_FRI
AUDUSD,2021-08-24,2021,1440,ACCEPT
AUDUSD,2021-08-25,2021,1440,ACCEPT
AUDUSD,2021-08-26,2021,1440,ACCEPT
AUDUSD,2021-08-27,2021,1437,ACCEPT
AUDUSD,2021-08-28,2021,355,NOT_TUE_FRI
AUDUSD,2021-08-29,2021,0,NOT_TUE_FRI
AUDUSD,2021-08-30,2021,1076,NOT_TUE_FRI
AUDUSD,2021-08-31,2021,1440,ACCEPT
AUDUSD,2021-09-01,2021,1439,ACCEPT
AUDUSD,2021-09-02,2021,1440,ACCEPT
AUDUSD,2021-09-03,2021,1440,ACCEPT
AUDUSD,2021-09-04,2021,355,NOT_TUE_FRI
AUDUSD,2021-09-05,2021,0,NOT_TUE_FRI
AUDUSD,2021-09-06,2021,1075,NOT_TUE_FRI
AUDUSD,2021-09-07,2021,1434,ACCEPT
AUDUSD,2021-09-08,2021,1434,ACCEPT
AUDUSD,2021-09-09,2021,1439,ACCEPT
AUDUSD,2021-09-10,2021,1440,ACCEPT
AUDUSD,2021-09-11,2021,355,NOT_TUE_FRI
AUDUSD,2021-09-12,2021,0,NOT_TUE_FRI
AUDUSD,2021-09-13,2021,1073,NOT_TUE_FRI
AUDUSD,2021-09-14,2021,1438,ACCEPT
AUDUSD,2021-09-15,2021,1437,ACCEPT
AUDUSD,2021-09-16,2021,1440,ACCEPT
AUDUSD,2021-09-17,2021,1440,ACCEPT
AUDUSD,2021-09-18,2021,355,NOT_TUE_FRI
AUDUSD,2021-09-19,2021,0,NOT_TUE_FRI
AUDUSD,2021-09-20,2021,1077,NOT_TUE_FRI
AUDUSD,2021-09-21,2021,1439,ACCEPT
AUDUSD,2021-09-22,2021,1439,ACCEPT
AUDUSD,2021-09-23,2021,1438,ACCEPT
AUDUSD,2021-09-24,2021,1439,ACCEPT
AUDUSD,2021-09-25,2021,355,NOT_TUE_FRI
AUDUSD,2021-09-26,2021,0,NOT_TUE_FRI
AUDUSD,2021-09-27,2021,1077,NOT_TUE_FRI
AUDUSD,2021-09-28,2021,1438,ACCEPT
AUDUSD,2021-09-29,2021,1438,ACCEPT
AUDUSD,2021-09-30,2021,1440,ACCEPT
AUDUSD,2021-10-01,2021,1437,ACCEPT
AUDUSD,2021-10-02,2021,355,NOT_TUE_FRI
AUDUSD,2021-10-03,2021,0,NOT_TUE_FRI
AUDUSD,2021-10-04,2021,1076,NOT_TUE_FRI
AUDUSD,2021-10-05,2021,1439,ACCEPT
AUDUSD,2021-10-06,2021,1439,ACCEPT
AUDUSD,2021-10-07,2021,1440,ACCEPT
AUDUSD,2021-10-08,2021,1440,ACCEPT
AUDUSD,2021-10-09,2021,355,NOT_TUE_FRI
AUDUSD,2021-10-10,2021,0,NOT_TUE_FRI
AUDUSD,2021-10-11,2021,1077,NOT_TUE_FRI
AUDUSD,2021-10-12,2021,1440,ACCEPT
AUDUSD,2021-10-13,2021,1438,ACCEPT
AUDUSD,2021-10-14,2021,1440,ACCEPT
AUDUSD,2021-10-15,2021,1439,ACCEPT
AUDUSD,2021-10-16,2021,355,NOT_TUE_FRI
AUDUSD,2021-10-17,2021,0,NOT_TUE_FRI
AUDUSD,2021-10-18,2021,1078,NOT_TUE_FRI
AUDUSD,2021-10-19,2021,1438,ACCEPT
AUDUSD,2021-10-20,2021,1440,ACCEPT
AUDUSD,2021-10-21,2021,1439,ACCEPT
AUDUSD,2021-10-22,2021,1440,ACCEPT
AUDUSD,2021-10-23,2021,355,NOT_TUE_FRI
AUDUSD,2021-10-24,2021,0,NOT_TUE_FRI
AUDUSD,2021-10-25,2021,1073,NOT_TUE_FRI
AUDUSD,2021-10-26,2021,1437,ACCEPT
AUDUSD,2021-10-27,2021,1440,ACCEPT
AUDUSD,2021-10-28,2021,1439,ACCEPT
AUDUSD,2021-10-29,2021,1440,ACCEPT
AUDUSD,2021-10-30,2021,356,NOT_TUE_FRI
AUDUSD,2021-10-31,2021,0,NOT_TUE_FRI
AUDUSD,2021-11-01,2021,1020,NOT_TUE_FRI
AUDUSD,2021-11-02,2021,1440,ACCEPT
AUDUSD,2021-11-03,2021,1440,ACCEPT
AUDUSD,2021-11-04,2021,1439,ACCEPT
AUDUSD,2021-11-05,2021,1439,ACCEPT
AUDUSD,2021-11-06,2021,355,NOT_TUE_FRI
AUDUSD,2021-11-07,2021,0,NOT_TUE_FRI
AUDUSD,2021-11-08,2021,1017,NOT_TUE_FRI
AUDUSD,2021-11-09,2021,1440,ACCEPT
AUDUSD,2021-11-10,2021,1440,ACCEPT
AUDUSD,2021-11-11,2021,1440,ACCEPT
AUDUSD,2021-11-12,2021,1440,ACCEPT
AUDUSD,2021-11-13,2021,415,NOT_TUE_FRI
AUDUSD,2021-11-14,2021,0,NOT_TUE_FRI
AUDUSD,2021-11-15,2021,1017,NOT_TUE_FRI
AUDUSD,2021-11-16,2021,1439,ACCEPT
AUDUSD,2021-11-17,2021,1440,ACCEPT
AUDUSD,2021-11-18,2021,1440,ACCEPT
AUDUSD,2021-11-19,2021,1439,ACCEPT
AUDUSD,2021-11-20,2021,415,NOT_TUE_FRI
AUDUSD,2021-11-21,2021,0,NOT_TUE_FRI
AUDUSD,2021-11-22,2021,1017,NOT_TUE_FRI
AUDUSD,2021-11-23,2021,1440,ACCEPT
AUDUSD,2021-11-24,2021,1440,ACCEPT
AUDUSD,2021-11-25,2021,1438,ACCEPT
AUDUSD,2021-11-26,2021,1433,ACCEPT
AUDUSD,2021-11-27,2021,415,NOT_TUE_FRI
AUDUSD,2021-11-28,2021,0,NOT_TUE_FRI
AUDUSD,2021-11-29,2021,1018,NOT_TUE_FRI
AUDUSD,2021-11-30,2021,1440,ACCEPT
AUDUSD,2021-12-01,2021,1440,ACCEPT
AUDUSD,2021-12-02,2021,1440,ACCEPT
AUDUSD,2021-12-03,2021,1440,ACCEPT
AUDUSD,2021-12-04,2021,415,NOT_TUE_FRI
AUDUSD,2021-12-05,2021,0,NOT_TUE_FRI
AUDUSD,2021-12-06,2021,1017,NOT_TUE_FRI
AUDUSD,2021-12-07,2021,1440,ACCEPT
AUDUSD,2021-12-08,2021,1440,ACCEPT
AUDUSD,2021-12-09,2021,1439,ACCEPT
AUDUSD,2021-12-10,2021,1440,ACCEPT
AUDUSD,2021-12-11,2021,415,NOT_TUE_FRI
AUDUSD,2021-12-12,2021,0,NOT_TUE_FRI
AUDUSD,2021-12-13,2021,1017,NOT_TUE_FRI
AUDUSD,2021-12-14,2021,1437,ACCEPT
AUDUSD,2021-12-15,2021,1440,ACCEPT
AUDUSD,2021-12-16,2021,1440,ACCEPT
AUDUSD,2021-12-17,2021,1440,ACCEPT
AUDUSD,2021-12-18,2021,415,NOT_TUE_FRI
AUDUSD,2021-12-19,2021,0,NOT_TUE_FRI
AUDUSD,2021-12-20,2021,1018,NOT_TUE_FRI
AUDUSD,2021-12-21,2021,1440,ACCEPT
AUDUSD,2021-12-22,2021,1440,ACCEPT
AUDUSD,2021-12-23,2021,1440,ACCEPT
AUDUSD,2021-12-24,2021,1437,ACCEPT
AUDUSD,2021-12-25,2021,240,NOT_TUE_FRI
AUDUSD,2021-12-26,2021,0,NOT_TUE_FRI
AUDUSD,2021-12-27,2021,1016,NOT_TUE_FRI
AUDUSD,2021-12-28,2021,1438,YEAR_END
AUDUSD,2021-12-29,2021,1440,YEAR_END
AUDUSD,2021-12-30,2021,1438,YEAR_END
AUDUSD,2021-12-31,2021,1439,YEAR_END
AUDUSD,2022-01-01,2022,359,NOT_TUE_FRI
AUDUSD,2022-01-02,2022,0,NOT_TUE_FRI
AUDUSD,2022-01-03,2022,1013,NOT_TUE_FRI
AUDUSD,2022-01-04,2022,1439,ACCEPT
AUDUSD,2022-01-05,2022,1440,ACCEPT
AUDUSD,2022-01-06,2022,1440,ACCEPT
AUDUSD,2022-01-07,2022,1440,ACCEPT
AUDUSD,2022-01-08,2022,415,NOT_TUE_FRI
AUDUSD,2022-01-09,2022,0,NOT_TUE_FRI
AUDUSD,2022-01-10,2022,1017,NOT_TUE_FRI
AUDUSD,2022-01-11,2022,1439,ACCEPT
AUDUSD,2022-01-12,2022,1437,ACCEPT
AUDUSD,2022-01-13,2022,1440,ACCEPT
AUDUSD,2022-01-14,2022,1440,ACCEPT
AUDUSD,2022-01-15,2022,416,NOT_TUE_FRI
AUDUSD,2022-01-16,2022,0,NOT_TUE_FRI
AUDUSD,2022-01-17,2022,1018,NOT_TUE_FRI
AUDUSD,2022-01-18,2022,1440,ACCEPT
AUDUSD,2022-01-19,2022,1439,ACCEPT
AUDUSD,2022-01-20,2022,1439,ACCEPT
AUDUSD,2022-01-21,2022,1433,ACCEPT
AUDUSD,2022-01-22,2022,415,NOT_TUE_FRI
AUDUSD,2022-01-23,2022,0,NOT_TUE_FRI
AUDUSD,2022-01-24,2022,1018,NOT_TUE_FRI
AUDUSD,2022-01-25,2022,1438,ACCEPT
AUDUSD,2022-01-26,2022,1440,ACCEPT
AUDUSD,2022-01-27,2022,1440,ACCEPT
AUDUSD,2022-01-28,2022,1440,ACCEPT
AUDUSD,2022-01-29,2022,415,NOT_TUE_FRI
AUDUSD,2022-01-30,2022,0,NOT_TUE_FRI
AUDUSD,2022-01-31,2022,1018,NOT_TUE_FRI
AUDUSD,2022-02-01,2022,1440,ACCEPT
AUDUSD,2022-02-02,2022,1439,ACCEPT
AUDUSD,2022-02-03,2022,1439,ACCEPT
AUDUSD,2022-02-04,2022,1435,ACCEPT
AUDUSD,2022-02-05,2022,415,NOT_TUE_FRI
AUDUSD,2022-02-06,2022,0,NOT_TUE_FRI
AUDUSD,2022-02-07,2022,1014,NOT_TUE_FRI
AUDUSD,2022-02-08,2022,1440,ACCEPT
AUDUSD,2022-02-09,2022,1440,ACCEPT
AUDUSD,2022-02-10,2022,1439,ACCEPT
AUDUSD,2022-02-11,2022,1440,ACCEPT
AUDUSD,2022-02-12,2022,415,NOT_TUE_FRI
AUDUSD,2022-02-13,2022,0,NOT_TUE_FRI
AUDUSD,2022-02-14,2022,1018,NOT_TUE_FRI
AUDUSD,2022-02-15,2022,1438,ACCEPT
AUDUSD,2022-02-16,2022,1440,ACCEPT
AUDUSD,2022-02-17,2022,1440,ACCEPT
AUDUSD,2022-02-18,2022,1439,ACCEPT
AUDUSD,2022-02-19,2022,415,NOT_TUE_FRI
AUDUSD,2022-02-20,2022,0,NOT_TUE_FRI
AUDUSD,2022-02-21,2022,1018,NOT_TUE_FRI
AUDUSD,2022-02-22,2022,1440,ACCEPT
AUDUSD,2022-02-23,2022,1440,ACCEPT
AUDUSD,2022-02-24,2022,1440,ACCEPT
AUDUSD,2022-02-25,2022,1439,ACCEPT
AUDUSD,2022-02-26,2022,415,NOT_TUE_FRI
AUDUSD,2022-02-27,2022,0,NOT_TUE_FRI
AUDUSD,2022-02-28,2022,1017,NOT_TUE_FRI
AUDUSD,2022-03-01,2022,1440,ACCEPT
AUDUSD,2022-03-02,2022,1440,ACCEPT
AUDUSD,2022-03-03,2022,1439,ACCEPT
AUDUSD,2022-03-04,2022,1438,ACCEPT
AUDUSD,2022-03-05,2022,415,NOT_TUE_FRI
AUDUSD,2022-03-06,2022,0,NOT_TUE_FRI
AUDUSD,2022-03-07,2022,1018,NOT_TUE_FRI
AUDUSD,2022-03-08,2022,1439,ACCEPT
AUDUSD,2022-03-09,2022,1440,ACCEPT
AUDUSD,2022-03-10,2022,1440,ACCEPT
AUDUSD,2022-03-11,2022,1439,ACCEPT
AUDUSD,2022-03-12,2022,415,NOT_TUE_FRI
AUDUSD,2022-03-13,2022,0,NOT_TUE_FRI
AUDUSD,2022-03-14,2022,1020,NOT_TUE_FRI
AUDUSD,2022-03-15,2022,1440,ACCEPT
AUDUSD,2022-03-16,2022,1440,ACCEPT
AUDUSD,2022-03-17,2022,1427,GAP
AUDUSD,2022-03-18,2022,1439,ACCEPT
AUDUSD,2022-03-19,2022,355,NOT_TUE_FRI
AUDUSD,2022-03-20,2022,0,NOT_TUE_FRI
AUDUSD,2022-03-21,2022,1014,NOT_TUE_FRI
AUDUSD,2022-03-22,2022,1440,ACCEPT
AUDUSD,2022-03-23,2022,1440,ACCEPT
AUDUSD,2022-03-24,2022,1439,ACCEPT
AUDUSD,2022-03-25,2022,1439,ACCEPT
AUDUSD,2022-03-26,2022,356,NOT_TUE_FRI
AUDUSD,2022-03-27,2022,0,NOT_TUE_FRI
AUDUSD,2022-03-28,2022,1079,NOT_TUE_FRI
AUDUSD,2022-03-29,2022,1440,ACCEPT
AUDUSD,2022-03-30,2022,1439,ACCEPT
AUDUSD,2022-03-31,2022,1440,ACCEPT
AUDUSD,2022-04-01,2022,1440,ACCEPT
AUDUSD,2022-04-02,2022,355,NOT_TUE_FRI
AUDUSD,2022-04-03,2022,0,NOT_TUE_FRI
AUDUSD,2022-04-04,2022,1077,NOT_TUE_FRI
AUDUSD,2022-04-05,2022,1440,ACCEPT
AUDUSD,2022-04-06,2022,1440,ACCEPT
AUDUSD,2022-04-07,2022,1439,ACCEPT
AUDUSD,2022-04-08,2022,1440,ACCEPT
AUDUSD,2022-04-09,2022,355,NOT_TUE_FRI
AUDUSD,2022-04-10,2022,0,NOT_TUE_FRI
AUDUSD,2022-04-11,2022,1075,NOT_TUE_FRI
AUDUSD,2022-04-12,2022,1439,ACCEPT
AUDUSD,2022-04-13,2022,1440,ACCEPT
AUDUSD,2022-04-14,2022,1440,ACCEPT
AUDUSD,2022-04-15,2022,1440,ACCEPT
AUDUSD,2022-04-16,2022,354,NOT_TUE_FRI
AUDUSD,2022-04-17,2022,0,NOT_TUE_FRI
AUDUSD,2022-04-18,2022,1074,NOT_TUE_FRI
AUDUSD,2022-04-19,2022,1440,ACCEPT
AUDUSD,2022-04-20,2022,1439,ACCEPT
AUDUSD,2022-04-21,2022,1440,ACCEPT
AUDUSD,2022-04-22,2022,1440,ACCEPT
AUDUSD,2022-04-23,2022,355,NOT_TUE_FRI
AUDUSD,2022-04-24,2022,0,NOT_TUE_FRI
AUDUSD,2022-04-25,2022,1074,NOT_TUE_FRI
AUDUSD,2022-04-26,2022,1439,ACCEPT
AUDUSD,2022-04-27,2022,1440,ACCEPT
AUDUSD,2022-04-28,2022,1440,ACCEPT
AUDUSD,2022-04-29,2022,1439,ACCEPT
AUDUSD,2022-04-30,2022,355,NOT_TUE_FRI
AUDUSD,2022-05-01,2022,0,NOT_TUE_FRI
AUDUSD,2022-05-02,2022,1078,NOT_TUE_FRI
AUDUSD,2022-05-03,2022,1438,ACCEPT
AUDUSD,2022-05-04,2022,1440,ACCEPT
AUDUSD,2022-05-05,2022,1440,ACCEPT
AUDUSD,2022-05-06,2022,1439,ACCEPT
AUDUSD,2022-05-07,2022,355,NOT_TUE_FRI
AUDUSD,2022-05-08,2022,0,NOT_TUE_FRI
AUDUSD,2022-05-09,2022,1078,NOT_TUE_FRI
AUDUSD,2022-05-10,2022,1439,ACCEPT
AUDUSD,2022-05-11,2022,1439,ACCEPT
AUDUSD,2022-05-12,2022,1440,ACCEPT
AUDUSD,2022-05-13,2022,1439,ACCEPT
AUDUSD,2022-05-14,2022,355,NOT_TUE_FRI
AUDUSD,2022-05-15,2022,0,NOT_TUE_FRI
AUDUSD,2022-05-16,2022,1077,NOT_TUE_FRI
AUDUSD,2022-05-17,2022,1440,ACCEPT
AUDUSD,2022-05-18,2022,1440,ACCEPT
AUDUSD,2022-05-19,2022,1439,ACCEPT
AUDUSD,2022-05-20,2022,1440,ACCEPT
AUDUSD,2022-05-21,2022,355,NOT_TUE_FRI
AUDUSD,2022-05-22,2022,0,NOT_TUE_FRI
AUDUSD,2022-05-23,2022,1078,NOT_TUE_FRI
AUDUSD,2022-05-24,2022,1440,ACCEPT
AUDUSD,2022-05-25,2022,1440,ACCEPT
AUDUSD,2022-05-26,2022,1440,ACCEPT
AUDUSD,2022-05-27,2022,1440,ACCEPT
AUDUSD,2022-05-28,2022,355,NOT_TUE_FRI
AUDUSD,2022-05-29,2022,0,NOT_TUE_FRI
AUDUSD,2022-05-30,2022,1077,NOT_TUE_FRI
AUDUSD,2022-05-31,2022,1440,ACCEPT
AUDUSD,2022-06-01,2022,1438,ACCEPT
AUDUSD,2022-06-02,2022,1439,ACCEPT
AUDUSD,2022-06-03,2022,1439,ACCEPT
AUDUSD,2022-06-04,2022,355,NOT_TUE_FRI
AUDUSD,2022-06-05,2022,0,NOT_TUE_FRI
AUDUSD,2022-06-06,2022,1077,NOT_TUE_FRI
AUDUSD,2022-06-07,2022,1439,ACCEPT
AUDUSD,2022-06-08,2022,1438,ACCEPT
AUDUSD,2022-06-09,2022,1437,ACCEPT
AUDUSD,2022-06-10,2022,1438,ACCEPT
AUDUSD,2022-06-11,2022,355,NOT_TUE_FRI
AUDUSD,2022-06-12,2022,0,NOT_TUE_FRI
AUDUSD,2022-06-13,2022,1078,NOT_TUE_FRI
AUDUSD,2022-06-14,2022,1440,ACCEPT
AUDUSD,2022-06-15,2022,1439,ACCEPT
AUDUSD,2022-06-16,2022,1440,ACCEPT
AUDUSD,2022-06-17,2022,1439,ACCEPT
AUDUSD,2022-06-18,2022,355,NOT_TUE_FRI
AUDUSD,2022-06-19,2022,0,NOT_TUE_FRI
AUDUSD,2022-06-20,2022,1078,NOT_TUE_FRI
AUDUSD,2022-06-21,2022,1438,ACCEPT
AUDUSD,2022-06-22,2022,1439,ACCEPT
AUDUSD,2022-06-23,2022,1439,ACCEPT
AUDUSD,2022-06-24,2022,1439,ACCEPT
AUDUSD,2022-06-25,2022,355,NOT_TUE_FRI
AUDUSD,2022-06-26,2022,0,NOT_TUE_FRI
AUDUSD,2022-06-27,2022,1077,NOT_TUE_FRI
AUDUSD,2022-06-28,2022,1440,ACCEPT
AUDUSD,2022-06-29,2022,1439,ACCEPT
AUDUSD,2022-06-30,2022,1440,ACCEPT
AUDUSD,2022-07-01,2022,1440,ACCEPT
AUDUSD,2022-07-02,2022,355,NOT_TUE_FRI
AUDUSD,2022-07-03,2022,0,NOT_TUE_FRI
AUDUSD,2022-07-04,2022,1076,NOT_TUE_FRI
AUDUSD,2022-07-05,2022,1440,ACCEPT
AUDUSD,2022-07-06,2022,1440,ACCEPT
AUDUSD,2022-07-07,2022,1440,ACCEPT
AUDUSD,2022-07-08,2022,1439,ACCEPT
AUDUSD,2022-07-09,2022,355,NOT_TUE_FRI
AUDUSD,2022-07-10,2022,0,NOT_TUE_FRI
AUDUSD,2022-07-11,2022,1079,NOT_TUE_FRI
AUDUSD,2022-07-12,2022,1440,ACCEPT
AUDUSD,2022-07-13,2022,1438,ACCEPT
AUDUSD,2022-07-14,2022,1439,ACCEPT
AUDUSD,2022-07-15,2022,1439,ACCEPT
AUDUSD,2022-07-16,2022,355,NOT_TUE_FRI
AUDUSD,2022-07-17,2022,0,NOT_TUE_FRI
AUDUSD,2022-07-18,2022,1076,NOT_TUE_FRI
AUDUSD,2022-07-19,2022,1431,ACCEPT
AUDUSD,2022-07-20,2022,1423,ACCEPT
AUDUSD,2022-07-21,2022,1424,ACCEPT
AUDUSD,2022-07-22,2022,1434,ACCEPT
AUDUSD,2022-07-23,2022,355,NOT_TUE_FRI
AUDUSD,2022-07-24,2022,0,NOT_TUE_FRI
AUDUSD,2022-07-25,2022,1068,NOT_TUE_FRI
AUDUSD,2022-07-26,2022,1427,ACCEPT
AUDUSD,2022-07-27,2022,1433,ACCEPT
AUDUSD,2022-07-28,2022,1439,ACCEPT
AUDUSD,2022-07-29,2022,1429,ACCEPT
AUDUSD,2022-07-30,2022,355,NOT_TUE_FRI
AUDUSD,2022-07-31,2022,0,NOT_TUE_FRI
AUDUSD,2022-08-01,2022,1065,NOT_TUE_FRI
AUDUSD,2022-08-02,2022,1433,ACCEPT
AUDUSD,2022-08-03,2022,1431,ACCEPT
AUDUSD,2022-08-04,2022,1439,ACCEPT
AUDUSD,2022-08-05,2022,1422,ACCEPT
AUDUSD,2022-08-06,2022,355,NOT_TUE_FRI
AUDUSD,2022-08-07,2022,0,NOT_TUE_FRI
AUDUSD,2022-08-08,2022,1074,NOT_TUE_FRI
AUDUSD,2022-08-09,2022,1434,ACCEPT
AUDUSD,2022-08-10,2022,1428,ACCEPT
AUDUSD,2022-08-11,2022,1428,ACCEPT
AUDUSD,2022-08-12,2022,1426,ACCEPT
AUDUSD,2022-08-13,2022,355,NOT_TUE_FRI
AUDUSD,2022-08-14,2022,0,NOT_TUE_FRI
AUDUSD,2022-08-15,2022,1072,NOT_TUE_FRI
AUDUSD,2022-08-16,2022,1438,ACCEPT
AUDUSD,2022-08-17,2022,1437,ACCEPT
AUDUSD,2022-08-18,2022,1440,ACCEPT
AUDUSD,2022-08-19,2022,1440,ACCEPT
AUDUSD,2022-08-20,2022,355,NOT_TUE_FRI
AUDUSD,2022-08-21,2022,0,NOT_TUE_FRI
AUDUSD,2022-08-22,2022,1068,NOT_TUE_FRI
AUDUSD,2022-08-23,2022,1420,ACCEPT
AUDUSD,2022-08-24,2022,1435,ACCEPT
AUDUSD,2022-08-25,2022,1437,ACCEPT
AUDUSD,2022-08-26,2022,1433,ACCEPT
AUDUSD,2022-08-27,2022,355,NOT_TUE_FRI
AUDUSD,2022-08-28,2022,0,NOT_TUE_FRI
AUDUSD,2022-08-29,2022,1058,NOT_TUE_FRI
AUDUSD,2022-08-30,2022,1424,ACCEPT
AUDUSD,2022-08-31,2022,1424,ACCEPT
AUDUSD,2022-09-01,2022,1428,ACCEPT
AUDUSD,2022-09-02,2022,1426,ACCEPT
AUDUSD,2022-09-03,2022,356,NOT_TUE_FRI
AUDUSD,2022-09-04,2022,0,NOT_TUE_FRI
AUDUSD,2022-09-05,2022,1061,NOT_TUE_FRI
AUDUSD,2022-09-06,2022,1375,LOW_COUNT
AUDUSD,2022-09-07,2022,1422,ACCEPT
AUDUSD,2022-09-08,2022,1415,ACCEPT
AUDUSD,2022-09-09,2022,1430,ACCEPT
AUDUSD,2022-09-10,2022,349,NOT_TUE_FRI
AUDUSD,2022-09-11,2022,0,NOT_TUE_FRI
AUDUSD,2022-09-12,2022,1047,NOT_TUE_FRI
AUDUSD,2022-09-13,2022,1434,ACCEPT
AUDUSD,2022-09-14,2022,1433,ACCEPT
AUDUSD,2022-09-15,2022,1429,ACCEPT
AUDUSD,2022-09-16,2022,1427,ACCEPT
AUDUSD,2022-09-17,2022,355,NOT_TUE_FRI
AUDUSD,2022-09-18,2022,0,NOT_TUE_FRI
AUDUSD,2022-09-19,2022,1058,NOT_TUE_FRI
AUDUSD,2022-09-20,2022,1438,ACCEPT
AUDUSD,2022-09-21,2022,1435,ACCEPT
AUDUSD,2022-09-22,2022,1439,ACCEPT
AUDUSD,2022-09-23,2022,1440,ACCEPT
AUDUSD,2022-09-24,2022,355,NOT_TUE_FRI
AUDUSD,2022-09-25,2022,0,NOT_TUE_FRI
AUDUSD,2022-09-26,2022,1078,NOT_TUE_FRI
AUDUSD,2022-09-27,2022,1440,ACCEPT
AUDUSD,2022-09-28,2022,1440,ACCEPT
AUDUSD,2022-09-29,2022,1439,ACCEPT
AUDUSD,2022-09-30,2022,1440,ACCEPT
AUDUSD,2022-10-01,2022,355,NOT_TUE_FRI
AUDUSD,2022-10-02,2022,0,NOT_TUE_FRI
AUDUSD,2022-10-03,2022,1077,NOT_TUE_FRI
AUDUSD,2022-10-04,2022,1440,ACCEPT
AUDUSD,2022-10-05,2022,1440,ACCEPT
AUDUSD,2022-10-06,2022,1440,ACCEPT
AUDUSD,2022-10-07,2022,1440,ACCEPT
AUDUSD,2022-10-08,2022,355,NOT_TUE_FRI
AUDUSD,2022-10-09,2022,0,NOT_TUE_FRI
AUDUSD,2022-10-10,2022,1078,NOT_TUE_FRI
AUDUSD,2022-10-11,2022,1440,ACCEPT
AUDUSD,2022-10-12,2022,1440,ACCEPT
AUDUSD,2022-10-13,2022,1440,ACCEPT
AUDUSD,2022-10-14,2022,1439,ACCEPT
AUDUSD,2022-10-15,2022,355,NOT_TUE_FRI
AUDUSD,2022-10-16,2022,0,NOT_TUE_FRI
AUDUSD,2022-10-17,2022,1077,NOT_TUE_FRI
AUDUSD,2022-10-18,2022,1440,ACCEPT
AUDUSD,2022-10-19,2022,1439,ACCEPT
AUDUSD,2022-10-20,2022,1439,ACCEPT
AUDUSD,2022-10-21,2022,1438,ACCEPT
AUDUSD,2022-10-22,2022,355,NOT_TUE_FRI
AUDUSD,2022-10-23,2022,0,NOT_TUE_FRI
AUDUSD,2022-10-24,2022,1078,NOT_TUE_FRI
AUDUSD,2022-10-25,2022,1439,ACCEPT
AUDUSD,2022-10-26,2022,1437,ACCEPT
AUDUSD,2022-10-27,2022,1438,ACCEPT
AUDUSD,2022-10-28,2022,1440,ACCEPT
AUDUSD,2022-10-29,2022,355,NOT_TUE_FRI
AUDUSD,2022-10-30,2022,0,NOT_TUE_FRI
AUDUSD,2022-10-31,2022,1020,NOT_TUE_FRI
AUDUSD,2022-11-01,2022,1439,ACCEPT
AUDUSD,2022-11-02,2022,1440,ACCEPT
AUDUSD,2022-11-03,2022,1438,ACCEPT
AUDUSD,2022-11-04,2022,1437,ACCEPT
AUDUSD,2022-11-05,2022,355,NOT_TUE_FRI
AUDUSD,2022-11-06,2022,0,NOT_TUE_FRI
AUDUSD,2022-11-07,2022,1018,NOT_TUE_FRI
AUDUSD,2022-11-08,2022,1440,ACCEPT
AUDUSD,2022-11-09,2022,1439,ACCEPT
AUDUSD,2022-11-10,2022,1440,ACCEPT
AUDUSD,2022-11-11,2022,1440,ACCEPT
AUDUSD,2022-11-12,2022,415,NOT_TUE_FRI
AUDUSD,2022-11-13,2022,0,NOT_TUE_FRI
AUDUSD,2022-11-14,2022,1018,NOT_TUE_FRI
AUDUSD,2022-11-15,2022,1439,ACCEPT
AUDUSD,2022-11-16,2022,1440,ACCEPT
AUDUSD,2022-11-17,2022,1439,ACCEPT
AUDUSD,2022-11-18,2022,1438,ACCEPT
AUDUSD,2022-11-19,2022,415,NOT_TUE_FRI
AUDUSD,2022-11-20,2022,0,NOT_TUE_FRI
AUDUSD,2022-11-21,2022,1017,NOT_TUE_FRI
AUDUSD,2022-11-22,2022,1440,ACCEPT
AUDUSD,2022-11-23,2022,1440,ACCEPT
AUDUSD,2022-11-24,2022,1440,ACCEPT
AUDUSD,2022-11-25,2022,1440,ACCEPT
AUDUSD,2022-11-26,2022,414,NOT_TUE_FRI
AUDUSD,2022-11-27,2022,0,NOT_TUE_FRI
AUDUSD,2022-11-28,2022,1018,NOT_TUE_FRI
AUDUSD,2022-11-29,2022,1439,ACCEPT
AUDUSD,2022-11-30,2022,1440,ACCEPT
AUDUSD,2022-12-01,2022,1440,ACCEPT
AUDUSD,2022-12-02,2022,1440,ACCEPT
AUDUSD,2022-12-03,2022,415,NOT_TUE_FRI
AUDUSD,2022-12-04,2022,0,NOT_TUE_FRI
AUDUSD,2022-12-05,2022,1018,NOT_TUE_FRI
AUDUSD,2022-12-06,2022,1440,ACCEPT
AUDUSD,2022-12-07,2022,1440,ACCEPT
AUDUSD,2022-12-08,2022,1440,ACCEPT
AUDUSD,2022-12-09,2022,1440,ACCEPT
AUDUSD,2022-12-10,2022,415,NOT_TUE_FRI
AUDUSD,2022-12-11,2022,0,NOT_TUE_FRI
AUDUSD,2022-12-12,2022,1016,NOT_TUE_FRI
AUDUSD,2022-12-13,2022,1440,ACCEPT
AUDUSD,2022-12-14,2022,1438,ACCEPT
AUDUSD,2022-12-15,2022,1440,ACCEPT
AUDUSD,2022-12-16,2022,1440,ACCEPT
AUDUSD,2022-12-17,2022,415,NOT_TUE_FRI
AUDUSD,2022-12-18,2022,0,NOT_TUE_FRI
AUDUSD,2022-12-19,2022,1018,NOT_TUE_FRI
AUDUSD,2022-12-20,2022,1438,ACCEPT
AUDUSD,2022-12-21,2022,1438,ACCEPT
AUDUSD,2022-12-22,2022,1438,ACCEPT
AUDUSD,2022-12-23,2022,1439,ACCEPT
AUDUSD,2022-12-24,2022,416,NOT_TUE_FRI
AUDUSD,2022-12-25,2022,0,NOT_TUE_FRI
AUDUSD,2022-12-26,2022,240,NOT_TUE_FRI
AUDUSD,2022-12-27,2022,1387,YEAR_END
AUDUSD,2022-12-28,2022,1439,YEAR_END
AUDUSD,2022-12-29,2022,1440,YEAR_END
AUDUSD,2022-12-30,2022,1438,YEAR_END
AUDUSD,2022-12-31,2022,416,NOT_TUE_FRI
AUDUSD,2023-01-01,2023,0,NOT_TUE_FRI
AUDUSD,2023-01-02,2023,482,NOT_TUE_FRI
AUDUSD,2023-01-03,2023,1411,YEAR_END
AUDUSD,2023-01-04,2023,1434,ACCEPT
AUDUSD,2023-01-05,2023,1439,ACCEPT
AUDUSD,2023-01-06,2023,1440,ACCEPT
AUDUSD,2023-01-07,2023,415,NOT_TUE_FRI
AUDUSD,2023-01-08,2023,0,NOT_TUE_FRI
AUDUSD,2023-01-09,2023,1016,NOT_TUE_FRI
AUDUSD,2023-01-10,2023,1437,ACCEPT
AUDUSD,2023-01-11,2023,1436,ACCEPT
AUDUSD,2023-01-12,2023,1439,ACCEPT
AUDUSD,2023-01-13,2023,1436,ACCEPT
AUDUSD,2023-01-14,2023,415,NOT_TUE_FRI
AUDUSD,2023-01-15,2023,0,NOT_TUE_FRI
AUDUSD,2023-01-16,2023,1013,NOT_TUE_FRI
AUDUSD,2023-01-17,2023,1438,ACCEPT
AUDUSD,2023-01-18,2023,1439,ACCEPT
AUDUSD,2023-01-19,2023,1439,ACCEPT
AUDUSD,2023-01-20,2023,1440,ACCEPT
AUDUSD,2023-01-21,2023,415,NOT_TUE_FRI
AUDUSD,2023-01-22,2023,0,NOT_TUE_FRI
AUDUSD,2023-01-23,2023,1018,NOT_TUE_FRI
AUDUSD,2023-01-24,2023,1439,ACCEPT
AUDUSD,2023-01-25,2023,1440,ACCEPT
AUDUSD,2023-01-26,2023,1440,ACCEPT
AUDUSD,2023-01-27,2023,1440,ACCEPT
AUDUSD,2023-01-28,2023,415,NOT_TUE_FRI
AUDUSD,2023-01-29,2023,0,NOT_TUE_FRI
AUDUSD,2023-01-30,2023,1018,NOT_TUE_FRI
AUDUSD,2023-01-31,2023,1439,ACCEPT
AUDUSD,2023-02-01,2023,1439,ACCEPT
AUDUSD,2023-02-02,2023,1438,ACCEPT
AUDUSD,2023-02-03,2023,1440,ACCEPT
AUDUSD,2023-02-04,2023,415,NOT_TUE_FRI
AUDUSD,2023-02-05,2023,0,NOT_TUE_FRI
AUDUSD,2023-02-06,2023,1018,NOT_TUE_FRI
AUDUSD,2023-02-07,2023,1439,ACCEPT
AUDUSD,2023-02-08,2023,1439,ACCEPT
AUDUSD,2023-02-09,2023,1440,ACCEPT
AUDUSD,2023-02-10,2023,1440,ACCEPT
AUDUSD,2023-02-11,2023,415,NOT_TUE_FRI
AUDUSD,2023-02-12,2023,0,NOT_TUE_FRI
AUDUSD,2023-02-13,2023,1018,NOT_TUE_FRI
AUDUSD,2023-02-14,2023,1440,ACCEPT
AUDUSD,2023-02-15,2023,1440,ACCEPT
AUDUSD,2023-02-16,2023,1440,ACCEPT
AUDUSD,2023-02-17,2023,1440,ACCEPT
AUDUSD,2023-02-18,2023,415,NOT_TUE_FRI
AUDUSD,2023-02-19,2023,0,NOT_TUE_FRI
AUDUSD,2023-02-20,2023,1019,NOT_TUE_FRI
AUDUSD,2023-02-21,2023,1438,ACCEPT
AUDUSD,2023-02-22,2023,1438,ACCEPT
AUDUSD,2023-02-23,2023,1440,ACCEPT
AUDUSD,2023-02-24,2023,1440,ACCEPT
AUDUSD,2023-02-25,2023,415,NOT_TUE_FRI
AUDUSD,2023-02-26,2023,0,NOT_TUE_FRI
AUDUSD,2023-02-27,2023,1011,NOT_TUE_FRI
AUDUSD,2023-02-28,2023,1429,ACCEPT
AUDUSD,2023-03-01,2023,1433,ACCEPT
AUDUSD,2023-03-02,2023,1429,ACCEPT
AUDUSD,2023-03-03,2023,1430,ACCEPT
AUDUSD,2023-03-04,2023,415,NOT_TUE_FRI
AUDUSD,2023-03-05,2023,0,NOT_TUE_FRI
AUDUSD,2023-03-06,2023,1018,NOT_TUE_FRI
AUDUSD,2023-03-07,2023,1433,ACCEPT
AUDUSD,2023-03-08,2023,1434,ACCEPT
AUDUSD,2023-03-09,2023,1434,ACCEPT
AUDUSD,2023-03-10,2023,1432,ACCEPT
AUDUSD,2023-03-11,2023,415,NOT_TUE_FRI
AUDUSD,2023-03-12,2023,0,NOT_TUE_FRI
AUDUSD,2023-03-13,2023,1020,NOT_TUE_FRI
AUDUSD,2023-03-14,2023,1433,ACCEPT
AUDUSD,2023-03-15,2023,1432,ACCEPT
AUDUSD,2023-03-16,2023,1434,ACCEPT
AUDUSD,2023-03-17,2023,1433,ACCEPT
AUDUSD,2023-03-18,2023,355,NOT_TUE_FRI
AUDUSD,2023-03-19,2023,0,NOT_TUE_FRI
AUDUSD,2023-03-20,2023,1020,NOT_TUE_FRI
AUDUSD,2023-03-21,2023,1430,ACCEPT
AUDUSD,2023-03-22,2023,1430,ACCEPT
AUDUSD,2023-03-23,2023,1432,ACCEPT
AUDUSD,2023-03-24,2023,1432,ACCEPT
AUDUSD,2023-03-25,2023,354,NOT_TUE_FRI
AUDUSD,2023-03-26,2023,0,NOT_TUE_FRI
AUDUSD,2023-03-27,2023,1074,NOT_TUE_FRI
AUDUSD,2023-03-28,2023,1432,ACCEPT
AUDUSD,2023-03-29,2023,1433,ACCEPT
AUDUSD,2023-03-30,2023,1432,ACCEPT
AUDUSD,2023-03-31,2023,1433,ACCEPT
AUDUSD,2023-04-01,2023,355,NOT_TUE_FRI
AUDUSD,2023-04-02,2023,0,NOT_TUE_FRI
AUDUSD,2023-04-03,2023,1078,NOT_TUE_FRI
AUDUSD,2023-04-04,2023,1431,ACCEPT
AUDUSD,2023-04-05,2023,1433,ACCEPT
AUDUSD,2023-04-06,2023,1434,ACCEPT
AUDUSD,2023-04-07,2023,1427,ACCEPT
AUDUSD,2023-04-08,2023,349,NOT_TUE_FRI
AUDUSD,2023-04-09,2023,0,NOT_TUE_FRI
AUDUSD,2023-04-10,2023,1064,NOT_TUE_FRI
AUDUSD,2023-04-11,2023,1433,ACCEPT
AUDUSD,2023-04-12,2023,1433,ACCEPT
AUDUSD,2023-04-13,2023,1433,ACCEPT
AUDUSD,2023-04-14,2023,1432,ACCEPT
AUDUSD,2023-04-15,2023,355,NOT_TUE_FRI
AUDUSD,2023-04-16,2023,0,NOT_TUE_FRI
AUDUSD,2023-04-17,2023,1071,NOT_TUE_FRI
AUDUSD,2023-04-18,2023,1433,ACCEPT
AUDUSD,2023-04-19,2023,1431,ACCEPT
AUDUSD,2023-04-20,2023,1430,ACCEPT
AUDUSD,2023-04-21,2023,1434,ACCEPT
AUDUSD,2023-04-22,2023,355,NOT_TUE_FRI
AUDUSD,2023-04-23,2023,0,NOT_TUE_FRI
AUDUSD,2023-04-24,2023,1073,NOT_TUE_FRI
AUDUSD,2023-04-25,2023,1434,ACCEPT
AUDUSD,2023-04-26,2023,1434,ACCEPT
AUDUSD,2023-04-27,2023,1433,ACCEPT
AUDUSD,2023-04-28,2023,1434,ACCEPT
AUDUSD,2023-04-29,2023,355,NOT_TUE_FRI
AUDUSD,2023-04-30,2023,0,NOT_TUE_FRI
AUDUSD,2023-05-01,2023,1075,NOT_TUE_FRI
AUDUSD,2023-05-02,2023,1432,ACCEPT
AUDUSD,2023-05-03,2023,1429,ACCEPT
AUDUSD,2023-05-04,2023,1432,ACCEPT
AUDUSD,2023-05-05,2023,1433,ACCEPT
AUDUSD,2023-05-06,2023,356,NOT_TUE_FRI
AUDUSD,2023-05-07,2023,0,NOT_TUE_FRI
AUDUSD,2023-05-08,2023,1074,NOT_TUE_FRI
AUDUSD,2023-05-09,2023,1431,ACCEPT
AUDUSD,2023-05-10,2023,1430,ACCEPT
AUDUSD,2023-05-11,2023,1431,ACCEPT
AUDUSD,2023-05-12,2023,1433,ACCEPT
AUDUSD,2023-05-13,2023,355,NOT_TUE_FRI
AUDUSD,2023-05-14,2023,0,NOT_TUE_FRI
AUDUSD,2023-05-15,2023,1074,NOT_TUE_FRI
AUDUSD,2023-05-16,2023,1431,ACCEPT
AUDUSD,2023-05-17,2023,1433,ACCEPT
AUDUSD,2023-05-18,2023,1433,ACCEPT
AUDUSD,2023-05-19,2023,1433,ACCEPT
AUDUSD,2023-05-20,2023,355,NOT_TUE_FRI
AUDUSD,2023-05-21,2023,0,NOT_TUE_FRI
AUDUSD,2023-05-22,2023,1072,NOT_TUE_FRI
AUDUSD,2023-05-23,2023,1431,ACCEPT
AUDUSD,2023-05-24,2023,1432,ACCEPT
AUDUSD,2023-05-25,2023,1434,ACCEPT
AUDUSD,2023-05-26,2023,1432,ACCEPT
AUDUSD,2023-05-27,2023,355,NOT_TUE_FRI
AUDUSD,2023-05-28,2023,0,NOT_TUE_FRI
AUDUSD,2023-05-29,2023,1077,NOT_TUE_FRI
AUDUSD,2023-05-30,2023,1431,ACCEPT
AUDUSD,2023-05-31,2023,1432,ACCEPT
AUDUSD,2023-06-01,2023,1433,ACCEPT
AUDUSD,2023-06-02,2023,1433,ACCEPT
AUDUSD,2023-06-03,2023,355,NOT_TUE_FRI
AUDUSD,2023-06-04,2023,0,NOT_TUE_FRI
AUDUSD,2023-06-05,2023,1078,NOT_TUE_FRI
AUDUSD,2023-06-06,2023,1434,ACCEPT
AUDUSD,2023-06-07,2023,1433,ACCEPT
AUDUSD,2023-06-08,2023,1427,ACCEPT
AUDUSD,2023-06-09,2023,1427,ACCEPT
AUDUSD,2023-06-10,2023,354,NOT_TUE_FRI
AUDUSD,2023-06-11,2023,0,NOT_TUE_FRI
AUDUSD,2023-06-12,2023,1072,NOT_TUE_FRI
AUDUSD,2023-06-13,2023,1434,ACCEPT
AUDUSD,2023-06-14,2023,1433,ACCEPT
AUDUSD,2023-06-15,2023,1433,ACCEPT
AUDUSD,2023-06-16,2023,1433,ACCEPT
AUDUSD,2023-06-17,2023,355,NOT_TUE_FRI
AUDUSD,2023-06-18,2023,0,NOT_TUE_FRI
AUDUSD,2023-06-19,2023,1076,NOT_TUE_FRI
AUDUSD,2023-06-20,2023,1434,ACCEPT
AUDUSD,2023-06-21,2023,1440,ACCEPT
AUDUSD,2023-06-22,2023,1440,ACCEPT
AUDUSD,2023-06-23,2023,1440,ACCEPT
AUDUSD,2023-06-24,2023,359,NOT_TUE_FRI
AUDUSD,2023-06-25,2023,0,NOT_TUE_FRI
AUDUSD,2023-06-26,2023,1079,NOT_TUE_FRI
AUDUSD,2023-06-27,2023,1440,ACCEPT
AUDUSD,2023-06-28,2023,1408,ACCEPT
AUDUSD,2023-06-29,2023,1440,ACCEPT
AUDUSD,2023-06-30,2023,1437,ACCEPT
AUDUSD,2023-07-01,2023,359,NOT_TUE_FRI
AUDUSD,2023-07-02,2023,0,NOT_TUE_FRI
AUDUSD,2023-07-03,2023,1073,NOT_TUE_FRI
AUDUSD,2023-07-04,2023,1440,ACCEPT
AUDUSD,2023-07-05,2023,1440,ACCEPT
AUDUSD,2023-07-06,2023,1439,ACCEPT
AUDUSD,2023-07-07,2023,1440,ACCEPT
AUDUSD,2023-07-08,2023,359,NOT_TUE_FRI
AUDUSD,2023-07-09,2023,0,NOT_TUE_FRI
AUDUSD,2023-07-10,2023,1079,NOT_TUE_FRI
AUDUSD,2023-07-11,2023,1440,ACCEPT
AUDUSD,2023-07-12,2023,1439,ACCEPT
AUDUSD,2023-07-13,2023,1440,ACCEPT
AUDUSD,2023-07-14,2023,1440,ACCEPT
AUDUSD,2023-07-15,2023,248,NOT_TUE_FRI
AUDUSD,2023-07-16,2023,0,NOT_TUE_FRI
AUDUSD,2023-07-17,2023,1080,NOT_TUE_FRI
AUDUSD,2023-07-18,2023,1440,ACCEPT
AUDUSD,2023-07-19,2023,1440,ACCEPT
AUDUSD,2023-07-20,2023,1439,ACCEPT
AUDUSD,2023-07-21,2023,1440,ACCEPT
AUDUSD,2023-07-22,2023,359,NOT_TUE_FRI
AUDUSD,2023-07-23,2023,0,NOT_TUE_FRI
AUDUSD,2023-07-24,2023,1077,NOT_TUE_FRI
AUDUSD,2023-07-25,2023,1438,ACCEPT
AUDUSD,2023-07-26,2023,1440,ACCEPT
AUDUSD,2023-07-27,2023,1440,ACCEPT
AUDUSD,2023-07-28,2023,1438,ACCEPT
AUDUSD,2023-07-29,2023,359,NOT_TUE_FRI
AUDUSD,2023-07-30,2023,0,NOT_TUE_FRI
AUDUSD,2023-07-31,2023,1076,NOT_TUE_FRI
AUDUSD,2023-08-01,2023,1439,ACCEPT
AUDUSD,2023-08-02,2023,1439,ACCEPT
AUDUSD,2023-08-03,2023,1439,ACCEPT
AUDUSD,2023-08-04,2023,1439,ACCEPT
AUDUSD,2023-08-05,2023,359,NOT_TUE_FRI
AUDUSD,2023-08-06,2023,0,NOT_TUE_FRI
AUDUSD,2023-08-07,2023,1075,NOT_TUE_FRI
AUDUSD,2023-08-08,2023,1440,ACCEPT
AUDUSD,2023-08-09,2023,1440,ACCEPT
AUDUSD,2023-08-10,2023,1440,ACCEPT
AUDUSD,2023-08-11,2023,1440,ACCEPT
AUDUSD,2023-08-12,2023,333,NOT_TUE_FRI
AUDUSD,2023-08-13,2023,0,NOT_TUE_FRI
AUDUSD,2023-08-14,2023,1079,NOT_TUE_FRI
AUDUSD,2023-08-15,2023,1439,ACCEPT
AUDUSD,2023-08-16,2023,1439,ACCEPT
AUDUSD,2023-08-17,2023,1439,ACCEPT
AUDUSD,2023-08-18,2023,1440,ACCEPT
AUDUSD,2023-08-19,2023,359,NOT_TUE_FRI
AUDUSD,2023-08-20,2023,0,NOT_TUE_FRI
AUDUSD,2023-08-21,2023,1079,NOT_TUE_FRI
AUDUSD,2023-08-22,2023,1440,ACCEPT
AUDUSD,2023-08-23,2023,1440,ACCEPT
AUDUSD,2023-08-24,2023,1440,ACCEPT
AUDUSD,2023-08-25,2023,1440,ACCEPT
AUDUSD,2023-08-26,2023,359,NOT_TUE_FRI
AUDUSD,2023-08-27,2023,0,NOT_TUE_FRI
AUDUSD,2023-08-28,2023,1078,NOT_TUE_FRI
AUDUSD,2023-08-29,2023,1440,ACCEPT
AUDUSD,2023-08-30,2023,1439,ACCEPT
AUDUSD,2023-08-31,2023,1413,GAP
AUDUSD,2023-09-01,2023,1440,ACCEPT
AUDUSD,2023-09-02,2023,359,NOT_TUE_FRI
AUDUSD,2023-09-03,2023,0,NOT_TUE_FRI
AUDUSD,2023-09-04,2023,1079,NOT_TUE_FRI
AUDUSD,2023-09-05,2023,1440,ACCEPT
AUDUSD,2023-09-06,2023,1440,ACCEPT
AUDUSD,2023-09-07,2023,1440,ACCEPT
AUDUSD,2023-09-08,2023,1439,ACCEPT
AUDUSD,2023-09-09,2023,359,NOT_TUE_FRI
AUDUSD,2023-09-10,2023,0,NOT_TUE_FRI
AUDUSD,2023-09-11,2023,1080,NOT_TUE_FRI
AUDUSD,2023-09-12,2023,1439,ACCEPT
AUDUSD,2023-09-13,2023,1439,ACCEPT
AUDUSD,2023-09-14,2023,1440,ACCEPT
AUDUSD,2023-09-15,2023,1439,ACCEPT
AUDUSD,2023-09-16,2023,359,NOT_TUE_FRI
AUDUSD,2023-09-17,2023,0,NOT_TUE_FRI
AUDUSD,2023-09-18,2023,1078,NOT_TUE_FRI
AUDUSD,2023-09-19,2023,1440,ACCEPT
AUDUSD,2023-09-20,2023,1440,ACCEPT
AUDUSD,2023-09-21,2023,1439,ACCEPT
AUDUSD,2023-09-22,2023,1440,ACCEPT
AUDUSD,2023-09-23,2023,359,NOT_TUE_FRI
AUDUSD,2023-09-24,2023,0,NOT_TUE_FRI
AUDUSD,2023-09-25,2023,1079,NOT_TUE_FRI
AUDUSD,2023-09-26,2023,1439,ACCEPT
AUDUSD,2023-09-27,2023,1440,ACCEPT
AUDUSD,2023-09-28,2023,1440,ACCEPT
AUDUSD,2023-09-29,2023,1439,ACCEPT
AUDUSD,2023-09-30,2023,359,NOT_TUE_FRI
AUDUSD,2023-10-01,2023,0,NOT_TUE_FRI
AUDUSD,2023-10-02,2023,1079,NOT_TUE_FRI
AUDUSD,2023-10-03,2023,1439,ACCEPT
AUDUSD,2023-10-04,2023,1439,ACCEPT
AUDUSD,2023-10-05,2023,1440,ACCEPT
AUDUSD,2023-10-06,2023,1440,ACCEPT
AUDUSD,2023-10-07,2023,359,NOT_TUE_FRI
AUDUSD,2023-10-08,2023,0,NOT_TUE_FRI
AUDUSD,2023-10-09,2023,1080,NOT_TUE_FRI
AUDUSD,2023-10-10,2023,1439,ACCEPT
AUDUSD,2023-10-11,2023,1438,ACCEPT
AUDUSD,2023-10-12,2023,1439,ACCEPT
AUDUSD,2023-10-13,2023,1440,ACCEPT
AUDUSD,2023-10-14,2023,359,NOT_TUE_FRI
AUDUSD,2023-10-15,2023,0,NOT_TUE_FRI
AUDUSD,2023-10-16,2023,1079,NOT_TUE_FRI
AUDUSD,2023-10-17,2023,1439,ACCEPT
AUDUSD,2023-10-18,2023,1439,ACCEPT
AUDUSD,2023-10-19,2023,1440,ACCEPT
AUDUSD,2023-10-20,2023,1439,ACCEPT
AUDUSD,2023-10-21,2023,358,NOT_TUE_FRI
AUDUSD,2023-10-22,2023,0,NOT_TUE_FRI
AUDUSD,2023-10-23,2023,1078,NOT_TUE_FRI
AUDUSD,2023-10-24,2023,1440,ACCEPT
AUDUSD,2023-10-25,2023,1439,ACCEPT
AUDUSD,2023-10-26,2023,1439,ACCEPT
AUDUSD,2023-10-27,2023,1440,ACCEPT
AUDUSD,2023-10-28,2023,359,NOT_TUE_FRI
AUDUSD,2023-10-29,2023,0,NOT_TUE_FRI
AUDUSD,2023-10-30,2023,1020,NOT_TUE_FRI
AUDUSD,2023-10-31,2023,1440,ACCEPT
AUDUSD,2023-11-01,2023,1439,ACCEPT
AUDUSD,2023-11-02,2023,1439,ACCEPT
AUDUSD,2023-11-03,2023,1439,ACCEPT
AUDUSD,2023-11-04,2023,359,NOT_TUE_FRI
AUDUSD,2023-11-05,2023,0,NOT_TUE_FRI
AUDUSD,2023-11-06,2023,1020,NOT_TUE_FRI
AUDUSD,2023-11-07,2023,1440,ACCEPT
AUDUSD,2023-11-08,2023,1440,ACCEPT
AUDUSD,2023-11-09,2023,1440,ACCEPT
AUDUSD,2023-11-10,2023,1440,ACCEPT
AUDUSD,2023-11-11,2023,419,NOT_TUE_FRI
AUDUSD,2023-11-12,2023,0,NOT_TUE_FRI
AUDUSD,2023-11-13,2023,1020,NOT_TUE_FRI
AUDUSD,2023-11-14,2023,1439,ACCEPT
AUDUSD,2023-11-15,2023,1440,ACCEPT
AUDUSD,2023-11-16,2023,1438,ACCEPT
AUDUSD,2023-11-17,2023,1440,ACCEPT
AUDUSD,2023-11-18,2023,419,NOT_TUE_FRI
AUDUSD,2023-11-19,2023,0,NOT_TUE_FRI
AUDUSD,2023-11-20,2023,1020,NOT_TUE_FRI
AUDUSD,2023-11-21,2023,1440,ACCEPT
AUDUSD,2023-11-22,2023,1440,ACCEPT
AUDUSD,2023-11-23,2023,1439,ACCEPT
AUDUSD,2023-11-24,2023,1440,ACCEPT
AUDUSD,2023-11-25,2023,419,NOT_TUE_FRI
AUDUSD,2023-11-26,2023,0,NOT_TUE_FRI
AUDUSD,2023-11-27,2023,1020,NOT_TUE_FRI
AUDUSD,2023-11-28,2023,1440,ACCEPT
AUDUSD,2023-11-29,2023,1440,ACCEPT
AUDUSD,2023-11-30,2023,1440,ACCEPT
AUDUSD,2023-12-01,2023,1440,ACCEPT
AUDUSD,2023-12-02,2023,419,NOT_TUE_FRI
AUDUSD,2023-12-03,2023,0,NOT_TUE_FRI
AUDUSD,2023-12-04,2023,1020,NOT_TUE_FRI
AUDUSD,2023-12-05,2023,1440,ACCEPT
AUDUSD,2023-12-06,2023,1440,ACCEPT
AUDUSD,2023-12-07,2023,1440,ACCEPT
AUDUSD,2023-12-08,2023,1440,ACCEPT
AUDUSD,2023-12-09,2023,419,NOT_TUE_FRI
AUDUSD,2023-12-10,2023,0,NOT_TUE_FRI
AUDUSD,2023-12-11,2023,1020,NOT_TUE_FRI
AUDUSD,2023-12-12,2023,1440,ACCEPT
AUDUSD,2023-12-13,2023,1440,ACCEPT
AUDUSD,2023-12-14,2023,1440,ACCEPT
AUDUSD,2023-12-15,2023,1440,ACCEPT
AUDUSD,2023-12-16,2023,419,NOT_TUE_FRI
AUDUSD,2023-12-17,2023,0,NOT_TUE_FRI
AUDUSD,2023-12-18,2023,993,NOT_TUE_FRI
AUDUSD,2023-12-19,2023,1424,ACCEPT
AUDUSD,2023-12-20,2023,1440,ACCEPT
AUDUSD,2023-12-21,2023,1439,ACCEPT
AUDUSD,2023-12-22,2023,1439,ACCEPT
AUDUSD,2023-12-23,2023,419,NOT_TUE_FRI
AUDUSD,2023-12-24,2023,0,NOT_TUE_FRI
AUDUSD,2023-12-25,2023,54,NOT_TUE_FRI
AUDUSD,2023-12-26,2023,1020,YEAR_END
AUDUSD,2023-12-27,2023,1439,YEAR_END
AUDUSD,2023-12-28,2023,1440,YEAR_END
AUDUSD,2023-12-29,2023,1439,YEAR_END
AUDUSD,2023-12-30,2023,419,NOT_TUE_FRI
AUDUSD,2023-12-31,2023,0,NOT_TUE_FRI
EURAUD,2020-01-01,2020,360,YEAR_END
EURAUD,2020-01-02,2020,660,YEAR_END
EURAUD,2020-01-03,2020,1440,YEAR_END
EURAUD,2020-01-04,2020,415,NOT_TUE_FRI
EURAUD,2020-01-05,2020,0,NOT_TUE_FRI
EURAUD,2020-01-06,2020,1018,NOT_TUE_FRI
EURAUD,2020-01-07,2020,1440,ACCEPT
EURAUD,2020-01-08,2020,1440,ACCEPT
EURAUD,2020-01-09,2020,1440,ACCEPT
EURAUD,2020-01-10,2020,1440,ACCEPT
EURAUD,2020-01-11,2020,415,NOT_TUE_FRI
EURAUD,2020-01-12,2020,0,NOT_TUE_FRI
EURAUD,2020-01-13,2020,1018,NOT_TUE_FRI
EURAUD,2020-01-14,2020,1440,ACCEPT
EURAUD,2020-01-15,2020,1440,ACCEPT
EURAUD,2020-01-16,2020,1440,ACCEPT
EURAUD,2020-01-17,2020,1440,ACCEPT
EURAUD,2020-01-18,2020,415,NOT_TUE_FRI
EURAUD,2020-01-19,2020,0,NOT_TUE_FRI
EURAUD,2020-01-20,2020,1015,NOT_TUE_FRI
EURAUD,2020-01-21,2020,1440,ACCEPT
EURAUD,2020-01-22,2020,1440,ACCEPT
EURAUD,2020-01-23,2020,1439,ACCEPT
EURAUD,2020-01-24,2020,1440,ACCEPT
EURAUD,2020-01-25,2020,415,NOT_TUE_FRI
EURAUD,2020-01-26,2020,0,NOT_TUE_FRI
EURAUD,2020-01-27,2020,1019,NOT_TUE_FRI
EURAUD,2020-01-28,2020,1440,ACCEPT
EURAUD,2020-01-29,2020,1439,ACCEPT
EURAUD,2020-01-30,2020,1440,ACCEPT
EURAUD,2020-01-31,2020,1440,ACCEPT
EURAUD,2020-02-01,2020,415,NOT_TUE_FRI
EURAUD,2020-02-02,2020,0,NOT_TUE_FRI
EURAUD,2020-02-03,2020,1018,NOT_TUE_FRI
EURAUD,2020-02-04,2020,1440,ACCEPT
EURAUD,2020-02-05,2020,1440,ACCEPT
EURAUD,2020-02-06,2020,1440,ACCEPT
EURAUD,2020-02-07,2020,1440,ACCEPT
EURAUD,2020-02-08,2020,415,NOT_TUE_FRI
EURAUD,2020-02-09,2020,0,NOT_TUE_FRI
EURAUD,2020-02-10,2020,1015,NOT_TUE_FRI
EURAUD,2020-02-11,2020,1440,ACCEPT
EURAUD,2020-02-12,2020,1440,ACCEPT
EURAUD,2020-02-13,2020,1440,ACCEPT
EURAUD,2020-02-14,2020,1440,ACCEPT
EURAUD,2020-02-15,2020,415,NOT_TUE_FRI
EURAUD,2020-02-16,2020,0,NOT_TUE_FRI
EURAUD,2020-02-17,2020,1018,NOT_TUE_FRI
EURAUD,2020-02-18,2020,1440,ACCEPT
EURAUD,2020-02-19,2020,1440,ACCEPT
EURAUD,2020-02-20,2020,1440,ACCEPT
EURAUD,2020-02-21,2020,1439,ACCEPT
EURAUD,2020-02-22,2020,415,NOT_TUE_FRI
EURAUD,2020-02-23,2020,0,NOT_TUE_FRI
EURAUD,2020-02-24,2020,1019,NOT_TUE_FRI
EURAUD,2020-02-25,2020,1440,ACCEPT
EURAUD,2020-02-26,2020,1440,ACCEPT
EURAUD,2020-02-27,2020,1440,ACCEPT
EURAUD,2020-02-28,2020,1438,ACCEPT
EURAUD,2020-02-29,2020,416,NOT_TUE_FRI
EURAUD,2020-03-01,2020,0,NOT_TUE_FRI
EURAUD,2020-03-02,2020,1018,NOT_TUE_FRI
EURAUD,2020-03-03,2020,1440,ACCEPT
EURAUD,2020-03-04,2020,1439,ACCEPT
EURAUD,2020-03-05,2020,1440,ACCEPT
EURAUD,2020-03-06,2020,1439,ACCEPT
EURAUD,2020-03-07,2020,415,NOT_TUE_FRI
EURAUD,2020-03-08,2020,0,NOT_TUE_FRI
EURAUD,2020-03-09,2020,1020,NOT_TUE_FRI
EURAUD,2020-03-10,2020,1436,ACCEPT
EURAUD,2020-03-11,2020,1436,ACCEPT
EURAUD,2020-03-12,2020,1440,ACCEPT
EURAUD,2020-03-13,2020,1439,ACCEPT
EURAUD,2020-03-14,2020,355,NOT_TUE_FRI
EURAUD,2020-03-15,2020,0,NOT_TUE_FRI
EURAUD,2020-03-16,2020,1020,NOT_TUE_FRI
EURAUD,2020-03-17,2020,1440,ACCEPT
EURAUD,2020-03-18,2020,1440,ACCEPT
EURAUD,2020-03-19,2020,1440,ACCEPT
EURAUD,2020-03-20,2020,1440,ACCEPT
EURAUD,2020-03-21,2020,355,NOT_TUE_FRI
EURAUD,2020-03-22,2020,0,NOT_TUE_FRI
EURAUD,2020-03-23,2020,1020,NOT_TUE_FRI
EURAUD,2020-03-24,2020,1440,ACCEPT
EURAUD,2020-03-25,2020,1440,ACCEPT
EURAUD,2020-03-26,2020,1440,ACCEPT
EURAUD,2020-03-27,2020,1440,ACCEPT
EURAUD,2020-03-28,2020,355,NOT_TUE_FRI
EURAUD,2020-03-29,2020,0,NOT_TUE_FRI
EURAUD,2020-03-30,2020,1075,NOT_TUE_FRI
EURAUD,2020-03-31,2020,1439,ACCEPT
EURAUD,2020-04-01,2020,1437,ACCEPT
EURAUD,2020-04-02,2020,1439,ACCEPT
EURAUD,2020-04-03,2020,1439,ACCEPT
EURAUD,2020-04-04,2020,355,NOT_TUE_FRI
EURAUD,2020-04-05,2020,0,NOT_TUE_FRI
EURAUD,2020-04-06,2020,1076,NOT_TUE_FRI
EURAUD,2020-04-07,2020,1440,ACCEPT
EURAUD,2020-04-08,2020,1440,ACCEPT
EURAUD,2020-04-09,2020,1440,ACCEPT
EURAUD,2020-04-10,2020,1439,ACCEPT
EURAUD,2020-04-11,2020,355,NOT_TUE_FRI
EURAUD,2020-04-12,2020,0,NOT_TUE_FRI
EURAUD,2020-04-13,2020,1075,NOT_TUE_FRI
EURAUD,2020-04-14,2020,1439,ACCEPT
EURAUD,2020-04-15,2020,1440,ACCEPT
EURAUD,2020-04-16,2020,1440,ACCEPT
EURAUD,2020-04-17,2020,1440,ACCEPT
EURAUD,2020-04-18,2020,355,NOT_TUE_FRI
EURAUD,2020-04-19,2020,0,NOT_TUE_FRI
EURAUD,2020-04-20,2020,1075,NOT_TUE_FRI
EURAUD,2020-04-21,2020,1440,ACCEPT
EURAUD,2020-04-22,2020,1440,ACCEPT
EURAUD,2020-04-23,2020,1440,ACCEPT
EURAUD,2020-04-24,2020,1440,ACCEPT
EURAUD,2020-04-25,2020,355,NOT_TUE_FRI
EURAUD,2020-04-26,2020,0,NOT_TUE_FRI
EURAUD,2020-04-27,2020,1076,NOT_TUE_FRI
EURAUD,2020-04-28,2020,1440,ACCEPT
EURAUD,2020-04-29,2020,1440,ACCEPT
EURAUD,2020-04-30,2020,1439,ACCEPT
EURAUD,2020-05-01,2020,1439,ACCEPT
EURAUD,2020-05-02,2020,355,NOT_TUE_FRI
EURAUD,2020-05-03,2020,0,NOT_TUE_FRI
EURAUD,2020-05-04,2020,1078,NOT_TUE_FRI
EURAUD,2020-05-05,2020,1439,ACCEPT
EURAUD,2020-05-06,2020,1440,ACCEPT
EURAUD,2020-05-07,2020,1439,ACCEPT
EURAUD,2020-05-08,2020,1440,ACCEPT
EURAUD,2020-05-09,2020,355,NOT_TUE_FRI
EURAUD,2020-05-10,2020,0,NOT_TUE_FRI
EURAUD,2020-05-11,2020,1078,NOT_TUE_FRI
EURAUD,2020-05-12,2020,1439,ACCEPT
EURAUD,2020-05-13,2020,1440,ACCEPT
EURAUD,2020-05-14,2020,1440,ACCEPT
EURAUD,2020-05-15,2020,1439,ACCEPT
EURAUD,2020-05-16,2020,355,NOT_TUE_FRI
EURAUD,2020-05-17,2020,0,NOT_TUE_FRI
EURAUD,2020-05-18,2020,1077,NOT_TUE_FRI
EURAUD,2020-05-19,2020,1440,ACCEPT
EURAUD,2020-05-20,2020,1440,ACCEPT
EURAUD,2020-05-21,2020,1439,ACCEPT
EURAUD,2020-05-22,2020,1439,ACCEPT
EURAUD,2020-05-23,2020,355,NOT_TUE_FRI
EURAUD,2020-05-24,2020,0,NOT_TUE_FRI
EURAUD,2020-05-25,2020,1077,NOT_TUE_FRI
EURAUD,2020-05-26,2020,1439,ACCEPT
EURAUD,2020-05-27,2020,1439,ACCEPT
EURAUD,2020-05-28,2020,1440,ACCEPT
EURAUD,2020-05-29,2020,1439,ACCEPT
EURAUD,2020-05-30,2020,355,NOT_TUE_FRI
EURAUD,2020-05-31,2020,0,NOT_TUE_FRI
EURAUD,2020-06-01,2020,1078,NOT_TUE_FRI
EURAUD,2020-06-02,2020,1439,ACCEPT
EURAUD,2020-06-03,2020,1439,ACCEPT
EURAUD,2020-06-04,2020,1440,ACCEPT
EURAUD,2020-06-05,2020,1439,ACCEPT
EURAUD,2020-06-06,2020,355,NOT_TUE_FRI
EURAUD,2020-06-07,2020,0,NOT_TUE_FRI
EURAUD,2020-06-08,2020,1077,NOT_TUE_FRI
EURAUD,2020-06-09,2020,1439,ACCEPT
EURAUD,2020-06-10,2020,1439,ACCEPT
EURAUD,2020-06-11,2020,1440,ACCEPT
EURAUD,2020-06-12,2020,1436,ACCEPT
EURAUD,2020-06-13,2020,355,NOT_TUE_FRI
EURAUD,2020-06-14,2020,0,NOT_TUE_FRI
EURAUD,2020-06-15,2020,1079,NOT_TUE_FRI
EURAUD,2020-06-16,2020,1439,ACCEPT
EURAUD,2020-06-17,2020,1440,ACCEPT
EURAUD,2020-06-18,2020,1439,ACCEPT
EURAUD,2020-06-19,2020,1440,ACCEPT
EURAUD,2020-06-20,2020,355,NOT_TUE_FRI
EURAUD,2020-06-21,2020,0,NOT_TUE_FRI
EURAUD,2020-06-22,2020,1077,NOT_TUE_FRI
EURAUD,2020-06-23,2020,1439,ACCEPT
EURAUD,2020-06-24,2020,1440,ACCEPT
EURAUD,2020-06-25,2020,1440,ACCEPT
EURAUD,2020-06-26,2020,1440,ACCEPT
EURAUD,2020-06-27,2020,355,NOT_TUE_FRI
EURAUD,2020-06-28,2020,0,NOT_TUE_FRI
EURAUD,2020-06-29,2020,1077,NOT_TUE_FRI
EURAUD,2020-06-30,2020,1440,ACCEPT
EURAUD,2020-07-01,2020,1440,ACCEPT
EURAUD,2020-07-02,2020,1435,ACCEPT
EURAUD,2020-07-03,2020,1440,ACCEPT
EURAUD,2020-07-04,2020,355,NOT_TUE_FRI
EURAUD,2020-07-05,2020,0,NOT_TUE_FRI
EURAUD,2020-07-06,2020,1075,NOT_TUE_FRI
EURAUD,2020-07-07,2020,1440,ACCEPT
EURAUD,2020-07-08,2020,1439,ACCEPT
EURAUD,2020-07-09,2020,1440,ACCEPT
EURAUD,2020-07-10,2020,1440,ACCEPT
EURAUD,2020-07-11,2020,355,NOT_TUE_FRI
EURAUD,2020-07-12,2020,0,NOT_TUE_FRI
EURAUD,2020-07-13,2020,1075,NOT_TUE_FRI
EURAUD,2020-07-14,2020,1440,ACCEPT
EURAUD,2020-07-15,2020,1440,ACCEPT
EURAUD,2020-07-16,2020,1440,ACCEPT
EURAUD,2020-07-17,2020,1440,ACCEPT
EURAUD,2020-07-18,2020,355,NOT_TUE_FRI
EURAUD,2020-07-19,2020,0,NOT_TUE_FRI
EURAUD,2020-07-20,2020,1077,NOT_TUE_FRI
EURAUD,2020-07-21,2020,1440,ACCEPT
EURAUD,2020-07-22,2020,1440,ACCEPT
EURAUD,2020-07-23,2020,1440,ACCEPT
EURAUD,2020-07-24,2020,1440,ACCEPT
EURAUD,2020-07-25,2020,355,NOT_TUE_FRI
EURAUD,2020-07-26,2020,0,NOT_TUE_FRI
EURAUD,2020-07-27,2020,1077,NOT_TUE_FRI
EURAUD,2020-07-28,2020,1440,ACCEPT
EURAUD,2020-07-29,2020,1440,ACCEPT
EURAUD,2020-07-30,2020,1440,ACCEPT
EURAUD,2020-07-31,2020,1440,ACCEPT
EURAUD,2020-08-01,2020,355,NOT_TUE_FRI
EURAUD,2020-08-02,2020,0,NOT_TUE_FRI
EURAUD,2020-08-03,2020,1076,NOT_TUE_FRI
EURAUD,2020-08-04,2020,1440,ACCEPT
EURAUD,2020-08-05,2020,1440,ACCEPT
EURAUD,2020-08-06,2020,1440,ACCEPT
EURAUD,2020-08-07,2020,1440,ACCEPT
EURAUD,2020-08-08,2020,355,NOT_TUE_FRI
EURAUD,2020-08-09,2020,0,NOT_TUE_FRI
EURAUD,2020-08-10,2020,1076,NOT_TUE_FRI
EURAUD,2020-08-11,2020,1440,ACCEPT
EURAUD,2020-08-12,2020,1440,ACCEPT
EURAUD,2020-08-13,2020,1440,ACCEPT
EURAUD,2020-08-14,2020,1440,ACCEPT
EURAUD,2020-08-15,2020,355,NOT_TUE_FRI
EURAUD,2020-08-16,2020,0,NOT_TUE_FRI
EURAUD,2020-08-17,2020,1077,NOT_TUE_FRI
EURAUD,2020-08-18,2020,1440,ACCEPT
EURAUD,2020-08-19,2020,1440,ACCEPT
EURAUD,2020-08-20,2020,1440,ACCEPT
EURAUD,2020-08-21,2020,1440,ACCEPT
EURAUD,2020-08-22,2020,355,NOT_TUE_FRI
EURAUD,2020-08-23,2020,0,NOT_TUE_FRI
EURAUD,2020-08-24,2020,1074,NOT_TUE_FRI
EURAUD,2020-08-25,2020,1440,ACCEPT
EURAUD,2020-08-26,2020,1440,ACCEPT
EURAUD,2020-08-27,2020,1440,ACCEPT
EURAUD,2020-08-28,2020,1438,ACCEPT
EURAUD,2020-08-29,2020,355,NOT_TUE_FRI
EURAUD,2020-08-30,2020,0,NOT_TUE_FRI
EURAUD,2020-08-31,2020,1075,NOT_TUE_FRI
EURAUD,2020-09-01,2020,1435,ACCEPT
EURAUD,2020-09-02,2020,1439,ACCEPT
EURAUD,2020-09-03,2020,1440,ACCEPT
EURAUD,2020-09-04,2020,1440,ACCEPT
EURAUD,2020-09-05,2020,356,NOT_TUE_FRI
EURAUD,2020-09-06,2020,0,NOT_TUE_FRI
EURAUD,2020-09-07,2020,1072,NOT_TUE_FRI
EURAUD,2020-09-08,2020,1440,ACCEPT
EURAUD,2020-09-09,2020,1440,ACCEPT
EURAUD,2020-09-10,2020,1439,ACCEPT
EURAUD,2020-09-11,2020,1440,ACCEPT
EURAUD,2020-09-12,2020,355,NOT_TUE_FRI
EURAUD,2020-09-13,2020,0,NOT_TUE_FRI
EURAUD,2020-09-14,2020,1075,NOT_TUE_FRI
EURAUD,2020-09-15,2020,1438,ACCEPT
EURAUD,2020-09-16,2020,1440,ACCEPT
EURAUD,2020-09-17,2020,1440,ACCEPT
EURAUD,2020-09-18,2020,1438,ACCEPT
EURAUD,2020-09-19,2020,355,NOT_TUE_FRI
EURAUD,2020-09-20,2020,0,NOT_TUE_FRI
EURAUD,2020-09-21,2020,1073,NOT_TUE_FRI
EURAUD,2020-09-22,2020,1440,ACCEPT
EURAUD,2020-09-23,2020,1440,ACCEPT
EURAUD,2020-09-24,2020,1440,ACCEPT
EURAUD,2020-09-25,2020,1440,ACCEPT
EURAUD,2020-09-26,2020,355,NOT_TUE_FRI
EURAUD,2020-09-27,2020,0,NOT_TUE_FRI
EURAUD,2020-09-28,2020,1074,NOT_TUE_FRI
EURAUD,2020-09-29,2020,1440,ACCEPT
EURAUD,2020-09-30,2020,1439,ACCEPT
EURAUD,2020-10-01,2020,1440,ACCEPT
EURAUD,2020-10-02,2020,1440,ACCEPT
EURAUD,2020-10-03,2020,356,NOT_TUE_FRI
EURAUD,2020-10-04,2020,0,NOT_TUE_FRI
EURAUD,2020-10-05,2020,1075,NOT_TUE_FRI
EURAUD,2020-10-06,2020,1439,ACCEPT
EURAUD,2020-10-07,2020,1440,ACCEPT
EURAUD,2020-10-08,2020,1440,ACCEPT
EURAUD,2020-10-09,2020,1440,ACCEPT
EURAUD,2020-10-10,2020,355,NOT_TUE_FRI
EURAUD,2020-10-11,2020,0,NOT_TUE_FRI
EURAUD,2020-10-12,2020,1075,NOT_TUE_FRI
EURAUD,2020-10-13,2020,1436,ACCEPT
EURAUD,2020-10-14,2020,1440,ACCEPT
EURAUD,2020-10-15,2020,1439,ACCEPT
EURAUD,2020-10-16,2020,1440,ACCEPT
EURAUD,2020-10-17,2020,355,NOT_TUE_FRI
EURAUD,2020-10-18,2020,0,NOT_TUE_FRI
EURAUD,2020-10-19,2020,1073,NOT_TUE_FRI
EURAUD,2020-10-20,2020,1440,ACCEPT
EURAUD,2020-10-21,2020,1440,ACCEPT
EURAUD,2020-10-22,2020,1440,ACCEPT
EURAUD,2020-10-23,2020,1440,ACCEPT
EURAUD,2020-10-24,2020,355,NOT_TUE_FRI
EURAUD,2020-10-25,2020,0,NOT_TUE_FRI
EURAUD,2020-10-26,2020,1015,NOT_TUE_FRI
EURAUD,2020-10-27,2020,1440,ACCEPT
EURAUD,2020-10-28,2020,1440,ACCEPT
EURAUD,2020-10-29,2020,1440,ACCEPT
EURAUD,2020-10-30,2020,1439,ACCEPT
EURAUD,2020-10-31,2020,355,NOT_TUE_FRI
EURAUD,2020-11-01,2020,0,NOT_TUE_FRI
EURAUD,2020-11-02,2020,1018,NOT_TUE_FRI
EURAUD,2020-11-03,2020,1440,ACCEPT
EURAUD,2020-11-04,2020,1440,ACCEPT
EURAUD,2020-11-05,2020,1440,ACCEPT
EURAUD,2020-11-06,2020,1440,ACCEPT
EURAUD,2020-11-07,2020,415,NOT_TUE_FRI
EURAUD,2020-11-08,2020,0,NOT_TUE_FRI
EURAUD,2020-11-09,2020,1019,NOT_TUE_FRI
EURAUD,2020-11-10,2020,1440,ACCEPT
EURAUD,2020-11-11,2020,1439,ACCEPT
EURAUD,2020-11-12,2020,1438,ACCEPT
EURAUD,2020-11-13,2020,1440,ACCEPT
EURAUD,2020-11-14,2020,415,NOT_TUE_FRI
EURAUD,2020-11-15,2020,0,NOT_TUE_FRI
EURAUD,2020-11-16,2020,1018,NOT_TUE_FRI
EURAUD,2020-11-17,2020,1440,ACCEPT
EURAUD,2020-11-18,2020,1440,ACCEPT
EURAUD,2020-11-19,2020,1440,ACCEPT
EURAUD,2020-11-20,2020,1440,ACCEPT
EURAUD,2020-11-21,2020,416,NOT_TUE_FRI
EURAUD,2020-11-22,2020,0,NOT_TUE_FRI
EURAUD,2020-11-23,2020,1016,NOT_TUE_FRI
EURAUD,2020-11-24,2020,1440,ACCEPT
EURAUD,2020-11-25,2020,1440,ACCEPT
EURAUD,2020-11-26,2020,1440,ACCEPT
EURAUD,2020-11-27,2020,1440,ACCEPT
EURAUD,2020-11-28,2020,415,NOT_TUE_FRI
EURAUD,2020-11-29,2020,0,NOT_TUE_FRI
EURAUD,2020-11-30,2020,1018,NOT_TUE_FRI
EURAUD,2020-12-01,2020,1440,ACCEPT
EURAUD,2020-12-02,2020,1440,ACCEPT
EURAUD,2020-12-03,2020,1440,ACCEPT
EURAUD,2020-12-04,2020,1440,ACCEPT
EURAUD,2020-12-05,2020,415,NOT_TUE_FRI
EURAUD,2020-12-06,2020,0,NOT_TUE_FRI
EURAUD,2020-12-07,2020,1018,NOT_TUE_FRI
EURAUD,2020-12-08,2020,1440,ACCEPT
EURAUD,2020-12-09,2020,1440,ACCEPT
EURAUD,2020-12-10,2020,1440,ACCEPT
EURAUD,2020-12-11,2020,1440,ACCEPT
EURAUD,2020-12-12,2020,415,NOT_TUE_FRI
EURAUD,2020-12-13,2020,0,NOT_TUE_FRI
EURAUD,2020-12-14,2020,1018,NOT_TUE_FRI
EURAUD,2020-12-15,2020,1440,ACCEPT
EURAUD,2020-12-16,2020,1440,ACCEPT
EURAUD,2020-12-17,2020,1440,ACCEPT
EURAUD,2020-12-18,2020,1440,ACCEPT
EURAUD,2020-12-19,2020,415,NOT_TUE_FRI
EURAUD,2020-12-20,2020,0,NOT_TUE_FRI
EURAUD,2020-12-21,2020,1018,NOT_TUE_FRI
EURAUD,2020-12-22,2020,1440,ACCEPT
EURAUD,2020-12-23,2020,1440,ACCEPT
EURAUD,2020-12-24,2020,1440,ACCEPT
EURAUD,2020-12-25,2020,240,YEAR_END
EURAUD,2020-12-26,2020,0,NOT_TUE_FRI
EURAUD,2020-12-27,2020,0,NOT_TUE_FRI
EURAUD,2020-12-28,2020,1015,NOT_TUE_FRI
EURAUD,2020-12-29,2020,1440,YEAR_END
EURAUD,2020-12-30,2020,1440,YEAR_END
EURAUD,2020-12-31,2020,421,YEAR_END
EURAUD,2021-01-01,2021,0,YEAR_END
EURAUD,2021-01-02,2021,0,NOT_TUE_FRI
EURAUD,2021-01-03,2021,0,NOT_TUE_FRI
EURAUD,2021-01-04,2021,1018,NOT_TUE_FRI
EURAUD,2021-01-05,2021,1440,ACCEPT
EURAUD,2021-01-06,2021,1440,ACCEPT
EURAUD,2021-01-07,2021,1440,ACCEPT
EURAUD,2021-01-08,2021,1440,ACCEPT
EURAUD,2021-01-09,2021,415,NOT_TUE_FRI
EURAUD,2021-01-10,2021,0,NOT_TUE_FRI
EURAUD,2021-01-11,2021,1012,NOT_TUE_FRI
EURAUD,2021-01-12,2021,1440,ACCEPT
EURAUD,2021-01-13,2021,1440,ACCEPT
EURAUD,2021-01-14,2021,1440,ACCEPT
EURAUD,2021-01-15,2021,1439,ACCEPT
EURAUD,2021-01-16,2021,415,NOT_TUE_FRI
EURAUD,2021-01-17,2021,0,NOT_TUE_FRI
EURAUD,2021-01-18,2021,1018,NOT_TUE_FRI
EURAUD,2021-01-19,2021,1440,ACCEPT
EURAUD,2021-01-20,2021,1440,ACCEPT
EURAUD,2021-01-21,2021,1440,ACCEPT
EURAUD,2021-01-22,2021,1440,ACCEPT
EURAUD,2021-01-23,2021,415,NOT_TUE_FRI
EURAUD,2021-01-24,2021,0,NOT_TUE_FRI
EURAUD,2021-01-25,2021,1018,NOT_TUE_FRI
EURAUD,2021-01-26,2021,1435,ACCEPT
EURAUD,2021-01-27,2021,1438,ACCEPT
EURAUD,2021-01-28,2021,1440,ACCEPT
EURAUD,2021-01-29,2021,1439,ACCEPT
EURAUD,2021-01-30,2021,415,NOT_TUE_FRI
EURAUD,2021-01-31,2021,0,NOT_TUE_FRI
EURAUD,2021-02-01,2021,1019,NOT_TUE_FRI
EURAUD,2021-02-02,2021,1440,ACCEPT
EURAUD,2021-02-03,2021,1440,ACCEPT
EURAUD,2021-02-04,2021,1440,ACCEPT
EURAUD,2021-02-05,2021,1439,ACCEPT
EURAUD,2021-02-06,2021,415,NOT_TUE_FRI
EURAUD,2021-02-07,2021,0,NOT_TUE_FRI
EURAUD,2021-02-08,2021,1018,NOT_TUE_FRI
EURAUD,2021-02-09,2021,1440,ACCEPT
EURAUD,2021-02-10,2021,1440,ACCEPT
EURAUD,2021-02-11,2021,1439,ACCEPT
EURAUD,2021-02-12,2021,1439,ACCEPT
EURAUD,2021-02-13,2021,415,NOT_TUE_FRI
EURAUD,2021-02-14,2021,0,NOT_TUE_FRI
EURAUD,2021-02-15,2021,1019,NOT_TUE_FRI
EURAUD,2021-02-16,2021,1440,ACCEPT
EURAUD,2021-02-17,2021,1440,ACCEPT
EURAUD,2021-02-18,2021,1440,ACCEPT
EURAUD,2021-02-19,2021,1440,ACCEPT
EURAUD,2021-02-20,2021,415,NOT_TUE_FRI
EURAUD,2021-02-21,2021,0,NOT_TUE_FRI
EURAUD,2021-02-22,2021,1018,NOT_TUE_FRI
EURAUD,2021-02-23,2021,1440,ACCEPT
EURAUD,2021-02-24,2021,1439,ACCEPT
EURAUD,2021-02-25,2021,1440,ACCEPT
EURAUD,2021-02-26,2021,1440,ACCEPT
EURAUD,2021-02-27,2021,415,NOT_TUE_FRI
EURAUD,2021-02-28,2021,0,NOT_TUE_FRI
EURAUD,2021-03-01,2021,1018,NOT_TUE_FRI
EURAUD,2021-03-02,2021,1440,ACCEPT
EURAUD,2021-03-03,2021,1440,ACCEPT
EURAUD,2021-03-04,2021,1440,ACCEPT
EURAUD,2021-03-05,2021,1440,ACCEPT
EURAUD,2021-03-06,2021,415,NOT_TUE_FRI
EURAUD,2021-03-07,2021,0,NOT_TUE_FRI
EURAUD,2021-03-08,2021,1017,NOT_TUE_FRI
EURAUD,2021-03-09,2021,1438,ACCEPT
EURAUD,2021-03-10,2021,1440,ACCEPT
EURAUD,2021-03-11,2021,1440,ACCEPT
EURAUD,2021-03-12,2021,1440,ACCEPT
EURAUD,2021-03-13,2021,415,NOT_TUE_FRI
EURAUD,2021-03-14,2021,0,NOT_TUE_FRI
EURAUD,2021-03-15,2021,1020,NOT_TUE_FRI
EURAUD,2021-03-16,2021,1440,ACCEPT
EURAUD,2021-03-17,2021,1440,ACCEPT
EURAUD,2021-03-18,2021,1439,ACCEPT
EURAUD,2021-03-19,2021,1440,ACCEPT
EURAUD,2021-03-20,2021,354,NOT_TUE_FRI
EURAUD,2021-03-21,2021,0,NOT_TUE_FRI
EURAUD,2021-03-22,2021,1020,NOT_TUE_FRI
EURAUD,2021-03-23,2021,1440,ACCEPT
EURAUD,2021-03-24,2021,1439,ACCEPT
EURAUD,2021-03-25,2021,1440,ACCEPT
EURAUD,2021-03-26,2021,1439,ACCEPT
EURAUD,2021-03-27,2021,355,NOT_TUE_FRI
EURAUD,2021-03-28,2021,0,NOT_TUE_FRI
EURAUD,2021-03-29,2021,1077,NOT_TUE_FRI
EURAUD,2021-03-30,2021,1440,ACCEPT
EURAUD,2021-03-31,2021,1440,ACCEPT
EURAUD,2021-04-01,2021,1439,ACCEPT
EURAUD,2021-04-02,2021,1440,ACCEPT
EURAUD,2021-04-03,2021,356,NOT_TUE_FRI
EURAUD,2021-04-04,2021,0,NOT_TUE_FRI
EURAUD,2021-04-05,2021,1076,NOT_TUE_FRI
EURAUD,2021-04-06,2021,1439,ACCEPT
EURAUD,2021-04-07,2021,1439,ACCEPT
EURAUD,2021-04-08,2021,1439,ACCEPT
EURAUD,2021-04-09,2021,1440,ACCEPT
EURAUD,2021-04-10,2021,355,NOT_TUE_FRI
EURAUD,2021-04-11,2021,0,NOT_TUE_FRI
EURAUD,2021-04-12,2021,1076,NOT_TUE_FRI
EURAUD,2021-04-13,2021,1440,ACCEPT
EURAUD,2021-04-14,2021,1440,ACCEPT
EURAUD,2021-04-15,2021,1439,ACCEPT
EURAUD,2021-04-16,2021,1439,ACCEPT
EURAUD,2021-04-17,2021,355,NOT_TUE_FRI
EURAUD,2021-04-18,2021,0,NOT_TUE_FRI
EURAUD,2021-04-19,2021,1078,NOT_TUE_FRI
EURAUD,2021-04-20,2021,1440,ACCEPT
EURAUD,2021-04-21,2021,1440,ACCEPT
EURAUD,2021-04-22,2021,1438,ACCEPT
EURAUD,2021-04-23,2021,1439,ACCEPT
EURAUD,2021-04-24,2021,355,NOT_TUE_FRI
EURAUD,2021-04-25,2021,0,NOT_TUE_FRI
EURAUD,2021-04-26,2021,1077,NOT_TUE_FRI
EURAUD,2021-04-27,2021,1440,ACCEPT
EURAUD,2021-04-28,2021,1440,ACCEPT
EURAUD,2021-04-29,2021,1440,ACCEPT
EURAUD,2021-04-30,2021,1439,ACCEPT
EURAUD,2021-05-01,2021,355,NOT_TUE_FRI
EURAUD,2021-05-02,2021,0,NOT_TUE_FRI
EURAUD,2021-05-03,2021,1079,NOT_TUE_FRI
EURAUD,2021-05-04,2021,1439,ACCEPT
EURAUD,2021-05-05,2021,1440,ACCEPT
EURAUD,2021-05-06,2021,1440,ACCEPT
EURAUD,2021-05-07,2021,1440,ACCEPT
EURAUD,2021-05-08,2021,355,NOT_TUE_FRI
EURAUD,2021-05-09,2021,0,NOT_TUE_FRI
EURAUD,2021-05-10,2021,1079,NOT_TUE_FRI
EURAUD,2021-05-11,2021,1440,ACCEPT
EURAUD,2021-05-12,2021,1440,ACCEPT
EURAUD,2021-05-13,2021,1439,ACCEPT
EURAUD,2021-05-14,2021,1439,ACCEPT
EURAUD,2021-05-15,2021,355,NOT_TUE_FRI
EURAUD,2021-05-16,2021,0,NOT_TUE_FRI
EURAUD,2021-05-17,2021,1078,NOT_TUE_FRI
EURAUD,2021-05-18,2021,1439,ACCEPT
EURAUD,2021-05-19,2021,1440,ACCEPT
EURAUD,2021-05-20,2021,1439,ACCEPT
EURAUD,2021-05-21,2021,1439,ACCEPT
EURAUD,2021-05-22,2021,355,NOT_TUE_FRI
EURAUD,2021-05-23,2021,0,NOT_TUE_FRI
EURAUD,2021-05-24,2021,1077,NOT_TUE_FRI
EURAUD,2021-05-25,2021,1440,ACCEPT
EURAUD,2021-05-26,2021,1440,ACCEPT
EURAUD,2021-05-27,2021,1440,ACCEPT
EURAUD,2021-05-28,2021,1440,ACCEPT
EURAUD,2021-05-29,2021,355,NOT_TUE_FRI
EURAUD,2021-05-30,2021,0,NOT_TUE_FRI
EURAUD,2021-05-31,2021,1046,NOT_TUE_FRI
EURAUD,2021-06-01,2021,1439,ACCEPT
EURAUD,2021-06-02,2021,1440,ACCEPT
EURAUD,2021-06-03,2021,1440,ACCEPT
EURAUD,2021-06-04,2021,1440,ACCEPT
EURAUD,2021-06-05,2021,355,NOT_TUE_FRI
EURAUD,2021-06-06,2021,0,NOT_TUE_FRI
EURAUD,2021-06-07,2021,1076,NOT_TUE_FRI
EURAUD,2021-06-08,2021,1440,ACCEPT
EURAUD,2021-06-09,2021,1427,GAP
EURAUD,2021-06-10,2021,1440,ACCEPT
EURAUD,2021-06-11,2021,1439,ACCEPT
EURAUD,2021-06-12,2021,355,NOT_TUE_FRI
EURAUD,2021-06-13,2021,0,NOT_TUE_FRI
EURAUD,2021-06-14,2021,1076,NOT_TUE_FRI
EURAUD,2021-06-15,2021,1378,LOW_COUNT
EURAUD,2021-06-16,2021,1337,LOW_COUNT
EURAUD,2021-06-17,2021,1440,ACCEPT
EURAUD,2021-06-18,2021,1286,LOW_COUNT
EURAUD,2021-06-19,2021,337,NOT_TUE_FRI
EURAUD,2021-06-20,2021,0,NOT_TUE_FRI
EURAUD,2021-06-21,2021,1077,NOT_TUE_FRI
EURAUD,2021-06-22,2021,1439,ACCEPT
EURAUD,2021-06-23,2021,1440,ACCEPT
EURAUD,2021-06-24,2021,1440,ACCEPT
EURAUD,2021-06-25,2021,1439,ACCEPT
EURAUD,2021-06-26,2021,355,NOT_TUE_FRI
EURAUD,2021-06-27,2021,0,NOT_TUE_FRI
EURAUD,2021-06-28,2021,1078,NOT_TUE_FRI
EURAUD,2021-06-29,2021,1440,ACCEPT
EURAUD,2021-06-30,2021,1440,ACCEPT
EURAUD,2021-07-01,2021,1440,ACCEPT
EURAUD,2021-07-02,2021,1440,ACCEPT
EURAUD,2021-07-03,2021,355,NOT_TUE_FRI
EURAUD,2021-07-04,2021,0,NOT_TUE_FRI
EURAUD,2021-07-05,2021,1076,NOT_TUE_FRI
EURAUD,2021-07-06,2021,1439,ACCEPT
EURAUD,2021-07-07,2021,1439,ACCEPT
EURAUD,2021-07-08,2021,1440,ACCEPT
EURAUD,2021-07-09,2021,1439,ACCEPT
EURAUD,2021-07-10,2021,355,NOT_TUE_FRI
EURAUD,2021-07-11,2021,0,NOT_TUE_FRI
EURAUD,2021-07-12,2021,1076,NOT_TUE_FRI
EURAUD,2021-07-13,2021,1439,ACCEPT
EURAUD,2021-07-14,2021,1440,ACCEPT
EURAUD,2021-07-15,2021,1440,ACCEPT
EURAUD,2021-07-16,2021,1439,ACCEPT
EURAUD,2021-07-17,2021,355,NOT_TUE_FRI
EURAUD,2021-07-18,2021,0,NOT_TUE_FRI
EURAUD,2021-07-19,2021,1077,NOT_TUE_FRI
EURAUD,2021-07-20,2021,1439,ACCEPT
EURAUD,2021-07-21,2021,1439,ACCEPT
EURAUD,2021-07-22,2021,1439,ACCEPT
EURAUD,2021-07-23,2021,1440,ACCEPT
EURAUD,2021-07-24,2021,355,NOT_TUE_FRI
EURAUD,2021-07-25,2021,0,NOT_TUE_FRI
EURAUD,2021-07-26,2021,1078,NOT_TUE_FRI
EURAUD,2021-07-27,2021,1439,ACCEPT
EURAUD,2021-07-28,2021,1439,ACCEPT
EURAUD,2021-07-29,2021,1440,ACCEPT
EURAUD,2021-07-30,2021,1440,ACCEPT
EURAUD,2021-07-31,2021,355,NOT_TUE_FRI
EURAUD,2021-08-01,2021,0,NOT_TUE_FRI
EURAUD,2021-08-02,2021,1075,NOT_TUE_FRI
EURAUD,2021-08-03,2021,1440,ACCEPT
EURAUD,2021-08-04,2021,1440,ACCEPT
EURAUD,2021-08-05,2021,1440,ACCEPT
EURAUD,2021-08-06,2021,1439,ACCEPT
EURAUD,2021-08-07,2021,355,NOT_TUE_FRI
EURAUD,2021-08-08,2021,0,NOT_TUE_FRI
EURAUD,2021-08-09,2021,1076,NOT_TUE_FRI
EURAUD,2021-08-10,2021,1439,ACCEPT
EURAUD,2021-08-11,2021,1438,ACCEPT
EURAUD,2021-08-12,2021,1440,ACCEPT
EURAUD,2021-08-13,2021,1440,ACCEPT
EURAUD,2021-08-14,2021,355,NOT_TUE_FRI
EURAUD,2021-08-15,2021,0,NOT_TUE_FRI
EURAUD,2021-08-16,2021,1075,NOT_TUE_FRI
EURAUD,2021-08-17,2021,1439,ACCEPT
EURAUD,2021-08-18,2021,1439,ACCEPT
EURAUD,2021-08-19,2021,1440,ACCEPT
EURAUD,2021-08-20,2021,1440,ACCEPT
EURAUD,2021-08-21,2021,355,NOT_TUE_FRI
EURAUD,2021-08-22,2021,0,NOT_TUE_FRI
EURAUD,2021-08-23,2021,1076,NOT_TUE_FRI
EURAUD,2021-08-24,2021,1439,ACCEPT
EURAUD,2021-08-25,2021,1440,ACCEPT
EURAUD,2021-08-26,2021,1440,ACCEPT
EURAUD,2021-08-27,2021,1440,ACCEPT
EURAUD,2021-08-28,2021,355,NOT_TUE_FRI
EURAUD,2021-08-29,2021,0,NOT_TUE_FRI
EURAUD,2021-08-30,2021,1078,NOT_TUE_FRI
EURAUD,2021-08-31,2021,1439,ACCEPT
EURAUD,2021-09-01,2021,1440,ACCEPT
EURAUD,2021-09-02,2021,1439,ACCEPT
EURAUD,2021-09-03,2021,1440,ACCEPT
EURAUD,2021-09-04,2021,355,NOT_TUE_FRI
EURAUD,2021-09-05,2021,0,NOT_TUE_FRI
EURAUD,2021-09-06,2021,1077,NOT_TUE_FRI
EURAUD,2021-09-07,2021,1435,ACCEPT
EURAUD,2021-09-08,2021,1436,ACCEPT
EURAUD,2021-09-09,2021,1440,ACCEPT
EURAUD,2021-09-10,2021,1439,ACCEPT
EURAUD,2021-09-11,2021,355,NOT_TUE_FRI
EURAUD,2021-09-12,2021,0,NOT_TUE_FRI
EURAUD,2021-09-13,2021,1075,NOT_TUE_FRI
EURAUD,2021-09-14,2021,1440,ACCEPT
EURAUD,2021-09-15,2021,1437,ACCEPT
EURAUD,2021-09-16,2021,1439,ACCEPT
EURAUD,2021-09-17,2021,1439,ACCEPT
EURAUD,2021-09-18,2021,355,NOT_TUE_FRI
EURAUD,2021-09-19,2021,0,NOT_TUE_FRI
EURAUD,2021-09-20,2021,1078,NOT_TUE_FRI
EURAUD,2021-09-21,2021,1440,ACCEPT
EURAUD,2021-09-22,2021,1439,ACCEPT
EURAUD,2021-09-23,2021,1438,ACCEPT
EURAUD,2021-09-24,2021,1440,ACCEPT
EURAUD,2021-09-25,2021,355,NOT_TUE_FRI
EURAUD,2021-09-26,2021,0,NOT_TUE_FRI
EURAUD,2021-09-27,2021,1078,NOT_TUE_FRI
EURAUD,2021-09-28,2021,1439,ACCEPT
EURAUD,2021-09-29,2021,1440,ACCEPT
EURAUD,2021-09-30,2021,1440,ACCEPT
EURAUD,2021-10-01,2021,1440,ACCEPT
EURAUD,2021-10-02,2021,355,NOT_TUE_FRI
EURAUD,2021-10-03,2021,0,NOT_TUE_FRI
EURAUD,2021-10-04,2021,1079,NOT_TUE_FRI
EURAUD,2021-10-05,2021,1439,ACCEPT
EURAUD,2021-10-06,2021,1439,ACCEPT
EURAUD,2021-10-07,2021,1440,ACCEPT
EURAUD,2021-10-08,2021,1440,ACCEPT
EURAUD,2021-10-09,2021,355,NOT_TUE_FRI
EURAUD,2021-10-10,2021,0,NOT_TUE_FRI
EURAUD,2021-10-11,2021,1078,NOT_TUE_FRI
EURAUD,2021-10-12,2021,1439,ACCEPT
EURAUD,2021-10-13,2021,1439,ACCEPT
EURAUD,2021-10-14,2021,1440,ACCEPT
EURAUD,2021-10-15,2021,1440,ACCEPT
EURAUD,2021-10-16,2021,355,NOT_TUE_FRI
EURAUD,2021-10-17,2021,0,NOT_TUE_FRI
EURAUD,2021-10-18,2021,1079,NOT_TUE_FRI
EURAUD,2021-10-19,2021,1440,ACCEPT
EURAUD,2021-10-20,2021,1439,ACCEPT
EURAUD,2021-10-21,2021,1439,ACCEPT
EURAUD,2021-10-22,2021,1440,ACCEPT
EURAUD,2021-10-23,2021,355,NOT_TUE_FRI
EURAUD,2021-10-24,2021,0,NOT_TUE_FRI
EURAUD,2021-10-25,2021,1077,NOT_TUE_FRI
EURAUD,2021-10-26,2021,1439,ACCEPT
EURAUD,2021-10-27,2021,1440,ACCEPT
EURAUD,2021-10-28,2021,1439,ACCEPT
EURAUD,2021-10-29,2021,1440,ACCEPT
EURAUD,2021-10-30,2021,356,NOT_TUE_FRI
EURAUD,2021-10-31,2021,0,NOT_TUE_FRI
EURAUD,2021-11-01,2021,1020,NOT_TUE_FRI
EURAUD,2021-11-02,2021,1440,ACCEPT
EURAUD,2021-11-03,2021,1440,ACCEPT
EURAUD,2021-11-04,2021,1440,ACCEPT
EURAUD,2021-11-05,2021,1440,ACCEPT
EURAUD,2021-11-06,2021,355,NOT_TUE_FRI
EURAUD,2021-11-07,2021,0,NOT_TUE_FRI
EURAUD,2021-11-08,2021,1018,NOT_TUE_FRI
EURAUD,2021-11-09,2021,1439,ACCEPT
EURAUD,2021-11-10,2021,1440,ACCEPT
EURAUD,2021-11-11,2021,1440,ACCEPT
EURAUD,2021-11-12,2021,1440,ACCEPT
EURAUD,2021-11-13,2021,415,NOT_TUE_FRI
EURAUD,2021-11-14,2021,0,NOT_TUE_FRI
EURAUD,2021-11-15,2021,1018,NOT_TUE_FRI
EURAUD,2021-11-16,2021,1440,ACCEPT
EURAUD,2021-11-17,2021,1440,ACCEPT
EURAUD,2021-11-18,2021,1440,ACCEPT
EURAUD,2021-11-19,2021,1440,ACCEPT
EURAUD,2021-11-20,2021,415,NOT_TUE_FRI
EURAUD,2021-11-21,2021,0,NOT_TUE_FRI
EURAUD,2021-11-22,2021,1018,NOT_TUE_FRI
EURAUD,2021-11-23,2021,1440,ACCEPT
EURAUD,2021-11-24,2021,1440,ACCEPT
EURAUD,2021-11-25,2021,1439,ACCEPT
EURAUD,2021-11-26,2021,1436,ACCEPT
EURAUD,2021-11-27,2021,415,NOT_TUE_FRI
EURAUD,2021-11-28,2021,0,NOT_TUE_FRI
EURAUD,2021-11-29,2021,1018,NOT_TUE_FRI
EURAUD,2021-11-30,2021,1440,ACCEPT
EURAUD,2021-12-01,2021,1439,ACCEPT
EURAUD,2021-12-02,2021,1440,ACCEPT
EURAUD,2021-12-03,2021,1440,ACCEPT
EURAUD,2021-12-04,2021,415,NOT_TUE_FRI
EURAUD,2021-12-05,2021,0,NOT_TUE_FRI
EURAUD,2021-12-06,2021,1018,NOT_TUE_FRI
EURAUD,2021-12-07,2021,1440,ACCEPT
EURAUD,2021-12-08,2021,1440,ACCEPT
EURAUD,2021-12-09,2021,1440,ACCEPT
EURAUD,2021-12-10,2021,1440,ACCEPT
EURAUD,2021-12-11,2021,415,NOT_TUE_FRI
EURAUD,2021-12-12,2021,0,NOT_TUE_FRI
EURAUD,2021-12-13,2021,1019,NOT_TUE_FRI
EURAUD,2021-12-14,2021,1437,ACCEPT
EURAUD,2021-12-15,2021,1440,ACCEPT
EURAUD,2021-12-16,2021,1439,ACCEPT
EURAUD,2021-12-17,2021,1440,ACCEPT
EURAUD,2021-12-18,2021,415,NOT_TUE_FRI
EURAUD,2021-12-19,2021,0,NOT_TUE_FRI
EURAUD,2021-12-20,2021,1017,NOT_TUE_FRI
EURAUD,2021-12-21,2021,1438,ACCEPT
EURAUD,2021-12-22,2021,1440,ACCEPT
EURAUD,2021-12-23,2021,1440,ACCEPT
EURAUD,2021-12-24,2021,1437,ACCEPT
EURAUD,2021-12-25,2021,240,NOT_TUE_FRI
EURAUD,2021-12-26,2021,0,NOT_TUE_FRI
EURAUD,2021-12-27,2021,1015,NOT_TUE_FRI
EURAUD,2021-12-28,2021,1438,YEAR_END
EURAUD,2021-12-29,2021,1438,YEAR_END
EURAUD,2021-12-30,2021,1438,YEAR_END
EURAUD,2021-12-31,2021,1438,YEAR_END
EURAUD,2022-01-01,2022,361,NOT_TUE_FRI
EURAUD,2022-01-02,2022,0,NOT_TUE_FRI
EURAUD,2022-01-03,2022,1015,NOT_TUE_FRI
EURAUD,2022-01-04,2022,1439,ACCEPT
EURAUD,2022-01-05,2022,1440,ACCEPT
EURAUD,2022-01-06,2022,1440,ACCEPT
EURAUD,2022-01-07,2022,1439,ACCEPT
EURAUD,2022-01-08,2022,415,NOT_TUE_FRI
EURAUD,2022-01-09,2022,0,NOT_TUE_FRI
EURAUD,2022-01-10,2022,1018,NOT_TUE_FRI
EURAUD,2022-01-11,2022,1437,ACCEPT
EURAUD,2022-01-12,2022,1440,ACCEPT
EURAUD,2022-01-13,2022,1440,ACCEPT
EURAUD,2022-01-14,2022,1439,ACCEPT
EURAUD,2022-01-15,2022,415,NOT_TUE_FRI
EURAUD,2022-01-16,2022,0,NOT_TUE_FRI
EURAUD,2022-01-17,2022,1018,NOT_TUE_FRI
EURAUD,2022-01-18,2022,1439,ACCEPT
EURAUD,2022-01-19,2022,1438,ACCEPT
EURAUD,2022-01-20,2022,1440,ACCEPT
EURAUD,2022-01-21,2022,1433,ACCEPT
EURAUD,2022-01-22,2022,415,NOT_TUE_FRI
EURAUD,2022-01-23,2022,0,NOT_TUE_FRI
EURAUD,2022-01-24,2022,1018,NOT_TUE_FRI
EURAUD,2022-01-25,2022,1435,ACCEPT
EURAUD,2022-01-26,2022,1439,ACCEPT
EURAUD,2022-01-27,2022,1439,ACCEPT
EURAUD,2022-01-28,2022,1439,ACCEPT
EURAUD,2022-01-29,2022,416,NOT_TUE_FRI
EURAUD,2022-01-30,2022,0,NOT_TUE_FRI
EURAUD,2022-01-31,2022,1018,NOT_TUE_FRI
EURAUD,2022-02-01,2022,1440,ACCEPT
EURAUD,2022-02-02,2022,1440,ACCEPT
EURAUD,2022-02-03,2022,1439,ACCEPT
EURAUD,2022-02-04,2022,1437,ACCEPT
EURAUD,2022-02-05,2022,415,NOT_TUE_FRI
EURAUD,2022-02-06,2022,0,NOT_TUE_FRI
EURAUD,2022-02-07,2022,1015,NOT_TUE_FRI
EURAUD,2022-02-08,2022,1440,ACCEPT
EURAUD,2022-02-09,2022,1440,ACCEPT
EURAUD,2022-02-10,2022,1439,ACCEPT
EURAUD,2022-02-11,2022,1440,ACCEPT
EURAUD,2022-02-12,2022,415,NOT_TUE_FRI
EURAUD,2022-02-13,2022,0,NOT_TUE_FRI
EURAUD,2022-02-14,2022,1018,NOT_TUE_FRI
EURAUD,2022-02-15,2022,1439,ACCEPT
EURAUD,2022-02-16,2022,1440,ACCEPT
EURAUD,2022-02-17,2022,1440,ACCEPT
EURAUD,2022-02-18,2022,1440,ACCEPT
EURAUD,2022-02-19,2022,415,NOT_TUE_FRI
EURAUD,2022-02-20,2022,0,NOT_TUE_FRI
EURAUD,2022-02-21,2022,1018,NOT_TUE_FRI
EURAUD,2022-02-22,2022,1439,ACCEPT
EURAUD,2022-02-23,2022,1440,ACCEPT
EURAUD,2022-02-24,2022,1440,ACCEPT
EURAUD,2022-02-25,2022,1439,ACCEPT
EURAUD,2022-02-26,2022,415,NOT_TUE_FRI
EURAUD,2022-02-27,2022,0,NOT_TUE_FRI
EURAUD,2022-02-28,2022,1019,NOT_TUE_FRI
EURAUD,2022-03-01,2022,1440,ACCEPT
EURAUD,2022-03-02,2022,1439,ACCEPT
EURAUD,2022-03-03,2022,1440,ACCEPT
EURAUD,2022-03-04,2022,1440,ACCEPT
EURAUD,2022-03-05,2022,415,NOT_TUE_FRI
EURAUD,2022-03-06,2022,0,NOT_TUE_FRI
EURAUD,2022-03-07,2022,1018,NOT_TUE_FRI
EURAUD,2022-03-08,2022,1440,ACCEPT
EURAUD,2022-03-09,2022,1440,ACCEPT
EURAUD,2022-03-10,2022,1439,ACCEPT
EURAUD,2022-03-11,2022,1439,ACCEPT
EURAUD,2022-03-12,2022,415,NOT_TUE_FRI
EURAUD,2022-03-13,2022,0,NOT_TUE_FRI
EURAUD,2022-03-14,2022,1020,NOT_TUE_FRI
EURAUD,2022-03-15,2022,1440,ACCEPT
EURAUD,2022-03-16,2022,1440,ACCEPT
EURAUD,2022-03-17,2022,1427,GAP
EURAUD,2022-03-18,2022,1440,ACCEPT
EURAUD,2022-03-19,2022,355,NOT_TUE_FRI
EURAUD,2022-03-20,2022,0,NOT_TUE_FRI
EURAUD,2022-03-21,2022,1014,NOT_TUE_FRI
EURAUD,2022-03-22,2022,1440,ACCEPT
EURAUD,2022-03-23,2022,1440,ACCEPT
EURAUD,2022-03-24,2022,1439,ACCEPT
EURAUD,2022-03-25,2022,1440,ACCEPT
EURAUD,2022-03-26,2022,355,NOT_TUE_FRI
EURAUD,2022-03-27,2022,0,NOT_TUE_FRI
EURAUD,2022-03-28,2022,1079,NOT_TUE_FRI
EURAUD,2022-03-29,2022,1440,ACCEPT
EURAUD,2022-03-30,2022,1439,ACCEPT
EURAUD,2022-03-31,2022,1440,ACCEPT
EURAUD,2022-04-01,2022,1440,ACCEPT
EURAUD,2022-04-02,2022,355,NOT_TUE_FRI
EURAUD,2022-04-03,2022,0,NOT_TUE_FRI
EURAUD,2022-04-04,2022,1077,NOT_TUE_FRI
EURAUD,2022-04-05,2022,1440,ACCEPT
EURAUD,2022-04-06,2022,1439,ACCEPT
EURAUD,2022-04-07,2022,1439,ACCEPT
EURAUD,2022-04-08,2022,1440,ACCEPT
EURAUD,2022-04-09,2022,355,NOT_TUE_FRI
EURAUD,2022-04-10,2022,0,NOT_TUE_FRI
EURAUD,2022-04-11,2022,1077,NOT_TUE_FRI
EURAUD,2022-04-12,2022,1440,ACCEPT
EURAUD,2022-04-13,2022,1440,ACCEPT
EURAUD,2022-04-14,2022,1440,ACCEPT
EURAUD,2022-04-15,2022,1440,ACCEPT
EURAUD,2022-04-16,2022,355,NOT_TUE_FRI
EURAUD,2022-04-17,2022,0,NOT_TUE_FRI
EURAUD,2022-04-18,2022,1077,NOT_TUE_FRI
EURAUD,2022-04-19,2022,1440,ACCEPT
EURAUD,2022-04-20,2022,1440,ACCEPT
EURAUD,2022-04-21,2022,1439,ACCEPT
EURAUD,2022-04-22,2022,1438,ACCEPT
EURAUD,2022-04-23,2022,355,NOT_TUE_FRI
EURAUD,2022-04-24,2022,0,NOT_TUE_FRI
EURAUD,2022-04-25,2022,1075,NOT_TUE_FRI
EURAUD,2022-04-26,2022,1440,ACCEPT
EURAUD,2022-04-27,2022,1440,ACCEPT
EURAUD,2022-04-28,2022,1440,ACCEPT
EURAUD,2022-04-29,2022,1439,ACCEPT
EURAUD,2022-04-30,2022,356,NOT_TUE_FRI
EURAUD,2022-05-01,2022,0,NOT_TUE_FRI
EURAUD,2022-05-02,2022,1078,NOT_TUE_FRI
EURAUD,2022-05-03,2022,1439,ACCEPT
EURAUD,2022-05-04,2022,1440,ACCEPT
EURAUD,2022-05-05,2022,1440,ACCEPT
EURAUD,2022-05-06,2022,1438,ACCEPT
EURAUD,2022-05-07,2022,356,NOT_TUE_FRI
EURAUD,2022-05-08,2022,0,NOT_TUE_FRI
EURAUD,2022-05-09,2022,1078,NOT_TUE_FRI
EURAUD,2022-05-10,2022,1439,ACCEPT
EURAUD,2022-05-11,2022,1439,ACCEPT
EURAUD,2022-05-12,2022,1440,ACCEPT
EURAUD,2022-05-13,2022,1440,ACCEPT
EURAUD,2022-05-14,2022,355,NOT_TUE_FRI
EURAUD,2022-05-15,2022,0,NOT_TUE_FRI
EURAUD,2022-05-16,2022,1076,NOT_TUE_FRI
EURAUD,2022-05-17,2022,1439,ACCEPT
EURAUD,2022-05-18,2022,1440,ACCEPT
EURAUD,2022-05-19,2022,1440,ACCEPT
EURAUD,2022-05-20,2022,1439,ACCEPT
EURAUD,2022-05-21,2022,355,NOT_TUE_FRI
EURAUD,2022-05-22,2022,0,NOT_TUE_FRI
EURAUD,2022-05-23,2022,1076,NOT_TUE_FRI
EURAUD,2022-05-24,2022,1439,ACCEPT
EURAUD,2022-05-25,2022,1440,ACCEPT
EURAUD,2022-05-26,2022,1438,ACCEPT
EURAUD,2022-05-27,2022,1439,ACCEPT
EURAUD,2022-05-28,2022,355,NOT_TUE_FRI
EURAUD,2022-05-29,2022,0,NOT_TUE_FRI
EURAUD,2022-05-30,2022,1076,NOT_TUE_FRI
EURAUD,2022-05-31,2022,1440,ACCEPT
EURAUD,2022-06-01,2022,1438,ACCEPT
EURAUD,2022-06-02,2022,1440,ACCEPT
EURAUD,2022-06-03,2022,1440,ACCEPT
EURAUD,2022-06-04,2022,355,NOT_TUE_FRI
EURAUD,2022-06-05,2022,0,NOT_TUE_FRI
EURAUD,2022-06-06,2022,1077,NOT_TUE_FRI
EURAUD,2022-06-07,2022,1440,ACCEPT
EURAUD,2022-06-08,2022,1439,ACCEPT
EURAUD,2022-06-09,2022,1439,ACCEPT
EURAUD,2022-06-10,2022,1440,ACCEPT
EURAUD,2022-06-11,2022,355,NOT_TUE_FRI
EURAUD,2022-06-12,2022,0,NOT_TUE_FRI
EURAUD,2022-06-13,2022,1078,NOT_TUE_FRI
EURAUD,2022-06-14,2022,1440,ACCEPT
EURAUD,2022-06-15,2022,1440,ACCEPT
EURAUD,2022-06-16,2022,1440,ACCEPT
EURAUD,2022-06-17,2022,1439,ACCEPT
EURAUD,2022-06-18,2022,355,NOT_TUE_FRI
EURAUD,2022-06-19,2022,0,NOT_TUE_FRI
EURAUD,2022-06-20,2022,1078,NOT_TUE_FRI
EURAUD,2022-06-21,2022,1438,ACCEPT
EURAUD,2022-06-22,2022,1440,ACCEPT
EURAUD,2022-06-23,2022,1440,ACCEPT
EURAUD,2022-06-24,2022,1439,ACCEPT
EURAUD,2022-06-25,2022,355,NOT_TUE_FRI
EURAUD,2022-06-26,2022,0,NOT_TUE_FRI
EURAUD,2022-06-27,2022,1078,NOT_TUE_FRI
EURAUD,2022-06-28,2022,1440,ACCEPT
EURAUD,2022-06-29,2022,1440,ACCEPT
EURAUD,2022-06-30,2022,1440,ACCEPT
EURAUD,2022-07-01,2022,1440,ACCEPT
EURAUD,2022-07-02,2022,355,NOT_TUE_FRI
EURAUD,2022-07-03,2022,0,NOT_TUE_FRI
EURAUD,2022-07-04,2022,1077,NOT_TUE_FRI
EURAUD,2022-07-05,2022,1440,ACCEPT
EURAUD,2022-07-06,2022,1439,ACCEPT
EURAUD,2022-07-07,2022,1440,ACCEPT
EURAUD,2022-07-08,2022,1440,ACCEPT
EURAUD,2022-07-09,2022,355,NOT_TUE_FRI
EURAUD,2022-07-10,2022,0,NOT_TUE_FRI
EURAUD,2022-07-11,2022,1078,NOT_TUE_FRI
EURAUD,2022-07-12,2022,1440,ACCEPT
EURAUD,2022-07-13,2022,1439,ACCEPT
EURAUD,2022-07-14,2022,1439,ACCEPT
EURAUD,2022-07-15,2022,1440,ACCEPT
EURAUD,2022-07-16,2022,355,NOT_TUE_FRI
EURAUD,2022-07-17,2022,0,NOT_TUE_FRI
EURAUD,2022-07-18,2022,1064,NOT_TUE_FRI
EURAUD,2022-07-19,2022,1433,ACCEPT
EURAUD,2022-07-20,2022,1440,ACCEPT
EURAUD,2022-07-21,2022,1440,ACCEPT
EURAUD,2022-07-22,2022,1434,ACCEPT
EURAUD,2022-07-23,2022,355,NOT_TUE_FRI
EURAUD,2022-07-24,2022,0,NOT_TUE_FRI
EURAUD,2022-07-25,2022,1078,NOT_TUE_FRI
EURAUD,2022-07-26,2022,1435,ACCEPT
EURAUD,2022-07-27,2022,1440,ACCEPT
EURAUD,2022-07-28,2022,1438,ACCEPT
EURAUD,2022-07-29,2022,1440,ACCEPT
EURAUD,2022-07-30,2022,355,NOT_TUE_FRI
EURAUD,2022-07-31,2022,0,NOT_TUE_FRI
EURAUD,2022-08-01,2022,1069,NOT_TUE_FRI
EURAUD,2022-08-02,2022,1435,ACCEPT
EURAUD,2022-08-03,2022,1434,ACCEPT
EURAUD,2022-08-04,2022,1439,ACCEPT
EURAUD,2022-08-05,2022,1440,ACCEPT
EURAUD,2022-08-06,2022,355,NOT_TUE_FRI
EURAUD,2022-08-07,2022,0,NOT_TUE_FRI
EURAUD,2022-08-08,2022,1070,NOT_TUE_FRI
EURAUD,2022-08-09,2022,1437,ACCEPT
EURAUD,2022-08-10,2022,1440,ACCEPT
EURAUD,2022-08-11,2022,1439,ACCEPT
EURAUD,2022-08-12,2022,1437,ACCEPT
EURAUD,2022-08-13,2022,355,NOT_TUE_FRI
EURAUD,2022-08-14,2022,0,NOT_TUE_FRI
EURAUD,2022-08-15,2022,1078,NOT_TUE_FRI
EURAUD,2022-08-16,2022,1439,ACCEPT
EURAUD,2022-08-17,2022,1435,ACCEPT
EURAUD,2022-08-18,2022,1440,ACCEPT
EURAUD,2022-08-19,2022,1439,ACCEPT
EURAUD,2022-08-20,2022,355,NOT_TUE_FRI
EURAUD,2022-08-21,2022,0,NOT_TUE_FRI
EURAUD,2022-08-22,2022,1067,NOT_TUE_FRI
EURAUD,2022-08-23,2022,1439,ACCEPT
EURAUD,2022-08-24,2022,1436,ACCEPT
EURAUD,2022-08-25,2022,1439,ACCEPT
EURAUD,2022-08-26,2022,1438,ACCEPT
EURAUD,2022-08-27,2022,355,NOT_TUE_FRI
EURAUD,2022-08-28,2022,0,NOT_TUE_FRI
EURAUD,2022-08-29,2022,1068,NOT_TUE_FRI
EURAUD,2022-08-30,2022,1432,ACCEPT
EURAUD,2022-08-31,2022,1435,ACCEPT
EURAUD,2022-09-01,2022,1440,ACCEPT
EURAUD,2022-09-02,2022,1436,ACCEPT
EURAUD,2022-09-03,2022,356,NOT_TUE_FRI
EURAUD,2022-09-04,2022,0,NOT_TUE_FRI
EURAUD,2022-09-05,2022,1075,NOT_TUE_FRI
EURAUD,2022-09-06,2022,1386,ACCEPT
EURAUD,2022-09-07,2022,1440,ACCEPT
EURAUD,2022-09-08,2022,1437,ACCEPT
EURAUD,2022-09-09,2022,1438,ACCEPT
EURAUD,2022-09-10,2022,356,NOT_TUE_FRI
EURAUD,2022-09-11,2022,0,NOT_TUE_FRI
EURAUD,2022-09-12,2022,1075,NOT_TUE_FRI
EURAUD,2022-09-13,2022,1440,ACCEPT
EURAUD,2022-09-14,2022,1440,ACCEPT
EURAUD,2022-09-15,2022,1427,ACCEPT
EURAUD,2022-09-16,2022,1428,ACCEPT
EURAUD,2022-09-17,2022,353,NOT_TUE_FRI
EURAUD,2022-09-18,2022,0,NOT_TUE_FRI
EURAUD,2022-09-19,2022,1064,NOT_TUE_FRI
EURAUD,2022-09-20,2022,1440,ACCEPT
EURAUD,2022-09-21,2022,1439,ACCEPT
EURAUD,2022-09-22,2022,1439,ACCEPT
EURAUD,2022-09-23,2022,1440,ACCEPT
EURAUD,2022-09-24,2022,355,NOT_TUE_FRI
EURAUD,2022-09-25,2022,0,NOT_TUE_FRI
EURAUD,2022-09-26,2022,1078,NOT_TUE_FRI
EURAUD,2022-09-27,2022,1440,ACCEPT
EURAUD,2022-09-28,2022,1440,ACCEPT
EURAUD,2022-09-29,2022,1440,ACCEPT
EURAUD,2022-09-30,2022,1439,ACCEPT
EURAUD,2022-10-01,2022,355,NOT_TUE_FRI
EURAUD,2022-10-02,2022,0,NOT_TUE_FRI
EURAUD,2022-10-03,2022,1078,NOT_TUE_FRI
EURAUD,2022-10-04,2022,1440,ACCEPT
EURAUD,2022-10-05,2022,1440,ACCEPT
EURAUD,2022-10-06,2022,1440,ACCEPT
EURAUD,2022-10-07,2022,1440,ACCEPT
EURAUD,2022-10-08,2022,355,NOT_TUE_FRI
EURAUD,2022-10-09,2022,0,NOT_TUE_FRI
EURAUD,2022-10-10,2022,1078,NOT_TUE_FRI
EURAUD,2022-10-11,2022,1439,ACCEPT
EURAUD,2022-10-12,2022,1439,ACCEPT
EURAUD,2022-10-13,2022,1440,ACCEPT
EURAUD,2022-10-14,2022,1440,ACCEPT
EURAUD,2022-10-15,2022,355,NOT_TUE_FRI
EURAUD,2022-10-16,2022,0,NOT_TUE_FRI
EURAUD,2022-10-17,2022,1078,NOT_TUE_FRI
EURAUD,2022-10-18,2022,1439,ACCEPT
EURAUD,2022-10-19,2022,1440,ACCEPT
EURAUD,2022-10-20,2022,1440,ACCEPT
EURAUD,2022-10-21,2022,1439,ACCEPT
EURAUD,2022-10-22,2022,355,NOT_TUE_FRI
EURAUD,2022-10-23,2022,0,NOT_TUE_FRI
EURAUD,2022-10-24,2022,1079,NOT_TUE_FRI
EURAUD,2022-10-25,2022,1440,ACCEPT
EURAUD,2022-10-26,2022,1439,ACCEPT
EURAUD,2022-10-27,2022,1439,ACCEPT
EURAUD,2022-10-28,2022,1440,ACCEPT
EURAUD,2022-10-29,2022,355,NOT_TUE_FRI
EURAUD,2022-10-30,2022,0,NOT_TUE_FRI
EURAUD,2022-10-31,2022,1020,NOT_TUE_FRI
EURAUD,2022-11-01,2022,1439,ACCEPT
EURAUD,2022-11-02,2022,1438,ACCEPT
EURAUD,2022-11-03,2022,1439,ACCEPT
EURAUD,2022-11-04,2022,1439,ACCEPT
EURAUD,2022-11-05,2022,355,NOT_TUE_FRI
EURAUD,2022-11-06,2022,0,NOT_TUE_FRI
EURAUD,2022-11-07,2022,1018,NOT_TUE_FRI
EURAUD,2022-11-08,2022,1440,ACCEPT
EURAUD,2022-11-09,2022,1439,ACCEPT
EURAUD,2022-11-10,2022,1439,ACCEPT
EURAUD,2022-11-11,2022,1440,ACCEPT
EURAUD,2022-11-12,2022,415,NOT_TUE_FRI
EURAUD,2022-11-13,2022,0,NOT_TUE_FRI
EURAUD,2022-11-14,2022,1018,NOT_TUE_FRI
EURAUD,2022-11-15,2022,1440,ACCEPT
EURAUD,2022-11-16,2022,1440,ACCEPT
EURAUD,2022-11-17,2022,1440,ACCEPT
EURAUD,2022-11-18,2022,1439,ACCEPT
EURAUD,2022-11-19,2022,415,NOT_TUE_FRI
EURAUD,2022-11-20,2022,0,NOT_TUE_FRI
EURAUD,2022-11-21,2022,1018,NOT_TUE_FRI
EURAUD,2022-11-22,2022,1440,ACCEPT
EURAUD,2022-11-23,2022,1440,ACCEPT
EURAUD,2022-11-24,2022,1440,ACCEPT
EURAUD,2022-11-25,2022,1440,ACCEPT
EURAUD,2022-11-26,2022,415,NOT_TUE_FRI
EURAUD,2022-11-27,2022,0,NOT_TUE_FRI
EURAUD,2022-11-28,2022,1018,NOT_TUE_FRI
EURAUD,2022-11-29,2022,1440,ACCEPT
EURAUD,2022-11-30,2022,1439,ACCEPT
EURAUD,2022-12-01,2022,1440,ACCEPT
EURAUD,2022-12-02,2022,1440,ACCEPT
EURAUD,2022-12-03,2022,415,NOT_TUE_FRI
EURAUD,2022-12-04,2022,0,NOT_TUE_FRI
EURAUD,2022-12-05,2022,1018,NOT_TUE_FRI
EURAUD,2022-12-06,2022,1439,ACCEPT
EURAUD,2022-12-07,2022,1439,ACCEPT
EURAUD,2022-12-08,2022,1438,ACCEPT
EURAUD,2022-12-09,2022,1440,ACCEPT
EURAUD,2022-12-10,2022,415,NOT_TUE_FRI
EURAUD,2022-12-11,2022,0,NOT_TUE_FRI
EURAUD,2022-12-12,2022,1015,NOT_TUE_FRI
EURAUD,2022-12-13,2022,1440,ACCEPT
EURAUD,2022-12-14,2022,1438,ACCEPT
EURAUD,2022-12-15,2022,1440,ACCEPT
EURAUD,2022-12-16,2022,1440,ACCEPT
EURAUD,2022-12-17,2022,415,NOT_TUE_FRI
EURAUD,2022-12-18,2022,0,NOT_TUE_FRI
EURAUD,2022-12-19,2022,1018,NOT_TUE_FRI
EURAUD,2022-12-20,2022,1438,ACCEPT
EURAUD,2022-12-21,2022,1440,ACCEPT
EURAUD,2022-12-22,2022,1439,ACCEPT
EURAUD,2022-12-23,2022,1439,ACCEPT
EURAUD,2022-12-24,2022,416,NOT_TUE_FRI
EURAUD,2022-12-25,2022,0,NOT_TUE_FRI
EURAUD,2022-12-26,2022,322,NOT_TUE_FRI
EURAUD,2022-12-27,2022,1358,YEAR_END
EURAUD,2022-12-28,2022,1437,YEAR_END
EURAUD,2022-12-29,2022,1439,YEAR_END
EURAUD,2022-12-30,2022,1439,YEAR_END
EURAUD,2022-12-31,2022,415,NOT_TUE_FRI
EURAUD,2023-01-01,2023,0,NOT_TUE_FRI
EURAUD,2023-01-02,2023,518,NOT_TUE_FRI
EURAUD,2023-01-03,2023,1425,YEAR_END
EURAUD,2023-01-04,2023,1439,ACCEPT
EURAUD,2023-01-05,2023,1439,ACCEPT
EURAUD,2023-01-06,2023,1440,ACCEPT
EURAUD,2023-01-07,2023,415,NOT_TUE_FRI
EURAUD,2023-01-08,2023,0,NOT_TUE_FRI
EURAUD,2023-01-09,2023,1018,NOT_TUE_FRI
EURAUD,2023-01-10,2023,1439,ACCEPT
EURAUD,2023-01-11,2023,1439,ACCEPT
EURAUD,2023-01-12,2023,1440,ACCEPT
EURAUD,2023-01-13,2023,1438,ACCEPT
EURAUD,2023-01-14,2023,415,NOT_TUE_FRI
EURAUD,2023-01-15,2023,0,NOT_TUE_FRI
EURAUD,2023-01-16,2023,1018,NOT_TUE_FRI
EURAUD,2023-01-17,2023,1440,ACCEPT
EURAUD,2023-01-18,2023,1438,ACCEPT
EURAUD,2023-01-19,2023,1440,ACCEPT
EURAUD,2023-01-20,2023,1440,ACCEPT
EURAUD,2023-01-21,2023,415,NOT_TUE_FRI
EURAUD,2023-01-22,2023,0,NOT_TUE_FRI
EURAUD,2023-01-23,2023,1018,NOT_TUE_FRI
EURAUD,2023-01-24,2023,1439,ACCEPT
EURAUD,2023-01-25,2023,1439,ACCEPT
EURAUD,2023-01-26,2023,1439,ACCEPT
EURAUD,2023-01-27,2023,1438,ACCEPT
EURAUD,2023-01-28,2023,415,NOT_TUE_FRI
EURAUD,2023-01-29,2023,0,NOT_TUE_FRI
EURAUD,2023-01-30,2023,1018,NOT_TUE_FRI
EURAUD,2023-01-31,2023,1440,ACCEPT
EURAUD,2023-02-01,2023,1440,ACCEPT
EURAUD,2023-02-02,2023,1440,ACCEPT
EURAUD,2023-02-03,2023,1440,ACCEPT
EURAUD,2023-02-04,2023,415,NOT_TUE_FRI
EURAUD,2023-02-05,2023,0,NOT_TUE_FRI
EURAUD,2023-02-06,2023,1018,NOT_TUE_FRI
EURAUD,2023-02-07,2023,1439,ACCEPT
EURAUD,2023-02-08,2023,1440,ACCEPT
EURAUD,2023-02-09,2023,1440,ACCEPT
EURAUD,2023-02-10,2023,1440,ACCEPT
EURAUD,2023-02-11,2023,415,NOT_TUE_FRI
EURAUD,2023-02-12,2023,0,NOT_TUE_FRI
EURAUD,2023-02-13,2023,1019,NOT_TUE_FRI
EURAUD,2023-02-14,2023,1440,ACCEPT
EURAUD,2023-02-15,2023,1440,ACCEPT
EURAUD,2023-02-16,2023,1440,ACCEPT
EURAUD,2023-02-17,2023,1440,ACCEPT
EURAUD,2023-02-18,2023,415,NOT_TUE_FRI
EURAUD,2023-02-19,2023,0,NOT_TUE_FRI
EURAUD,2023-02-20,2023,1018,NOT_TUE_FRI
EURAUD,2023-02-21,2023,1439,ACCEPT
EURAUD,2023-02-22,2023,1440,ACCEPT
EURAUD,2023-02-23,2023,1440,ACCEPT
EURAUD,2023-02-24,2023,1440,ACCEPT
EURAUD,2023-02-25,2023,415,NOT_TUE_FRI
EURAUD,2023-02-26,2023,0,NOT_TUE_FRI
EURAUD,2023-02-27,2023,1014,NOT_TUE_FRI
EURAUD,2023-02-28,2023,1434,ACCEPT
EURAUD,2023-03-01,2023,1431,ACCEPT
EURAUD,2023-03-02,2023,1433,ACCEPT
EURAUD,2023-03-03,2023,1434,ACCEPT
EURAUD,2023-03-04,2023,415,NOT_TUE_FRI
EURAUD,2023-03-05,2023,0,NOT_TUE_FRI
EURAUD,2023-03-06,2023,1019,NOT_TUE_FRI
EURAUD,2023-03-07,2023,1434,ACCEPT
EURAUD,2023-03-08,2023,1434,ACCEPT
EURAUD,2023-03-09,2023,1434,ACCEPT
EURAUD,2023-03-10,2023,1434,ACCEPT
EURAUD,2023-03-11,2023,415,NOT_TUE_FRI
EURAUD,2023-03-12,2023,0,NOT_TUE_FRI
EURAUD,2023-03-13,2023,1020,NOT_TUE_FRI
EURAUD,2023-03-14,2023,1434,ACCEPT
EURAUD,2023-03-15,2023,1434,ACCEPT
EURAUD,2023-03-16,2023,1433,ACCEPT
EURAUD,2023-03-17,2023,1433,ACCEPT
EURAUD,2023-03-18,2023,355,NOT_TUE_FRI
EURAUD,2023-03-19,2023,0,NOT_TUE_FRI
EURAUD,2023-03-20,2023,1020,NOT_TUE_FRI
EURAUD,2023-03-21,2023,1432,ACCEPT
EURAUD,2023-03-22,2023,1432,ACCEPT
EURAUD,2023-03-23,2023,1432,ACCEPT
EURAUD,2023-03-24,2023,1433,ACCEPT
EURAUD,2023-03-25,2023,354,NOT_TUE_FRI
EURAUD,2023-03-26,2023,0,NOT_TUE_FRI
EURAUD,2023-03-27,2023,1078,NOT_TUE_FRI
EURAUD,2023-03-28,2023,1431,ACCEPT
EURAUD,2023-03-29,2023,1434,ACCEPT
EURAUD,2023-03-30,2023,1434,ACCEPT
EURAUD,2023-03-31,2023,1434,ACCEPT
EURAUD,2023-04-01,2023,355,NOT_TUE_FRI
EURAUD,2023-04-02,2023,0,NOT_TUE_FRI
EURAUD,2023-04-03,2023,1079,NOT_TUE_FRI
EURAUD,2023-04-04,2023,1432,ACCEPT
EURAUD,2023-04-05,2023,1434,ACCEPT
EURAUD,2023-04-06,2023,1433,ACCEPT
EURAUD,2023-04-07,2023,1431,ACCEPT
EURAUD,2023-04-08,2023,354,NOT_TUE_FRI
EURAUD,2023-04-09,2023,0,NOT_TUE_FRI
EURAUD,2023-04-10,2023,1066,NOT_TUE_FRI
EURAUD,2023-04-11,2023,1434,ACCEPT
EURAUD,2023-04-12,2023,1432,ACCEPT
EURAUD,2023-04-13,2023,1434,ACCEPT
EURAUD,2023-04-14,2023,1432,ACCEPT
EURAUD,2023-04-15,2023,355,NOT_TUE_FRI
EURAUD,2023-04-16,2023,0,NOT_TUE_FRI
EURAUD,2023-04-17,2023,1077,NOT_TUE_FRI
EURAUD,2023-04-18,2023,1432,ACCEPT
EURAUD,2023-04-19,2023,1433,ACCEPT
EURAUD,2023-04-20,2023,1431,ACCEPT
EURAUD,2023-04-21,2023,1434,ACCEPT
EURAUD,2023-04-22,2023,355,NOT_TUE_FRI
EURAUD,2023-04-23,2023,0,NOT_TUE_FRI
EURAUD,2023-04-24,2023,1076,NOT_TUE_FRI
EURAUD,2023-04-25,2023,1434,ACCEPT
EURAUD,2023-04-26,2023,1434,ACCEPT
EURAUD,2023-04-27,2023,1434,ACCEPT
EURAUD,2023-04-28,2023,1434,ACCEPT
EURAUD,2023-04-29,2023,355,NOT_TUE_FRI
EURAUD,2023-04-30,2023,0,NOT_TUE_FRI
EURAUD,2023-05-01,2023,1078,NOT_TUE_FRI
EURAUD,2023-05-02,2023,1434,ACCEPT
EURAUD,2023-05-03,2023,1433,ACCEPT
EURAUD,2023-05-04,2023,1434,ACCEPT
EURAUD,2023-05-05,2023,1434,ACCEPT
EURAUD,2023-05-06,2023,356,NOT_TUE_FRI
EURAUD,2023-05-07,2023,0,NOT_TUE_FRI
EURAUD,2023-05-08,2023,1079,NOT_TUE_FRI
EURAUD,2023-05-09,2023,1433,ACCEPT
EURAUD,2023-05-10,2023,1434,ACCEPT
EURAUD,2023-05-11,2023,1434,ACCEPT
EURAUD,2023-05-12,2023,1434,ACCEPT
EURAUD,2023-05-13,2023,355,NOT_TUE_FRI
EURAUD,2023-05-14,2023,0,NOT_TUE_FRI
EURAUD,2023-05-15,2023,1078,NOT_TUE_FRI
EURAUD,2023-05-16,2023,1433,ACCEPT
EURAUD,2023-05-17,2023,1433,ACCEPT
EURAUD,2023-05-18,2023,1434,ACCEPT
EURAUD,2023-05-19,2023,1434,ACCEPT
EURAUD,2023-05-20,2023,355,NOT_TUE_FRI
EURAUD,2023-05-21,2023,0,NOT_TUE_FRI
EURAUD,2023-05-22,2023,1077,NOT_TUE_FRI
EURAUD,2023-05-23,2023,1434,ACCEPT
EURAUD,2023-05-24,2023,1429,ACCEPT
EURAUD,2023-05-25,2023,1434,ACCEPT
EURAUD,2023-05-26,2023,1434,ACCEPT
EURAUD,2023-05-27,2023,355,NOT_TUE_FRI
EURAUD,2023-05-28,2023,0,NOT_TUE_FRI
EURAUD,2023-05-29,2023,1078,NOT_TUE_FRI
EURAUD,2023-05-30,2023,1431,ACCEPT
EURAUD,2023-05-31,2023,1433,ACCEPT
EURAUD,2023-06-01,2023,1434,ACCEPT
EURAUD,2023-06-02,2023,1433,ACCEPT
EURAUD,2023-06-03,2023,355,NOT_TUE_FRI
EURAUD,2023-06-04,2023,0,NOT_TUE_FRI
EURAUD,2023-06-05,2023,1078,NOT_TUE_FRI
EURAUD,2023-06-06,2023,1434,ACCEPT
EURAUD,2023-06-07,2023,1434,ACCEPT
EURAUD,2023-06-08,2023,1428,ACCEPT
EURAUD,2023-06-09,2023,1427,ACCEPT
EURAUD,2023-06-10,2023,354,NOT_TUE_FRI
EURAUD,2023-06-11,2023,0,NOT_TUE_FRI
EURAUD,2023-06-12,2023,1078,NOT_TUE_FRI
EURAUD,2023-06-13,2023,1433,ACCEPT
EURAUD,2023-06-14,2023,1433,ACCEPT
EURAUD,2023-06-15,2023,1434,ACCEPT
EURAUD,2023-06-16,2023,1432,ACCEPT
EURAUD,2023-06-17,2023,355,NOT_TUE_FRI
EURAUD,2023-06-18,2023,0,NOT_TUE_FRI
EURAUD,2023-06-19,2023,1077,NOT_TUE_FRI
EURAUD,2023-06-20,2023,1434,ACCEPT
EURAUD,2023-06-21,2023,1440,ACCEPT
EURAUD,2023-06-22,2023,1440,ACCEPT
EURAUD,2023-06-23,2023,1440,ACCEPT
EURAUD,2023-06-24,2023,359,NOT_TUE_FRI
EURAUD,2023-06-25,2023,0,NOT_TUE_FRI
EURAUD,2023-06-26,2023,1079,NOT_TUE_FRI
EURAUD,2023-06-27,2023,1440,ACCEPT
EURAUD,2023-06-28,2023,1416,ACCEPT
EURAUD,2023-06-29,2023,1438,ACCEPT
EURAUD,2023-06-30,2023,1440,ACCEPT
EURAUD,2023-07-01,2023,359,NOT_TUE_FRI
EURAUD,2023-07-02,2023,0,NOT_TUE_FRI
EURAUD,2023-07-03,2023,1079,NOT_TUE_FRI
EURAUD,2023-07-04,2023,1439,ACCEPT
EURAUD,2023-07-05,2023,1440,ACCEPT
EURAUD,2023-07-06,2023,1440,ACCEPT
EURAUD,2023-07-07,2023,1440,ACCEPT
EURAUD,2023-07-08,2023,359,NOT_TUE_FRI
EURAUD,2023-07-09,2023,0,NOT_TUE_FRI
EURAUD,2023-07-10,2023,1079,NOT_TUE_FRI
EURAUD,2023-07-11,2023,1440,ACCEPT
EURAUD,2023-07-12,2023,1440,ACCEPT
EURAUD,2023-07-13,2023,1440,ACCEPT
EURAUD,2023-07-14,2023,1440,ACCEPT
EURAUD,2023-07-15,2023,248,NOT_TUE_FRI
EURAUD,2023-07-16,2023,0,NOT_TUE_FRI
EURAUD,2023-07-17,2023,1080,NOT_TUE_FRI
EURAUD,2023-07-18,2023,1440,ACCEPT
EURAUD,2023-07-19,2023,1440,ACCEPT
EURAUD,2023-07-20,2023,1437,ACCEPT
EURAUD,2023-07-21,2023,1440,ACCEPT
EURAUD,2023-07-22,2023,359,NOT_TUE_FRI
EURAUD,2023-07-23,2023,0,NOT_TUE_FRI
EURAUD,2023-07-24,2023,1076,NOT_TUE_FRI
EURAUD,2023-07-25,2023,1439,ACCEPT
EURAUD,2023-07-26,2023,1439,ACCEPT
EURAUD,2023-07-27,2023,1440,ACCEPT
EURAUD,2023-07-28,2023,1439,ACCEPT
EURAUD,2023-07-29,2023,359,NOT_TUE_FRI
EURAUD,2023-07-30,2023,0,NOT_TUE_FRI
EURAUD,2023-07-31,2023,1069,NOT_TUE_FRI
EURAUD,2023-08-01,2023,1440,ACCEPT
EURAUD,2023-08-02,2023,1440,ACCEPT
EURAUD,2023-08-03,2023,1440,ACCEPT
EURAUD,2023-08-04,2023,1439,ACCEPT
EURAUD,2023-08-05,2023,359,NOT_TUE_FRI
EURAUD,2023-08-06,2023,0,NOT_TUE_FRI
EURAUD,2023-08-07,2023,1077,NOT_TUE_FRI
EURAUD,2023-08-08,2023,1440,ACCEPT
EURAUD,2023-08-09,2023,1440,ACCEPT
EURAUD,2023-08-10,2023,1440,ACCEPT
EURAUD,2023-08-11,2023,1440,ACCEPT
EURAUD,2023-08-12,2023,333,NOT_TUE_FRI
EURAUD,2023-08-13,2023,0,NOT_TUE_FRI
EURAUD,2023-08-14,2023,1078,NOT_TUE_FRI
EURAUD,2023-08-15,2023,1440,ACCEPT
EURAUD,2023-08-16,2023,1440,ACCEPT
EURAUD,2023-08-17,2023,1438,ACCEPT
EURAUD,2023-08-18,2023,1439,ACCEPT
EURAUD,2023-08-19,2023,359,NOT_TUE_FRI
EURAUD,2023-08-20,2023,0,NOT_TUE_FRI
EURAUD,2023-08-21,2023,1079,NOT_TUE_FRI
EURAUD,2023-08-22,2023,1440,ACCEPT
EURAUD,2023-08-23,2023,1440,ACCEPT
EURAUD,2023-08-24,2023,1440,ACCEPT
EURAUD,2023-08-25,2023,1440,ACCEPT
EURAUD,2023-08-26,2023,359,NOT_TUE_FRI
EURAUD,2023-08-27,2023,0,NOT_TUE_FRI
EURAUD,2023-08-28,2023,1078,NOT_TUE_FRI
EURAUD,2023-08-29,2023,1440,ACCEPT
EURAUD,2023-08-30,2023,1440,ACCEPT
EURAUD,2023-08-31,2023,1413,GAP
EURAUD,2023-09-01,2023,1439,ACCEPT
EURAUD,2023-09-02,2023,359,NOT_TUE_FRI
EURAUD,2023-09-03,2023,0,NOT_TUE_FRI
EURAUD,2023-09-04,2023,1078,NOT_TUE_FRI
EURAUD,2023-09-05,2023,1439,ACCEPT
EURAUD,2023-09-06,2023,1440,ACCEPT
EURAUD,2023-09-07,2023,1440,ACCEPT
EURAUD,2023-09-08,2023,1439,ACCEPT
EURAUD,2023-09-09,2023,359,NOT_TUE_FRI
EURAUD,2023-09-10,2023,0,NOT_TUE_FRI
EURAUD,2023-09-11,2023,1080,NOT_TUE_FRI
EURAUD,2023-09-12,2023,1440,ACCEPT
EURAUD,2023-09-13,2023,1440,ACCEPT
EURAUD,2023-09-14,2023,1440,ACCEPT
EURAUD,2023-09-15,2023,1440,ACCEPT
EURAUD,2023-09-16,2023,359,NOT_TUE_FRI
EURAUD,2023-09-17,2023,0,NOT_TUE_FRI
EURAUD,2023-09-18,2023,1077,NOT_TUE_FRI
EURAUD,2023-09-19,2023,1440,ACCEPT
EURAUD,2023-09-20,2023,1439,ACCEPT
EURAUD,2023-09-21,2023,1440,ACCEPT
EURAUD,2023-09-22,2023,1440,ACCEPT
EURAUD,2023-09-23,2023,359,NOT_TUE_FRI
EURAUD,2023-09-24,2023,0,NOT_TUE_FRI
EURAUD,2023-09-25,2023,1080,NOT_TUE_FRI
EURAUD,2023-09-26,2023,1439,ACCEPT
EURAUD,2023-09-27,2023,1440,ACCEPT
EURAUD,2023-09-28,2023,1440,ACCEPT
EURAUD,2023-09-29,2023,1440,ACCEPT
EURAUD,2023-09-30,2023,359,NOT_TUE_FRI
EURAUD,2023-10-01,2023,0,NOT_TUE_FRI
EURAUD,2023-10-02,2023,1077,NOT_TUE_FRI
EURAUD,2023-10-03,2023,1440,ACCEPT
EURAUD,2023-10-04,2023,1439,ACCEPT
EURAUD,2023-10-05,2023,1439,ACCEPT
EURAUD,2023-10-06,2023,1440,ACCEPT
EURAUD,2023-10-07,2023,359,NOT_TUE_FRI
EURAUD,2023-10-08,2023,0,NOT_TUE_FRI
EURAUD,2023-10-09,2023,1079,NOT_TUE_FRI
EURAUD,2023-10-10,2023,1440,ACCEPT
EURAUD,2023-10-11,2023,1440,ACCEPT
EURAUD,2023-10-12,2023,1440,ACCEPT
EURAUD,2023-10-13,2023,1440,ACCEPT
EURAUD,2023-10-14,2023,359,NOT_TUE_FRI
EURAUD,2023-10-15,2023,0,NOT_TUE_FRI
EURAUD,2023-10-16,2023,1078,NOT_TUE_FRI
EURAUD,2023-10-17,2023,1438,ACCEPT
EURAUD,2023-10-18,2023,1439,ACCEPT
EURAUD,2023-10-19,2023,1439,ACCEPT
EURAUD,2023-10-20,2023,1439,ACCEPT
EURAUD,2023-10-21,2023,359,NOT_TUE_FRI
EURAUD,2023-10-22,2023,0,NOT_TUE_FRI
EURAUD,2023-10-23,2023,1079,NOT_TUE_FRI
EURAUD,2023-10-24,2023,1440,ACCEPT
EURAUD,2023-10-25,2023,1440,ACCEPT
EURAUD,2023-10-26,2023,1439,ACCEPT
EURAUD,2023-10-27,2023,1440,ACCEPT
EURAUD,2023-10-28,2023,359,NOT_TUE_FRI
EURAUD,2023-10-29,2023,0,NOT_TUE_FRI
EURAUD,2023-10-30,2023,1020,NOT_TUE_FRI
EURAUD,2023-10-31,2023,1440,ACCEPT
EURAUD,2023-11-01,2023,1439,ACCEPT
EURAUD,2023-11-02,2023,1439,ACCEPT
EURAUD,2023-11-03,2023,1439,ACCEPT
EURAUD,2023-11-04,2023,359,NOT_TUE_FRI
EURAUD,2023-11-05,2023,0,NOT_TUE_FRI
EURAUD,2023-11-06,2023,1020,NOT_TUE_FRI
EURAUD,2023-11-07,2023,1440,ACCEPT
EURAUD,2023-11-08,2023,1440,ACCEPT
EURAUD,2023-11-09,2023,1440,ACCEPT
EURAUD,2023-11-10,2023,1440,ACCEPT
EURAUD,2023-11-11,2023,419,NOT_TUE_FRI
EURAUD,2023-11-12,2023,0,NOT_TUE_FRI
EURAUD,2023-11-13,2023,1019,NOT_TUE_FRI
EURAUD,2023-11-14,2023,1440,ACCEPT
EURAUD,2023-11-15,2023,1440,ACCEPT
EURAUD,2023-11-16,2023,1440,ACCEPT
EURAUD,2023-11-17,2023,1439,ACCEPT
EURAUD,2023-11-18,2023,419,NOT_TUE_FRI
EURAUD,2023-11-19,2023,0,NOT_TUE_FRI
EURAUD,2023-11-20,2023,1020,NOT_TUE_FRI
EURAUD,2023-11-21,2023,1439,ACCEPT
EURAUD,2023-11-22,2023,1439,ACCEPT
EURAUD,2023-11-23,2023,1439,ACCEPT
EURAUD,2023-11-24,2023,1440,ACCEPT
EURAUD,2023-11-25,2023,418,NOT_TUE_FRI
EURAUD,2023-11-26,2023,0,NOT_TUE_FRI
EURAUD,2023-11-27,2023,1019,NOT_TUE_FRI
EURAUD,2023-11-28,2023,1440,ACCEPT
EURAUD,2023-11-29,2023,1440,ACCEPT
EURAUD,2023-11-30,2023,1440,ACCEPT
EURAUD,2023-12-01,2023,1440,ACCEPT
EURAUD,2023-12-02,2023,419,NOT_TUE_FRI
EURAUD,2023-12-03,2023,0,NOT_TUE_FRI
EURAUD,2023-12-04,2023,1020,NOT_TUE_FRI
EURAUD,2023-12-05,2023,1440,ACCEPT
EURAUD,2023-12-06,2023,1440,ACCEPT
EURAUD,2023-12-07,2023,1440,ACCEPT
EURAUD,2023-12-08,2023,1440,ACCEPT
EURAUD,2023-12-09,2023,419,NOT_TUE_FRI
EURAUD,2023-12-10,2023,0,NOT_TUE_FRI
EURAUD,2023-12-11,2023,1020,NOT_TUE_FRI
EURAUD,2023-12-12,2023,1440,ACCEPT
EURAUD,2023-12-13,2023,1440,ACCEPT
EURAUD,2023-12-14,2023,1440,ACCEPT
EURAUD,2023-12-15,2023,1439,ACCEPT
EURAUD,2023-12-16,2023,419,NOT_TUE_FRI
EURAUD,2023-12-17,2023,0,NOT_TUE_FRI
EURAUD,2023-12-18,2023,996,NOT_TUE_FRI
EURAUD,2023-12-19,2023,1424,ACCEPT
EURAUD,2023-12-20,2023,1440,ACCEPT
EURAUD,2023-12-21,2023,1440,ACCEPT
EURAUD,2023-12-22,2023,1440,ACCEPT
EURAUD,2023-12-23,2023,419,NOT_TUE_FRI
EURAUD,2023-12-24,2023,0,NOT_TUE_FRI
EURAUD,2023-12-25,2023,62,NOT_TUE_FRI
EURAUD,2023-12-26,2023,1008,YEAR_END
EURAUD,2023-12-27,2023,1440,YEAR_END
EURAUD,2023-12-28,2023,1440,YEAR_END
EURAUD,2023-12-29,2023,1440,YEAR_END
EURAUD,2023-12-30,2023,419,NOT_TUE_FRI
EURAUD,2023-12-31,2023,0,NOT_TUE_FRI
GBPAUD,2020-01-01,2020,361,YEAR_END
GBPAUD,2020-01-02,2020,660,YEAR_END
GBPAUD,2020-01-03,2020,1439,YEAR_END
GBPAUD,2020-01-04,2020,415,NOT_TUE_FRI
GBPAUD,2020-01-05,2020,0,NOT_TUE_FRI
GBPAUD,2020-01-06,2020,1018,NOT_TUE_FRI
GBPAUD,2020-01-07,2020,1440,ACCEPT
GBPAUD,2020-01-08,2020,1440,ACCEPT
GBPAUD,2020-01-09,2020,1440,ACCEPT
GBPAUD,2020-01-10,2020,1440,ACCEPT
GBPAUD,2020-01-11,2020,415,NOT_TUE_FRI
GBPAUD,2020-01-12,2020,0,NOT_TUE_FRI
GBPAUD,2020-01-13,2020,1018,NOT_TUE_FRI
GBPAUD,2020-01-14,2020,1440,ACCEPT
GBPAUD,2020-01-15,2020,1440,ACCEPT
GBPAUD,2020-01-16,2020,1440,ACCEPT
GBPAUD,2020-01-17,2020,1440,ACCEPT
GBPAUD,2020-01-18,2020,415,NOT_TUE_FRI
GBPAUD,2020-01-19,2020,0,NOT_TUE_FRI
GBPAUD,2020-01-20,2020,1015,NOT_TUE_FRI
GBPAUD,2020-01-21,2020,1440,ACCEPT
GBPAUD,2020-01-22,2020,1440,ACCEPT
GBPAUD,2020-01-23,2020,1440,ACCEPT
GBPAUD,2020-01-24,2020,1440,ACCEPT
GBPAUD,2020-01-25,2020,416,NOT_TUE_FRI
GBPAUD,2020-01-26,2020,0,NOT_TUE_FRI
GBPAUD,2020-01-27,2020,1019,NOT_TUE_FRI
GBPAUD,2020-01-28,2020,1440,ACCEPT
GBPAUD,2020-01-29,2020,1439,ACCEPT
GBPAUD,2020-01-30,2020,1439,ACCEPT
GBPAUD,2020-01-31,2020,1439,ACCEPT
GBPAUD,2020-02-01,2020,416,NOT_TUE_FRI
GBPAUD,2020-02-02,2020,0,NOT_TUE_FRI
GBPAUD,2020-02-03,2020,1018,NOT_TUE_FRI
GBPAUD,2020-02-04,2020,1440,ACCEPT
GBPAUD,2020-02-05,2020,1440,ACCEPT
GBPAUD,2020-02-06,2020,1440,ACCEPT
GBPAUD,2020-02-07,2020,1439,ACCEPT
GBPAUD,2020-02-08,2020,415,NOT_TUE_FRI
GBPAUD,2020-02-09,2020,0,NOT_TUE_FRI
GBPAUD,2020-02-10,2020,1015,NOT_TUE_FRI
GBPAUD,2020-02-11,2020,1440,ACCEPT
GBPAUD,2020-02-12,2020,1440,ACCEPT
GBPAUD,2020-02-13,2020,1440,ACCEPT
GBPAUD,2020-02-14,2020,1440,ACCEPT
GBPAUD,2020-02-15,2020,415,NOT_TUE_FRI
GBPAUD,2020-02-16,2020,0,NOT_TUE_FRI
GBPAUD,2020-02-17,2020,1019,NOT_TUE_FRI
GBPAUD,2020-02-18,2020,1440,ACCEPT
GBPAUD,2020-02-19,2020,1440,ACCEPT
GBPAUD,2020-02-20,2020,1439,ACCEPT
GBPAUD,2020-02-21,2020,1439,ACCEPT
GBPAUD,2020-02-22,2020,415,NOT_TUE_FRI
GBPAUD,2020-02-23,2020,0,NOT_TUE_FRI
GBPAUD,2020-02-24,2020,1019,NOT_TUE_FRI
GBPAUD,2020-02-25,2020,1440,ACCEPT
GBPAUD,2020-02-26,2020,1440,ACCEPT
GBPAUD,2020-02-27,2020,1440,ACCEPT
GBPAUD,2020-02-28,2020,1439,ACCEPT
GBPAUD,2020-02-29,2020,415,NOT_TUE_FRI
GBPAUD,2020-03-01,2020,0,NOT_TUE_FRI
GBPAUD,2020-03-02,2020,1019,NOT_TUE_FRI
GBPAUD,2020-03-03,2020,1439,ACCEPT
GBPAUD,2020-03-04,2020,1439,ACCEPT
GBPAUD,2020-03-05,2020,1440,ACCEPT
GBPAUD,2020-03-06,2020,1440,ACCEPT
GBPAUD,2020-03-07,2020,415,NOT_TUE_FRI
GBPAUD,2020-03-08,2020,0,NOT_TUE_FRI
GBPAUD,2020-03-09,2020,1019,NOT_TUE_FRI
GBPAUD,2020-03-10,2020,1435,ACCEPT
GBPAUD,2020-03-11,2020,1435,ACCEPT
GBPAUD,2020-03-12,2020,1440,ACCEPT
GBPAUD,2020-03-13,2020,1438,ACCEPT
GBPAUD,2020-03-14,2020,355,NOT_TUE_FRI
GBPAUD,2020-03-15,2020,0,NOT_TUE_FRI
GBPAUD,2020-03-16,2020,1018,NOT_TUE_FRI
GBPAUD,2020-03-17,2020,1440,ACCEPT
GBPAUD,2020-03-18,2020,1440,ACCEPT
GBPAUD,2020-03-19,2020,1431,ACCEPT
GBPAUD,2020-03-20,2020,1439,ACCEPT
GBPAUD,2020-03-21,2020,355,NOT_TUE_FRI
GBPAUD,2020-03-22,2020,0,NOT_TUE_FRI
GBPAUD,2020-03-23,2020,1020,NOT_TUE_FRI
GBPAUD,2020-03-24,2020,1438,ACCEPT
GBPAUD,2020-03-25,2020,1405,GAP
GBPAUD,2020-03-26,2020,1440,ACCEPT
GBPAUD,2020-03-27,2020,1440,ACCEPT
GBPAUD,2020-03-28,2020,355,NOT_TUE_FRI
GBPAUD,2020-03-29,2020,0,NOT_TUE_FRI
GBPAUD,2020-03-30,2020,1075,NOT_TUE_FRI
GBPAUD,2020-03-31,2020,932,LOW_COUNT
GBPAUD,2020-04-01,2020,1436,ACCEPT
GBPAUD,2020-04-02,2020,1439,ACCEPT
GBPAUD,2020-04-03,2020,1439,ACCEPT
GBPAUD,2020-04-04,2020,355,NOT_TUE_FRI
GBPAUD,2020-04-05,2020,0,NOT_TUE_FRI
GBPAUD,2020-04-06,2020,1076,NOT_TUE_FRI
GBPAUD,2020-04-07,2020,1440,ACCEPT
GBPAUD,2020-04-08,2020,1440,ACCEPT
GBPAUD,2020-04-09,2020,1439,ACCEPT
GBPAUD,2020-04-10,2020,1439,ACCEPT
GBPAUD,2020-04-11,2020,355,NOT_TUE_FRI
GBPAUD,2020-04-12,2020,0,NOT_TUE_FRI
GBPAUD,2020-04-13,2020,1075,NOT_TUE_FRI
GBPAUD,2020-04-14,2020,1440,ACCEPT
GBPAUD,2020-04-15,2020,1440,ACCEPT
GBPAUD,2020-04-16,2020,1440,ACCEPT
GBPAUD,2020-04-17,2020,1440,ACCEPT
GBPAUD,2020-04-18,2020,355,NOT_TUE_FRI
GBPAUD,2020-04-19,2020,0,NOT_TUE_FRI
GBPAUD,2020-04-20,2020,1074,NOT_TUE_FRI
GBPAUD,2020-04-21,2020,1440,ACCEPT
GBPAUD,2020-04-22,2020,1439,ACCEPT
GBPAUD,2020-04-23,2020,1440,ACCEPT
GBPAUD,2020-04-24,2020,1440,ACCEPT
GBPAUD,2020-04-25,2020,355,NOT_TUE_FRI
GBPAUD,2020-04-26,2020,0,NOT_TUE_FRI
GBPAUD,2020-04-27,2020,1076,NOT_TUE_FRI
GBPAUD,2020-04-28,2020,1440,ACCEPT
GBPAUD,2020-04-29,2020,1440,ACCEPT
GBPAUD,2020-04-30,2020,1439,ACCEPT
GBPAUD,2020-05-01,2020,1439,ACCEPT
GBPAUD,2020-05-02,2020,355,NOT_TUE_FRI
GBPAUD,2020-05-03,2020,0,NOT_TUE_FRI
GBPAUD,2020-05-04,2020,1077,NOT_TUE_FRI
GBPAUD,2020-05-05,2020,1439,ACCEPT
GBPAUD,2020-05-06,2020,1439,ACCEPT
GBPAUD,2020-05-07,2020,1439,ACCEPT
GBPAUD,2020-05-08,2020,1440,ACCEPT
GBPAUD,2020-05-09,2020,355,NOT_TUE_FRI
GBPAUD,2020-05-10,2020,0,NOT_TUE_FRI
GBPAUD,2020-05-11,2020,1078,NOT_TUE_FRI
GBPAUD,2020-05-12,2020,1439,ACCEPT
GBPAUD,2020-05-13,2020,1438,ACCEPT
GBPAUD,2020-05-14,2020,1440,ACCEPT
GBPAUD,2020-05-15,2020,1439,ACCEPT
GBPAUD,2020-05-16,2020,355,NOT_TUE_FRI
GBPAUD,2020-05-17,2020,0,NOT_TUE_FRI
GBPAUD,2020-05-18,2020,1078,NOT_TUE_FRI
GBPAUD,2020-05-19,2020,1439,ACCEPT
GBPAUD,2020-05-20,2020,1439,ACCEPT
GBPAUD,2020-05-21,2020,1440,ACCEPT
GBPAUD,2020-05-22,2020,1439,ACCEPT
GBPAUD,2020-05-23,2020,355,NOT_TUE_FRI
GBPAUD,2020-05-24,2020,0,NOT_TUE_FRI
GBPAUD,2020-05-25,2020,1075,NOT_TUE_FRI
GBPAUD,2020-05-26,2020,1439,ACCEPT
GBPAUD,2020-05-27,2020,1439,ACCEPT
GBPAUD,2020-05-28,2020,1439,ACCEPT
GBPAUD,2020-05-29,2020,1439,ACCEPT
GBPAUD,2020-05-30,2020,355,NOT_TUE_FRI
GBPAUD,2020-05-31,2020,0,NOT_TUE_FRI
GBPAUD,2020-06-01,2020,1078,NOT_TUE_FRI
GBPAUD,2020-06-02,2020,1439,ACCEPT
GBPAUD,2020-06-03,2020,1439,ACCEPT
GBPAUD,2020-06-04,2020,1439,ACCEPT
GBPAUD,2020-06-05,2020,1439,ACCEPT
GBPAUD,2020-06-06,2020,355,NOT_TUE_FRI
GBPAUD,2020-06-07,2020,0,NOT_TUE_FRI
GBPAUD,2020-06-08,2020,1076,NOT_TUE_FRI
GBPAUD,2020-06-09,2020,1439,ACCEPT
GBPAUD,2020-06-10,2020,1440,ACCEPT
GBPAUD,2020-06-11,2020,1440,ACCEPT
GBPAUD,2020-06-12,2020,1436,ACCEPT
GBPAUD,2020-06-13,2020,355,NOT_TUE_FRI
GBPAUD,2020-06-14,2020,0,NOT_TUE_FRI
GBPAUD,2020-06-15,2020,1078,NOT_TUE_FRI
GBPAUD,2020-06-16,2020,1439,ACCEPT
GBPAUD,2020-06-17,2020,1440,ACCEPT
GBPAUD,2020-06-18,2020,1440,ACCEPT
GBPAUD,2020-06-19,2020,1439,ACCEPT
GBPAUD,2020-06-20,2020,355,NOT_TUE_FRI
GBPAUD,2020-06-21,2020,0,NOT_TUE_FRI
GBPAUD,2020-06-22,2020,1078,NOT_TUE_FRI
GBPAUD,2020-06-23,2020,1439,ACCEPT
GBPAUD,2020-06-24,2020,1440,ACCEPT
GBPAUD,2020-06-25,2020,1440,ACCEPT
GBPAUD,2020-06-26,2020,1439,ACCEPT
GBPAUD,2020-06-27,2020,355,NOT_TUE_FRI
GBPAUD,2020-06-28,2020,0,NOT_TUE_FRI
GBPAUD,2020-06-29,2020,1076,NOT_TUE_FRI
GBPAUD,2020-06-30,2020,1440,ACCEPT
GBPAUD,2020-07-01,2020,1440,ACCEPT
GBPAUD,2020-07-02,2020,1436,ACCEPT
GBPAUD,2020-07-03,2020,1440,ACCEPT
GBPAUD,2020-07-04,2020,355,NOT_TUE_FRI
GBPAUD,2020-07-05,2020,0,NOT_TUE_FRI
GBPAUD,2020-07-06,2020,1075,NOT_TUE_FRI
GBPAUD,2020-07-07,2020,1440,ACCEPT
GBPAUD,2020-07-08,2020,1437,ACCEPT
GBPAUD,2020-07-09,2020,1440,ACCEPT
GBPAUD,2020-07-10,2020,1440,ACCEPT
GBPAUD,2020-07-11,2020,355,NOT_TUE_FRI
GBPAUD,2020-07-12,2020,0,NOT_TUE_FRI
GBPAUD,2020-07-13,2020,1076,NOT_TUE_FRI
GBPAUD,2020-07-14,2020,1440,ACCEPT
GBPAUD,2020-07-15,2020,1440,ACCEPT
GBPAUD,2020-07-16,2020,1440,ACCEPT
GBPAUD,2020-07-17,2020,1440,ACCEPT
GBPAUD,2020-07-18,2020,355,NOT_TUE_FRI
GBPAUD,2020-07-19,2020,0,NOT_TUE_FRI
GBPAUD,2020-07-20,2020,1074,NOT_TUE_FRI
GBPAUD,2020-07-21,2020,1440,ACCEPT
GBPAUD,2020-07-22,2020,1439,ACCEPT
GBPAUD,2020-07-23,2020,1439,ACCEPT
GBPAUD,2020-07-24,2020,1440,ACCEPT
GBPAUD,2020-07-25,2020,355,NOT_TUE_FRI
GBPAUD,2020-07-26,2020,0,NOT_TUE_FRI
GBPAUD,2020-07-27,2020,1075,NOT_TUE_FRI
GBPAUD,2020-07-28,2020,1440,ACCEPT
GBPAUD,2020-07-29,2020,1439,ACCEPT
GBPAUD,2020-07-30,2020,1439,ACCEPT
GBPAUD,2020-07-31,2020,1439,ACCEPT
GBPAUD,2020-08-01,2020,355,NOT_TUE_FRI
GBPAUD,2020-08-02,2020,0,NOT_TUE_FRI
GBPAUD,2020-08-03,2020,1073,NOT_TUE_FRI
GBPAUD,2020-08-04,2020,1440,ACCEPT
GBPAUD,2020-08-05,2020,1440,ACCEPT
GBPAUD,2020-08-06,2020,1439,ACCEPT
GBPAUD,2020-08-07,2020,1440,ACCEPT
GBPAUD,2020-08-08,2020,355,NOT_TUE_FRI
GBPAUD,2020-08-09,2020,0,NOT_TUE_FRI
GBPAUD,2020-08-10,2020,1074,NOT_TUE_FRI
GBPAUD,2020-08-11,2020,1439,ACCEPT
GBPAUD,2020-08-12,2020,1440,ACCEPT
GBPAUD,2020-08-13,2020,1440,ACCEPT
GBPAUD,2020-08-14,2020,1440,ACCEPT
GBPAUD,2020-08-15,2020,355,NOT_TUE_FRI
GBPAUD,2020-08-16,2020,0,NOT_TUE_FRI
GBPAUD,2020-08-17,2020,1076,NOT_TUE_FRI
GBPAUD,2020-08-18,2020,1440,ACCEPT
GBPAUD,2020-08-19,2020,1440,ACCEPT
GBPAUD,2020-08-20,2020,1440,ACCEPT
GBPAUD,2020-08-21,2020,1440,ACCEPT
GBPAUD,2020-08-22,2020,355,NOT_TUE_FRI
GBPAUD,2020-08-23,2020,0,NOT_TUE_FRI
GBPAUD,2020-08-24,2020,1074,NOT_TUE_FRI
GBPAUD,2020-08-25,2020,1439,ACCEPT
GBPAUD,2020-08-26,2020,1440,ACCEPT
GBPAUD,2020-08-27,2020,1440,ACCEPT
GBPAUD,2020-08-28,2020,1439,ACCEPT
GBPAUD,2020-08-29,2020,355,NOT_TUE_FRI
GBPAUD,2020-08-30,2020,0,NOT_TUE_FRI
GBPAUD,2020-08-31,2020,1075,NOT_TUE_FRI
GBPAUD,2020-09-01,2020,1438,ACCEPT
GBPAUD,2020-09-02,2020,1439,ACCEPT
GBPAUD,2020-09-03,2020,1440,ACCEPT
GBPAUD,2020-09-04,2020,1440,ACCEPT
GBPAUD,2020-09-05,2020,355,NOT_TUE_FRI
GBPAUD,2020-09-06,2020,0,NOT_TUE_FRI
GBPAUD,2020-09-07,2020,1071,NOT_TUE_FRI
GBPAUD,2020-09-08,2020,1440,ACCEPT
GBPAUD,2020-09-09,2020,1440,ACCEPT
GBPAUD,2020-09-10,2020,1438,ACCEPT
GBPAUD,2020-09-11,2020,1437,ACCEPT
GBPAUD,2020-09-12,2020,355,NOT_TUE_FRI
GBPAUD,2020-09-13,2020,0,NOT_TUE_FRI
GBPAUD,2020-09-14,2020,1075,NOT_TUE_FRI
GBPAUD,2020-09-15,2020,1440,ACCEPT
GBPAUD,2020-09-16,2020,1440,ACCEPT
GBPAUD,2020-09-17,2020,1440,ACCEPT
GBPAUD,2020-09-18,2020,1438,ACCEPT
GBPAUD,2020-09-19,2020,355,NOT_TUE_FRI
GBPAUD,2020-09-20,2020,0,NOT_TUE_FRI
GBPAUD,2020-09-21,2020,1074,NOT_TUE_FRI
GBPAUD,2020-09-22,2020,1440,ACCEPT
GBPAUD,2020-09-23,2020,1439,ACCEPT
GBPAUD,2020-09-24,2020,1440,ACCEPT
GBPAUD,2020-09-25,2020,1439,ACCEPT
GBPAUD,2020-09-26,2020,355,NOT_TUE_FRI
GBPAUD,2020-09-27,2020,0,NOT_TUE_FRI
GBPAUD,2020-09-28,2020,1075,NOT_TUE_FRI
GBPAUD,2020-09-29,2020,1440,ACCEPT
GBPAUD,2020-09-30,2020,1439,ACCEPT
GBPAUD,2020-10-01,2020,1439,ACCEPT
GBPAUD,2020-10-02,2020,1440,ACCEPT
GBPAUD,2020-10-03,2020,355,NOT_TUE_FRI
GBPAUD,2020-10-04,2020,0,NOT_TUE_FRI
GBPAUD,2020-10-05,2020,1074,NOT_TUE_FRI
GBPAUD,2020-10-06,2020,1439,ACCEPT
GBPAUD,2020-10-07,2020,1439,ACCEPT
GBPAUD,2020-10-08,2020,1438,ACCEPT
GBPAUD,2020-10-09,2020,1438,ACCEPT
GBPAUD,2020-10-10,2020,355,NOT_TUE_FRI
GBPAUD,2020-10-11,2020,0,NOT_TUE_FRI
GBPAUD,2020-10-12,2020,1074,NOT_TUE_FRI
GBPAUD,2020-10-13,2020,1436,ACCEPT
GBPAUD,2020-10-14,2020,1439,ACCEPT
GBPAUD,2020-10-15,2020,1440,ACCEPT
GBPAUD,2020-10-16,2020,1440,ACCEPT
GBPAUD,2020-10-17,2020,355,NOT_TUE_FRI
GBPAUD,2020-10-18,2020,0,NOT_TUE_FRI
GBPAUD,2020-10-19,2020,1075,NOT_TUE_FRI
GBPAUD,2020-10-20,2020,1440,ACCEPT
GBPAUD,2020-10-21,2020,1440,ACCEPT
GBPAUD,2020-10-22,2020,1438,ACCEPT
GBPAUD,2020-10-23,2020,1440,ACCEPT
GBPAUD,2020-10-24,2020,355,NOT_TUE_FRI
GBPAUD,2020-10-25,2020,0,NOT_TUE_FRI
GBPAUD,2020-10-26,2020,1015,NOT_TUE_FRI
GBPAUD,2020-10-27,2020,1440,ACCEPT
GBPAUD,2020-10-28,2020,1440,ACCEPT
GBPAUD,2020-10-29,2020,1440,ACCEPT
GBPAUD,2020-10-30,2020,1438,ACCEPT
GBPAUD,2020-10-31,2020,355,NOT_TUE_FRI
GBPAUD,2020-11-01,2020,0,NOT_TUE_FRI
GBPAUD,2020-11-02,2020,1019,NOT_TUE_FRI
GBPAUD,2020-11-03,2020,1440,ACCEPT
GBPAUD,2020-11-04,2020,1440,ACCEPT
GBPAUD,2020-11-05,2020,1440,ACCEPT
GBPAUD,2020-11-06,2020,1440,ACCEPT
GBPAUD,2020-11-07,2020,415,NOT_TUE_FRI
GBPAUD,2020-11-08,2020,0,NOT_TUE_FRI
GBPAUD,2020-11-09,2020,1017,NOT_TUE_FRI
GBPAUD,2020-11-10,2020,1440,ACCEPT
GBPAUD,2020-11-11,2020,1439,ACCEPT
GBPAUD,2020-11-12,2020,1438,ACCEPT
GBPAUD,2020-11-13,2020,1440,ACCEPT
GBPAUD,2020-11-14,2020,415,NOT_TUE_FRI
GBPAUD,2020-11-15,2020,0,NOT_TUE_FRI
GBPAUD,2020-11-16,2020,1019,NOT_TUE_FRI
GBPAUD,2020-11-17,2020,1440,ACCEPT
GBPAUD,2020-11-18,2020,1440,ACCEPT
GBPAUD,2020-11-19,2020,1439,ACCEPT
GBPAUD,2020-11-20,2020,1440,ACCEPT
GBPAUD,2020-11-21,2020,416,NOT_TUE_FRI
GBPAUD,2020-11-22,2020,0,NOT_TUE_FRI
GBPAUD,2020-11-23,2020,1018,NOT_TUE_FRI
GBPAUD,2020-11-24,2020,1440,ACCEPT
GBPAUD,2020-11-25,2020,1440,ACCEPT
GBPAUD,2020-11-26,2020,1440,ACCEPT
GBPAUD,2020-11-27,2020,1440,ACCEPT
GBPAUD,2020-11-28,2020,415,NOT_TUE_FRI
GBPAUD,2020-11-29,2020,0,NOT_TUE_FRI
GBPAUD,2020-11-30,2020,1018,NOT_TUE_FRI
GBPAUD,2020-12-01,2020,1440,ACCEPT
GBPAUD,2020-12-02,2020,1440,ACCEPT
GBPAUD,2020-12-03,2020,1440,ACCEPT
GBPAUD,2020-12-04,2020,1440,ACCEPT
GBPAUD,2020-12-05,2020,415,NOT_TUE_FRI
GBPAUD,2020-12-06,2020,0,NOT_TUE_FRI
GBPAUD,2020-12-07,2020,1018,NOT_TUE_FRI
GBPAUD,2020-12-08,2020,1440,ACCEPT
GBPAUD,2020-12-09,2020,1440,ACCEPT
GBPAUD,2020-12-10,2020,1440,ACCEPT
GBPAUD,2020-12-11,2020,1440,ACCEPT
GBPAUD,2020-12-12,2020,415,NOT_TUE_FRI
GBPAUD,2020-12-13,2020,0,NOT_TUE_FRI
GBPAUD,2020-12-14,2020,1019,NOT_TUE_FRI
GBPAUD,2020-12-15,2020,1440,ACCEPT
GBPAUD,2020-12-16,2020,1440,ACCEPT
GBPAUD,2020-12-17,2020,1440,ACCEPT
GBPAUD,2020-12-18,2020,1440,ACCEPT
GBPAUD,2020-12-19,2020,415,NOT_TUE_FRI
GBPAUD,2020-12-20,2020,0,NOT_TUE_FRI
GBPAUD,2020-12-21,2020,1019,NOT_TUE_FRI
GBPAUD,2020-12-22,2020,1440,ACCEPT
GBPAUD,2020-12-23,2020,1440,ACCEPT
GBPAUD,2020-12-24,2020,1440,ACCEPT
GBPAUD,2020-12-25,2020,240,YEAR_END
GBPAUD,2020-12-26,2020,0,NOT_TUE_FRI
GBPAUD,2020-12-27,2020,0,NOT_TUE_FRI
GBPAUD,2020-12-28,2020,1017,NOT_TUE_FRI
GBPAUD,2020-12-29,2020,1440,YEAR_END
GBPAUD,2020-12-30,2020,1440,YEAR_END
GBPAUD,2020-12-31,2020,421,YEAR_END
GBPAUD,2021-01-01,2021,0,YEAR_END
GBPAUD,2021-01-02,2021,0,NOT_TUE_FRI
GBPAUD,2021-01-03,2021,0,NOT_TUE_FRI
GBPAUD,2021-01-04,2021,1018,NOT_TUE_FRI
GBPAUD,2021-01-05,2021,1440,ACCEPT
GBPAUD,2021-01-06,2021,1440,ACCEPT
GBPAUD,2021-01-07,2021,1440,ACCEPT
GBPAUD,2021-01-08,2021,1440,ACCEPT
GBPAUD,2021-01-09,2021,415,NOT_TUE_FRI
GBPAUD,2021-01-10,2021,0,NOT_TUE_FRI
GBPAUD,2021-01-11,2021,1010,NOT_TUE_FRI
GBPAUD,2021-01-12,2021,1440,ACCEPT
GBPAUD,2021-01-13,2021,1440,ACCEPT
GBPAUD,2021-01-14,2021,1440,ACCEPT
GBPAUD,2021-01-15,2021,1439,ACCEPT
GBPAUD,2021-01-16,2021,415,NOT_TUE_FRI
GBPAUD,2021-01-17,2021,0,NOT_TUE_FRI
GBPAUD,2021-01-18,2021,1018,NOT_TUE_FRI
GBPAUD,2021-01-19,2021,1440,ACCEPT
GBPAUD,2021-01-20,2021,1440,ACCEPT
GBPAUD,2021-01-21,2021,1440,ACCEPT
GBPAUD,2021-01-22,2021,1439,ACCEPT
GBPAUD,2021-01-23,2021,415,NOT_TUE_FRI
GBPAUD,2021-01-24,2021,0,NOT_TUE_FRI
GBPAUD,2021-01-25,2021,1019,NOT_TUE_FRI
GBPAUD,2021-01-26,2021,1435,ACCEPT
GBPAUD,2021-01-27,2021,1437,ACCEPT
GBPAUD,2021-01-28,2021,1440,ACCEPT
GBPAUD,2021-01-29,2021,1439,ACCEPT
GBPAUD,2021-01-30,2021,415,NOT_TUE_FRI
GBPAUD,2021-01-31,2021,0,NOT_TUE_FRI
GBPAUD,2021-02-01,2021,1019,NOT_TUE_FRI
GBPAUD,2021-02-02,2021,1440,ACCEPT
GBPAUD,2021-02-03,2021,1440,ACCEPT
GBPAUD,2021-02-04,2021,1440,ACCEPT
GBPAUD,2021-02-05,2021,1439,ACCEPT
GBPAUD,2021-02-06,2021,415,NOT_TUE_FRI
GBPAUD,2021-02-07,2021,0,NOT_TUE_FRI
GBPAUD,2021-02-08,2021,1018,NOT_TUE_FRI
GBPAUD,2021-02-09,2021,1439,ACCEPT
GBPAUD,2021-02-10,2021,1440,ACCEPT
GBPAUD,2021-02-11,2021,1440,ACCEPT
GBPAUD,2021-02-12,2021,1439,ACCEPT
GBPAUD,2021-02-13,2021,415,NOT_TUE_FRI
GBPAUD,2021-02-14,2021,0,NOT_TUE_FRI
GBPAUD,2021-02-15,2021,1019,NOT_TUE_FRI
GBPAUD,2021-02-16,2021,1440,ACCEPT
GBPAUD,2021-02-17,2021,1440,ACCEPT
GBPAUD,2021-02-18,2021,1439,ACCEPT
GBPAUD,2021-02-19,2021,1440,ACCEPT
GBPAUD,2021-02-20,2021,415,NOT_TUE_FRI
GBPAUD,2021-02-21,2021,0,NOT_TUE_FRI
GBPAUD,2021-02-22,2021,1018,NOT_TUE_FRI
GBPAUD,2021-02-23,2021,1440,ACCEPT
GBPAUD,2021-02-24,2021,1440,ACCEPT
GBPAUD,2021-02-25,2021,1440,ACCEPT
GBPAUD,2021-02-26,2021,1440,ACCEPT
GBPAUD,2021-02-27,2021,415,NOT_TUE_FRI
GBPAUD,2021-02-28,2021,0,NOT_TUE_FRI
GBPAUD,2021-03-01,2021,1018,NOT_TUE_FRI
GBPAUD,2021-03-02,2021,1440,ACCEPT
GBPAUD,2021-03-03,2021,1440,ACCEPT
GBPAUD,2021-03-04,2021,1440,ACCEPT
GBPAUD,2021-03-05,2021,1440,ACCEPT
GBPAUD,2021-03-06,2021,415,NOT_TUE_FRI
GBPAUD,2021-03-07,2021,0,NOT_TUE_FRI
GBPAUD,2021-03-08,2021,1018,NOT_TUE_FRI
GBPAUD,2021-03-09,2021,1437,ACCEPT
GBPAUD,2021-03-10,2021,1440,ACCEPT
GBPAUD,2021-03-11,2021,1440,ACCEPT
GBPAUD,2021-03-12,2021,1440,ACCEPT
GBPAUD,2021-03-13,2021,415,NOT_TUE_FRI
GBPAUD,2021-03-14,2021,0,NOT_TUE_FRI
GBPAUD,2021-03-15,2021,1020,NOT_TUE_FRI
GBPAUD,2021-03-16,2021,1440,ACCEPT
GBPAUD,2021-03-17,2021,1440,ACCEPT
GBPAUD,2021-03-18,2021,1439,ACCEPT
GBPAUD,2021-03-19,2021,1440,ACCEPT
GBPAUD,2021-03-20,2021,354,NOT_TUE_FRI
GBPAUD,2021-03-21,2021,0,NOT_TUE_FRI
GBPAUD,2021-03-22,2021,1020,NOT_TUE_FRI
GBPAUD,2021-03-23,2021,1440,ACCEPT
GBPAUD,2021-03-24,2021,1438,ACCEPT
GBPAUD,2021-03-25,2021,1440,ACCEPT
GBPAUD,2021-03-26,2021,1439,ACCEPT
GBPAUD,2021-03-27,2021,355,NOT_TUE_FRI
GBPAUD,2021-03-28,2021,0,NOT_TUE_FRI
GBPAUD,2021-03-29,2021,1078,NOT_TUE_FRI
GBPAUD,2021-03-30,2021,1440,ACCEPT
GBPAUD,2021-03-31,2021,1440,ACCEPT
GBPAUD,2021-04-01,2021,1439,ACCEPT
GBPAUD,2021-04-02,2021,1440,ACCEPT
GBPAUD,2021-04-03,2021,355,NOT_TUE_FRI
GBPAUD,2021-04-04,2021,0,NOT_TUE_FRI
GBPAUD,2021-04-05,2021,1076,NOT_TUE_FRI
GBPAUD,2021-04-06,2021,1439,ACCEPT
GBPAUD,2021-04-07,2021,1440,ACCEPT
GBPAUD,2021-04-08,2021,1438,ACCEPT
GBPAUD,2021-04-09,2021,1440,ACCEPT
GBPAUD,2021-04-10,2021,355,NOT_TUE_FRI
GBPAUD,2021-04-11,2021,0,NOT_TUE_FRI
GBPAUD,2021-04-12,2021,1076,NOT_TUE_FRI
GBPAUD,2021-04-13,2021,1439,ACCEPT
GBPAUD,2021-04-14,2021,1440,ACCEPT
GBPAUD,2021-04-15,2021,1439,ACCEPT
GBPAUD,2021-04-16,2021,1440,ACCEPT
GBPAUD,2021-04-17,2021,355,NOT_TUE_FRI
GBPAUD,2021-04-18,2021,0,NOT_TUE_FRI
GBPAUD,2021-04-19,2021,1077,NOT_TUE_FRI
GBPAUD,2021-04-20,2021,1439,ACCEPT
GBPAUD,2021-04-21,2021,1440,ACCEPT
GBPAUD,2021-04-22,2021,1439,ACCEPT
GBPAUD,2021-04-23,2021,1440,ACCEPT
GBPAUD,2021-04-24,2021,355,NOT_TUE_FRI
GBPAUD,2021-04-25,2021,0,NOT_TUE_FRI
GBPAUD,2021-04-26,2021,1078,NOT_TUE_FRI
GBPAUD,2021-04-27,2021,1440,ACCEPT
GBPAUD,2021-04-28,2021,1440,ACCEPT
GBPAUD,2021-04-29,2021,1440,ACCEPT
GBPAUD,2021-04-30,2021,1440,ACCEPT
GBPAUD,2021-05-01,2021,355,NOT_TUE_FRI
GBPAUD,2021-05-02,2021,0,NOT_TUE_FRI
GBPAUD,2021-05-03,2021,1079,NOT_TUE_FRI
GBPAUD,2021-05-04,2021,1440,ACCEPT
GBPAUD,2021-05-05,2021,1439,ACCEPT
GBPAUD,2021-05-06,2021,1440,ACCEPT
GBPAUD,2021-05-07,2021,1440,ACCEPT
GBPAUD,2021-05-08,2021,355,NOT_TUE_FRI
GBPAUD,2021-05-09,2021,0,NOT_TUE_FRI
GBPAUD,2021-05-10,2021,1079,NOT_TUE_FRI
GBPAUD,2021-05-11,2021,1440,ACCEPT
GBPAUD,2021-05-12,2021,1440,ACCEPT
GBPAUD,2021-05-13,2021,1440,ACCEPT
GBPAUD,2021-05-14,2021,1440,ACCEPT
GBPAUD,2021-05-15,2021,355,NOT_TUE_FRI
GBPAUD,2021-05-16,2021,0,NOT_TUE_FRI
GBPAUD,2021-05-17,2021,1078,NOT_TUE_FRI
GBPAUD,2021-05-18,2021,1440,ACCEPT
GBPAUD,2021-05-19,2021,1439,ACCEPT
GBPAUD,2021-05-20,2021,1440,ACCEPT
GBPAUD,2021-05-21,2021,1440,ACCEPT
GBPAUD,2021-05-22,2021,355,NOT_TUE_FRI
GBPAUD,2021-05-23,2021,0,NOT_TUE_FRI
GBPAUD,2021-05-24,2021,1076,NOT_TUE_FRI
GBPAUD,2021-05-25,2021,1440,ACCEPT
GBPAUD,2021-05-26,2021,1440,ACCEPT
GBPAUD,2021-05-27,2021,1439,ACCEPT
GBPAUD,2021-05-28,2021,1439,ACCEPT
GBPAUD,2021-05-29,2021,355,NOT_TUE_FRI
GBPAUD,2021-05-30,2021,0,NOT_TUE_FRI
GBPAUD,2021-05-31,2021,1045,NOT_TUE_FRI
GBPAUD,2021-06-01,2021,1440,ACCEPT
GBPAUD,2021-06-02,2021,1440,ACCEPT
GBPAUD,2021-06-03,2021,1440,ACCEPT
GBPAUD,2021-06-04,2021,1440,ACCEPT
GBPAUD,2021-06-05,2021,355,NOT_TUE_FRI
GBPAUD,2021-06-06,2021,0,NOT_TUE_FRI
GBPAUD,2021-06-07,2021,1076,NOT_TUE_FRI
GBPAUD,2021-06-08,2021,1439,ACCEPT
GBPAUD,2021-06-09,2021,1426,GAP
GBPAUD,2021-06-10,2021,1440,ACCEPT
GBPAUD,2021-06-11,2021,1439,ACCEPT
GBPAUD,2021-06-12,2021,355,NOT_TUE_FRI
GBPAUD,2021-06-13,2021,0,NOT_TUE_FRI
GBPAUD,2021-06-14,2021,1075,NOT_TUE_FRI
GBPAUD,2021-06-15,2021,1378,LOW_COUNT
GBPAUD,2021-06-16,2021,1337,LOW_COUNT
GBPAUD,2021-06-17,2021,1440,ACCEPT
GBPAUD,2021-06-18,2021,1284,LOW_COUNT
GBPAUD,2021-06-19,2021,337,NOT_TUE_FRI
GBPAUD,2021-06-20,2021,0,NOT_TUE_FRI
GBPAUD,2021-06-21,2021,1077,NOT_TUE_FRI
GBPAUD,2021-06-22,2021,1439,ACCEPT
GBPAUD,2021-06-23,2021,1439,ACCEPT
GBPAUD,2021-06-24,2021,1440,ACCEPT
GBPAUD,2021-06-25,2021,1436,ACCEPT
GBPAUD,2021-06-26,2021,355,NOT_TUE_FRI
GBPAUD,2021-06-27,2021,0,NOT_TUE_FRI
GBPAUD,2021-06-28,2021,1074,NOT_TUE_FRI
GBPAUD,2021-06-29,2021,1440,ACCEPT
GBPAUD,2021-06-30,2021,1438,ACCEPT
GBPAUD,2021-07-01,2021,1440,ACCEPT
GBPAUD,2021-07-02,2021,1440,ACCEPT
GBPAUD,2021-07-03,2021,355,NOT_TUE_FRI
GBPAUD,2021-07-04,2021,0,NOT_TUE_FRI
GBPAUD,2021-07-05,2021,1077,NOT_TUE_FRI
GBPAUD,2021-07-06,2021,1436,ACCEPT
GBPAUD,2021-07-07,2021,1439,ACCEPT
GBPAUD,2021-07-08,2021,1438,ACCEPT
GBPAUD,2021-07-09,2021,1439,ACCEPT
GBPAUD,2021-07-10,2021,355,NOT_TUE_FRI
GBPAUD,2021-07-11,2021,0,NOT_TUE_FRI
GBPAUD,2021-07-12,2021,1077,NOT_TUE_FRI
GBPAUD,2021-07-13,2021,1440,ACCEPT
GBPAUD,2021-07-14,2021,1439,ACCEPT
GBPAUD,2021-07-15,2021,1440,ACCEPT
GBPAUD,2021-07-16,2021,1440,ACCEPT
GBPAUD,2021-07-17,2021,355,NOT_TUE_FRI
GBPAUD,2021-07-18,2021,0,NOT_TUE_FRI
GBPAUD,2021-07-19,2021,1075,NOT_TUE_FRI
GBPAUD,2021-07-20,2021,1440,ACCEPT
GBPAUD,2021-07-21,2021,1440,ACCEPT
GBPAUD,2021-07-22,2021,1439,ACCEPT
GBPAUD,2021-07-23,2021,1438,ACCEPT
GBPAUD,2021-07-24,2021,355,NOT_TUE_FRI
GBPAUD,2021-07-25,2021,0,NOT_TUE_FRI
GBPAUD,2021-07-26,2021,1078,NOT_TUE_FRI
GBPAUD,2021-07-27,2021,1440,ACCEPT
GBPAUD,2021-07-28,2021,1439,ACCEPT
GBPAUD,2021-07-29,2021,1440,ACCEPT
GBPAUD,2021-07-30,2021,1439,ACCEPT
GBPAUD,2021-07-31,2021,355,NOT_TUE_FRI
GBPAUD,2021-08-01,2021,0,NOT_TUE_FRI
GBPAUD,2021-08-02,2021,1074,NOT_TUE_FRI
GBPAUD,2021-08-03,2021,1439,ACCEPT
GBPAUD,2021-08-04,2021,1440,ACCEPT
GBPAUD,2021-08-05,2021,1439,ACCEPT
GBPAUD,2021-08-06,2021,1439,ACCEPT
GBPAUD,2021-08-07,2021,355,NOT_TUE_FRI
GBPAUD,2021-08-08,2021,0,NOT_TUE_FRI
GBPAUD,2021-08-09,2021,1076,NOT_TUE_FRI
GBPAUD,2021-08-10,2021,1440,ACCEPT
GBPAUD,2021-08-11,2021,1440,ACCEPT
GBPAUD,2021-08-12,2021,1440,ACCEPT
GBPAUD,2021-08-13,2021,1439,ACCEPT
GBPAUD,2021-08-14,2021,355,NOT_TUE_FRI
GBPAUD,2021-08-15,2021,0,NOT_TUE_FRI
GBPAUD,2021-08-16,2021,1077,NOT_TUE_FRI
GBPAUD,2021-08-17,2021,1440,ACCEPT
GBPAUD,2021-08-18,2021,1439,ACCEPT
GBPAUD,2021-08-19,2021,1440,ACCEPT
GBPAUD,2021-08-20,2021,1440,ACCEPT
GBPAUD,2021-08-21,2021,355,NOT_TUE_FRI
GBPAUD,2021-08-22,2021,0,NOT_TUE_FRI
GBPAUD,2021-08-23,2021,1078,NOT_TUE_FRI
GBPAUD,2021-08-24,2021,1439,ACCEPT
GBPAUD,2021-08-25,2021,1440,ACCEPT
GBPAUD,2021-08-26,2021,1440,ACCEPT
GBPAUD,2021-08-27,2021,1440,ACCEPT
GBPAUD,2021-08-28,2021,355,NOT_TUE_FRI
GBPAUD,2021-08-29,2021,0,NOT_TUE_FRI
GBPAUD,2021-08-30,2021,1076,NOT_TUE_FRI
GBPAUD,2021-08-31,2021,1440,ACCEPT
GBPAUD,2021-09-01,2021,1439,ACCEPT
GBPAUD,2021-09-02,2021,1439,ACCEPT
GBPAUD,2021-09-03,2021,1439,ACCEPT
GBPAUD,2021-09-04,2021,355,NOT_TUE_FRI
GBPAUD,2021-09-05,2021,0,NOT_TUE_FRI
GBPAUD,2021-09-06,2021,1076,NOT_TUE_FRI
GBPAUD,2021-09-07,2021,1437,ACCEPT
GBPAUD,2021-09-08,2021,1435,ACCEPT
GBPAUD,2021-09-09,2021,1440,ACCEPT
GBPAUD,2021-09-10,2021,1440,ACCEPT
GBPAUD,2021-09-11,2021,355,NOT_TUE_FRI
GBPAUD,2021-09-12,2021,0,NOT_TUE_FRI
GBPAUD,2021-09-13,2021,1077,NOT_TUE_FRI
GBPAUD,2021-09-14,2021,1440,ACCEPT
GBPAUD,2021-09-15,2021,1439,ACCEPT
GBPAUD,2021-09-16,2021,1440,ACCEPT
GBPAUD,2021-09-17,2021,1439,ACCEPT
GBPAUD,2021-09-18,2021,355,NOT_TUE_FRI
GBPAUD,2021-09-19,2021,0,NOT_TUE_FRI
GBPAUD,2021-09-20,2021,1073,NOT_TUE_FRI
GBPAUD,2021-09-21,2021,1440,ACCEPT
GBPAUD,2021-09-22,2021,1440,ACCEPT
GBPAUD,2021-09-23,2021,1437,ACCEPT
GBPAUD,2021-09-24,2021,1440,ACCEPT
GBPAUD,2021-09-25,2021,355,NOT_TUE_FRI
GBPAUD,2021-09-26,2021,0,NOT_TUE_FRI
GBPAUD,2021-09-27,2021,1076,NOT_TUE_FRI
GBPAUD,2021-09-28,2021,1437,ACCEPT
GBPAUD,2021-09-29,2021,1440,ACCEPT
GBPAUD,2021-09-30,2021,1440,ACCEPT
GBPAUD,2021-10-01,2021,1440,ACCEPT
GBPAUD,2021-10-02,2021,355,NOT_TUE_FRI
GBPAUD,2021-10-03,2021,0,NOT_TUE_FRI
GBPAUD,2021-10-04,2021,1079,NOT_TUE_FRI
GBPAUD,2021-10-05,2021,1440,ACCEPT
GBPAUD,2021-10-06,2021,1439,ACCEPT
GBPAUD,2021-10-07,2021,1440,ACCEPT
GBPAUD,2021-10-08,2021,1440,ACCEPT
GBPAUD,2021-10-09,2021,355,NOT_TUE_FRI
GBPAUD,2021-10-10,2021,0,NOT_TUE_FRI
GBPAUD,2021-10-11,2021,1078,NOT_TUE_FRI
GBPAUD,2021-10-12,2021,1439,ACCEPT
GBPAUD,2021-10-13,2021,1440,ACCEPT
GBPAUD,2021-10-14,2021,1440,ACCEPT
GBPAUD,2021-10-15,2021,1440,ACCEPT
GBPAUD,2021-10-16,2021,355,NOT_TUE_FRI
GBPAUD,2021-10-17,2021,0,NOT_TUE_FRI
GBPAUD,2021-10-18,2021,1079,NOT_TUE_FRI
GBPAUD,2021-10-19,2021,1440,ACCEPT
GBPAUD,2021-10-20,2021,1439,ACCEPT
GBPAUD,2021-10-21,2021,1440,ACCEPT
GBPAUD,2021-10-22,2021,1440,ACCEPT
GBPAUD,2021-10-23,2021,356,NOT_TUE_FRI
GBPAUD,2021-10-24,2021,0,NOT_TUE_FRI
GBPAUD,2021-10-25,2021,1076,NOT_TUE_FRI
GBPAUD,2021-10-26,2021,1439,ACCEPT
GBPAUD,2021-10-27,2021,1440,ACCEPT
GBPAUD,2021-10-28,2021,1439,ACCEPT
GBPAUD,2021-10-29,2021,1440,ACCEPT
GBPAUD,2021-10-30,2021,356,NOT_TUE_FRI
GBPAUD,2021-10-31,2021,0,NOT_TUE_FRI
GBPAUD,2021-11-01,2021,1020,NOT_TUE_FRI
GBPAUD,2021-11-02,2021,1439,ACCEPT
GBPAUD,2021-11-03,2021,1440,ACCEPT
GBPAUD,2021-11-04,2021,1440,ACCEPT
GBPAUD,2021-11-05,2021,1440,ACCEPT
GBPAUD,2021-11-06,2021,355,NOT_TUE_FRI
GBPAUD,2021-11-07,2021,0,NOT_TUE_FRI
GBPAUD,2021-11-08,2021,1018,NOT_TUE_FRI
GBPAUD,2021-11-09,2021,1440,ACCEPT
GBPAUD,2021-11-10,2021,1440,ACCEPT
GBPAUD,2021-11-11,2021,1440,ACCEPT
GBPAUD,2021-11-12,2021,1439,ACCEPT
GBPAUD,2021-11-13,2021,415,NOT_TUE_FRI
GBPAUD,2021-11-14,2021,0,NOT_TUE_FRI
GBPAUD,2021-11-15,2021,1018,NOT_TUE_FRI
GBPAUD,2021-11-16,2021,1440,ACCEPT
GBPAUD,2021-11-17,2021,1440,ACCEPT
GBPAUD,2021-11-18,2021,1440,ACCEPT
GBPAUD,2021-11-19,2021,1439,ACCEPT
GBPAUD,2021-11-20,2021,415,NOT_TUE_FRI
GBPAUD,2021-11-21,2021,0,NOT_TUE_FRI
GBPAUD,2021-11-22,2021,1016,NOT_TUE_FRI
GBPAUD,2021-11-23,2021,1440,ACCEPT
GBPAUD,2021-11-24,2021,1439,ACCEPT
GBPAUD,2021-11-25,2021,1439,ACCEPT
GBPAUD,2021-11-26,2021,1435,ACCEPT
GBPAUD,2021-11-27,2021,415,NOT_TUE_FRI
GBPAUD,2021-11-28,2021,0,NOT_TUE_FRI
GBPAUD,2021-11-29,2021,1018,NOT_TUE_FRI
GBPAUD,2021-11-30,2021,1440,ACCEPT
GBPAUD,2021-12-01,2021,1440,ACCEPT
GBPAUD,2021-12-02,2021,1440,ACCEPT
GBPAUD,2021-12-03,2021,1440,ACCEPT
GBPAUD,2021-12-04,2021,415,NOT_TUE_FRI
GBPAUD,2021-12-05,2021,0,NOT_TUE_FRI
GBPAUD,2021-12-06,2021,1015,NOT_TUE_FRI
GBPAUD,2021-12-07,2021,1440,ACCEPT
GBPAUD,2021-12-08,2021,1440,ACCEPT
GBPAUD,2021-12-09,2021,1440,ACCEPT
GBPAUD,2021-12-10,2021,1440,ACCEPT
GBPAUD,2021-12-11,2021,415,NOT_TUE_FRI
GBPAUD,2021-12-12,2021,0,NOT_TUE_FRI
GBPAUD,2021-12-13,2021,1019,NOT_TUE_FRI
GBPAUD,2021-12-14,2021,1437,ACCEPT
GBPAUD,2021-12-15,2021,1440,ACCEPT
GBPAUD,2021-12-16,2021,1439,ACCEPT
GBPAUD,2021-12-17,2021,1440,ACCEPT
GBPAUD,2021-12-18,2021,415,NOT_TUE_FRI
GBPAUD,2021-12-19,2021,0,NOT_TUE_FRI
GBPAUD,2021-12-20,2021,1018,NOT_TUE_FRI
GBPAUD,2021-12-21,2021,1440,ACCEPT
GBPAUD,2021-12-22,2021,1439,ACCEPT
GBPAUD,2021-12-23,2021,1440,ACCEPT
GBPAUD,2021-12-24,2021,1438,ACCEPT
GBPAUD,2021-12-25,2021,240,NOT_TUE_FRI
GBPAUD,2021-12-26,2021,0,NOT_TUE_FRI
GBPAUD,2021-12-27,2021,1016,NOT_TUE_FRI
GBPAUD,2021-12-28,2021,1438,YEAR_END
GBPAUD,2021-12-29,2021,1436,YEAR_END
GBPAUD,2021-12-30,2021,1439,YEAR_END
GBPAUD,2021-12-31,2021,1439,YEAR_END
GBPAUD,2022-01-01,2022,360,NOT_TUE_FRI
GBPAUD,2022-01-02,2022,0,NOT_TUE_FRI
GBPAUD,2022-01-03,2022,1013,NOT_TUE_FRI
GBPAUD,2022-01-04,2022,1439,ACCEPT
GBPAUD,2022-01-05,2022,1440,ACCEPT
GBPAUD,2022-01-06,2022,1440,ACCEPT
GBPAUD,2022-01-07,2022,1440,ACCEPT
GBPAUD,2022-01-08,2022,415,NOT_TUE_FRI
GBPAUD,2022-01-09,2022,0,NOT_TUE_FRI
GBPAUD,2022-01-10,2022,1016,NOT_TUE_FRI
GBPAUD,2022-01-11,2022,1439,ACCEPT
GBPAUD,2022-01-12,2022,1439,ACCEPT
GBPAUD,2022-01-13,2022,1440,ACCEPT
GBPAUD,2022-01-14,2022,1439,ACCEPT
GBPAUD,2022-01-15,2022,415,NOT_TUE_FRI
GBPAUD,2022-01-16,2022,0,NOT_TUE_FRI
GBPAUD,2022-01-17,2022,1017,NOT_TUE_FRI
GBPAUD,2022-01-18,2022,1439,ACCEPT
GBPAUD,2022-01-19,2022,1440,ACCEPT
GBPAUD,2022-01-20,2022,1440,ACCEPT
GBPAUD,2022-01-21,2022,1433,ACCEPT
GBPAUD,2022-01-22,2022,415,NOT_TUE_FRI
GBPAUD,2022-01-23,2022,0,NOT_TUE_FRI
GBPAUD,2022-01-24,2022,1018,NOT_TUE_FRI
GBPAUD,2022-01-25,2022,1439,ACCEPT
GBPAUD,2022-01-26,2022,1439,ACCEPT
GBPAUD,2022-01-27,2022,1440,ACCEPT
GBPAUD,2022-01-28,2022,1440,ACCEPT
GBPAUD,2022-01-29,2022,415,NOT_TUE_FRI
GBPAUD,2022-01-30,2022,0,NOT_TUE_FRI
GBPAUD,2022-01-31,2022,1018,NOT_TUE_FRI
GBPAUD,2022-02-01,2022,1440,ACCEPT
GBPAUD,2022-02-02,2022,1440,ACCEPT
GBPAUD,2022-02-03,2022,1440,ACCEPT
GBPAUD,2022-02-04,2022,1436,ACCEPT
GBPAUD,2022-02-05,2022,415,NOT_TUE_FRI
GBPAUD,2022-02-06,2022,0,NOT_TUE_FRI
GBPAUD,2022-02-07,2022,1015,NOT_TUE_FRI
GBPAUD,2022-02-08,2022,1440,ACCEPT
GBPAUD,2022-02-09,2022,1440,ACCEPT
GBPAUD,2022-02-10,2022,1440,ACCEPT
GBPAUD,2022-02-11,2022,1439,ACCEPT
GBPAUD,2022-02-12,2022,415,NOT_TUE_FRI
GBPAUD,2022-02-13,2022,0,NOT_TUE_FRI
GBPAUD,2022-02-14,2022,1018,NOT_TUE_FRI
GBPAUD,2022-02-15,2022,1438,ACCEPT
GBPAUD,2022-02-16,2022,1440,ACCEPT
GBPAUD,2022-02-17,2022,1439,ACCEPT
GBPAUD,2022-02-18,2022,1440,ACCEPT
GBPAUD,2022-02-19,2022,415,NOT_TUE_FRI
GBPAUD,2022-02-20,2022,0,NOT_TUE_FRI
GBPAUD,2022-02-21,2022,1018,NOT_TUE_FRI
GBPAUD,2022-02-22,2022,1440,ACCEPT
GBPAUD,2022-02-23,2022,1439,ACCEPT
GBPAUD,2022-02-24,2022,1440,ACCEPT
GBPAUD,2022-02-25,2022,1440,ACCEPT
GBPAUD,2022-02-26,2022,415,NOT_TUE_FRI
GBPAUD,2022-02-27,2022,0,NOT_TUE_FRI
GBPAUD,2022-02-28,2022,1019,NOT_TUE_FRI
GBPAUD,2022-03-01,2022,1440,ACCEPT
GBPAUD,2022-03-02,2022,1440,ACCEPT
GBPAUD,2022-03-03,2022,1440,ACCEPT
GBPAUD,2022-03-04,2022,1440,ACCEPT
GBPAUD,2022-03-05,2022,415,NOT_TUE_FRI
GBPAUD,2022-03-06,2022,0,NOT_TUE_FRI
GBPAUD,2022-03-07,2022,1018,NOT_TUE_FRI
GBPAUD,2022-03-08,2022,1440,ACCEPT
GBPAUD,2022-03-09,2022,1438,ACCEPT
GBPAUD,2022-03-10,2022,1439,ACCEPT
GBPAUD,2022-03-11,2022,1439,ACCEPT
GBPAUD,2022-03-12,2022,415,NOT_TUE_FRI
GBPAUD,2022-03-13,2022,0,NOT_TUE_FRI
GBPAUD,2022-03-14,2022,1020,NOT_TUE_FRI
GBPAUD,2022-03-15,2022,1440,ACCEPT
GBPAUD,2022-03-16,2022,1439,ACCEPT
GBPAUD,2022-03-17,2022,1427,GAP
GBPAUD,2022-03-18,2022,1440,ACCEPT
GBPAUD,2022-03-19,2022,355,NOT_TUE_FRI
GBPAUD,2022-03-20,2022,0,NOT_TUE_FRI
GBPAUD,2022-03-21,2022,1014,NOT_TUE_FRI
GBPAUD,2022-03-22,2022,1440,ACCEPT
GBPAUD,2022-03-23,2022,1440,ACCEPT
GBPAUD,2022-03-24,2022,1440,ACCEPT
GBPAUD,2022-03-25,2022,1440,ACCEPT
GBPAUD,2022-03-26,2022,355,NOT_TUE_FRI
GBPAUD,2022-03-27,2022,0,NOT_TUE_FRI
GBPAUD,2022-03-28,2022,1079,NOT_TUE_FRI
GBPAUD,2022-03-29,2022,1440,ACCEPT
GBPAUD,2022-03-30,2022,1439,ACCEPT
GBPAUD,2022-03-31,2022,1440,ACCEPT
GBPAUD,2022-04-01,2022,1439,ACCEPT
GBPAUD,2022-04-02,2022,355,NOT_TUE_FRI
GBPAUD,2022-04-03,2022,0,NOT_TUE_FRI
GBPAUD,2022-04-04,2022,1078,NOT_TUE_FRI
GBPAUD,2022-04-05,2022,1440,ACCEPT
GBPAUD,2022-04-06,2022,1439,ACCEPT
GBPAUD,2022-04-07,2022,1440,ACCEPT
GBPAUD,2022-04-08,2022,1440,ACCEPT
GBPAUD,2022-04-09,2022,356,NOT_TUE_FRI
GBPAUD,2022-04-10,2022,0,NOT_TUE_FRI
GBPAUD,2022-04-11,2022,1079,NOT_TUE_FRI
GBPAUD,2022-04-12,2022,1440,ACCEPT
GBPAUD,2022-04-13,2022,1439,ACCEPT
GBPAUD,2022-04-14,2022,1440,ACCEPT
GBPAUD,2022-04-15,2022,1440,ACCEPT
GBPAUD,2022-04-16,2022,355,NOT_TUE_FRI
GBPAUD,2022-04-17,2022,0,NOT_TUE_FRI
GBPAUD,2022-04-18,2022,1077,NOT_TUE_FRI
GBPAUD,2022-04-19,2022,1439,ACCEPT
GBPAUD,2022-04-20,2022,1440,ACCEPT
GBPAUD,2022-04-21,2022,1439,ACCEPT
GBPAUD,2022-04-22,2022,1438,ACCEPT
GBPAUD,2022-04-23,2022,355,NOT_TUE_FRI
GBPAUD,2022-04-24,2022,0,NOT_TUE_FRI
GBPAUD,2022-04-25,2022,1075,NOT_TUE_FRI
GBPAUD,2022-04-26,2022,1439,ACCEPT
GBPAUD,2022-04-27,2022,1440,ACCEPT
GBPAUD,2022-04-28,2022,1437,ACCEPT
GBPAUD,2022-04-29,2022,1439,ACCEPT
GBPAUD,2022-04-30,2022,356,NOT_TUE_FRI
GBPAUD,2022-05-01,2022,0,NOT_TUE_FRI
GBPAUD,2022-05-02,2022,1078,NOT_TUE_FRI
GBPAUD,2022-05-03,2022,1439,ACCEPT
GBPAUD,2022-05-04,2022,1440,ACCEPT
GBPAUD,2022-05-05,2022,1438,ACCEPT
GBPAUD,2022-05-06,2022,1440,ACCEPT
GBPAUD,2022-05-07,2022,356,NOT_TUE_FRI
GBPAUD,2022-05-08,2022,0,NOT_TUE_FRI
GBPAUD,2022-05-09,2022,1078,NOT_TUE_FRI
GBPAUD,2022-05-10,2022,1437,ACCEPT
GBPAUD,2022-05-11,2022,1439,ACCEPT
GBPAUD,2022-05-12,2022,1439,ACCEPT
GBPAUD,2022-05-13,2022,1439,ACCEPT
GBPAUD,2022-05-14,2022,355,NOT_TUE_FRI
GBPAUD,2022-05-15,2022,0,NOT_TUE_FRI
GBPAUD,2022-05-16,2022,1079,NOT_TUE_FRI
GBPAUD,2022-05-17,2022,1440,ACCEPT
GBPAUD,2022-05-18,2022,1440,ACCEPT
GBPAUD,2022-05-19,2022,1440,ACCEPT
GBPAUD,2022-05-20,2022,1440,ACCEPT
GBPAUD,2022-05-21,2022,355,NOT_TUE_FRI
GBPAUD,2022-05-22,2022,0,NOT_TUE_FRI
GBPAUD,2022-05-23,2022,1077,NOT_TUE_FRI
GBPAUD,2022-05-24,2022,1438,ACCEPT
GBPAUD,2022-05-25,2022,1439,ACCEPT
GBPAUD,2022-05-26,2022,1440,ACCEPT
GBPAUD,2022-05-27,2022,1440,ACCEPT
GBPAUD,2022-05-28,2022,355,NOT_TUE_FRI
GBPAUD,2022-05-29,2022,0,NOT_TUE_FRI
GBPAUD,2022-05-30,2022,1077,NOT_TUE_FRI
GBPAUD,2022-05-31,2022,1439,ACCEPT
GBPAUD,2022-06-01,2022,1439,ACCEPT
GBPAUD,2022-06-02,2022,1439,ACCEPT
GBPAUD,2022-06-03,2022,1440,ACCEPT
GBPAUD,2022-06-04,2022,355,NOT_TUE_FRI
GBPAUD,2022-06-05,2022,0,NOT_TUE_FRI
GBPAUD,2022-06-06,2022,1078,NOT_TUE_FRI
GBPAUD,2022-06-07,2022,1440,ACCEPT
GBPAUD,2022-06-08,2022,1440,ACCEPT
GBPAUD,2022-06-09,2022,1440,ACCEPT
GBPAUD,2022-06-10,2022,1440,ACCEPT
GBPAUD,2022-06-11,2022,355,NOT_TUE_FRI
GBPAUD,2022-06-12,2022,0,NOT_TUE_FRI
GBPAUD,2022-06-13,2022,1078,NOT_TUE_FRI
GBPAUD,2022-06-14,2022,1440,ACCEPT
GBPAUD,2022-06-15,2022,1439,ACCEPT
GBPAUD,2022-06-16,2022,1440,ACCEPT
GBPAUD,2022-06-17,2022,1439,ACCEPT
GBPAUD,2022-06-18,2022,355,NOT_TUE_FRI
GBPAUD,2022-06-19,2022,0,NOT_TUE_FRI
GBPAUD,2022-06-20,2022,1077,NOT_TUE_FRI
GBPAUD,2022-06-21,2022,1439,ACCEPT
GBPAUD,2022-06-22,2022,1440,ACCEPT
GBPAUD,2022-06-23,2022,1440,ACCEPT
GBPAUD,2022-06-24,2022,1439,ACCEPT
GBPAUD,2022-06-25,2022,355,NOT_TUE_FRI
GBPAUD,2022-06-26,2022,0,NOT_TUE_FRI
GBPAUD,2022-06-27,2022,1078,NOT_TUE_FRI
GBPAUD,2022-06-28,2022,1439,ACCEPT
GBPAUD,2022-06-29,2022,1439,ACCEPT
GBPAUD,2022-06-30,2022,1440,ACCEPT
GBPAUD,2022-07-01,2022,1439,ACCEPT
GBPAUD,2022-07-02,2022,355,NOT_TUE_FRI
GBPAUD,2022-07-03,2022,0,NOT_TUE_FRI
GBPAUD,2022-07-04,2022,1077,NOT_TUE_FRI
GBPAUD,2022-07-05,2022,1440,ACCEPT
GBPAUD,2022-07-06,2022,1439,ACCEPT
GBPAUD,2022-07-07,2022,1439,ACCEPT
GBPAUD,2022-07-08,2022,1440,ACCEPT
GBPAUD,2022-07-09,2022,355,NOT_TUE_FRI
GBPAUD,2022-07-10,2022,0,NOT_TUE_FRI
GBPAUD,2022-07-11,2022,1077,NOT_TUE_FRI
GBPAUD,2022-07-12,2022,1439,ACCEPT
GBPAUD,2022-07-13,2022,1439,ACCEPT
GBPAUD,2022-07-14,2022,1439,ACCEPT
GBPAUD,2022-07-15,2022,1440,ACCEPT
GBPAUD,2022-07-16,2022,355,NOT_TUE_FRI
GBPAUD,2022-07-17,2022,0,NOT_TUE_FRI
GBPAUD,2022-07-18,2022,1072,NOT_TUE_FRI
GBPAUD,2022-07-19,2022,1439,ACCEPT
GBPAUD,2022-07-20,2022,1439,ACCEPT
GBPAUD,2022-07-21,2022,1436,ACCEPT
GBPAUD,2022-07-22,2022,1436,ACCEPT
GBPAUD,2022-07-23,2022,355,NOT_TUE_FRI
GBPAUD,2022-07-24,2022,0,NOT_TUE_FRI
GBPAUD,2022-07-25,2022,1072,NOT_TUE_FRI
GBPAUD,2022-07-26,2022,1439,ACCEPT
GBPAUD,2022-07-27,2022,1439,ACCEPT
GBPAUD,2022-07-28,2022,1424,ACCEPT
GBPAUD,2022-07-29,2022,1440,ACCEPT
GBPAUD,2022-07-30,2022,355,NOT_TUE_FRI
GBPAUD,2022-07-31,2022,0,NOT_TUE_FRI
GBPAUD,2022-08-01,2022,1075,NOT_TUE_FRI
GBPAUD,2022-08-02,2022,1438,ACCEPT
GBPAUD,2022-08-03,2022,1438,ACCEPT
GBPAUD,2022-08-04,2022,1439,ACCEPT
GBPAUD,2022-08-05,2022,1440,ACCEPT
GBPAUD,2022-08-06,2022,355,NOT_TUE_FRI
GBPAUD,2022-08-07,2022,0,NOT_TUE_FRI
GBPAUD,2022-08-08,2022,1069,NOT_TUE_FRI
GBPAUD,2022-08-09,2022,1438,ACCEPT
GBPAUD,2022-08-10,2022,1436,ACCEPT
GBPAUD,2022-08-11,2022,1438,ACCEPT
GBPAUD,2022-08-12,2022,1438,ACCEPT
GBPAUD,2022-08-13,2022,355,NOT_TUE_FRI
GBPAUD,2022-08-14,2022,0,NOT_TUE_FRI
GBPAUD,2022-08-15,2022,1075,NOT_TUE_FRI
GBPAUD,2022-08-16,2022,1439,ACCEPT
GBPAUD,2022-08-17,2022,1437,ACCEPT
GBPAUD,2022-08-18,2022,1439,ACCEPT
GBPAUD,2022-08-19,2022,1439,ACCEPT
GBPAUD,2022-08-20,2022,355,NOT_TUE_FRI
GBPAUD,2022-08-21,2022,0,NOT_TUE_FRI
GBPAUD,2022-08-22,2022,1069,NOT_TUE_FRI
GBPAUD,2022-08-23,2022,1440,ACCEPT
GBPAUD,2022-08-24,2022,1439,ACCEPT
GBPAUD,2022-08-25,2022,1438,ACCEPT
GBPAUD,2022-08-26,2022,1440,ACCEPT
GBPAUD,2022-08-27,2022,355,NOT_TUE_FRI
GBPAUD,2022-08-28,2022,0,NOT_TUE_FRI
GBPAUD,2022-08-29,2022,1068,NOT_TUE_FRI
GBPAUD,2022-08-30,2022,1437,ACCEPT
GBPAUD,2022-08-31,2022,1437,ACCEPT
GBPAUD,2022-09-01,2022,1436,ACCEPT
GBPAUD,2022-09-02,2022,1436,ACCEPT
GBPAUD,2022-09-03,2022,356,NOT_TUE_FRI
GBPAUD,2022-09-04,2022,0,NOT_TUE_FRI
GBPAUD,2022-09-05,2022,1076,NOT_TUE_FRI
GBPAUD,2022-09-06,2022,1405,GAP
GBPAUD,2022-09-07,2022,1440,ACCEPT
GBPAUD,2022-09-08,2022,1438,ACCEPT
GBPAUD,2022-09-09,2022,1438,ACCEPT
GBPAUD,2022-09-10,2022,355,NOT_TUE_FRI
GBPAUD,2022-09-11,2022,0,NOT_TUE_FRI
GBPAUD,2022-09-12,2022,1075,NOT_TUE_FRI
GBPAUD,2022-09-13,2022,1440,ACCEPT
GBPAUD,2022-09-14,2022,1436,ACCEPT
GBPAUD,2022-09-15,2022,1431,ACCEPT
GBPAUD,2022-09-16,2022,1431,ACCEPT
GBPAUD,2022-09-17,2022,355,NOT_TUE_FRI
GBPAUD,2022-09-18,2022,0,NOT_TUE_FRI
GBPAUD,2022-09-19,2022,1060,NOT_TUE_FRI
GBPAUD,2022-09-20,2022,1440,ACCEPT
GBPAUD,2022-09-21,2022,1439,ACCEPT
GBPAUD,2022-09-22,2022,1439,ACCEPT
GBPAUD,2022-09-23,2022,1440,ACCEPT
GBPAUD,2022-09-24,2022,355,NOT_TUE_FRI
GBPAUD,2022-09-25,2022,0,NOT_TUE_FRI
GBPAUD,2022-09-26,2022,1078,NOT_TUE_FRI
GBPAUD,2022-09-27,2022,1440,ACCEPT
GBPAUD,2022-09-28,2022,1439,ACCEPT
GBPAUD,2022-09-29,2022,1440,ACCEPT
GBPAUD,2022-09-30,2022,1439,ACCEPT
GBPAUD,2022-10-01,2022,355,NOT_TUE_FRI
GBPAUD,2022-10-02,2022,0,NOT_TUE_FRI
GBPAUD,2022-10-03,2022,1077,NOT_TUE_FRI
GBPAUD,2022-10-04,2022,1439,ACCEPT
GBPAUD,2022-10-05,2022,1439,ACCEPT
GBPAUD,2022-10-06,2022,1440,ACCEPT
GBPAUD,2022-10-07,2022,1439,ACCEPT
GBPAUD,2022-10-08,2022,355,NOT_TUE_FRI
GBPAUD,2022-10-09,2022,0,NOT_TUE_FRI
GBPAUD,2022-10-10,2022,1078,NOT_TUE_FRI
GBPAUD,2022-10-11,2022,1439,ACCEPT
GBPAUD,2022-10-12,2022,1439,ACCEPT
GBPAUD,2022-10-13,2022,1440,ACCEPT
GBPAUD,2022-10-14,2022,1439,ACCEPT
GBPAUD,2022-10-15,2022,355,NOT_TUE_FRI
GBPAUD,2022-10-16,2022,0,NOT_TUE_FRI
GBPAUD,2022-10-17,2022,1079,NOT_TUE_FRI
GBPAUD,2022-10-18,2022,1439,ACCEPT
GBPAUD,2022-10-19,2022,1440,ACCEPT
GBPAUD,2022-10-20,2022,1439,ACCEPT
GBPAUD,2022-10-21,2022,1439,ACCEPT
GBPAUD,2022-10-22,2022,355,NOT_TUE_FRI
GBPAUD,2022-10-23,2022,0,NOT_TUE_FRI
GBPAUD,2022-10-24,2022,1079,NOT_TUE_FRI
GBPAUD,2022-10-25,2022,1439,ACCEPT
GBPAUD,2022-10-26,2022,1438,ACCEPT
GBPAUD,2022-10-27,2022,1439,ACCEPT
GBPAUD,2022-10-28,2022,1439,ACCEPT
GBPAUD,2022-10-29,2022,355,NOT_TUE_FRI
GBPAUD,2022-10-30,2022,0,NOT_TUE_FRI
GBPAUD,2022-10-31,2022,1020,NOT_TUE_FRI
GBPAUD,2022-11-01,2022,1438,ACCEPT
GBPAUD,2022-11-02,2022,1440,ACCEPT
GBPAUD,2022-11-03,2022,1440,ACCEPT
GBPAUD,2022-11-04,2022,1439,ACCEPT
GBPAUD,2022-11-05,2022,355,NOT_TUE_FRI
GBPAUD,2022-11-06,2022,0,NOT_TUE_FRI
GBPAUD,2022-11-07,2022,1018,NOT_TUE_FRI
GBPAUD,2022-11-08,2022,1440,ACCEPT
GBPAUD,2022-11-09,2022,1438,ACCEPT
GBPAUD,2022-11-10,2022,1440,ACCEPT
GBPAUD,2022-11-11,2022,1440,ACCEPT
GBPAUD,2022-11-12,2022,415,NOT_TUE_FRI
GBPAUD,2022-11-13,2022,0,NOT_TUE_FRI
GBPAUD,2022-11-14,2022,1018,NOT_TUE_FRI
GBPAUD,2022-11-15,2022,1440,ACCEPT
GBPAUD,2022-11-16,2022,1438,ACCEPT
GBPAUD,2022-11-17,2022,1439,ACCEPT
GBPAUD,2022-11-18,2022,1439,ACCEPT
GBPAUD,2022-11-19,2022,415,NOT_TUE_FRI
GBPAUD,2022-11-20,2022,0,NOT_TUE_FRI
GBPAUD,2022-11-21,2022,1019,NOT_TUE_FRI
GBPAUD,2022-11-22,2022,1439,ACCEPT
GBPAUD,2022-11-23,2022,1440,ACCEPT
GBPAUD,2022-11-24,2022,1440,ACCEPT
GBPAUD,2022-11-25,2022,1439,ACCEPT
GBPAUD,2022-11-26,2022,415,NOT_TUE_FRI
GBPAUD,2022-11-27,2022,0,NOT_TUE_FRI
GBPAUD,2022-11-28,2022,1016,NOT_TUE_FRI
GBPAUD,2022-11-29,2022,1438,ACCEPT
GBPAUD,2022-11-30,2022,1439,ACCEPT
GBPAUD,2022-12-01,2022,1439,ACCEPT
GBPAUD,2022-12-02,2022,1439,ACCEPT
GBPAUD,2022-12-03,2022,415,NOT_TUE_FRI
GBPAUD,2022-12-04,2022,0,NOT_TUE_FRI
GBPAUD,2022-12-05,2022,1015,NOT_TUE_FRI
GBPAUD,2022-12-06,2022,1438,ACCEPT
GBPAUD,2022-12-07,2022,1438,ACCEPT
GBPAUD,2022-12-08,2022,1440,ACCEPT
GBPAUD,2022-12-09,2022,1440,ACCEPT
GBPAUD,2022-12-10,2022,415,NOT_TUE_FRI
GBPAUD,2022-12-11,2022,0,NOT_TUE_FRI
GBPAUD,2022-12-12,2022,1019,NOT_TUE_FRI
GBPAUD,2022-12-13,2022,1440,ACCEPT
GBPAUD,2022-12-14,2022,1438,ACCEPT
GBPAUD,2022-12-15,2022,1440,ACCEPT
GBPAUD,2022-12-16,2022,1440,ACCEPT
GBPAUD,2022-12-17,2022,415,NOT_TUE_FRI
GBPAUD,2022-12-18,2022,0,NOT_TUE_FRI
GBPAUD,2022-12-19,2022,1018,NOT_TUE_FRI
GBPAUD,2022-12-20,2022,1438,ACCEPT
GBPAUD,2022-12-21,2022,1437,ACCEPT
GBPAUD,2022-12-22,2022,1437,ACCEPT
GBPAUD,2022-12-23,2022,1436,ACCEPT
GBPAUD,2022-12-24,2022,415,NOT_TUE_FRI
GBPAUD,2022-12-25,2022,0,NOT_TUE_FRI
GBPAUD,2022-12-26,2022,275,NOT_TUE_FRI
GBPAUD,2022-12-27,2022,1258,YEAR_END
GBPAUD,2022-12-28,2022,1439,YEAR_END
GBPAUD,2022-12-29,2022,1439,YEAR_END
GBPAUD,2022-12-30,2022,1438,YEAR_END
GBPAUD,2022-12-31,2022,416,NOT_TUE_FRI
GBPAUD,2023-01-01,2023,0,NOT_TUE_FRI
GBPAUD,2023-01-02,2023,519,NOT_TUE_FRI
GBPAUD,2023-01-03,2023,1422,YEAR_END
GBPAUD,2023-01-04,2023,1436,ACCEPT
GBPAUD,2023-01-05,2023,1436,ACCEPT
GBPAUD,2023-01-06,2023,1439,ACCEPT
GBPAUD,2023-01-07,2023,415,NOT_TUE_FRI
GBPAUD,2023-01-08,2023,0,NOT_TUE_FRI
GBPAUD,2023-01-09,2023,1012,NOT_TUE_FRI
GBPAUD,2023-01-10,2023,1435,ACCEPT
GBPAUD,2023-01-11,2023,1439,ACCEPT
GBPAUD,2023-01-12,2023,1438,ACCEPT
GBPAUD,2023-01-13,2023,1436,ACCEPT
GBPAUD,2023-01-14,2023,416,NOT_TUE_FRI
GBPAUD,2023-01-15,2023,0,NOT_TUE_FRI
GBPAUD,2023-01-16,2023,1017,NOT_TUE_FRI
GBPAUD,2023-01-17,2023,1440,ACCEPT
GBPAUD,2023-01-18,2023,1437,ACCEPT
GBPAUD,2023-01-19,2023,1440,ACCEPT
GBPAUD,2023-01-20,2023,1440,ACCEPT
GBPAUD,2023-01-21,2023,415,NOT_TUE_FRI
GBPAUD,2023-01-22,2023,0,NOT_TUE_FRI
GBPAUD,2023-01-23,2023,1018,NOT_TUE_FRI
GBPAUD,2023-01-24,2023,1440,ACCEPT
GBPAUD,2023-01-25,2023,1438,ACCEPT
GBPAUD,2023-01-26,2023,1436,ACCEPT
GBPAUD,2023-01-27,2023,1438,ACCEPT
GBPAUD,2023-01-28,2023,415,NOT_TUE_FRI
GBPAUD,2023-01-29,2023,0,NOT_TUE_FRI
GBPAUD,2023-01-30,2023,1018,NOT_TUE_FRI
GBPAUD,2023-01-31,2023,1439,ACCEPT
GBPAUD,2023-02-01,2023,1440,ACCEPT
GBPAUD,2023-02-02,2023,1440,ACCEPT
GBPAUD,2023-02-03,2023,1440,ACCEPT
GBPAUD,2023-02-04,2023,415,NOT_TUE_FRI
GBPAUD,2023-02-05,2023,0,NOT_TUE_FRI
GBPAUD,2023-02-06,2023,1018,NOT_TUE_FRI
GBPAUD,2023-02-07,2023,1439,ACCEPT
GBPAUD,2023-02-08,2023,1440,ACCEPT
GBPAUD,2023-02-09,2023,1440,ACCEPT
GBPAUD,2023-02-10,2023,1439,ACCEPT
GBPAUD,2023-02-11,2023,415,NOT_TUE_FRI
GBPAUD,2023-02-12,2023,0,NOT_TUE_FRI
GBPAUD,2023-02-13,2023,1019,NOT_TUE_FRI
GBPAUD,2023-02-14,2023,1440,ACCEPT
GBPAUD,2023-02-15,2023,1440,ACCEPT
GBPAUD,2023-02-16,2023,1440,ACCEPT
GBPAUD,2023-02-17,2023,1440,ACCEPT
GBPAUD,2023-02-18,2023,415,NOT_TUE_FRI
GBPAUD,2023-02-19,2023,0,NOT_TUE_FRI
GBPAUD,2023-02-20,2023,1019,NOT_TUE_FRI
GBPAUD,2023-02-21,2023,1438,ACCEPT
GBPAUD,2023-02-22,2023,1439,ACCEPT
GBPAUD,2023-02-23,2023,1438,ACCEPT
GBPAUD,2023-02-24,2023,1440,ACCEPT
GBPAUD,2023-02-25,2023,415,NOT_TUE_FRI
GBPAUD,2023-02-26,2023,0,NOT_TUE_FRI
GBPAUD,2023-02-27,2023,1011,NOT_TUE_FRI
GBPAUD,2023-02-28,2023,1434,ACCEPT
GBPAUD,2023-03-01,2023,1434,ACCEPT
GBPAUD,2023-03-02,2023,1433,ACCEPT
GBPAUD,2023-03-03,2023,1432,ACCEPT
GBPAUD,2023-03-04,2023,415,NOT_TUE_FRI
GBPAUD,2023-03-05,2023,0,NOT_TUE_FRI
GBPAUD,2023-03-06,2023,1019,NOT_TUE_FRI
GBPAUD,2023-03-07,2023,1433,ACCEPT
GBPAUD,2023-03-08,2023,1434,ACCEPT
GBPAUD,2023-03-09,2023,1434,ACCEPT
GBPAUD,2023-03-10,2023,1433,ACCEPT
GBPAUD,2023-03-11,2023,415,NOT_TUE_FRI
GBPAUD,2023-03-12,2023,0,NOT_TUE_FRI
GBPAUD,2023-03-13,2023,1020,NOT_TUE_FRI
GBPAUD,2023-03-14,2023,1434,ACCEPT
GBPAUD,2023-03-15,2023,1434,ACCEPT
GBPAUD,2023-03-16,2023,1434,ACCEPT
GBPAUD,2023-03-17,2023,1432,ACCEPT
GBPAUD,2023-03-18,2023,355,NOT_TUE_FRI
GBPAUD,2023-03-19,2023,0,NOT_TUE_FRI
GBPAUD,2023-03-20,2023,1020,NOT_TUE_FRI
GBPAUD,2023-03-21,2023,1432,ACCEPT
GBPAUD,2023-03-22,2023,1432,ACCEPT
GBPAUD,2023-03-23,2023,1432,ACCEPT
GBPAUD,2023-03-24,2023,1432,ACCEPT
GBPAUD,2023-03-25,2023,354,NOT_TUE_FRI
GBPAUD,2023-03-26,2023,0,NOT_TUE_FRI
GBPAUD,2023-03-27,2023,1078,NOT_TUE_FRI
GBPAUD,2023-03-28,2023,1434,ACCEPT
GBPAUD,2023-03-29,2023,1434,ACCEPT
GBPAUD,2023-03-30,2023,1434,ACCEPT
GBPAUD,2023-03-31,2023,1434,ACCEPT
GBPAUD,2023-04-01,2023,356,NOT_TUE_FRI
GBPAUD,2023-04-02,2023,0,NOT_TUE_FRI
GBPAUD,2023-04-03,2023,1079,NOT_TUE_FRI
GBPAUD,2023-04-04,2023,1434,ACCEPT
GBPAUD,2023-04-05,2023,1434,ACCEPT
GBPAUD,2023-04-06,2023,1432,ACCEPT
GBPAUD,2023-04-07,2023,1433,ACCEPT
GBPAUD,2023-04-08,2023,355,NOT_TUE_FRI
GBPAUD,2023-04-09,2023,0,NOT_TUE_FRI
GBPAUD,2023-04-10,2023,1067,NOT_TUE_FRI
GBPAUD,2023-04-11,2023,1434,ACCEPT
GBPAUD,2023-04-12,2023,1430,ACCEPT
GBPAUD,2023-04-13,2023,1433,ACCEPT
GBPAUD,2023-04-14,2023,1434,ACCEPT
GBPAUD,2023-04-15,2023,355,NOT_TUE_FRI
GBPAUD,2023-04-16,2023,0,NOT_TUE_FRI
GBPAUD,2023-04-17,2023,1076,NOT_TUE_FRI
GBPAUD,2023-04-18,2023,1434,ACCEPT
GBPAUD,2023-04-19,2023,1431,ACCEPT
GBPAUD,2023-04-20,2023,1432,ACCEPT
GBPAUD,2023-04-21,2023,1432,ACCEPT
GBPAUD,2023-04-22,2023,355,NOT_TUE_FRI
GBPAUD,2023-04-23,2023,0,NOT_TUE_FRI
GBPAUD,2023-04-24,2023,1078,NOT_TUE_FRI
GBPAUD,2023-04-25,2023,1434,ACCEPT
GBPAUD,2023-04-26,2023,1434,ACCEPT
GBPAUD,2023-04-27,2023,1434,ACCEPT
GBPAUD,2023-04-28,2023,1433,ACCEPT
GBPAUD,2023-04-29,2023,355,NOT_TUE_FRI
GBPAUD,2023-04-30,2023,0,NOT_TUE_FRI
GBPAUD,2023-05-01,2023,1078,NOT_TUE_FRI
GBPAUD,2023-05-02,2023,1434,ACCEPT
GBPAUD,2023-05-03,2023,1432,ACCEPT
GBPAUD,2023-05-04,2023,1434,ACCEPT
GBPAUD,2023-05-05,2023,1434,ACCEPT
GBPAUD,2023-05-06,2023,356,NOT_TUE_FRI
GBPAUD,2023-05-07,2023,0,NOT_TUE_FRI
GBPAUD,2023-05-08,2023,1076,NOT_TUE_FRI
GBPAUD,2023-05-09,2023,1434,ACCEPT
GBPAUD,2023-05-10,2023,1434,ACCEPT
GBPAUD,2023-05-11,2023,1434,ACCEPT
GBPAUD,2023-05-12,2023,1433,ACCEPT
GBPAUD,2023-05-13,2023,355,NOT_TUE_FRI
GBPAUD,2023-05-14,2023,0,NOT_TUE_FRI
GBPAUD,2023-05-15,2023,1077,NOT_TUE_FRI
GBPAUD,2023-05-16,2023,1434,ACCEPT
GBPAUD,2023-05-17,2023,1434,ACCEPT
GBPAUD,2023-05-18,2023,1434,ACCEPT
GBPAUD,2023-05-19,2023,1435,ACCEPT
GBPAUD,2023-05-20,2023,355,NOT_TUE_FRI
GBPAUD,2023-05-21,2023,0,NOT_TUE_FRI
GBPAUD,2023-05-22,2023,1075,NOT_TUE_FRI
GBPAUD,2023-05-23,2023,1433,ACCEPT
GBPAUD,2023-05-24,2023,1431,ACCEPT
GBPAUD,2023-05-25,2023,1434,ACCEPT
GBPAUD,2023-05-26,2023,1434,ACCEPT
GBPAUD,2023-05-27,2023,355,NOT_TUE_FRI
GBPAUD,2023-05-28,2023,0,NOT_TUE_FRI
GBPAUD,2023-05-29,2023,1078,NOT_TUE_FRI
GBPAUD,2023-05-30,2023,1430,ACCEPT
GBPAUD,2023-05-31,2023,1433,ACCEPT
GBPAUD,2023-06-01,2023,1433,ACCEPT
GBPAUD,2023-06-02,2023,1434,ACCEPT
GBPAUD,2023-06-03,2023,355,NOT_TUE_FRI
GBPAUD,2023-06-04,2023,0,NOT_TUE_FRI
GBPAUD,2023-06-05,2023,1078,NOT_TUE_FRI
GBPAUD,2023-06-06,2023,1433,ACCEPT
GBPAUD,2023-06-07,2023,1433,ACCEPT
GBPAUD,2023-06-08,2023,1426,ACCEPT
GBPAUD,2023-06-09,2023,1425,ACCEPT
GBPAUD,2023-06-10,2023,354,NOT_TUE_FRI
GBPAUD,2023-06-11,2023,0,NOT_TUE_FRI
GBPAUD,2023-06-12,2023,1078,NOT_TUE_FRI
GBPAUD,2023-06-13,2023,1433,ACCEPT
GBPAUD,2023-06-14,2023,1434,ACCEPT
GBPAUD,2023-06-15,2023,1433,ACCEPT
GBPAUD,2023-06-16,2023,1434,ACCEPT
GBPAUD,2023-06-17,2023,355,NOT_TUE_FRI
GBPAUD,2023-06-18,2023,0,NOT_TUE_FRI
GBPAUD,2023-06-19,2023,1078,NOT_TUE_FRI
GBPAUD,2023-06-20,2023,1434,ACCEPT
GBPAUD,2023-06-21,2023,1440,ACCEPT
GBPAUD,2023-06-22,2023,1440,ACCEPT
GBPAUD,2023-06-23,2023,1440,ACCEPT
GBPAUD,2023-06-24,2023,359,NOT_TUE_FRI
GBPAUD,2023-06-25,2023,0,NOT_TUE_FRI
GBPAUD,2023-06-26,2023,1078,NOT_TUE_FRI
GBPAUD,2023-06-27,2023,1440,ACCEPT
GBPAUD,2023-06-28,2023,1418,ACCEPT
GBPAUD,2023-06-29,2023,1439,ACCEPT
GBPAUD,2023-06-30,2023,1440,ACCEPT
GBPAUD,2023-07-01,2023,359,NOT_TUE_FRI
GBPAUD,2023-07-02,2023,0,NOT_TUE_FRI
GBPAUD,2023-07-03,2023,1078,NOT_TUE_FRI
GBPAUD,2023-07-04,2023,1440,ACCEPT
GBPAUD,2023-07-05,2023,1440,ACCEPT
GBPAUD,2023-07-06,2023,1439,ACCEPT
GBPAUD,2023-07-07,2023,1440,ACCEPT
GBPAUD,2023-07-08,2023,359,NOT_TUE_FRI
GBPAUD,2023-07-09,2023,0,NOT_TUE_FRI
GBPAUD,2023-07-10,2023,1080,NOT_TUE_FRI
GBPAUD,2023-07-11,2023,1440,ACCEPT
GBPAUD,2023-07-12,2023,1440,ACCEPT
GBPAUD,2023-07-13,2023,1440,ACCEPT
GBPAUD,2023-07-14,2023,1440,ACCEPT
GBPAUD,2023-07-15,2023,248,NOT_TUE_FRI
GBPAUD,2023-07-16,2023,0,NOT_TUE_FRI
GBPAUD,2023-07-17,2023,1080,NOT_TUE_FRI
GBPAUD,2023-07-18,2023,1440,ACCEPT
GBPAUD,2023-07-19,2023,1440,ACCEPT
GBPAUD,2023-07-20,2023,1440,ACCEPT
GBPAUD,2023-07-21,2023,1440,ACCEPT
GBPAUD,2023-07-22,2023,359,NOT_TUE_FRI
GBPAUD,2023-07-23,2023,0,NOT_TUE_FRI
GBPAUD,2023-07-24,2023,1079,NOT_TUE_FRI
GBPAUD,2023-07-25,2023,1440,ACCEPT
GBPAUD,2023-07-26,2023,1439,ACCEPT
GBPAUD,2023-07-27,2023,1440,ACCEPT
GBPAUD,2023-07-28,2023,1440,ACCEPT
GBPAUD,2023-07-29,2023,359,NOT_TUE_FRI
GBPAUD,2023-07-30,2023,0,NOT_TUE_FRI
GBPAUD,2023-07-31,2023,1077,NOT_TUE_FRI
GBPAUD,2023-08-01,2023,1440,ACCEPT
GBPAUD,2023-08-02,2023,1440,ACCEPT
GBPAUD,2023-08-03,2023,1440,ACCEPT
GBPAUD,2023-08-04,2023,1440,ACCEPT
GBPAUD,2023-08-05,2023,359,NOT_TUE_FRI
GBPAUD,2023-08-06,2023,0,NOT_TUE_FRI
GBPAUD,2023-08-07,2023,1074,NOT_TUE_FRI
GBPAUD,2023-08-08,2023,1440,ACCEPT
GBPAUD,2023-08-09,2023,1440,ACCEPT
GBPAUD,2023-08-10,2023,1439,ACCEPT
GBPAUD,2023-08-11,2023,1440,ACCEPT
GBPAUD,2023-08-12,2023,333,NOT_TUE_FRI
GBPAUD,2023-08-13,2023,0,NOT_TUE_FRI
GBPAUD,2023-08-14,2023,1079,NOT_TUE_FRI
GBPAUD,2023-08-15,2023,1440,ACCEPT
GBPAUD,2023-08-16,2023,1440,ACCEPT
GBPAUD,2023-08-17,2023,1439,ACCEPT
GBPAUD,2023-08-18,2023,1439,ACCEPT
GBPAUD,2023-08-19,2023,359,NOT_TUE_FRI
GBPAUD,2023-08-20,2023,0,NOT_TUE_FRI
GBPAUD,2023-08-21,2023,1079,NOT_TUE_FRI
GBPAUD,2023-08-22,2023,1440,ACCEPT
GBPAUD,2023-08-23,2023,1440,ACCEPT
GBPAUD,2023-08-24,2023,1440,ACCEPT
GBPAUD,2023-08-25,2023,1440,ACCEPT
GBPAUD,2023-08-26,2023,359,NOT_TUE_FRI
GBPAUD,2023-08-27,2023,0,NOT_TUE_FRI
GBPAUD,2023-08-28,2023,1079,NOT_TUE_FRI
GBPAUD,2023-08-29,2023,1440,ACCEPT
GBPAUD,2023-08-30,2023,1439,ACCEPT
GBPAUD,2023-08-31,2023,1412,GAP
GBPAUD,2023-09-01,2023,1439,ACCEPT
GBPAUD,2023-09-02,2023,359,NOT_TUE_FRI
GBPAUD,2023-09-03,2023,0,NOT_TUE_FRI
GBPAUD,2023-09-04,2023,1077,NOT_TUE_FRI
GBPAUD,2023-09-05,2023,1440,ACCEPT
GBPAUD,2023-09-06,2023,1440,ACCEPT
GBPAUD,2023-09-07,2023,1438,ACCEPT
GBPAUD,2023-09-08,2023,1440,ACCEPT
GBPAUD,2023-09-09,2023,359,NOT_TUE_FRI
GBPAUD,2023-09-10,2023,0,NOT_TUE_FRI
GBPAUD,2023-09-11,2023,1080,NOT_TUE_FRI
GBPAUD,2023-09-12,2023,1440,ACCEPT
GBPAUD,2023-09-13,2023,1440,ACCEPT
GBPAUD,2023-09-14,2023,1440,ACCEPT
GBPAUD,2023-09-15,2023,1440,ACCEPT
GBPAUD,2023-09-16,2023,359,NOT_TUE_FRI
GBPAUD,2023-09-17,2023,0,NOT_TUE_FRI
GBPAUD,2023-09-18,2023,1079,NOT_TUE_FRI
GBPAUD,2023-09-19,2023,1439,ACCEPT
GBPAUD,2023-09-20,2023,1440,ACCEPT
GBPAUD,2023-09-21,2023,1440,ACCEPT
GBPAUD,2023-09-22,2023,1440,ACCEPT
GBPAUD,2023-09-23,2023,359,NOT_TUE_FRI
GBPAUD,2023-09-24,2023,0,NOT_TUE_FRI
GBPAUD,2023-09-25,2023,1079,NOT_TUE_FRI
GBPAUD,2023-09-26,2023,1435,ACCEPT
GBPAUD,2023-09-27,2023,1439,ACCEPT
GBPAUD,2023-09-28,2023,1440,ACCEPT
GBPAUD,2023-09-29,2023,1437,ACCEPT
GBPAUD,2023-09-30,2023,359,NOT_TUE_FRI
GBPAUD,2023-10-01,2023,0,NOT_TUE_FRI
GBPAUD,2023-10-02,2023,1078,NOT_TUE_FRI
GBPAUD,2023-10-03,2023,1440,ACCEPT
GBPAUD,2023-10-04,2023,1439,ACCEPT
GBPAUD,2023-10-05,2023,1440,ACCEPT
GBPAUD,2023-10-06,2023,1440,ACCEPT
GBPAUD,2023-10-07,2023,359,NOT_TUE_FRI
GBPAUD,2023-10-08,2023,0,NOT_TUE_FRI
GBPAUD,2023-10-09,2023,1080,NOT_TUE_FRI
GBPAUD,2023-10-10,2023,1440,ACCEPT
GBPAUD,2023-10-11,2023,1440,ACCEPT
GBPAUD,2023-10-12,2023,1440,ACCEPT
GBPAUD,2023-10-13,2023,1439,ACCEPT
GBPAUD,2023-10-14,2023,359,NOT_TUE_FRI
GBPAUD,2023-10-15,2023,0,NOT_TUE_FRI
GBPAUD,2023-10-16,2023,1079,NOT_TUE_FRI
GBPAUD,2023-10-17,2023,1439,ACCEPT
GBPAUD,2023-10-18,2023,1435,ACCEPT
GBPAUD,2023-10-19,2023,1440,ACCEPT
GBPAUD,2023-10-20,2023,1440,ACCEPT
GBPAUD,2023-10-21,2023,359,NOT_TUE_FRI
GBPAUD,2023-10-22,2023,0,NOT_TUE_FRI
GBPAUD,2023-10-23,2023,1079,NOT_TUE_FRI
GBPAUD,2023-10-24,2023,1439,ACCEPT
GBPAUD,2023-10-25,2023,1440,ACCEPT
GBPAUD,2023-10-26,2023,1439,ACCEPT
GBPAUD,2023-10-27,2023,1440,ACCEPT
GBPAUD,2023-10-28,2023,359,NOT_TUE_FRI
GBPAUD,2023-10-29,2023,0,NOT_TUE_FRI
GBPAUD,2023-10-30,2023,1020,NOT_TUE_FRI
GBPAUD,2023-10-31,2023,1440,ACCEPT
GBPAUD,2023-11-01,2023,1439,ACCEPT
GBPAUD,2023-11-02,2023,1440,ACCEPT
GBPAUD,2023-11-03,2023,1440,ACCEPT
GBPAUD,2023-11-04,2023,359,NOT_TUE_FRI
GBPAUD,2023-11-05,2023,0,NOT_TUE_FRI
GBPAUD,2023-11-06,2023,1020,NOT_TUE_FRI
GBPAUD,2023-11-07,2023,1440,ACCEPT
GBPAUD,2023-11-08,2023,1440,ACCEPT
GBPAUD,2023-11-09,2023,1438,ACCEPT
GBPAUD,2023-11-10,2023,1440,ACCEPT
GBPAUD,2023-11-11,2023,419,NOT_TUE_FRI
GBPAUD,2023-11-12,2023,0,NOT_TUE_FRI
GBPAUD,2023-11-13,2023,1018,NOT_TUE_FRI
GBPAUD,2023-11-14,2023,1439,ACCEPT
GBPAUD,2023-11-15,2023,1438,ACCEPT
GBPAUD,2023-11-16,2023,1440,ACCEPT
GBPAUD,2023-11-17,2023,1440,ACCEPT
GBPAUD,2023-11-18,2023,419,NOT_TUE_FRI
GBPAUD,2023-11-19,2023,0,NOT_TUE_FRI
GBPAUD,2023-11-20,2023,1019,NOT_TUE_FRI
GBPAUD,2023-11-21,2023,1440,ACCEPT
GBPAUD,2023-11-22,2023,1438,ACCEPT
GBPAUD,2023-11-23,2023,1440,ACCEPT
GBPAUD,2023-11-24,2023,1440,ACCEPT
GBPAUD,2023-11-25,2023,419,NOT_TUE_FRI
GBPAUD,2023-11-26,2023,0,NOT_TUE_FRI
GBPAUD,2023-11-27,2023,1020,NOT_TUE_FRI
GBPAUD,2023-11-28,2023,1438,ACCEPT
GBPAUD,2023-11-29,2023,1440,ACCEPT
GBPAUD,2023-11-30,2023,1440,ACCEPT
GBPAUD,2023-12-01,2023,1440,ACCEPT
GBPAUD,2023-12-02,2023,419,NOT_TUE_FRI
GBPAUD,2023-12-03,2023,0,NOT_TUE_FRI
GBPAUD,2023-12-04,2023,1020,NOT_TUE_FRI
GBPAUD,2023-12-05,2023,1440,ACCEPT
GBPAUD,2023-12-06,2023,1439,ACCEPT
GBPAUD,2023-12-07,2023,1440,ACCEPT
GBPAUD,2023-12-08,2023,1440,ACCEPT
GBPAUD,2023-12-09,2023,419,NOT_TUE_FRI
GBPAUD,2023-12-10,2023,0,NOT_TUE_FRI
GBPAUD,2023-12-11,2023,1019,NOT_TUE_FRI
GBPAUD,2023-12-12,2023,1440,ACCEPT
GBPAUD,2023-12-13,2023,1440,ACCEPT
GBPAUD,2023-12-14,2023,1440,ACCEPT
GBPAUD,2023-12-15,2023,1440,ACCEPT
GBPAUD,2023-12-16,2023,419,NOT_TUE_FRI
GBPAUD,2023-12-17,2023,0,NOT_TUE_FRI
GBPAUD,2023-12-18,2023,997,NOT_TUE_FRI
GBPAUD,2023-12-19,2023,1425,ACCEPT
GBPAUD,2023-12-20,2023,1440,ACCEPT
GBPAUD,2023-12-21,2023,1439,ACCEPT
GBPAUD,2023-12-22,2023,1440,ACCEPT
GBPAUD,2023-12-23,2023,419,NOT_TUE_FRI
GBPAUD,2023-12-24,2023,0,NOT_TUE_FRI
GBPAUD,2023-12-25,2023,52,NOT_TUE_FRI
GBPAUD,2023-12-26,2023,1020,YEAR_END
GBPAUD,2023-12-27,2023,1440,YEAR_END
GBPAUD,2023-12-28,2023,1440,YEAR_END
GBPAUD,2023-12-29,2023,1439,YEAR_END
GBPAUD,2023-12-30,2023,419,NOT_TUE_FRI
GBPAUD,2023-12-31,2023,0,NOT_TUE_FRI
