Period,Method,Scope,ScopeType,StrategyNo,Strategy,Group,Aggregation,Eligible,EligibleStrategies,EligibleIDs,PrespecifiedSubgroup,Support,Quintile,Trades,TotalR,AvgR,PF,WinRate,AvgWinR,AvgLossR,LOW_SAMPLE
Historical,primary,1,Strategy,1.0,1_EJ_Log1,,trade_weighted,True,1,1,True,DESCRIPTIVE_ONLY,Q1,154.0,11.821428572999999,0.0767625232012987,1.3847226742572811,57.14285714285714,0.48350649354545455,-0.4655627705909091,False
Historical,primary,1,Strategy,1.0,1_EJ_Log1,,trade_weighted,True,1,1,True,DESCRIPTIVE_ONLY,Q2,101.0,7.564285708,0.07489391790099009,1.3340061814755557,56.43564356435643,0.5300250625964912,-0.5147077922727273,False
Historical,primary,1,Strategy,1.0,1_EJ_Log1,,trade_weighted,True,1,1,True,DESCRIPTIVE_ONLY,Q3,58.0,9.122857144000001,0.15729064041379312,1.8615758232255444,62.06896551724138,0.5475396825277778,-0.4812987012272727,False
Historical,primary,1,Strategy,1.0,1_EJ_Log1,,trade_weighted,True,1,1,True,DESCRIPTIVE_ONLY,Q4,67.0,-1.395714285999999,-0.02083155650746267,0.9304824249211406,52.23880597014925,0.5337551020571428,-0.6274107143125,False
Historical,primary,1,Strategy,1.0,1_EJ_Log1,,trade_weighted,True,1,1,True,DESCRIPTIVE_ONLY,Q5,69.0,19.942857144999998,0.2890269151449275,2.1249899267960757,62.31884057971014,0.8760465116744186,-0.6818131868076922,False
Historical,primary,2,Strategy,2.0,2_EJ_NightBlitz_20,,trade_weighted,True,1,2,False,DESCRIPTIVE_ONLY,Q1,195.0,8.935555563999998,0.045823361866666655,1.1875816385369504,55.38461538461539,0.5238065844537036,-0.5475351213448276,False
Historical,primary,2,Strategy,2.0,2_EJ_NightBlitz_20,,trade_weighted,True,1,2,False,DESCRIPTIVE_ONLY,Q2,114.0,6.780000005000002,0.05947368425438598,1.2468646332469755,53.50877192982456,0.561384335229508,-0.518197064981132,False
Historical,primary,2,Strategy,2.0,2_EJ_NightBlitz_20,,trade_weighted,True,1,2,False,DESCRIPTIVE_ONLY,Q3,69.0,15.348888895000002,0.22244766514492756,1.9968249391108222,59.42028985507246,0.7499186993170731,-0.5702880658148148,False
Historical,primary,2,Strategy,2.0,2_EJ_NightBlitz_20,,trade_weighted,True,1,2,False,DESCRIPTIVE_ONLY,Q4,85.0,1.7911111049999988,0.021071895352941163,1.0718744424128464,54.11764705882353,0.5806763283913043,-0.6389743589999999,False
Historical,primary,2,Strategy,2.0,2_EJ_NightBlitz_20,,trade_weighted,True,1,2,False,DESCRIPTIVE_ONLY,Q5,84.0,14.331111113999999,0.17060846564285712,1.5667955705008174,60.71428571428571,0.7767755991960783,-0.7661952862121212,False
Historical,primary,3,Strategy,3.0,3_EJ_NightBlitz_21,,trade_weighted,True,1,3,False,DESCRIPTIVE_ONLY,Q1,195.0,7.443999998000001,0.03817435896410257,1.2896948940691155,52.820512820512825,0.32174757279611643,-0.2823736263736264,False
Historical,primary,3,Strategy,3.0,3_EJ_NightBlitz_21,,trade_weighted,True,1,3,False,DESCRIPTIVE_ONLY,Q2,113.0,1.7133333340000003,0.015162241893805313,1.1070209045296315,51.32743362831859,0.305563218362069,-0.2910787878363637,False
Historical,primary,3,Strategy,3.0,3_EJ_NightBlitz_21,,trade_weighted,True,1,3,False,DESCRIPTIVE_ONLY,Q3,69.0,6.03466667,0.08745893724637681,1.7543333337500002,60.86956521739131,0.3341587302380953,-0.2962962962962963,False
Historical,primary,3,Strategy,3.0,3_EJ_NightBlitz_21,,trade_weighted,True,1,3,False,DESCRIPTIVE_ONLY,Q4,85.0,0.4853333320000001,0.005709803905882355,1.0313279971578024,50.588235294117645,0.3715658914651163,-0.3778536585609756,False
Historical,primary,3,Strategy,3.0,3_EJ_NightBlitz_21,,trade_weighted,True,1,3,False,DESCRIPTIVE_ONLY,Q5,84.0,8.061333326,0.09596825388095238,1.5335333563919331,61.904761904761905,0.44558974344230773,-0.47216666665624996,False
Historical,primary,4,Strategy,4.0,4_GJ_Port_Log1,,trade_weighted,True,1,4,False,DESCRIPTIVE_ONLY,Q1,145.0,3.4892307679999996,0.024063660468965516,1.267468600656509,55.172413793103445,0.20668269228750002,-0.20069822484615385,False
Historical,primary,4,Strategy,4.0,4_GJ_Port_Log1,,trade_weighted,True,1,4,False,DESCRIPTIVE_ONLY,Q2,100.0,1.110769229,0.01110769229,1.1167623512340645,53.0,0.2004499273962264,-0.2024058919787234,False
Historical,primary,4,Strategy,4.0,4_GJ_Port_Log1,,trade_weighted,True,1,4,False,DESCRIPTIVE_ONLY,Q3,84.0,1.6700000029999995,0.01988095241666666,1.219425915169793,54.761904761904766,0.20175585284782607,-0.2002834007368421,False
Historical,primary,4,Strategy,4.0,4_GJ_Port_Log1,,trade_weighted,True,1,4,False,DESCRIPTIVE_ONLY,Q4,83.0,3.2792307659999995,0.03950880440963855,1.3378774665554172,59.036144578313255,0.2649921506530612,-0.2941025641212121,False
Historical,primary,4,Strategy,4.0,4_GJ_Port_Log1,,trade_weighted,True,1,4,False,DESCRIPTIVE_ONLY,Q5,81.0,4.693846150000001,0.05794871790123458,1.4464769147496745,62.96296296296296,0.2981749622549019,-0.35043589750000004,False
Historical,primary,5,Strategy,5.0,5_GJ_Port_Log2,,trade_weighted,True,1,5,False,DESCRIPTIVE_ONLY,Q1,180.0,3.766666665000001,0.020925925916666675,1.0863958407279353,52.77777777777778,0.49857309940000005,-0.512915032682353,False
Historical,primary,5,Strategy,5.0,5_GJ_Port_Log2,,trade_weighted,True,1,5,False,DESCRIPTIVE_ONLY,Q2,128.0,9.038888886,0.070616319421875,1.2598377410668855,50.0,0.684774305515625,-0.543541666671875,False
Historical,primary,5,Strategy,5.0,5_GJ_Port_Log2,,trade_weighted,True,1,5,False,DESCRIPTIVE_ONLY,Q3,127.0,18.958888889000004,0.1492825896771654,1.5246118370644028,57.48031496062992,0.7547640791369863,-0.6692386831111109,False
Historical,primary,5,Strategy,5.0,5_GJ_Port_Log2,,trade_weighted,True,1,5,False,DESCRIPTIVE_ONLY,Q4,109.0,11.318888885999998,0.10384301730275228,1.3643549482189725,55.96330275229357,0.6948269580655737,-0.6609692671489362,False
Historical,primary,5,Strategy,5.0,5_GJ_Port_Log2,,trade_weighted,True,1,5,False,DESCRIPTIVE_ONLY,Q5,108.0,22.000000004,0.20370370374074073,1.5686877101235757,52.77777777777778,1.0646588694736843,-0.7585403050196078,False
Historical,primary,6,Strategy,6.0,6_GJ_Old_Mon,,trade_weighted,True,1,6,True,DESCRIPTIVE_ONLY,Q1,83.0,-6.316,-0.07609638554216867,0.7876403738820523,50.602409638554214,0.5577619047619048,-0.7254146341463414,False
Historical,primary,6,Strategy,6.0,6_GJ_Old_Mon,,trade_weighted,True,1,6,True,DESCRIPTIVE_ONLY,Q2,46.0,6.204,0.1348695652173913,1.414816795934742,45.65217391304348,1.0076190476190476,-0.59824,False
Historical,primary,6,Strategy,6.0,6_GJ_Old_Mon,,trade_weighted,True,1,6,True,DESCRIPTIVE_ONLY,Q3,54.0,22.452,0.4157777777777778,2.2048942792744444,55.55555555555556,1.3695333333333333,-0.7764166666666666,False
Historical,primary,6,Strategy,6.0,6_GJ_Old_Mon,,trade_weighted,True,1,6,True,DESCRIPTIVE_ONLY,Q4,43.0,5.315999999999999,0.12362790697674417,1.2733443027560671,48.837209302325576,1.179238095238095,-0.884,False
Historical,primary,6,Strategy,6.0,6_GJ_Old_Mon,,trade_weighted,True,1,6,True,DESCRIPTIVE_ONLY,Q5,33.0,-6.442,-0.19521212121212123,0.5792292619203134,45.45454545454545,0.5912,-0.8505555555555556,False
Historical,primary,7,Strategy,7.0,7_GJ_Mon_Blitz,,trade_weighted,True,1,7,False,DESCRIPTIVE_ONLY,Q1,97.0,0.4469230759999998,0.004607454391752575,1.0490378121815025,52.57731958762887,0.18746606335294116,-0.19812709032608697,False
Historical,primary,7,Strategy,7.0,7_GJ_Mon_Blitz,,trade_weighted,True,1,7,False,DESCRIPTIVE_ONLY,Q2,55.0,1.417692304,0.02577622370909091,1.2603107336492727,47.27272727272727,0.2639940828076923,-0.1877984085862069,False
Historical,primary,7,Strategy,7.0,7_GJ_Mon_Blitz,,trade_weighted,True,1,7,False,DESCRIPTIVE_ONLY,Q3,61.0,4.3676923080000005,0.07160151324590165,1.5839761391108906,55.73770491803278,0.3484389140294117,-0.277008547,False
Historical,primary,7,Strategy,7.0,7_GJ_Mon_Blitz,,trade_weighted,True,1,7,False,DESCRIPTIVE_ONLY,Q4,47.0,4.699999996000001,0.09999999991489364,1.8468468459735405,65.95744680851064,0.33064516119354825,-0.3468750000625,False
Historical,primary,7,Strategy,7.0,7_GJ_Mon_Blitz,,trade_weighted,True,1,7,False,DESCRIPTIVE_ONLY,Q5,48.0,-0.7200000029999996,-0.01500000006249999,0.8975593735695394,50.0,0.2628525640416666,-0.29285256416666666,False
Historical,primary,8,Strategy,8.0,8_AJ_Core1,,trade_weighted,True,1,8,False,DESCRIPTIVE_ONLY,Q1,98.0,1.5300000000000002,0.015612244897959187,1.0809707416592669,54.08163265306123,0.38539083560377346,-0.41990476193333337,False
Historical,primary,8,Strategy,8.0,8_AJ_Core1,,trade_weighted,True,1,8,False,DESCRIPTIVE_ONLY,Q2,61.0,2.8114285710000013,0.04608899296721314,1.313925665882512,60.65573770491803,0.31803088805405405,-0.3731547619583333,False
Historical,primary,8,Strategy,8.0,8_AJ_Core1,,trade_weighted,True,1,8,False,DESCRIPTIVE_ONLY,Q3,54.0,1.3557142850000001,0.025105820092592594,1.1093066113298298,50.0,0.5095767195185185,-0.4593650793333333,False
Historical,primary,8,Strategy,8.0,8_AJ_Core1,,trade_weighted,True,1,8,False,DESCRIPTIVE_ONLY,Q4,44.0,3.1185714289999997,0.07087662338636364,1.408189977671229,54.54545454545454,0.4482738095,-0.38199999995,False
Historical,primary,8,Strategy,8.0,8_AJ_Core1,,trade_weighted,True,1,8,False,DESCRIPTIVE_ONLY,Q5,52.0,10.047142853000002,0.19321428563461543,1.982674304402496,50.0,0.7796703295384616,-0.3932417582692308,False
Historical,primary,9,Strategy,9.0,9_AJ_Core2,,trade_weighted,True,1,9,False,DESCRIPTIVE_ONLY,Q1,46.0,6.470000002,0.14065217395652174,1.5467605636109028,54.347826086956516,0.7321333333600001,-0.5634920634285715,False
Historical,primary,9,Strategy,9.0,9_AJ_Core2,,trade_weighted,True,1,9,False,DESCRIPTIVE_ONLY,Q2,34.0,13.536666665,0.39813725485294116,2.614711729487662,67.64705882352942,0.9530434781739128,-0.762121212090909,False
Historical,primary,9,Strategy,9.0,9_AJ_Core2,,trade_weighted,True,1,9,False,DESCRIPTIVE_ONLY,Q3,37.0,6.393333336,0.17279279286486487,1.4876684467563184,54.054054054054056,0.9751666666999999,-0.7711764704705882,False
Historical,primary,9,Strategy,9.0,9_AJ_Core2,,trade_weighted,True,1,9,False,DESCRIPTIVE_ONLY,Q4,27.0,8.593333333,0.31827160492592593,1.8985709304463976,44.44444444444444,1.5130555556666667,-0.6375555556666667,False
Historical,primary,9,Strategy,9.0,9_AJ_Core2,,trade_weighted,True,1,9,False,DESCRIPTIVE_ONLY,Q5,38.0,7.926666668999999,0.20859649128947366,1.4580123267823961,52.63157894736842,1.2616666668000003,-0.9614814814999999,False
Historical,primary,10,Strategy,10.0,10_AJ_SatA,,trade_weighted,True,1,10,False,DESCRIPTIVE_ONLY,Q1,45.0,-1.6059999999999999,-0.03568888888888889,0.6666666666666666,31.11111111111111,0.2294285714285714,-0.15541935483870967,False
Historical,primary,10,Strategy,10.0,10_AJ_SatA,,trade_weighted,True,1,10,False,DESCRIPTIVE_ONLY,Q2,45.0,1.736,0.03857777777777778,1.5384615384615383,55.55555555555556,0.1984,-0.1612,False
Historical,primary,10,Strategy,10.0,10_AJ_SatA,,trade_weighted,True,1,10,False,DESCRIPTIVE_ONLY,Q3,52.0,0.029999999999999916,0.0005769230769230754,1.0053361792956246,42.30769230769231,0.256909090909091,-0.19386206896551725,False
Historical,primary,10,Strategy,10.0,10_AJ_SatA,,trade_weighted,True,1,10,False,DESCRIPTIVE_ONLY,Q4,33.0,-1.6039999999999999,-0.048606060606060604,0.684748427672956,42.42424242424242,0.24885714285714286,-0.2677894736842105,False
Historical,primary,10,Strategy,10.0,10_AJ_SatA,,trade_weighted,True,1,10,False,DESCRIPTIVE_ONLY,Q5,35.0,-1.218,-0.0348,0.7713963963963962,54.285714285714285,0.21631578947368418,-0.333,False
Historical,primary,11,Strategy,11.0,11_AJ_SatB,,trade_weighted,True,1,11,False,DESCRIPTIVE_ONLY,Q1,45.0,3.8527272709999996,0.08561616157777777,1.5256760106862526,48.888888888888886,0.5082644627272728,-0.31865612647826086,False
Historical,primary,11,Strategy,11.0,11_AJ_SatB,,trade_weighted,True,1,11,False,DESCRIPTIVE_ONLY,Q2,45.0,4.48,0.09955555555555556,1.4940846199724018,55.55555555555556,0.54189090912,-0.45336363639999994,False
Historical,primary,11,Strategy,11.0,11_AJ_SatB,,trade_weighted,True,1,11,False,DESCRIPTIVE_ONLY,Q3,52.0,-3.985454547,-0.07664335667307692,0.6614671814012612,38.46153846153847,0.3893636364,-0.36789772734375,False
Historical,primary,11,Strategy,11.0,11_AJ_SatB,,trade_weighted,True,1,11,False,DESCRIPTIVE_ONLY,Q4,33.0,2.976363632,0.09019283733333333,1.4449578681402735,54.54545454545454,0.5369696968888887,-0.44593939413333333,False
Historical,primary,11,Strategy,11.0,11_AJ_SatB,,trade_weighted,True,1,11,False,DESCRIPTIVE_ONLY,Q5,35.0,6.474545452,0.1849870129142857,1.9689795911393806,60.0,0.6264935064761904,-0.4772727274285714,False
Historical,primary,12,Strategy,12.0,12_UJ_Short_Core,,trade_weighted,True,1,12,True,DESCRIPTIVE_ONLY,Q1,86.0,9.264999999999997,0.10773255813953485,1.7861688587187106,61.627906976744185,0.3971698113207548,-0.3571212121212121,False
Historical,primary,12,Strategy,12.0,12_UJ_Short_Core,,trade_weighted,True,1,12,True,DESCRIPTIVE_ONLY,Q2,56.0,8.198,0.14639285714285716,1.8594192263339975,55.35714285714286,0.5721612903225807,-0.3974583333333333,False
Historical,primary,12,Strategy,12.0,12_UJ_Short_Core,,trade_weighted,True,1,12,True,DESCRIPTIVE_ONLY,Q3,45.0,2.9749999999999996,0.0661111111111111,1.285865282982608,57.77777777777777,0.5146923076923078,-0.5477368421052632,False
Historical,primary,12,Strategy,12.0,12_UJ_Short_Core,,trade_weighted,True,1,12,True,DESCRIPTIVE_ONLY,Q4,49.0,13.17,0.26877551020408164,3.544927536231884,65.3061224489796,0.57328125,-0.3044117647058823,False
Historical,primary,12,Strategy,12.0,12_UJ_Short_Core,,trade_weighted,True,1,12,True,DESCRIPTIVE_ONLY,Q5,48.0,20.204,0.42091666666666666,3.0796706124549664,56.25,1.108111111111111,-0.4626190476190476,False
Historical,primary,13,Strategy,13.0,13_UJ_Fix_MidWeek,,trade_weighted,False,0,,False,DESCRIPTIVE_ONLY,Q1,34.0,3.3473684229999994,0.09845201244117645,4.642611687636935,73.52941176470588,0.17065263164,-0.10210526311111111,False
Historical,primary,13,Strategy,13.0,13_UJ_Fix_MidWeek,,trade_weighted,False,0,,False,DESCRIPTIVE_ONLY,Q2,23.0,0.9515789480000001,0.04137299773913044,1.7609427619282045,47.82608695652174,0.20019138754545454,-0.10421052625,False
Historical,primary,13,Strategy,13.0,13_UJ_Fix_MidWeek,,trade_weighted,False,0,,False,DESCRIPTIVE_ONLY,Q3,25.0,1.292631579,0.05170526316,2.059534081147541,52.0,0.19327935223076922,-0.10166666666666667,False
Historical,primary,13,Strategy,13.0,13_UJ_Fix_MidWeek,,trade_weighted,False,0,,False,DESCRIPTIVE_ONLY,Q4,16.0,0.630526315,0.0394078946875,2.2557651954829936,56.25,0.12584795322222223,-0.07172932342857143,True
Historical,primary,13,Strategy,13.0,13_UJ_Fix_MidWeek,,trade_weighted,False,0,,False,DESCRIPTIVE_ONLY,Q5,18.0,1.2894736839999998,0.07163742688888888,2.0461144318938462,66.66666666666666,0.21017543858333332,-0.2054385965,True
Historical,primary,14,Strategy,14.0,14_UJ_Sat_3rd,,trade_weighted,False,0,,False,DESCRIPTIVE_ONLY,Q1,13.0,1.8088888900000004,0.13914529923076926,1.5720309209818712,61.53846153846154,0.621388889,-0.6324444444000001,True
Historical,primary,14,Strategy,14.0,14_UJ_Sat_3rd,,trade_weighted,False,0,,False,DESCRIPTIVE_ONLY,Q2,8.0,1.3822222219999998,0.17277777774999997,2.118705035388955,62.5,0.5235555556,-0.411851852,True
Historical,primary,14,Strategy,14.0,14_UJ_Sat_3rd,,trade_weighted,False,0,,False,DESCRIPTIVE_ONLY,Q3,6.0,-0.25111111099999994,-0.04185185183333332,0.821202531668102,66.66666666666666,0.28833333325,-0.7022222220000001,True
Historical,primary,14,Strategy,14.0,14_UJ_Sat_3rd,,trade_weighted,False,0,,False,DESCRIPTIVE_ONLY,Q4,5.0,0.25777777700000004,0.05155555540000001,1.244210525476122,40.0,0.6566666665,-0.351851852,True
Historical,primary,14,Strategy,14.0,14_UJ_Sat_3rd,,trade_weighted,False,0,,False,DESCRIPTIVE_ONLY,Q5,4.0,3.0266666680000003,0.7566666670000001,124.81818412396699,75.0,1.0170370373333333,-0.024444444,True
Historical,primary,15,Strategy,15.0,15_UJ_Sat_Aug,,trade_weighted,False,0,,False,DESCRIPTIVE_ONLY,Q1,7.0,0.5449999999999999,0.07785714285714285,1.165151515151515,42.857142857142854,1.2816666666666665,-0.825,True
Historical,primary,15,Strategy,15.0,15_UJ_Sat_Aug,,trade_weighted,False,0,,False,DESCRIPTIVE_ONLY,Q2,8.0,2.15,0.26875,1.9247311827956985,62.5,0.8949999999999999,-0.775,True
Historical,primary,15,Strategy,15.0,15_UJ_Sat_Aug,,trade_weighted,False,0,,False,DESCRIPTIVE_ONLY,Q3,4.0,1.29,0.3225,2.032,50.0,1.27,-0.625,True
Historical,primary,15,Strategy,15.0,15_UJ_Sat_Aug,,trade_weighted,False,0,,False,DESCRIPTIVE_ONLY,Q4,11.0,5.685,0.5168181818181817,2.6598540145985403,63.63636363636363,1.3014285714285714,-0.85625,True
Historical,primary,15,Strategy,15.0,15_UJ_Sat_Aug,,trade_weighted,False,0,,False,DESCRIPTIVE_ONLY,Q5,7.0,1.405,0.2007142857142857,1.4238310708898945,42.857142857142854,1.5733333333333333,-0.82875,True
Historical,primary,16,Strategy,16.0,16_UJ_T10A,,trade_weighted,False,0,,False,DESCRIPTIVE_ONLY,Q1,10.0,2.5199999999999996,0.25199999999999995,11.12499999547991,80.0,0.346111111125,-0.1244444445,True
Historical,primary,16,Strategy,16.0,16_UJ_T10A,,trade_weighted,False,0,,False,DESCRIPTIVE_ONLY,Q2,5.0,1.24,0.248,2.9375000000000004,60.0,0.6266666666666666,-0.31999999999999995,True
Historical,primary,16,Strategy,16.0,16_UJ_T10A,,trade_weighted,False,0,,False,DESCRIPTIVE_ONLY,Q3,7.0,-1.5399999990000002,-0.21999999985714289,0.326530612485869,42.857142857142854,0.24888888900000003,-0.5716666665,True
Historical,primary,16,Strategy,16.0,16_UJ_T10A,,trade_weighted,False,0,,False,DESCRIPTIVE_ONLY,Q4,5.0,1.9311111109999999,0.38622222219999996,4.114695340322581,80.0,0.63777777775,-0.62,True
Historical,primary,16,Strategy,16.0,16_UJ_T10A,,trade_weighted,False,0,,False,DESCRIPTIVE_ONLY,Q5,4.0,2.017777777,0.50444444425,3.776758407441854,50.0,1.372222222,-0.36333333349999997,True
Historical,primary,17,Strategy,17.0,17_EA_1B_Wed_Short,,trade_weighted,True,1,17,False,DESCRIPTIVE_ONLY,Q1,60.0,20.120000001,0.33533333335000004,3.7955537913814124,70.0,0.6504081632857143,-0.39984126983333335,False
Historical,primary,17,Strategy,17.0,17_EA_1B_Wed_Short,,trade_weighted,True,1,17,False,DESCRIPTIVE_ONLY,Q2,37.0,-2.5242857150000013,-0.06822393824324328,0.7826033464058758,43.24324324324324,0.5679464285625,-0.5529251700952381,False
Historical,primary,17,Strategy,17.0,17_EA_1B_Wed_Short,,trade_weighted,True,1,17,False,DESCRIPTIVE_ONLY,Q3,40.0,4.055714283,0.10139285707500001,1.3296945764414514,55.00000000000001,0.7435064934545456,-0.6834126985000001,False
Historical,primary,17,Strategy,17.0,17_EA_1B_Wed_Short,,trade_weighted,True,1,17,False,DESCRIPTIVE_ONLY,Q4,27.0,0.5757142850000002,0.021322751296296304,1.079019607752845,48.148148148148145,0.6047252746153846,-0.5204081632142857,False
Historical,primary,17,Strategy,17.0,17_EA_1B_Wed_Short,,trade_weighted,True,1,17,False,DESCRIPTIVE_ONLY,Q5,25.0,11.862857144,0.47451428576,2.9956741170870305,72.0,0.9892857143333332,-0.8491836734285715,False
Historical,primary,18,Strategy,18.0,18_EA_2_MonWed_Short,,trade_weighted,True,1,18,False,DESCRIPTIVE_ONLY,Q1,177.0,19.53666667,0.11037664785310734,1.5465991048122745,55.367231638418076,0.5640702948061224,-0.45243319267088616,False
Historical,primary,18,Strategy,18.0,18_EA_2_MonWed_Short,,trade_weighted,True,1,18,False,DESCRIPTIVE_ONLY,Q2,91.0,-8.917777779,-0.09799755801098901,0.7012803334479393,43.956043956043956,0.523388888875,-0.5970666666800001,False
Historical,primary,18,Strategy,18.0,18_EA_2_MonWed_Short,,trade_weighted,True,1,18,False,DESCRIPTIVE_ONLY,Q3,106.0,14.825555557999998,0.13986373167924526,1.6044394112419977,58.490566037735846,0.6347311828064517,-0.557449494909091,False
Historical,primary,18,Strategy,18.0,18_EA_2_MonWed_Short,,trade_weighted,True,1,18,False,DESCRIPTIVE_ONLY,Q4,70.0,8.246666668,0.11780952382857142,1.4254758083745183,57.14285714285714,0.69072222225,-0.6460740740666666,False
Historical,primary,18,Strategy,18.0,18_EA_2_MonWed_Short,,trade_weighted,True,1,18,False,DESCRIPTIVE_ONLY,Q5,59.0,8.749999998,0.1483050847118644,1.3907219051354325,52.54237288135594,1.0046594981612902,-0.7998015873214285,False
Historical,primary,19,Strategy,19.0,19_EA_3_WedThu_Long,,trade_weighted,True,1,19,False,DESCRIPTIVE_ONLY,Q1,124.0,8.138888890999999,0.06563620073387096,1.3867476242028918,54.83870967741935,0.4291666666764705,-0.37579365076785715,False
Historical,primary,19,Strategy,19.0,19_EA_3_WedThu_Long,,trade_weighted,True,1,19,False,DESCRIPTIVE_ONLY,Q2,70.0,1.084444446,0.015492063514285715,1.0820374885656576,50.0,0.40866666668571433,-0.37768253965714293,False
Historical,primary,19,Strategy,19.0,19_EA_3_WedThu_Long,,trade_weighted,True,1,19,False,DESCRIPTIVE_ONLY,Q3,75.0,5.296666671000001,0.07062222228000002,1.4251315441561327,60.0,0.39456790128888874,-0.41529629623333336,False
Historical,primary,19,Strategy,19.0,19_EA_3_WedThu_Long,,trade_weighted,True,1,19,False,DESCRIPTIVE_ONLY,Q4,49.0,5.452222224000001,0.11126984130612247,1.4568901305155553,53.06122448979592,0.6686752137307692,-0.5188405796956522,False
Historical,primary,19,Strategy,19.0,19_EA_3_WedThu_Long,,trade_weighted,True,1,19,False,DESCRIPTIVE_ONLY,Q5,58.0,9.528888888999997,0.16429118774137927,1.5226400146385846,56.896551724137936,0.8412457912424243,-0.7292888888799999,False
Historical,primary,20,Strategy,20.0,20_EA_1A_MonTue_Short,,trade_weighted,True,1,20,False,DESCRIPTIVE_ONLY,Q1,145.0,4.201999999999998,0.028979310344827574,1.135269121813031,55.172413793103445,0.44082499999999997,-0.4779076923076923,False
Historical,primary,20,Strategy,20.0,20_EA_1A_MonTue_Short,,trade_weighted,True,1,20,False,DESCRIPTIVE_ONLY,Q2,72.0,5.354,0.07436111111111111,1.3719088635732148,54.166666666666664,0.5064102564102565,-0.449875,False
Historical,primary,20,Strategy,20.0,20_EA_1A_MonTue_Short,,trade_weighted,True,1,20,False,DESCRIPTIVE_ONLY,Q3,79.0,5.262,0.06660759493670886,1.2767143458140513,53.16455696202531,0.5780476190476191,-0.513945945945946,False
Historical,primary,20,Strategy,20.0,20_EA_1A_MonTue_Short,,trade_weighted,True,1,20,False,DESCRIPTIVE_ONLY,Q4,52.0,-0.7780000000000011,-0.014961538461538483,0.9494016649323621,48.07692307692308,0.58392,-0.5694814814814815,False
Historical,primary,20,Strategy,20.0,20_EA_1A_MonTue_Short,,trade_weighted,True,1,20,False,DESCRIPTIVE_ONLY,Q5,50.0,9.07,0.1814,1.5862960568842923,57.99999999999999,0.8462068965517242,-0.7366666666666667,False
Historical,primary,21,Strategy,21.0,21_GA_B_3,,trade_weighted,True,1,21,False,DESCRIPTIVE_ONLY,Q1,120.0,-0.6372727229999999,-0.005310606024999999,0.9343694414900868,45.83333333333333,0.1649586777272728,-0.14938461535384615,False
Historical,primary,21,Strategy,21.0,21_GA_B_3,,trade_weighted,True,1,21,False,DESCRIPTIVE_ONLY,Q2,64.0,-0.23318181900000012,-0.003643465921875002,0.9620842570793356,53.125,0.1740240641764706,-0.20500000003333338,False
Historical,primary,21,Strategy,21.0,21_GA_B_3,,trade_weighted,True,1,21,False,DESCRIPTIVE_ONLY,Q3,43.0,-2.628636363,-0.061131078209302324,0.5798459752860283,41.86046511627907,0.20154040422222222,-0.25025454556,False
Historical,primary,21,Strategy,21.0,21_GA_B_3,,trade_weighted,True,1,21,False,DESCRIPTIVE_ONLY,Q4,32.0,1.640000001,0.05125000003125,1.5518507189913107,56.25,0.2562121213333334,-0.21227272735714284,False
Historical,primary,21,Strategy,21.0,21_GA_B_3,,trade_weighted,True,1,21,False,DESCRIPTIVE_ONLY,Q5,48.0,1.7477272799999994,0.036410984999999986,1.3138263154385557,52.083333333333336,0.29267272752,-0.2421343873043478,False
Historical,primary,22,Strategy,22.0,22_GA_C_2,,trade_weighted,True,1,22,False,DESCRIPTIVE_ONLY,Q1,74.0,16.612857147,0.22449806955405405,1.9549971258964034,59.45945945945946,0.7729220780454547,-0.5798571429,False
Historical,primary,22,Strategy,22.0,22_GA_C_2,,trade_weighted,True,1,22,False,DESCRIPTIVE_ONLY,Q2,66.0,9.822857145000002,0.1488311688636364,1.507866164509702,60.60606060606061,0.729107142925,-0.7439010989230769,False
Historical,primary,22,Strategy,22.0,22_GA_C_2,,trade_weighted,True,1,22,False,DESCRIPTIVE_ONLY,Q3,28.0,3.607142860000001,0.12882653071428576,1.3993357587409674,53.57142857142857,0.8426666667333335,-0.6948351646923078,False
Historical,primary,22,Strategy,22.0,22_GA_C_2,,trade_weighted,True,1,22,False,DESCRIPTIVE_ONLY,Q4,29.0,-4.382857141999999,-0.15113300489655168,0.6548154815845918,37.93103448275862,0.7558441558181819,-0.7053968253333334,False
Historical,primary,22,Strategy,22.0,22_GA_C_2,,trade_weighted,True,1,22,False,DESCRIPTIVE_ONLY,Q5,47.0,10.004285718000004,0.21285714293617028,1.5715335022210326,59.57446808510638,0.9824489797142858,-0.9212781954736841,False
Historical,primary,23,Strategy,23.0,23_GA_F_2,,trade_weighted,True,1,23,True,DESCRIPTIVE_ONLY,Q1,62.0,-4.383333334,-0.07069892474193548,0.6526065515284275,41.935483870967744,0.31670940165384615,-0.35049382713888894,False
Historical,primary,23,Strategy,23.0,23_GA_F_2,,trade_weighted,True,1,23,True,DESCRIPTIVE_ONLY,Q2,52.0,2.6899999999999995,0.05173076923076922,1.3205773304745152,50.0,0.42619658123076926,-0.33564444447999997,False
Historical,primary,23,Strategy,23.0,23_GA_F_2,,trade_weighted,True,1,23,True,DESCRIPTIVE_ONLY,Q3,36.0,5.6555555580000005,0.15709876550000001,2.036026868110894,63.888888888888886,0.48323671504347826,-0.41991452984615385,False
Historical,primary,23,Strategy,23.0,23_GA_F_2,,trade_weighted,True,1,23,True,DESCRIPTIVE_ONLY,Q4,26.0,6.400000002,0.24615384623076922,4.777049180269819,76.92307692307693,0.40472222234999994,-0.2824074075,False
Historical,primary,23,Strategy,23.0,23_GA_F_2,,trade_weighted,True,1,23,True,DESCRIPTIVE_ONLY,Q5,45.0,6.201111110000001,0.13780246911111113,1.8344796648224306,53.333333333333336,0.56800925925,-0.3538624339047619,False
Historical,primary,24,Strategy,24.0,24_GA_D_1,,trade_weighted,True,1,24,False,DESCRIPTIVE_ONLY,Q1,62.0,4.233333334,0.06827956990322581,1.4526553405130003,56.451612903225815,0.3881587301428572,-0.3463786007777777,False
Historical,primary,24,Strategy,24.0,24_GA_D_1,,trade_weighted,True,1,24,False,DESCRIPTIVE_ONLY,Q2,52.0,6.927777777999998,0.1332264957307692,1.9870191548186824,63.46153846153846,0.4226262626060606,-0.3694152046315789,False
Historical,primary,24,Strategy,24.0,24_GA_D_1,,trade_weighted,True,1,24,False,DESCRIPTIVE_ONLY,Q3,36.0,1.6099999999999999,0.04472222222222222,1.225525291825284,61.111111111111114,0.39767676768181826,-0.5099206349285714,False
Historical,primary,24,Strategy,24.0,24_GA_D_1,,trade_weighted,True,1,24,False,DESCRIPTIVE_ONLY,Q4,26.0,1.6966666670000001,0.06525641026923078,1.342146538331552,57.692307692307686,0.4437037036666666,-0.4508080807272727,False
Historical,primary,24,Strategy,24.0,24_GA_D_1,,trade_weighted,True,1,24,False,DESCRIPTIVE_ONLY,Q5,45.0,2.859999997999999,0.06355555551111108,1.2450028553048256,46.666666666666664,0.6920634920476191,-0.48638888895833327,False
Historical,primary,25,Strategy,25.0,25_AU_China_Demand,,trade_weighted,True,1,25,False,DESCRIPTIVE_ONLY,Q1,211.0,8.98,0.04255924170616114,1.2954919381375452,51.18483412322274,0.36453703703703694,-0.3008910891089109,False
Historical,primary,25,Strategy,25.0,25_AU_China_Demand,,trade_weighted,True,1,25,False,DESCRIPTIVE_ONLY,Q2,83.0,8.817499999999999,0.10623493975903613,1.8897578203834509,61.44578313253012,0.36720588235294116,-0.31967741935483873,False
Historical,primary,25,Strategy,25.0,25_AU_China_Demand,,trade_weighted,True,1,25,False,DESCRIPTIVE_ONLY,Q3,105.0,3.7499999999999996,0.03571428571428571,1.224887556221889,53.333333333333336,0.3647321428571428,-0.3403061224489795,False
Historical,primary,25,Strategy,25.0,25_AU_China_Demand,,trade_weighted,True,1,25,False,DESCRIPTIVE_ONLY,Q4,49.0,7.297499999999999,0.1489285714285714,2.0131898646303363,61.224489795918366,0.4833333333333333,-0.379078947368421,False
Historical,primary,25,Strategy,25.0,25_AU_China_Demand,,trade_weighted,True,1,25,False,DESCRIPTIVE_ONLY,Q5,87.0,6.384999999999999,0.07339080459770114,1.3361853363169673,56.32183908045977,0.5179081632653062,-0.5133108108108108,False
Historical,primary,26,Strategy,26.0,26_AJ_China_Demand,,trade_weighted,True,1,26,False,DESCRIPTIVE_ONLY,Q1,89.0,2.742222226000001,0.03081148568539327,1.1692729769031314,55.0561797752809,0.3865759638163266,-0.4153846154102564,False
Historical,primary,26,Strategy,26.0,26_AJ_China_Demand,,trade_weighted,True,1,26,False,DESCRIPTIVE_ONLY,Q2,38.0,4.942222223000001,0.1300584795526316,2.97338065727123,68.42105263157895,0.28641025642307694,-0.20870370366666668,False
Historical,primary,26,Strategy,26.0,26_AJ_China_Demand,,trade_weighted,True,1,26,False,DESCRIPTIVE_ONLY,Q3,50.0,3.975555557,0.07951111114,1.4181860684814491,54.0,0.4993415637777777,-0.4133333332608695,False
Historical,primary,26,Strategy,26.0,26_AJ_China_Demand,,trade_weighted,True,1,26,False,DESCRIPTIVE_ONLY,Q4,48.0,5.933333335999999,0.12361111116666663,1.534855769583653,47.91666666666667,0.7402898550869562,-0.4437333332399999,False
Historical,primary,26,Strategy,26.0,26_AJ_China_Demand,,trade_weighted,True,1,26,False,DESCRIPTIVE_ONLY,Q5,45.0,6.0999999990000005,0.13555555553333334,1.4846398304161903,55.55555555555556,0.7474666666399998,-0.6293333333500001,False
Historical,primary,27,Strategy,27.0,27_EA_China_Demand,,trade_weighted,True,1,27,False,DESCRIPTIVE_ONLY,Q1,89.0,9.851666665,0.1106928838764045,1.900380806967169,61.79775280898876,0.3780606060727272,-0.32181372555882354,False
Historical,primary,27,Strategy,27.0,27_EA_China_Demand,,trade_weighted,True,1,27,False,DESCRIPTIVE_ONLY,Q2,71.0,4.499999998000001,0.06338028166197184,1.3439490444155953,59.154929577464785,0.41865079361904767,-0.4511494253103448,False
Historical,primary,27,Strategy,27.0,27_EA_China_Demand,,trade_weighted,True,1,27,False,DESCRIPTIVE_ONLY,Q3,51.0,7.249999998,0.14215686270588235,1.9573063378062194,58.82352941176471,0.49411111103333333,-0.36063492061904767,False
Historical,primary,27,Strategy,27.0,27_EA_China_Demand,,trade_weighted,True,1,27,False,DESCRIPTIVE_ONLY,Q4,55.0,4.436666665999999,0.08066666665454543,1.346163849093728,60.0,0.5228282828181818,-0.5825757575909091,False
Historical,primary,27,Strategy,27.0,27_EA_China_Demand,,trade_weighted,True,1,27,False,DESCRIPTIVE_ONLY,Q5,39.0,3.573333333,0.09162393161538461,1.3197613720805368,61.53846153846154,0.614513888875,-0.745,False
Historical,primary,28,Strategy,28.0,28_GA_China_Demand,,trade_weighted,True,1,28,False,DESCRIPTIVE_ONLY,Q1,86.0,-2.5026666649999987,-0.02910077517441859,0.8701846601418056,45.348837209302324,0.4301538461282051,-0.41018439710638305,False
Historical,primary,28,Strategy,28.0,28_GA_China_Demand,,trade_weighted,True,1,28,False,DESCRIPTIVE_ONLY,Q2,70.0,5.233333332999998,0.07476190475714284,1.5190425813804287,54.285714285714285,0.4030526315263158,-0.31508333328125004,False
Historical,primary,28,Strategy,28.0,28_GA_China_Demand,,trade_weighted,True,1,28,False,DESCRIPTIVE_ONLY,Q3,56.0,9.850666662,0.17590476182142858,2.0440927071023047,62.5,0.5510095237142859,-0.4492698413333334,False
Historical,primary,28,Strategy,28.0,28_GA_China_Demand,,trade_weighted,True,1,28,False,DESCRIPTIVE_ONLY,Q4,32.0,4.751999996999999,0.14849999990624996,1.895027623800542,59.375,0.5295438594736842,-0.40841025638461537,False
Historical,primary,28,Strategy,28.0,28_GA_China_Demand,,trade_weighted,True,1,28,False,DESCRIPTIVE_ONLY,Q5,58.0,-0.3293333330000004,-0.00567816091379311,0.9760101010343822,53.44827586206896,0.4322150537741935,-0.5084444444444445,False
Historical,primary,Portfolio,Group,,,Portfolio,trade_weighted,True,24,1|2|3|4|5|6|7|8|9|10|11|12|17|18|19|20|21|22|23|24|25|26|27|28,False,DESCRIPTIVE_ONLY,Q1,2732.0,144.21515144199998,0.05278739071815519,1.2987164477677773,54.06295754026355,0.424507726845633,-0.3859174749072742,False
Historical,primary,Portfolio,Group,,,Portfolio,trade_weighted,True,24,1|2|3|4|5|6|7|8|9|10|11|12|17|18|19|20|21|22|23|24|25|26|27|28,False,DESCRIPTIVE_ONLY,Q2,1708.0,108.01175548199998,0.06323873271779859,1.336480246682406,54.156908665105384,0.46380162117297297,-0.4126024988470437,False
Historical,primary,Portfolio,Group,,,Portfolio,trade_weighted,True,24,1|2|3|4|5|6|7|8|9|10|11|12|17|18|19|20|21|22|23|24|25|26|27|28,False,DESCRIPTIVE_ONLY,Q3,1509.0,148.02532823599998,0.09809498226375081,1.489007412593641,55.400927766732934,0.5391519405610048,-0.4511262206751118,False
Historical,primary,Portfolio,Group,,,Portfolio,trade_weighted,True,24,1|2|3|4|5|6|7|8|9|10|11|12|17|18|19|20|21|22|23|24|25|26|27|28,False,DESCRIPTIVE_ONLY,Q4,1237.0,101.5234461,0.08207230889248181,1.364225919338023,55.05254648342765,0.5583862140117474,-0.5040462308173599,False
Historical,primary,Portfolio,Group,,,Portfolio,trade_weighted,True,24,1|2|3|4|5|6|7|8|9|10|11|12|17|18|19|20|21|22|23|24|25|26|27|28,False,DESCRIPTIVE_ONLY,Q5,1354.0,188.794290975,0.13943448373338257,1.5473671180596706,56.42540620384048,0.6985703651884818,-0.5855916265348048,False
Historical,primary,Portfolio,Group,,,Portfolio,strategy_equal_weighted,True,24,1|2|3|4|5|6|7|8|9|10|11|12|17|18|19|20|21|22|23|24|25|26|27|28,False,DESCRIPTIVE_ONLY,Q1,,,0.05667673275066163,,,,,
Historical,primary,Portfolio,Group,,,Portfolio,strategy_equal_weighted,True,24,1|2|3|4|5|6|7|8|9|10|11|12|17|18|19|20|21|22|23|24|25|26|27|28,False,DESCRIPTIVE_ONLY,Q2,,,0.07286934729121376,,,,,
Historical,primary,Portfolio,Group,,,Portfolio,strategy_equal_weighted,True,24,1|2|3|4|5|6|7|8|9|10|11|12|17|18|19|20|21|22|23|24|25|26|27|28,False,DESCRIPTIVE_ONLY,Q3,,,0.0997072180822825,,,,,
Historical,primary,Portfolio,Group,,,Portfolio,strategy_equal_weighted,True,24,1|2|3|4|5|6|7|8|9|10|11|12|17|18|19|20|21|22|23|24|25|26|27|28,False,DESCRIPTIVE_ONLY,Q4,,,0.08421310688996737,,,,,
Historical,primary,Portfolio,Group,,,Portfolio,strategy_equal_weighted,True,24,1|2|3|4|5|6|7|8|9|10|11|12|17|18|19|20|21|22|23|24|25|26|27|28,False,DESCRIPTIVE_ONLY,Q5,,,0.13724946804772478,,,,,
Historical,primary,JPY,Group,,,JPY,trade_weighted,True,13,1|2|3|4|5|6|7|8|9|10|11|12|26,False,DESCRIPTIVE_ONLY,Q1,1522.0,60.06301145600001,0.03946321383442839,1.2160159978981555,54.33639947437582,0.4088414938669891,-0.4012249696565657,False
Historical,primary,JPY,Group,,,JPY,trade_weighted,True,13,1|2|3|4|5|6|7|8|9|10|11|12|26,False,DESCRIPTIVE_ONLY,Q2,980.0,75.257088095,0.07679294703571429,1.4229169750905537,54.18367346938775,0.47684510891148774,-0.39720460878794633,False
Historical,primary,JPY,Group,,,JPY,trade_weighted,True,13,1|2|3|4|5|6|7|8|9|10|11|12|26,False,DESCRIPTIVE_ONLY,Q3,854.0,89.490663009,0.1047900035234192,1.5177910918173312,54.56674473067916,0.562923311776824,-0.4477502597901555,False
Historical,primary,JPY,Group,,,JPY,trade_weighted,True,13,1|2|3|4|5|6|7|8|9|10|11|12|26,False,DESCRIPTIVE_ONLY,Q4,790.0,66.186866732,0.08378084396455696,1.3737059062196015,54.55696202531646,0.5644927335545242,-0.4974985995224719,False
Historical,primary,JPY,Group,,,JPY,trade_weighted,True,13,1|2|3|4|5|6|7|8|9|10|11|12|26,False,DESCRIPTIVE_ONLY,Q5,793.0,119.14042083800001,0.15024012716015134,1.6053907948803832,56.87263556116016,0.7005312980421287,-0.5754362414590644,False
Historical,primary,JPY,Group,,,JPY,strategy_equal_weighted,True,13,1|2|3|4|5|6|7|8|9|10|11|12|26,False,DESCRIPTIVE_ONLY,Q1,,,0.036845894971967844,,,,,
Historical,primary,JPY,Group,,,JPY,strategy_equal_weighted,True,13,1|2|3|4|5|6|7|8|9|10|11|12|26,False,DESCRIPTIVE_ONLY,Q2,,,0.09620850481050117,,,,,
Historical,primary,JPY,Group,,,JPY,strategy_equal_weighted,True,13,1|2|3|4|5|6|7|8|9|10|11|12|26,False,DESCRIPTIVE_ONLY,Q3,,,0.10701495981038645,,,,,
Historical,primary,JPY,Group,,,JPY,strategy_equal_weighted,True,13,1|2|3|4|5|6|7|8|9|10|11|12|26,False,DESCRIPTIVE_ONLY,Q4,,,0.09200396136659231,,,,,
Historical,primary,JPY,Group,,,JPY,strategy_equal_weighted,True,13,1|2|3|4|5|6|7|8|9|10|11|12|26,False,DESCRIPTIVE_ONLY,Q5,,,0.13196261131342046,,,,,
Historical,primary,AUD_nonJPY,Group,,,AUD_nonJPY,trade_weighted,True,11,17|18|19|20|21|22|23|24|25|27|28,False,DESCRIPTIVE_ONLY,Q1,1210.0,84.152139986,0.06954722312892561,1.4110318691924444,53.71900826446281,0.4444399955738461,-0.36690655400896055,False
Historical,primary,AUD_nonJPY,Group,,,AUD_nonJPY,trade_weighted,True,11,17|18|19|20|21|22|23|24|25|27|28,False,DESCRIPTIVE_ONLY,Q2,728.0,32.754667387,0.044992674982142856,1.228962226351622,54.12087912087912,0.44622270749492393,-0.43350630110909083,False
Historical,primary,AUD_nonJPY,Group,,,AUD_nonJPY,trade_weighted,True,11,17|18|19|20|21|22|23|24|25|27|28,False,DESCRIPTIVE_ONLY,Q3,655.0,58.534665227000005,0.08936590110992366,1.4507031657895135,56.48854961832062,0.5092128622189188,-0.4556985747157894,False
Historical,primary,AUD_nonJPY,Group,,,AUD_nonJPY,trade_weighted,True,11,17|18|19|20|21|22|23|24|25|27|28,False,DESCRIPTIVE_ONLY,Q4,447.0,35.336579368,0.0790527502639821,1.347704934084807,55.92841163310962,0.54785857432,-0.5158784985380711,False
Historical,primary,AUD_nonJPY,Group,,,AUD_nonJPY,trade_weighted,True,11,17|18|19|20|21|22|23|24|25|27|28,False,DESCRIPTIVE_ONLY,Q5,561.0,69.65387013700001,0.12416019632263817,1.4702711529048789,55.79322638146168,0.6957448676900958,-0.5996529289473684,False
Historical,primary,AUD_nonJPY,Group,,,AUD_nonJPY,strategy_equal_weighted,True,11,17|18|19|20|21|22|23|24|25|27|28,False,DESCRIPTIVE_ONLY,Q1,,,0.08011317739820885,,,,,
Historical,primary,AUD_nonJPY,Group,,,AUD_nonJPY,strategy_equal_weighted,True,11,17|18|19|20|21|22|23|24|25|27|28,False,DESCRIPTIVE_ONLY,Q2,,,0.04528670658660138,,,,,
Historical,primary,AUD_nonJPY,Group,,,AUD_nonJPY,strategy_equal_weighted,True,11,17|18|19|20|21|22|23|24|25|27|28,False,DESCRIPTIVE_ONLY,Q3,,,0.09107079603997786,,,,,
Historical,primary,AUD_nonJPY,Group,,,AUD_nonJPY,strategy_equal_weighted,True,11,17|18|19|20|21|22|23|24|25|27|28,False,DESCRIPTIVE_ONLY,Q4,,,0.07500573341759244,,,,,
Historical,primary,AUD_nonJPY,Group,,,AUD_nonJPY,strategy_equal_weighted,True,11,17|18|19|20|21|22|23|24|25|27|28,False,DESCRIPTIVE_ONLY,Q5,,,0.14349757146099354,,,,,
Historical,primary,Long,Group,,,Long,trade_weighted,True,13,1|2|3|4|6|7|8|19|21|22|24|25|26,False,DESCRIPTIVE_ONLY,Q1,1691.0,73.288535277,0.04334035202661147,1.2616365067621917,54.22826729745712,0.3853919257982552,-0.36378683205194806,False
Historical,primary,Long,Group,,,Long,trade_weighted,True,13,1|2|3|4|6|7|8|19|21|22|24|25|26,False,DESCRIPTIVE_ONLY,Q2,991.0,61.154707872,0.06171009876084763,1.3705761032237445,55.095862764883954,0.41425045910989017,-0.3716802765810811,False
Historical,primary,Long,Group,,,Long,trade_weighted,True,13,1|2|3|4|6|7|8|19|21|22|24|25|26,False,DESCRIPTIVE_ONLY,Q3,818.0,75.71517961,0.09256134426650367,1.5232977023352157,55.62347188264059,0.4844037754725275,-0.3996920945580111,False
Historical,primary,Long,Group,,,Long,trade_weighted,True,13,1|2|3|4|6|7|8|19|21|22|24|25|26,False,DESCRIPTIVE_ONLY,Q4,708.0,37.49303485400001,0.05295626391807911,1.2421848421357284,54.378531073446325,0.49949268619480514,-0.48227928140498444,False
Historical,primary,Long,Group,,,Long,trade_weighted,True,13,1|2|3|4|6|7|8|19|21|22|24|25|26,False,DESCRIPTIVE_ONLY,Q5,803.0,89.84744393000001,0.1118897184682441,1.4786397179095518,56.911581569115825,0.6073557676958425,-0.5440989620492753,False
Historical,primary,Long,Group,,,Long,strategy_equal_weighted,True,13,1|2|3|4|6|7|8|19|21|22|24|25|26,False,DESCRIPTIVE_ONLY,Q1,,,0.042724706138944746,,,,,
Historical,primary,Long,Group,,,Long,strategy_equal_weighted,True,13,1|2|3|4|6|7|8|19|21|22|24|25|26,False,DESCRIPTIVE_ONLY,Q2,,,0.06904399997933544,,,,,
Historical,primary,Long,Group,,,Long,strategy_equal_weighted,True,13,1|2|3|4|6|7|8|19|21|22|24|25|26,False,DESCRIPTIVE_ONLY,Q3,,,0.09983296924611751,,,,,
Historical,primary,Long,Group,,,Long,strategy_equal_weighted,True,13,1|2|3|4|6|7|8|19|21|22|24|25|26,False,DESCRIPTIVE_ONLY,Q4,,,0.053011262057253115,,,,,
Historical,primary,Long,Group,,,Long,strategy_equal_weighted,True,13,1|2|3|4|6|7|8|19|21|22|24|25|26,False,DESCRIPTIVE_ONLY,Q5,,,0.09866274986535856,,,,,
Historical,primary,Short,Group,,,Short,trade_weighted,True,11,5|9|10|11|12|17|18|20|23|27|28,False,DESCRIPTIVE_ONLY,Q1,1041.0,70.92661616499998,0.06813315673871276,1.3499664524145996,53.79442843419788,0.48855985106071426,-0.4213449073367983,False
Historical,primary,Short,Group,,,Short,trade_weighted,True,11,5|9|10|11|12|17|18|20|23|27|28,False,DESCRIPTIVE_ONLY,Q2,717.0,46.857047609999995,0.06535153083682008,1.300406704371628,52.859135285913524,0.5351866725883905,-0.4670020997035928,False
Historical,primary,Short,Group,,,Short,trade_weighted,True,11,5|9|10|11|12|17|18|20|23|27|28,False,DESCRIPTIVE_ONLY,Q3,691.0,72.310148626,0.10464565647756874,1.4576094806936322,55.137481910274964,0.6045336075301837,-0.5113823813689321,False
Historical,primary,Short,Group,,,Short,trade_weighted,True,11,5|9|10|11|12|17|18|20|23|27|28,False,DESCRIPTIVE_ONLY,Q4,529.0,64.030411246,0.12104047494517958,1.5166829760234461,55.954631379962194,0.634987593097973,-0.534163432375,False
Historical,primary,Short,Group,,,Short,trade_weighted,True,11,5|9|10|11|12|17|18|20|23|27|28,False,DESCRIPTIVE_ONLY,Q5,551.0,98.946847045,0.17957685489110708,1.6294355674795253,55.716878402903816,0.8343523555928339,-0.6442595332868852,False
Historical,primary,Short,Group,,,Short,strategy_equal_weighted,True,11,5|9|10|11|12|17|18|20|23|27|28,False,DESCRIPTIVE_ONLY,Q1,,,0.07316549147359977,,,,,
Historical,primary,Short,Group,,,Short,strategy_equal_weighted,True,11,5|9|10|11|12|17|18|20|23|27|28,False,DESCRIPTIVE_ONLY,Q2,,,0.07739021229616086,,,,,
Historical,primary,Short,Group,,,Short,strategy_equal_weighted,True,11,5|9|10|11|12|17|18|20|23|27|28,False,DESCRIPTIVE_ONLY,Q3,,,0.09955860307047751,,,,,
Historical,primary,Short,Group,,,Short,strategy_equal_weighted,True,11,5|9|10|11|12|17|18|20|23|27|28,False,DESCRIPTIVE_ONLY,Q4,,,0.12108801441953877,,,,,
Historical,primary,Short,Group,,,Short,strategy_equal_weighted,True,11,5|9|10|11|12|17|18|20|23|27|28,False,DESCRIPTIVE_ONLY,Q5,,,0.18285195317233943,,,,,
Historical,robustness,1,Strategy,1.0,1_EJ_Log1,,trade_weighted,True,1,1,True,DESCRIPTIVE_ONLY,Q1,125.0,-0.28714285999999906,-0.0022971428799999924,0.9905545111851427,51.2,0.470513392859375,-0.4983606557868852,False
Historical,robustness,1,Strategy,1.0,1_EJ_Log1,,trade_weighted,True,1,1,True,DESCRIPTIVE_ONLY,Q2,88.0,9.747142855,0.11076298698863636,1.6094685125513555,55.68181818181818,0.5253061224285714,-0.4100732601025641,False
Historical,robustness,1,Strategy,1.0,1_EJ_Log1,,trade_weighted,True,1,1,True,DESCRIPTIVE_ONLY,Q3,87.0,12.962857143999999,0.1489983579770115,1.7388649133578515,66.66666666666666,0.5259852216896551,-0.6049753694482758,False
Historical,robustness,1,Strategy,1.0,1_EJ_Log1,,trade_weighted,True,1,1,True,DESCRIPTIVE_ONLY,Q4,73.0,6.101428574,0.08358121334246575,1.327807199460221,56.16438356164384,0.6027874565121951,-0.58165178571875,False
Historical,robustness,1,Strategy,1.0,1_EJ_Log1,,trade_weighted,True,1,1,True,DESCRIPTIVE_ONLY,Q5,75.0,18.114285713999998,0.24152380951999997,1.942610764190772,61.33333333333333,0.8115527950217394,-0.6626600985172415,False
Historical,robustness,2,Strategy,2.0,2_EJ_NightBlitz_20,,trade_weighted,True,1,2,False,DESCRIPTIVE_ONLY,Q1,153.0,-2.539999993,-0.01660130714379085,0.938222894993101,49.01960784313725,0.51434074084,-0.533968253974026,False
Historical,robustness,2,Strategy,2.0,2_EJ_NightBlitz_20,,trade_weighted,True,1,2,False,DESCRIPTIVE_ONLY,Q2,109.0,9.946666671000001,0.09125382266972477,1.4063180829656865,63.30275229357798,0.4989371981304348,-0.6119999999999999,False
Historical,robustness,2,Strategy,2.0,2_EJ_NightBlitz_20,,trade_weighted,True,1,2,False,DESCRIPTIVE_ONLY,Q3,106.0,14.820000002999995,0.13981132078301883,1.5845385223453134,55.660377358490564,0.6809039548474576,-0.5394326241063829,False
Historical,robustness,2,Strategy,2.0,2_EJ_NightBlitz_20,,trade_weighted,True,1,2,False,DESCRIPTIVE_ONLY,Q4,90.0,12.733333330999999,0.14148148145555556,1.5209564504530626,55.55555555555556,0.7435111111,-0.6110555556,False
Historical,robustness,2,Strategy,2.0,2_EJ_NightBlitz_20,,trade_weighted,True,1,2,False,DESCRIPTIVE_ONLY,Q5,88.0,13.226666671,0.15030303035227274,1.5440585010948082,61.36363636363637,0.6951440329999999,-0.715032679735294,False
Historical,robustness,3,Strategy,3.0,3_EJ_NightBlitz_21,,trade_weighted,True,1,3,False,DESCRIPTIVE_ONLY,Q1,152.0,-3.8106666680000005,-0.025070175447368424,0.8416620498214455,46.05263157894737,0.2893714285857143,-0.29711934159259257,False
Historical,robustness,3,Strategy,3.0,3_EJ_NightBlitz_21,,trade_weighted,True,1,3,False,DESCRIPTIVE_ONLY,Q2,109.0,7.174666666,0.06582262996330275,1.5344656336810536,60.550458715596335,0.3121010100757576,-0.3121860464883721,False
Historical,robustness,3,Strategy,3.0,3_EJ_NightBlitz_21,,trade_weighted,True,1,3,False,DESCRIPTIVE_ONLY,Q3,106.0,5.774666669,0.05447798744339623,1.3738777626626981,52.83018867924528,0.37892857141071434,-0.3089066666,False
Historical,robustness,3,Strategy,3.0,3_EJ_NightBlitz_21,,trade_weighted,True,1,3,False,DESCRIPTIVE_ONLY,Q4,90.0,4.241333333,0.04712592592222222,1.276560598135107,58.88888888888889,0.3693836477924528,-0.41448648648648645,False
Historical,robustness,3,Strategy,3.0,3_EJ_NightBlitz_21,,trade_weighted,True,1,3,False,DESCRIPTIVE_ONLY,Q5,88.0,10.96666666,0.12462121204545454,1.959743289936997,60.22727272727273,0.42251572315094343,-0.33607843138235294,False
Historical,robustness,4,Strategy,4.0,4_GJ_Port_Log1,,trade_weighted,True,1,4,False,DESCRIPTIVE_ONLY,Q1,129.0,-2.083846156,-0.016153846170542635,0.8429109885609802,53.48837209302325,0.16205128205797104,-0.2210897436333333,False
Historical,robustness,4,Strategy,4.0,4_GJ_Port_Log1,,trade_weighted,True,1,4,False,DESCRIPTIVE_ONLY,Q2,98.0,3.530000000999999,0.036020408173469375,1.3320549929759098,56.12244897959183,0.2574685314181819,-0.2472271913255814,False
Historical,robustness,4,Strategy,4.0,4_GJ_Port_Log1,,trade_weighted,True,1,4,False,DESCRIPTIVE_ONLY,Q3,86.0,2.3792307690000003,0.027665474058139537,1.3217852683765756,54.65116279069767,0.20793780687234045,-0.18958579882051282,False
Historical,robustness,4,Strategy,4.0,4_GJ_Port_Log1,,trade_weighted,True,1,4,False,DESCRIPTIVE_ONLY,Q4,84.0,6.519230767000001,0.07760989008333334,1.891542183616307,59.523809523809526,0.27663076917999996,-0.21506787329411764,False
Historical,robustness,4,Strategy,4.0,4_GJ_Port_Log1,,trade_weighted,True,1,4,False,DESCRIPTIVE_ONLY,Q5,96.0,3.898461535,0.040608974322916665,1.3307878072733743,60.416666666666664,0.27041114053448273,-0.3185239085405405,False
Historical,robustness,5,Strategy,5.0,5_GJ_Port_Log2,,trade_weighted,True,1,5,False,DESCRIPTIVE_ONLY,Q1,155.0,7.774444441999999,0.05015770607741935,1.202600185251934,52.903225806451616,0.5627777777439026,-0.5256621004520547,False
Historical,robustness,5,Strategy,5.0,5_GJ_Port_Log2,,trade_weighted,True,1,5,False,DESCRIPTIVE_ONLY,Q2,120.0,0.3966666659999989,0.003305555549999991,1.011414503113917,49.166666666666664,0.5957250470847457,-0.5696903460983606,False
Historical,robustness,5,Strategy,5.0,5_GJ_Port_Log2,,trade_weighted,True,1,5,False,DESCRIPTIVE_ONLY,Q3,145.0,15.506666664999997,0.10694252872413791,1.4040883689568182,57.24137931034483,0.6491700133614458,-0.6189426523225806,False
Historical,robustness,5,Strategy,5.0,5_GJ_Port_Log2,,trade_weighted,True,1,5,False,DESCRIPTIVE_ONLY,Q4,109.0,21.892222220000004,0.20084607541284408,1.7832326283224011,57.798165137614674,0.791164021126984,-0.6211358024666667,False
Historical,robustness,5,Strategy,5.0,5_GJ_Port_Log2,,trade_weighted,True,1,5,False,DESCRIPTIVE_ONLY,Q5,123.0,19.513333337,0.1586449864796748,1.4353279461375823,51.21951219512195,1.021234567968254,-0.7470740740833333,False
Historical,robustness,6,Strategy,6.0,6_GJ_Old_Mon,,trade_weighted,True,1,6,True,DESCRIPTIVE_ONLY,Q1,69.0,1.8059999999999996,0.026173913043478256,1.0766423357664232,52.17391304347826,0.7047222222222221,-0.7140606060606061,False
Historical,robustness,6,Strategy,6.0,6_GJ_Old_Mon,,trade_weighted,True,1,6,True,DESCRIPTIVE_ONLY,Q2,51.0,0.4099999999999993,0.008039215686274496,1.023493009397204,45.09803921568628,0.7766086956521739,-0.6232857142857142,False
Historical,robustness,6,Strategy,6.0,6_GJ_Old_Mon,,trade_weighted,True,1,6,True,DESCRIPTIVE_ONLY,Q3,54.0,13.702,0.25374074074074077,1.7044005757762697,55.55555555555556,1.1051333333333333,-0.8104999999999999,False
Historical,robustness,6,Strategy,6.0,6_GJ_Old_Mon,,trade_weighted,True,1,6,True,DESCRIPTIVE_ONLY,Q4,41.0,3.9880000000000004,0.09726829268292685,1.2055246340960626,46.34146341463415,1.231157894736842,-0.882,False
Historical,robustness,6,Strategy,6.0,6_GJ_Old_Mon,,trade_weighted,True,1,6,True,DESCRIPTIVE_ONLY,Q5,43.0,-1.9290125052862095e-15,-4.486075593688859e-17,1.0,46.51162790697674,0.9108999999999998,-0.792086956521739,False
Historical,robustness,7,Strategy,7.0,7_GJ_Mon_Blitz,,trade_weighted,True,1,7,False,DESCRIPTIVE_ONLY,Q1,80.0,1.787692308,0.02234615385,1.2180521674092102,52.5,0.23776556778571425,-0.21574898786842106,False
Historical,robustness,7,Strategy,7.0,7_GJ_Mon_Blitz,,trade_weighted,True,1,7,False,DESCRIPTIVE_ONLY,Q2,64.0,-2.606153849000001,-0.040721153890625014,0.6898004025718165,40.625,0.22289940823076926,-0.2210931174473684,False
Historical,robustness,7,Strategy,7.0,7_GJ_Mon_Blitz,,trade_weighted,True,1,7,False,DESCRIPTIVE_ONLY,Q3,59.0,4.897692305,0.08301173398305084,2.0444553796092113,57.6271186440678,0.2819683257647059,-0.18756923084,False
Historical,robustness,7,Strategy,7.0,7_GJ_Mon_Blitz,,trade_weighted,True,1,7,False,DESCRIPTIVE_ONLY,Q4,47.0,3.1276923070000002,0.06654664482978724,1.504779639875972,61.702127659574465,0.3215119363103448,-0.34423076922222223,False
Historical,robustness,7,Strategy,7.0,7_GJ_Mon_Blitz,,trade_weighted,True,1,7,False,DESCRIPTIVE_ONLY,Q5,57.0,2.881538456,0.050553306245614035,1.4040120784497363,59.64912280701754,0.29452488679411765,-0.3101003345652174,False
Historical,robustness,8,Strategy,8.0,8_AJ_Core1,,trade_weighted,True,1,8,False,DESCRIPTIVE_ONLY,Q1,83.0,-4.225714288000001,-0.050912220337349406,0.7764341318723013,48.19277108433735,0.36689285715,-0.43956810637209304,False
Historical,robustness,8,Strategy,8.0,8_AJ_Core1,,trade_weighted,True,1,8,False,DESCRIPTIVE_ONLY,Q2,71.0,6.079999998000001,0.08563380278873241,1.5749020664163385,64.7887323943662,0.36208074534782597,-0.42302857152,False
Historical,robustness,8,Strategy,8.0,8_AJ_Core1,,trade_weighted,True,1,8,False,DESCRIPTIVE_ONLY,Q3,38.0,1.6500000019999999,0.04342105268421052,1.2910786294657726,55.26315789473685,0.3485034013809523,-0.3334453780588235,False
Historical,robustness,8,Strategy,8.0,8_AJ_Core1,,trade_weighted,True,1,8,False,DESCRIPTIVE_ONLY,Q4,60.0,8.362857141000001,0.13938095235,1.9470959390653564,58.333333333333336,0.49122448971428573,-0.35319999996,False
Historical,robustness,8,Strategy,8.0,8_AJ_Core1,,trade_weighted,True,1,8,False,DESCRIPTIVE_ONLY,Q5,56.0,6.769999998999999,0.12089285712499998,1.4786868686451728,42.857142857142854,0.8713690475416667,-0.4419642856875,False
Historical,robustness,9,Strategy,9.0,9_AJ_Core2,,trade_weighted,True,1,9,False,DESCRIPTIVE_ONLY,Q1,41.0,8.226666668,0.20065040653658536,1.7106248201964083,58.536585365853654,0.8251388889166668,-0.680980392117647,False
Historical,robustness,9,Strategy,9.0,9_AJ_Core2,,trade_weighted,True,1,9,False,DESCRIPTIVE_ONLY,Q2,36.0,7.43,0.20638888888888887,1.6466492602825626,55.55555555555556,0.9459999999499997,-0.7181249999375,False
Historical,robustness,9,Strategy,9.0,9_AJ_Core2,,trade_weighted,True,1,9,False,DESCRIPTIVE_ONLY,Q3,33.0,10.143333335,0.3073737374242424,2.038921133805247,54.54545454545454,1.1059259259444447,-0.6508888888000001,False
Historical,robustness,9,Strategy,9.0,9_AJ_Core2,,trade_weighted,True,1,9,False,DESCRIPTIVE_ONLY,Q4,30.0,12.29,0.4096666666666666,2.417531718406282,56.666666666666664,1.2329411765294116,-0.666923077,False
Historical,robustness,9,Strategy,9.0,9_AJ_Core2,,trade_weighted,True,1,9,False,DESCRIPTIVE_ONLY,Q5,42.0,4.830000002,0.11500000004761905,1.2583348191431927,50.0,1.1203174604285715,-0.8903174603333333,False
Historical,robustness,10,Strategy,10.0,10_AJ_SatA,,trade_weighted,True,1,10,False,DESCRIPTIVE_ONLY,Q1,47.0,-1.5639999999999998,-0.03327659574468085,0.6773927392739276,36.17021276595745,0.1931764705882353,-0.16159999999999997,False
Historical,robustness,10,Strategy,10.0,10_AJ_SatA,,trade_weighted,True,1,10,False,DESCRIPTIVE_ONLY,Q2,44.0,1.954,0.044409090909090905,1.6398166339227243,59.09090909090909,0.1926153846153846,-0.1696666666666667,False
Historical,robustness,10,Strategy,10.0,10_AJ_SatA,,trade_weighted,True,1,10,False,DESCRIPTIVE_ONLY,Q3,43.0,2.4679999999999995,0.057395348837209294,1.7145338737695424,41.86046511627907,0.329,-0.1439166666666667,False
Historical,robustness,10,Strategy,10.0,10_AJ_SatA,,trade_weighted,True,1,10,False,DESCRIPTIVE_ONLY,Q4,39.0,-3.4640000000000004,-0.08882051282051283,0.44593730006397947,33.33333333333333,0.21446153846153845,-0.24046153846153848,False
Historical,robustness,10,Strategy,10.0,10_AJ_SatA,,trade_weighted,True,1,10,False,DESCRIPTIVE_ONLY,Q5,37.0,-2.0560000000000005,-0.05556756756756758,0.6823238566131025,54.054054054054056,0.22079999999999994,-0.38070588235294117,False
Historical,robustness,11,Strategy,11.0,11_AJ_SatB,,trade_weighted,True,1,11,False,DESCRIPTIVE_ONLY,Q1,47.0,4.043636362999999,0.08603481623404254,1.4051739842685371,46.808510638297875,0.6374380165000001,-0.3992,False
Historical,robustness,11,Strategy,11.0,11_AJ_SatB,,trade_weighted,True,1,11,False,DESCRIPTIVE_ONLY,Q2,44.0,5.136363638000001,0.11673553722727274,1.918998048289037,56.81818181818182,0.4290181819199999,-0.29416267947368424,False
Historical,robustness,11,Strategy,11.0,11_AJ_SatB,,trade_weighted,True,1,11,False,DESCRIPTIVE_ONLY,Q3,43.0,-1.2818181850000003,-0.02980972523255815,0.8629204741069898,44.18604651162791,0.42468899510526315,-0.3896212121666666,False
Historical,robustness,11,Strategy,11.0,11_AJ_SatB,,trade_weighted,True,1,11,False,DESCRIPTIVE_ONLY,Q4,39.0,0.17636363199999994,0.004522144410256408,1.0214222609455479,53.84615384615385,0.4004329003809525,-0.45737373755555555,False
Historical,robustness,11,Strategy,11.0,11_AJ_SatB,,trade_weighted,True,1,11,False,DESCRIPTIVE_ONLY,Q5,37.0,5.7236363599999995,0.15469287459459458,1.682419249290347,51.35135135135135,0.7426794257894735,-0.4659595961111111,False
Historical,robustness,12,Strategy,12.0,12_UJ_Short_Core,,trade_weighted,True,1,12,True,DESCRIPTIVE_ONLY,Q1,69.0,3.85,0.05579710144927536,1.3553299492385786,59.42028985507246,0.35817073170731706,-0.38696428571428576,False
Historical,robustness,12,Strategy,12.0,12_UJ_Short_Core,,trade_weighted,True,1,12,True,DESCRIPTIVE_ONLY,Q2,63.0,11.361,0.18033333333333335,2.3016727772685606,63.49206349206349,0.5022249999999999,-0.37947826086956526,False
Historical,robustness,12,Strategy,12.0,12_UJ_Short_Core,,trade_weighted,True,1,12,True,DESCRIPTIVE_ONLY,Q3,55.0,11.865,0.21572727272727274,2.736934563021519,61.81818181818181,0.5498823529411764,-0.34155,False
Historical,robustness,12,Strategy,12.0,12_UJ_Short_Core,,trade_weighted,True,1,12,True,DESCRIPTIVE_ONLY,Q4,51.0,4.247999999999999,0.08329411764705881,1.3486825904949518,45.09803921568628,0.7143913043478259,-0.43510714285714286,False
Historical,robustness,12,Strategy,12.0,12_UJ_Short_Core,,trade_weighted,True,1,12,True,DESCRIPTIVE_ONLY,Q5,46.0,22.488,0.4888695652173913,3.7956240676280464,67.3913043478261,0.9849032258064516,-0.5362666666666666,False
Historical,robustness,13,Strategy,13.0,13_UJ_Fix_MidWeek,,trade_weighted,False,0,,False,DESCRIPTIVE_ONLY,Q1,29.0,2.5863157919999997,0.08918330317241378,3.8939929373933997,65.51724137931035,0.18315789484210523,-0.089368421,False
Historical,robustness,13,Strategy,13.0,13_UJ_Fix_MidWeek,,trade_weighted,False,0,,False,DESCRIPTIVE_ONLY,Q2,25.0,2.1578947360000003,0.08631578944000001,3.252747251496799,60.0,0.20771929819999996,-0.0957894737,False
Historical,robustness,13,Strategy,13.0,13_UJ_Fix_MidWeek,,trade_weighted,False,0,,False,DESCRIPTIVE_ONLY,Q3,24.0,0.7842105259999999,0.03267543858333333,1.5988745979258638,54.166666666666664,0.16105263153846155,-0.1190430621818182,False
Historical,robustness,13,Strategy,13.0,13_UJ_Fix_MidWeek,,trade_weighted,False,0,,False,DESCRIPTIVE_ONLY,Q4,16.0,0.838947369,0.0524342105625,2.133712660810811,56.25,0.17543859655555552,-0.10571428571428569,True
Historical,robustness,13,Strategy,13.0,13_UJ_Fix_MidWeek,,trade_weighted,False,0,,False,DESCRIPTIVE_ONLY,Q5,22.0,1.1442105260000002,0.05200956936363637,1.9354561096954697,63.63636363636363,0.16909774435714284,-0.152894736875,False
Historical,robustness,14,Strategy,14.0,14_UJ_Sat_3rd,,trade_weighted,False,0,,False,DESCRIPTIVE_ONLY,Q1,13.0,4.602222224,0.3540170941538462,3.2858719659413693,69.23076923076923,0.7350617285555556,-0.5033333332500001,True
Historical,robustness,14,Strategy,14.0,14_UJ_Sat_3rd,,trade_weighted,False,0,,False,DESCRIPTIVE_ONLY,Q2,7.0,-0.4155555559999998,-0.0593650794285714,0.7810304447563197,57.14285714285714,0.37055555549999997,-0.6325925926666666,True
Historical,robustness,14,Strategy,14.0,14_UJ_Sat_3rd,,trade_weighted,False,0,,False,DESCRIPTIVE_ONLY,Q3,4.0,0.035555555000000016,0.008888888750000004,1.0730593595390006,75.0,0.174074074,-0.486666667,True
Historical,robustness,14,Strategy,14.0,14_UJ_Sat_3rd,,trade_weighted,False,0,,False,DESCRIPTIVE_ONLY,Q4,6.0,-0.34666666699999993,-0.05777777783333332,0.7625570773972604,33.33333333333333,0.5566666665000001,-0.365,True
Historical,robustness,14,Strategy,14.0,14_UJ_Sat_3rd,,trade_weighted,False,0,,False,DESCRIPTIVE_ONLY,Q5,6.0,2.34888889,0.3914814816666667,3.2928416506693456,66.66666666666666,0.8433333335000001,-0.512222222,True
Historical,robustness,15,Strategy,15.0,15_UJ_Sat_Aug,,trade_weighted,False,0,,False,DESCRIPTIVE_ONLY,Q1,8.0,2.295,0.286875,1.6954545454545455,50.0,1.39875,-0.825,True
Historical,robustness,15,Strategy,15.0,15_UJ_Sat_Aug,,trade_weighted,False,0,,False,DESCRIPTIVE_ONLY,Q2,0.0,0.0,,,,,,True
Historical,robustness,15,Strategy,15.0,15_UJ_Sat_Aug,,trade_weighted,False,0,,False,DESCRIPTIVE_ONLY,Q3,4.0,-0.9750000000000001,-0.24375000000000002,0.5806451612903226,25.0,1.35,-0.775,True
Historical,robustness,15,Strategy,15.0,15_UJ_Sat_Aug,,trade_weighted,False,0,,False,DESCRIPTIVE_ONLY,Q4,13.0,6.695,0.515,2.67375,69.23076923076923,1.1883333333333335,-1.0,True
Historical,robustness,15,Strategy,15.0,15_UJ_Sat_Aug,,trade_weighted,False,0,,False,DESCRIPTIVE_ONLY,Q5,12.0,3.06,0.255,1.7669172932330828,50.0,1.175,-0.6649999999999999,True
Historical,robustness,16,Strategy,16.0,16_UJ_T10A,,trade_weighted,False,0,,False,DESCRIPTIVE_ONLY,Q1,7.0,2.211111111,0.3158730158571429,inf,100.0,0.3158730158571429,,True
Historical,robustness,16,Strategy,16.0,16_UJ_T10A,,trade_weighted,False,0,,False,DESCRIPTIVE_ONLY,Q2,9.0,-0.6511111110000001,-0.07234567900000001,0.7746153846625148,33.33333333333333,0.745925926,-0.4814814815,True
Historical,robustness,16,Strategy,16.0,16_UJ_T10A,,trade_weighted,False,0,,False,DESCRIPTIVE_ONLY,Q3,3.0,0.5844444449999999,0.19481481499999997,3.307017549088181,66.66666666666666,0.418888889,-0.253333333,True
Historical,robustness,16,Strategy,16.0,16_UJ_T10A,,trade_weighted,False,0,,False,DESCRIPTIVE_ONLY,Q4,5.0,2.022222222,0.4044444444,61.666667266666664,80.0,0.5138888887499999,-0.033333333,True
Historical,robustness,16,Strategy,16.0,16_UJ_T10A,,trade_weighted,False,0,,False,DESCRIPTIVE_ONLY,Q5,7.0,2.002222222,0.286031746,2.486798679334951,57.14285714285714,0.83722222225,-0.448888889,True
Historical,robustness,17,Strategy,17.0,17_EA_1B_Wed_Short,,trade_weighted,True,1,17,False,DESCRIPTIVE_ONLY,Q1,54.0,16.634285713,0.30804232801851855,2.9819574466215832,66.66666666666666,0.6951984126666666,-0.4662698412777778,False
Historical,robustness,17,Strategy,17.0,17_EA_1B_Wed_Short,,trade_weighted,True,1,17,False,DESCRIPTIVE_ONLY,Q2,39.0,7.411428571,0.19003663002564103,2.0642051281872487,58.97435897435898,0.625031055869565,-0.435267857125,False
Historical,robustness,17,Strategy,17.0,17_EA_1B_Wed_Short,,trade_weighted,True,1,17,False,DESCRIPTIVE_ONLY,Q3,37.0,1.164285714,0.03146718145945946,1.1001967051548887,56.75675675675676,0.6087755102380953,-0.7262500000625,False
Historical,robustness,17,Strategy,17.0,17_EA_1B_Wed_Short,,trade_weighted,True,1,17,False,DESCRIPTIVE_ONLY,Q4,20.0,-0.8557142850000004,-0.042785714250000016,0.8813861387081735,45.0,0.7065079365555555,-0.6558441558181819,False
Historical,robustness,17,Strategy,17.0,17_EA_1B_Wed_Short,,trade_weighted,True,1,17,False,DESCRIPTIVE_ONLY,Q5,39.0,9.735714285,0.24963369961538462,1.959318693582799,56.41025641025641,0.9038311688181818,-0.5969747899411765,False
Historical,robustness,18,Strategy,18.0,18_EA_2_MonWed_Short,,trade_weighted,True,1,18,False,DESCRIPTIVE_ONLY,Q1,155.0,18.798888892999997,0.12128315414838708,1.592277532860744,52.903225806451616,0.6163279133292684,-0.43479452054794515,False
Historical,robustness,18,Strategy,18.0,18_EA_2_MonWed_Short,,trade_weighted,True,1,18,False,DESCRIPTIVE_ONLY,Q2,93.0,8.052222221000001,0.08658303463440861,1.3509443098655947,55.91397849462365,0.596089743576923,-0.5596205962195122,False
Historical,robustness,18,Strategy,18.0,18_EA_2_MonWed_Short,,trade_weighted,True,1,18,False,DESCRIPTIVE_ONLY,Q3,100.0,5.894444446,0.058944444459999995,1.2158170945704976,57.99999999999999,0.572528735637931,-0.6502910052619048,False
Historical,robustness,18,Strategy,18.0,18_EA_2_MonWed_Short,,trade_weighted,True,1,18,False,DESCRIPTIVE_ONLY,Q4,54.0,-2.8100000000000005,-0.05203703703703705,0.8544041450701763,48.148148148148145,0.6342307691923076,-0.6892857142500001,False
Historical,robustness,18,Strategy,18.0,18_EA_2_MonWed_Short,,trade_weighted,True,1,18,False,DESCRIPTIVE_ONLY,Q5,100.0,12.045555555,0.12045555555,1.393602730262429,52.0,0.8201709401538462,-0.6511347517659575,False
Historical,robustness,19,Strategy,19.0,19_EA_3_WedThu_Long,,trade_weighted,True,1,19,False,DESCRIPTIVE_ONLY,Q1,110.0,-0.012222220000000568,-0.00011111109090909607,0.9994825721811476,51.81818181818182,0.4141910331403509,-0.4456813416792453,False
Historical,robustness,19,Strategy,19.0,19_EA_3_WedThu_Long,,trade_weighted,True,1,19,False,DESCRIPTIVE_ONLY,Q2,78.0,13.242222228,0.16977207984615383,2.284405647969818,60.256410256410255,0.5011111111914894,-0.33258064509677415,False
Historical,robustness,19,Strategy,19.0,19_EA_3_WedThu_Long,,trade_weighted,True,1,19,False,DESCRIPTIVE_ONLY,Q3,68.0,-0.5455555560000002,-0.008022875823529414,0.9631492044169614,48.529411764705884,0.43208754212121214,-0.42298412702857136,False
Historical,robustness,19,Strategy,19.0,19_EA_3_WedThu_Long,,trade_weighted,True,1,19,False,DESCRIPTIVE_ONLY,Q4,44.0,5.543333335000001,0.1259848485227273,1.8379240849712737,61.36363636363637,0.4503292181481482,-0.3891503267647059,False
Historical,robustness,19,Strategy,19.0,19_EA_3_WedThu_Long,,trade_weighted,True,1,19,False,DESCRIPTIVE_ONLY,Q5,76.0,11.273333334,0.14833333334210527,1.5234483826747758,56.57894736842105,0.7630232557906979,-0.6526262625757575,False
Historical,robustness,20,Strategy,20.0,20_EA_1A_MonTue_Short,,trade_weighted,True,1,20,False,DESCRIPTIVE_ONLY,Q1,119.0,10.494,0.08818487394957983,1.42036532606954,52.94117647058824,0.5628253968253967,-0.4457857142857143,False
Historical,robustness,20,Strategy,20.0,20_EA_1A_MonTue_Short,,trade_weighted,True,1,20,False,DESCRIPTIVE_ONLY,Q2,75.0,-0.4699999999999994,-0.006266666666666659,0.9748689979681316,56.00000000000001,0.4340952380952381,-0.5667272727272727,False
Historical,robustness,20,Strategy,20.0,20_EA_1A_MonTue_Short,,trade_weighted,True,1,20,False,DESCRIPTIVE_ONLY,Q3,84.0,6.135999999999999,0.07304761904761904,1.324621733149932,54.761904761904766,0.544304347826087,-0.5108648648648647,False
Historical,robustness,20,Strategy,20.0,20_EA_1A_MonTue_Short,,trade_weighted,True,1,20,False,DESCRIPTIVE_ONLY,Q4,40.0,6.044,0.15109999999999998,1.757583354224116,60.0,0.5842499999999999,-0.49862500000000004,False
Historical,robustness,20,Strategy,20.0,20_EA_1A_MonTue_Short,,trade_weighted,True,1,20,False,DESCRIPTIVE_ONLY,Q5,79.0,0.5680000000000003,0.007189873417721523,1.0229254116887312,49.36708860759494,0.6498461538461539,-0.6194,False
Historical,robustness,21,Strategy,21.0,21_GA_B_3,,trade_weighted,True,1,21,False,DESCRIPTIVE_ONLY,Q1,96.0,-1.506363634,-0.015691287854166666,0.8246282481340718,41.66666666666667,0.1770795455,-0.15338474024999998,False
Historical,robustness,21,Strategy,21.0,21_GA_B_3,,trade_weighted,True,1,21,False,DESCRIPTIVE_ONLY,Q2,63.0,0.08409091200000046,0.0013347763809523883,1.0148142221662277,49.2063492063492,0.1858211144516129,-0.177386363625,False
Historical,robustness,21,Strategy,21.0,21_GA_B_3,,trade_weighted,True,1,21,False,DESCRIPTIVE_ONLY,Q3,49.0,-0.7422727259999997,-0.015148422979591831,0.8633015237820807,51.02040816326531,0.187509091,-0.22625000004166665,False
Historical,robustness,21,Strategy,21.0,21_GA_B_3,,trade_weighted,True,1,21,False,DESCRIPTIVE_ONLY,Q4,46.0,-2.036363637,-0.0442687747173913,0.6505187611754935,45.65217391304348,0.18049783552380952,-0.23307272732,False
Historical,robustness,21,Strategy,21.0,21_GA_B_3,,trade_weighted,True,1,21,False,DESCRIPTIVE_ONLY,Q5,52.0,3.9377272789999997,0.07572552459615384,1.766908641380408,61.53846153846154,0.2835085229375,-0.25672727275,False
Historical,robustness,22,Strategy,22.0,22_GA_C_2,,trade_weighted,True,1,22,False,DESCRIPTIVE_ONLY,Q1,63.0,12.115714288000001,0.19231292520634924,1.709825912402666,58.730158730158735,0.788764478837838,-0.6564835165,False
Historical,robustness,22,Strategy,22.0,22_GA_C_2,,trade_weighted,True,1,22,False,DESCRIPTIVE_ONLY,Q2,58.0,4.9028571480000025,0.08453201979310349,1.2719277397972186,51.724137931034484,0.7644285715333334,-0.643928571357143,False
Historical,robustness,22,Strategy,22.0,22_GA_C_2,,trade_weighted,True,1,22,False,DESCRIPTIVE_ONLY,Q3,41.0,5.561428574000001,0.13564459936585369,1.3997740810885286,60.97560975609756,0.7789142858400001,-0.86946428575,False
Historical,robustness,22,Strategy,22.0,22_GA_C_2,,trade_weighted,True,1,22,False,DESCRIPTIVE_ONLY,Q4,39.0,1.9257142870000008,0.04937728941025643,1.1230600694598396,46.15384615384615,0.9763492064444446,-0.7451700680476191,False
Historical,robustness,22,Strategy,22.0,22_GA_C_2,,trade_weighted,True,1,22,False,DESCRIPTIVE_ONLY,Q5,43.0,11.158571431000002,0.25950166118604656,1.9863619146725366,65.11627906976744,0.8025510204642857,-0.7541904761333333,False
Historical,robustness,23,Strategy,23.0,23_GA_F_2,,trade_weighted,True,1,23,True,DESCRIPTIVE_ONLY,Q1,60.0,-0.2899999989999993,-0.004833333316666655,0.9734702176150991,51.66666666666667,0.3432616487741935,-0.3769348658965518,False
Historical,robustness,23,Strategy,23.0,23_GA_F_2,,trade_weighted,True,1,23,True,DESCRIPTIVE_ONLY,Q2,47.0,0.39222222000000034,0.008345153617021284,1.0451868916946572,44.680851063829785,0.4320105819999999,-0.34720000008,False
Historical,robustness,23,Strategy,23.0,23_GA_F_2,,trade_weighted,True,1,23,True,DESCRIPTIVE_ONLY,Q3,36.0,-1.0622222180000003,-0.02950617272222223,0.8387586445508542,47.22222222222222,0.32503267988235296,-0.3467251461052631,False
Historical,robustness,23,Strategy,23.0,23_GA_F_2,,trade_weighted,True,1,23,True,DESCRIPTIVE_ONLY,Q4,32.0,7.262222221999999,0.22694444443749998,3.6050219207967302,65.625,0.47857142857142854,-0.2534343434545454,False
Historical,robustness,23,Strategy,23.0,23_GA_F_2,,trade_weighted,True,1,23,True,DESCRIPTIVE_ONLY,Q5,46.0,10.261111111,0.22306763284782608,2.5531449713141705,63.04347826086957,0.5816475095862069,-0.388627451,False
Historical,robustness,24,Strategy,24.0,24_GA_D_1,,trade_weighted,True,1,24,False,DESCRIPTIVE_ONLY,Q1,60.0,2.9755555549999992,0.049592592583333324,1.3565437358112467,60.0,0.31447530861111117,-0.3477314814583334,False
Historical,robustness,24,Strategy,24.0,24_GA_D_1,,trade_weighted,True,1,24,False,DESCRIPTIVE_ONLY,Q2,47.0,2.6377777800000004,0.05612293148936171,1.3197306400775106,55.319148936170215,0.41876068376923076,-0.39285714276190475,False
Historical,robustness,24,Strategy,24.0,24_GA_D_1,,trade_weighted,True,1,24,False,DESCRIPTIVE_ONLY,Q3,36.0,3.164444445999999,0.08790123461111109,1.388222464754474,61.111111111111114,0.5143434344090908,-0.5822222222142857,False
Historical,robustness,24,Strategy,24.0,24_GA_D_1,,trade_weighted,True,1,24,False,DESCRIPTIVE_ONLY,Q4,32.0,1.7211111079999997,0.05378472212499999,1.2967432944315957,50.0,0.4700694443125,-0.36250000006250005,False
Historical,robustness,24,Strategy,24.0,24_GA_D_1,,trade_weighted,True,1,24,False,DESCRIPTIVE_ONLY,Q5,46.0,6.828888888,0.14845410626086955,1.7116720702773658,56.52173913043478,0.6317094016923076,-0.47977777779999997,False
Historical,robustness,25,Strategy,25.0,25_AU_China_Demand,,trade_weighted,True,1,25,False,DESCRIPTIVE_ONLY,Q1,171.0,10.229999999999999,0.059824561403508766,1.4317366533023843,53.80116959064327,0.36874999999999997,-0.3117763157894737,False
Historical,robustness,25,Strategy,25.0,25_AU_China_Demand,,trade_weighted,True,1,25,False,DESCRIPTIVE_ONLY,Q2,99.0,7.345,0.07419191919191918,1.51184668989547,57.57575757575758,0.3806140350877193,-0.34166666666666673,False
Historical,robustness,25,Strategy,25.0,25_AU_China_Demand,,trade_weighted,True,1,25,False,DESCRIPTIVE_ONLY,Q3,97.0,10.995000000000001,0.11335051546391754,1.8381932532875935,62.88659793814433,0.3952868852459017,-0.36437499999999995,False
Historical,robustness,25,Strategy,25.0,25_AU_China_Demand,,trade_weighted,True,1,25,False,DESCRIPTIVE_ONLY,Q4,74.0,1.73,0.02337837837837838,1.1455004205214465,41.891891891891895,0.43935483870967745,-0.2830952380952381,False
Historical,robustness,25,Strategy,25.0,25_AU_China_Demand,,trade_weighted,True,1,25,False,DESCRIPTIVE_ONLY,Q5,94.0,4.929999999999999,0.052446808510638286,1.2450602709084133,56.38297872340425,0.4725943396226416,-0.49067073170731706,False
Historical,robustness,26,Strategy,26.0,26_AJ_China_Demand,,trade_weighted,True,1,26,False,DESCRIPTIVE_ONLY,Q1,82.0,3.2266666699999993,0.039349593536585355,1.2374877333111511,53.65853658536586,0.38212121220454554,-0.36720720721621625,False
Historical,robustness,26,Strategy,26.0,26_AJ_China_Demand,,trade_weighted,True,1,26,False,DESCRIPTIVE_ONLY,Q2,42.0,1.5088888900000004,0.03592592595238096,1.1528590726041519,59.523809523809526,0.45520000003999994,-0.5806535947647058,False
Historical,robustness,26,Strategy,26.0,26_AJ_China_Demand,,trade_weighted,True,1,26,False,DESCRIPTIVE_ONLY,Q3,34.0,3.5044444469999996,0.10307189549999998,1.952870091789907,58.82352941176471,0.35911111115,-0.26269841257142856,False
Historical,robustness,26,Strategy,26.0,26_AJ_China_Demand,,trade_weighted,True,1,26,False,DESCRIPTIVE_ONLY,Q4,51.0,7.782222222,0.1525925925882353,1.9093741885791424,56.86274509803921,0.5634482758275859,-0.38898989895454544,False
Historical,robustness,26,Strategy,26.0,26_AJ_China_Demand,,trade_weighted,True,1,26,False,DESCRIPTIVE_ONLY,Q5,61.0,7.671111112,0.12575591986885246,1.4735903416882636,52.459016393442624,0.7459027777812499,-0.5585440612758622,False
Historical,robustness,27,Strategy,27.0,27_EA_China_Demand,,trade_weighted,True,1,27,False,DESCRIPTIVE_ONLY,Q1,85.0,11.286666663,0.13278431368235294,1.9327823686887964,60.0,0.45856209147058824,-0.355882353,False
Historical,robustness,27,Strategy,27.0,27_EA_China_Demand,,trade_weighted,True,1,27,False,DESCRIPTIVE_ONLY,Q2,55.0,4.9399999989999985,0.08981818179999998,1.5106822879386161,60.0,0.44282828281818193,-0.43969696972727274,False
Historical,robustness,27,Strategy,27.0,27_EA_China_Demand,,trade_weighted,True,1,27,False,DESCRIPTIVE_ONLY,Q3,64.0,7.419999998999999,0.11593749998437498,1.6957337082981716,60.9375,0.4637179486923077,-0.42660000000000003,False
Historical,robustness,27,Strategy,27.0,27_EA_China_Demand,,trade_weighted,True,1,27,False,DESCRIPTIVE_ONLY,Q4,36.0,-2.331666667,-0.06476851852777778,0.7132021319803197,58.333333333333336,0.27611111109523806,-0.542,False
Historical,robustness,27,Strategy,27.0,27_EA_China_Demand,,trade_weighted,True,1,27,False,DESCRIPTIVE_ONLY,Q5,65.0,8.296666666000002,0.12764102563076926,1.5523133251403014,61.53846153846154,0.5829583333249999,-0.60086666668,False
Historical,robustness,28,Strategy,28.0,28_GA_China_Demand,,trade_weighted,True,1,28,False,DESCRIPTIVE_ONLY,Q1,66.0,6.757333335999999,0.10238383842424241,1.7084148732760454,59.09090909090909,0.4178461538461538,-0.3532839505185186,False
Historical,robustness,28,Strategy,28.0,28_GA_China_Demand,,trade_weighted,True,1,28,False,DESCRIPTIVE_ONLY,Q2,73.0,-1.1106666700000014,-0.015214611917808239,0.9359033546823584,42.465753424657535,0.5231397848064517,-0.412571428547619,False
Historical,robustness,28,Strategy,28.0,28_GA_China_Demand,,trade_weighted,True,1,28,False,DESCRIPTIVE_ONLY,Q3,50.0,8.466666663000002,0.16933333326000002,2.249016521820957,64.0,0.4764166665625,-0.3765925926111111,False
Historical,robustness,28,Strategy,28.0,28_GA_China_Demand,,trade_weighted,True,1,28,False,DESCRIPTIVE_ONLY,Q4,48.0,-2.049333337,-0.04269444452083334,0.8342320963429078,47.91666666666667,0.4484057969565217,-0.49450666668,False
Historical,robustness,28,Strategy,28.0,28_GA_China_Demand,,trade_weighted,True,1,28,False,DESCRIPTIVE_ONLY,Q5,65.0,4.940000002,0.07600000003076923,1.417747209561894,56.92307692307692,0.4531171171621622,-0.4223333333214286,False
Historical,robustness,Portfolio,Group,,,Portfolio,trade_weighted,True,24,1|2|3|4|5|6|7|8|9|10|11|12|17|18|19|20|21|22|23|24|25|26|27|28,False,DESCRIPTIVE_ONLY,Q1,2328.0,115.38224420800002,0.049562819676975955,1.265916158310051,52.792096219931274,0.4469380340463792,-0.3969849950914913,False
Historical,robustness,Portfolio,Group,,,Portfolio,trade_weighted,True,24,1|2|3|4|5|6|7|8|9|10|11|12|17|18|19|20|21|22|23|24|25|26|27|28,False,DESCRIPTIVE_ONLY,Q2,1707.0,110.587624014,0.06478478266783831,1.3444097559001906,55.301698886936144,0.45728898813029656,-0.42138212700918637,False
Historical,robustness,Portfolio,Group,,,Portfolio,trade_weighted,True,24,1|2|3|4|5|6|7|8|9|10|11|12|17|18|19|20|21|22|23|24|25|26|27|28,False,DESCRIPTIVE_ONLY,Q3,1586.0,145.273503022,0.0915974167856242,1.4706698104321045,56.431273644388405,0.5071801037698324,-0.44862309571511627,False
Historical,robustness,Portfolio,Group,,,Portfolio,trade_weighted,True,24,1|2|3|4|5|6|7|8|9|10|11|12|17|18|19|20|21|22|23|24|25|26|27|28,False,DESCRIPTIVE_ONLY,Q4,1309.0,111.35148947699999,0.08506607293888463,1.3951897276224567,53.78151260504202,0.5584071806889205,-0.4672755650547264,False
Historical,robustness,Portfolio,Group,,,Portfolio,trade_weighted,True,24,1|2|3|4|5|6|7|8|9|10|11|12|17|18|19|20|21|22|23|24|25|26|27|28,False,DESCRIPTIVE_ONLY,Q5,1601.0,206.558590035,0.1290184822204872,1.5391505180746057,56.46470955652717,0.6522977732245576,-0.5520440878386167,False
Historical,robustness,Portfolio,Group,,,Portfolio,strategy_equal_weighted,True,24,1|2|3|4|5|6|7|8|9|10|11|12|17|18|19|20|21|22|23|24|25|26|27|28,False,DESCRIPTIVE_ONLY,Q1,,,0.057082135756591,,,,,
Historical,robustness,Portfolio,Group,,,Portfolio,strategy_equal_weighted,True,24,1|2|3|4|5|6|7|8|9|10|11|12|17|18|19|20|21|22|23|24|25|26|27|28,False,DESCRIPTIVE_ONLY,Q2,,,0.07013189551810703,,,,,
Historical,robustness,Portfolio,Group,,,Portfolio,strategy_equal_weighted,True,24,1|2|3|4|5|6|7|8|9|10|11|12|17|18|19|20|21|22|23|24|25|26|27|28,False,DESCRIPTIVE_ONLY,Q3,,,0.09353236174070269,,,,,
Historical,robustness,Portfolio,Group,,,Portfolio,strategy_equal_weighted,True,24,1|2|3|4|5|6|7|8|9|10|11|12|17|18|19|20|21|22|23|24|25|26|27|28,False,DESCRIPTIVE_ONLY,Q4,,,0.07496294493298591,,,,,
Historical,robustness,Portfolio,Group,,,Portfolio,strategy_equal_weighted,True,24,1|2|3|4|5|6|7|8|9|10|11|12|17|18|19|20|21|22|23|24|25|26|27|28,False,DESCRIPTIVE_ONLY,Q5,,,0.13351450788500444,,,,,
Historical,robustness,JPY,Group,,,JPY,trade_weighted,True,13,1|2|3|4|5|6|7|8|9|10|11|12|26,False,DESCRIPTIVE_ONLY,Q1,1289.0,27.898385613,0.02164343336927851,1.1094405486700614,51.59038013964313,0.42528807034736843,-0.41049626597101446,False
Historical,robustness,JPY,Group,,,JPY,trade_weighted,True,13,1|2|3|4|5|6|7|8|9|10|11|12|26,False,DESCRIPTIVE_ONLY,Q2,980.0,63.160469605,0.06444945878061224,1.3505317088327706,56.224489795918366,0.4416428734337568,-0.4200110807855478,False
Historical,robustness,JPY,Group,,,JPY,trade_weighted,True,13,1|2|3|4|5|6|7|8|9|10|11|12|26,False,DESCRIPTIVE_ONLY,Q3,924.0,98.82128368,0.1069494412121212,1.5766459680400207,55.84415584415584,0.5236314394127907,-0.4220998498940886,False
Historical,robustness,JPY,Group,,,JPY,trade_weighted,True,13,1|2|3|4|5|6|7|8|9|10|11|12|26,False,DESCRIPTIVE_ONLY,Q4,844.0,97.208186451,0.11517557636374408,1.5454591918475162,55.33175355450237,0.589768044653105,-0.4739720489414893,False
Historical,robustness,JPY,Group,,,JPY,trade_weighted,True,13,1|2|3|4|5|6|7|8|9|10|11|12|26,False,DESCRIPTIVE_ONLY,Q5,896.0,122.583021484,0.13681140790625,1.5663605512670487,56.13839285714286,0.6740018333936381,-0.55355473328133,False
Historical,robustness,JPY,Group,,,JPY,strategy_equal_weighted,True,13,1|2|3|4|5|6|7|8|9|10|11|12|26,False,DESCRIPTIVE_ONLY,Q1,,,0.025861415615665698,,,,,
Historical,robustness,JPY,Group,,,JPY,strategy_equal_weighted,True,13,1|2|3|4|5|6|7|8|9|10|11|12|26,False,DESCRIPTIVE_ONLY,Q2,,,0.07260846494157554,,,,,
Historical,robustness,JPY,Group,,,JPY,strategy_equal_weighted,True,13,1|2|3|4|5|6|7|8|9|10|11|12|26,False,DESCRIPTIVE_ONLY,Q3,,,0.11629444043460557,,,,,
Historical,robustness,JPY,Group,,,JPY,strategy_equal_weighted,True,13,1|2|3|4|5|6|7|8|9|10|11|12|26,False,DESCRIPTIVE_ONLY,Q4,,,0.10885349881314146,,,,,
Historical,robustness,JPY,Group,,,JPY,strategy_equal_weighted,True,13,1|2|3|4|5|6|7|8|9|10|11|12|26,False,DESCRIPTIVE_ONLY,Q5,,,0.13199222832706328,,,,,
Historical,robustness,AUD_nonJPY,Group,,,AUD_nonJPY,trade_weighted,True,11,17|18|19|20|21|22|23|24|25|27|28,False,DESCRIPTIVE_ONLY,Q1,1039.0,87.48385859499999,0.08420005639557265,1.4887737256507512,54.28296438883542,0.472465030251773,-0.3792085137012712,False
Historical,robustness,AUD_nonJPY,Group,,,AUD_nonJPY,trade_weighted,True,11,17|18|19|20|21|22|23|24|25|27|28,False,DESCRIPTIVE_ONLY,Q2,727.0,47.427154409,0.0652368011127923,1.3365813910282591,54.057771664374144,0.47922539830279903,-0.42314842980180184,False
Historical,robustness,AUD_nonJPY,Group,,,AUD_nonJPY,trade_weighted,True,11,17|18|19|20|21|22|23|24|25|27|28,False,DESCRIPTIVE_ONLY,Q3,662.0,46.45221934200001,0.0701695156223565,1.338375351957232,57.250755287009056,0.4847819792532981,-0.48680904537234043,False
Historical,robustness,AUD_nonJPY,Group,,,AUD_nonJPY,trade_weighted,True,11,17|18|19|20|21|22|23|24|25|27|28,False,DESCRIPTIVE_ONLY,Q4,465.0,14.143303026,0.030415705432258064,1.136579440386593,50.967741935483865,0.4966117230042194,-0.45618359174449336,False
Historical,robustness,AUD_nonJPY,Group,,,AUD_nonJPY,trade_weighted,True,11,17|18|19|20|21|22|23|24|25|27|28,False,DESCRIPTIVE_ONLY,Q5,705.0,83.97556855100001,0.11911428163262412,1.5038170470601546,56.87943262411348,0.6250729795461347,-0.5500947070858085,False
Historical,robustness,AUD_nonJPY,Group,,,AUD_nonJPY,strategy_equal_weighted,True,11,17|18|19|20|21|22|23|24|25|27|28,False,DESCRIPTIVE_ONLY,Q1,,,0.0939793504685936,,,,,
Historical,robustness,AUD_nonJPY,Group,,,AUD_nonJPY,strategy_equal_weighted,True,11,17|18|19|20|21|22|23|24|25|27|28,False,DESCRIPTIVE_ONLY,Q2,,,0.06720504074491697,,,,,
Historical,robustness,AUD_nonJPY,Group,,,AUD_nonJPY,strategy_equal_weighted,True,11,17|18|19|20|21|22|23|24|25|27|28,False,DESCRIPTIVE_ONLY,Q3,,,0.06663172328427204,,,,,
Historical,robustness,AUD_nonJPY,Group,,,AUD_nonJPY,strategy_equal_weighted,True,11,17|18|19|20|21|22|23|24|25|27|28,False,DESCRIPTIVE_ONLY,Q4,,,0.03491047216552933,,,,,
Historical,robustness,AUD_nonJPY,Group,,,AUD_nonJPY,strategy_equal_weighted,True,11,17|18|19|20|21|22|23|24|25|27|28,False,DESCRIPTIVE_ONLY,Q5,,,0.13531356554438945,,,,,
Historical,robustness,Long,Group,,,Long,trade_weighted,True,13,1|2|3|4|6|7|8|19|21|22|24|25|26,False,DESCRIPTIVE_ONLY,Q1,1409.0,22.473099904999998,0.015949680557132716,1.0880222329991989,51.66784953867991,0.38157243308791206,-0.3782394539007407,False
Historical,robustness,Long,Group,,,Long,trade_weighted,True,13,1|2|3|4|6|7|8|19|21|22|24|25|26,False,DESCRIPTIVE_ONLY,Q2,1011.0,65.50994292500002,0.06479717401088034,1.382447941473851,56.181998021760634,0.4169033105862676,-0.3866617099051919,False
Historical,robustness,Long,Group,,,Long,trade_weighted,True,13,1|2|3|4|6|7|8|19|21|22|24|25|26,False,DESCRIPTIVE_ONLY,Q3,888.0,79.492591048,0.0895186836126126,1.5089099958092682,56.981981981981974,0.46579893418972335,-0.4089048943769633,False
Historical,robustness,Long,Group,,,Long,trade_weighted,True,13,1|2|3|4|6|7|8|19|21|22|24|25|26,False,DESCRIPTIVE_ONLY,Q4,792.0,64.601062359,0.0815669979280303,1.4161217034919573,54.54545454545454,0.5089043044930556,-0.43243898936490244,False
Historical,robustness,Long,Group,,,Long,trade_weighted,True,13,1|2|3|4|6|7|8|19|21|22|24|25|26,False,DESCRIPTIVE_ONLY,Q5,904.0,104.80368382700001,0.11593327856969028,1.543874749869874,57.63274336283186,0.571020884975048,-0.5057695465748031,False
Historical,robustness,Long,Group,,,Long,strategy_equal_weighted,True,13,1|2|3|4|6|7|8|19|21|22|24|25|26,False,DESCRIPTIVE_ONLY,Q1,,,0.02021251143839445,,,,,
Historical,robustness,Long,Group,,,Long,strategy_equal_weighted,True,13,1|2|3|4|6|7|8|19|21|22|24|25|26,False,DESCRIPTIVE_ONLY,Q2,,,0.059899335771798984,,,,,
Historical,robustness,Long,Group,,,Long,strategy_equal_weighted,True,13,1|2|3|4|6|7|8|19|21|22|24|25|26,False,DESCRIPTIVE_ONLY,Q3,,,0.08984027798517918,,,,,
Historical,robustness,Long,Group,,,Long,strategy_equal_weighted,True,13,1|2|3|4|6|7|8|19|21|22|24|25|26,False,DESCRIPTIVE_ONLY,Q4,,,0.07798795822873054,,,,,
Historical,robustness,Long,Group,,,Long,strategy_equal_weighted,True,13,1|2|3|4|6|7|8|19|21|22|24|25|26,False,DESCRIPTIVE_ONLY,Q5,,,0.11836311872122492,,,,,
Historical,robustness,Short,Group,,,Short,trade_weighted,True,11,5|9|10|11|12|17|18|20|23|27|28,False,DESCRIPTIVE_ONLY,Q1,919.0,92.909144303,0.10109808955712732,1.520228456989989,54.515778019586506,0.5419203843413175,-0.4272559049090909,False
Historical,robustness,Short,Group,,,Short,trade_weighted,True,11,5|9|10|11|12|17|18|20|23|27|28,False,DESCRIPTIVE_ONLY,Q2,696.0,45.077681089,0.06476678317385058,1.300914994869809,54.02298850574713,0.5182971393138298,-0.4695988817962382,False
Historical,robustness,Short,Group,,,Short,trade_weighted,True,11,5|9|10|11|12|17|18|20|23|27|28,False,DESCRIPTIVE_ONLY,Q3,698.0,65.780911974,0.0942419942320917,1.4314888276096953,55.730659025787965,0.5610075377223651,-0.4982059483660131,False
Historical,robustness,Short,Group,,,Short,trade_weighted,True,11,5|9|10|11|12|17|18|20|23|27|28,False,DESCRIPTIVE_ONLY,Q4,517.0,46.750427118,0.09042635806189554,1.3695055922500892,52.61121856866537,0.6370293958235294,-0.5185310186311475,False
Historical,robustness,Short,Group,,,Short,trade_weighted,True,11,5|9|10|11|12|17|18|20|23|27|28,False,DESCRIPTIVE_ONLY,Q5,697.0,101.754906208,0.14598982239311334,1.5343697752987357,54.94978479196556,0.7628598065874673,-0.6083718840734824,False
Historical,robustness,Short,Group,,,Short,strategy_equal_weighted,True,11,5|9|10|11|12|17|18|20|23|27|28,False,DESCRIPTIVE_ONLY,Q1,,,0.10065532813264144,,,,,
Historical,robustness,Short,Group,,,Short,strategy_equal_weighted,True,11,5|9|10|11|12|17|18|20|23|27|28,False,DESCRIPTIVE_ONLY,Q2,,,0.08222492067283471,,,,,
Historical,robustness,Short,Group,,,Short,strategy_equal_weighted,True,11,5|9|10|11|12|17|18|20|23|27|28,False,DESCRIPTIVE_ONLY,Q3,,,0.09789573345177596,,,,,
Historical,robustness,Short,Group,,,Short,strategy_equal_weighted,True,11,5|9|10|11|12|17|18|20|23|27|28,False,DESCRIPTIVE_ONLY,Q4,,,0.07138792921983317,,,,,
Historical,robustness,Short,Group,,,Short,strategy_equal_weighted,True,11,5|9|10|11|12|17|18|20|23|27|28,False,DESCRIPTIVE_ONLY,Q5,,,0.15142069507856207,,,,,
RecentA,primary,1,Strategy,1.0,1_EJ_Log1,,trade_weighted,False,0,,True,DESCRIPTIVE_ONLY,Q1,37.0,7.192857141000001,0.19440154435135137,1.814988669143171,62.16216216216216,0.6964596273043477,-0.6304081633571428,False
RecentA,primary,1,Strategy,1.0,1_EJ_Log1,,trade_weighted,False,0,,True,DESCRIPTIVE_ONLY,Q2,20.0,7.467142856000001,0.37335714280000004,2.425415871221752,65.0,0.9773626372307691,-0.7483673468571429,False
RecentA,primary,1,Strategy,1.0,1_EJ_Log1,,trade_weighted,False,0,,True,DESCRIPTIVE_ONLY,Q3,18.0,3.428571431,0.1904761906111111,1.5545286510269285,61.111111111111114,0.873766234,-0.8832653061428573,True
RecentA,primary,1,Strategy,1.0,1_EJ_Log1,,trade_weighted,False,0,,True,DESCRIPTIVE_ONLY,Q4,20.0,6.298571427999999,0.31492857139999997,1.993241720928746,60.0,1.0533333333333335,-0.7926785715,False
RecentA,primary,1,Strategy,1.0,1_EJ_Log1,,trade_weighted,False,0,,True,DESCRIPTIVE_ONLY,Q5,52.0,19.337142856000003,0.3718681318461539,2.3190411224202565,57.692307692307686,1.1332380952333334,-0.6663636364090909,False
RecentA,primary,2,Strategy,2.0,2_EJ_NightBlitz_20,,trade_weighted,False,0,,False,DESCRIPTIVE_ONLY,Q1,45.0,0.8400000019999991,0.018666666711111092,1.0468866287412208,53.333333333333336,0.7814814815416667,-0.853121693095238,False
RecentA,primary,2,Strategy,2.0,2_EJ_NightBlitz_20,,trade_weighted,False,0,,False,DESCRIPTIVE_ONLY,Q2,23.0,13.268888892,0.5769082126956522,4.394542354309423,73.91304347826086,1.0104575165294118,-0.6514814815,False
RecentA,primary,2,Strategy,2.0,2_EJ_NightBlitz_20,,trade_weighted,False,0,,False,DESCRIPTIVE_ONLY,Q3,19.0,1.7044444470000002,0.08970760247368421,1.2559225896780666,52.63157894736842,0.8364444446,-0.7399999998888889,True
RecentA,primary,2,Strategy,2.0,2_EJ_NightBlitz_20,,trade_weighted,False,0,,False,DESCRIPTIVE_ONLY,Q4,27.0,8.784444447000002,0.3253497943333334,2.2287845820751038,55.55555555555556,1.0622222224666666,-0.5957407408333333,False
RecentA,primary,2,Strategy,2.0,2_EJ_NightBlitz_20,,trade_weighted,False,0,,False,DESCRIPTIVE_ONLY,Q5,63.0,4.846666671000002,0.07693121700000004,1.204961939847689,53.96825396825397,0.8380392158235295,-0.8154022988620689,False
RecentA,primary,3,Strategy,3.0,3_EJ_NightBlitz_21,,trade_weighted,False,0,,False,DESCRIPTIVE_ONLY,Q1,45.0,4.484000000000001,0.09964444444444447,1.5661616162331011,60.0,0.4594074073703704,-0.43999999994444444,False
RecentA,primary,3,Strategy,3.0,3_EJ_NightBlitz_21,,trade_weighted,False,0,,False,DESCRIPTIVE_ONLY,Q2,23.0,5.422666663999999,0.23576811582608692,3.578947366743984,73.91304347826086,0.4426666665294118,-0.35044444450000006,False
RecentA,primary,3,Strategy,3.0,3_EJ_NightBlitz_21,,trade_weighted,False,0,,False,DESCRIPTIVE_ONLY,Q3,19.0,1.3293333340000002,0.06996491231578948,1.4096138048108517,68.42105263157895,0.35189743584615385,-0.5408888886666667,True
RecentA,primary,3,Strategy,3.0,3_EJ_NightBlitz_21,,trade_weighted,False,0,,False,DESCRIPTIVE_ONLY,Q4,27.0,4.911999998000001,0.18192592585185188,2.4290147392496095,62.96296296296296,0.49113725482352943,-0.3437333334,False
RecentA,primary,3,Strategy,3.0,3_EJ_NightBlitz_21,,trade_weighted,False,0,,False,DESCRIPTIVE_ONLY,Q5,63.0,3.1613333289999996,0.0501798941111111,1.2327476191731863,49.2063492063492,0.5401290321612902,-0.424458333375,False
RecentA,primary,4,Strategy,4.0,4_GJ_Port_Log1,,trade_weighted,True,1,4,False,DESCRIPTIVE_ONLY,Q1,43.0,1.8023076880000002,0.041914132279069774,1.6271413258724008,55.81395348837209,0.19483974345833333,-0.15125506078947365,False
RecentA,primary,4,Strategy,4.0,4_GJ_Port_Log1,,trade_weighted,True,1,4,False,DESCRIPTIVE_ONLY,Q2,20.0,1.193846153,0.05969230765,1.8986682084159787,60.0,0.21019230783333334,-0.166057692625,False
RecentA,primary,4,Strategy,4.0,4_GJ_Port_Log1,,trade_weighted,True,1,4,False,DESCRIPTIVE_ONLY,Q3,25.0,1.462307692,0.05849230768,1.8229437231980659,64.0,0.202451923,-0.2221153845,False
RecentA,primary,4,Strategy,4.0,4_GJ_Port_Log1,,trade_weighted,True,1,4,False,DESCRIPTIVE_ONLY,Q4,24.0,1.1615384619999998,0.048397435916666655,1.4419081067793809,62.5,0.25266666666666665,-0.292051282,False
RecentA,primary,4,Strategy,4.0,4_GJ_Port_Log1,,trade_weighted,True,1,4,False,DESCRIPTIVE_ONLY,Q5,49.0,4.520769229999999,0.09226059653061222,1.76453753090547,63.26530612244898,0.33657568232258056,-0.32850427344444444,False
RecentA,primary,5,Strategy,5.0,5_GJ_Port_Log2,,trade_weighted,True,1,5,False,DESCRIPTIVE_ONLY,Q1,50.0,6.513333334000001,0.13026666668000003,1.4697491786869845,50.0,0.8151555555600001,-0.5546222221999999,False
RecentA,primary,5,Strategy,5.0,5_GJ_Port_Log2,,trade_weighted,True,1,5,False,DESCRIPTIVE_ONLY,Q2,31.0,2.632222218,0.08491039412903226,1.3013994905186566,48.38709677419355,0.7577037036000001,-0.5458333335000001,False
RecentA,primary,5,Strategy,5.0,5_GJ_Port_Log2,,trade_weighted,True,1,5,False,DESCRIPTIVE_ONLY,Q3,39.0,1.482222224,0.03800569805128205,1.1349929165755919,48.717948717948715,0.6559064328421053,-0.549,False
RecentA,primary,5,Strategy,5.0,5_GJ_Port_Log2,,trade_weighted,True,1,5,False,DESCRIPTIVE_ONLY,Q4,27.0,3.8911111110000007,0.14411522633333337,1.7022257871670796,51.85185185185185,0.6737301586428571,-0.42623931615384614,False
RecentA,primary,5,Strategy,5.0,5_GJ_Port_Log2,,trade_weighted,True,1,5,False,DESCRIPTIVE_ONLY,Q5,64.0,9.894444445000001,0.15460069445312502,1.348491370910787,40.625,1.4725641025384617,-0.7471637426578948,False
RecentA,primary,6,Strategy,6.0,6_GJ_Old_Mon,,trade_weighted,False,0,,True,DESCRIPTIVE_ONLY,Q1,23.0,-2.621999999999999,-0.11399999999999996,0.7335907335907336,43.47826086956522,0.722,-0.7570769230769231,False
RecentA,primary,6,Strategy,6.0,6_GJ_Old_Mon,,trade_weighted,False,0,,True,DESCRIPTIVE_ONLY,Q2,11.0,2.6859999999999995,0.24418181818181814,1.582646420824295,45.45454545454545,1.4591999999999998,-0.7683333333333332,True
RecentA,primary,6,Strategy,6.0,6_GJ_Old_Mon,,trade_weighted,False,0,,True,DESCRIPTIVE_ONLY,Q3,12.0,3.8899999999999997,0.32416666666666666,2.6181364392678868,75.0,0.6993333333333333,-0.8013333333333333,True
RecentA,primary,6,Strategy,6.0,6_GJ_Old_Mon,,trade_weighted,False,0,,True,DESCRIPTIVE_ONLY,Q4,9.0,8.129999999999999,0.9033333333333332,3.0325,55.55555555555556,2.426,-1.0,True
RecentA,primary,6,Strategy,6.0,6_GJ_Old_Mon,,trade_weighted,False,0,,True,DESCRIPTIVE_ONLY,Q5,29.0,10.678,0.36820689655172417,1.8636363636363638,55.172413793103445,1.440125,-0.9510769230769232,False
RecentA,primary,7,Strategy,7.0,7_GJ_Mon_Blitz,,trade_weighted,False,0,,False,DESCRIPTIVE_ONLY,Q1,26.0,-0.3553846140000003,-0.013668639000000012,0.9213483148877363,57.692307692307686,0.2775384615333334,-0.41076923063636367,False
RecentA,primary,7,Strategy,7.0,7_GJ_Mon_Blitz,,trade_weighted,False,0,,False,DESCRIPTIVE_ONLY,Q2,13.0,1.4915384620000003,0.11473372784615386,2.5007739955501944,61.53846153846154,0.310673076875,-0.1987692306,True
RecentA,primary,7,Strategy,7.0,7_GJ_Mon_Blitz,,trade_weighted,False,0,,False,DESCRIPTIVE_ONLY,Q3,18.0,2.163076924,0.12017094022222222,2.1895093064159665,55.55555555555556,0.39815384630000006,-0.22730769237499998,True
RecentA,primary,7,Strategy,7.0,7_GJ_Mon_Blitz,,trade_weighted,False,0,,False,DESCRIPTIVE_ONLY,Q4,14.0,2.146923076,0.1533516482857143,2.577727527572434,64.28571428571429,0.38974358977777773,-0.2721538464,True
RecentA,primary,7,Strategy,7.0,7_GJ_Mon_Blitz,,trade_weighted,False,0,,False,DESCRIPTIVE_ONLY,Q5,29.0,0.28461538399999975,0.009814323586206888,1.0566182095171137,51.724137931034484,0.3541025640666667,-0.35906593407142856,False
RecentA,primary,8,Strategy,8.0,8_AJ_Core1,,trade_weighted,False,0,,False,DESCRIPTIVE_ONLY,Q1,27.0,0.6242857129999996,0.023121693074074058,1.0900845184834176,51.85185185185185,0.5395918365714285,-0.5330769230000001,False
RecentA,primary,8,Strategy,8.0,8_AJ_Core1,,trade_weighted,False,0,,False,DESCRIPTIVE_ONLY,Q2,16.0,2.5014285729999997,0.15633928581249998,1.6747591526656938,62.5,0.620857143,-0.6178571428333334,True
RecentA,primary,8,Strategy,8.0,8_AJ_Core1,,trade_weighted,False,0,,False,DESCRIPTIVE_ONLY,Q3,16.0,1.7942857139999997,0.11214285712499998,1.4513115342111884,62.5,0.577,-0.6626190476666667,True
RecentA,primary,8,Strategy,8.0,8_AJ_Core1,,trade_weighted,False,0,,False,DESCRIPTIVE_ONLY,Q4,14.0,9.227142856,0.6590816325714286,8.580985915443778,78.57142857142857,0.9494805193636363,-0.4057142856666666,True
RecentA,primary,8,Strategy,8.0,8_AJ_Core1,,trade_weighted,False,0,,False,DESCRIPTIVE_ONLY,Q5,27.0,1.88142857,0.06968253962962963,1.2133830199321676,59.25925925925925,0.6686607141875001,-0.8015584415454545,False
RecentA,primary,9,Strategy,9.0,9_AJ_Core2,,trade_weighted,False,0,,False,DESCRIPTIVE_ONLY,Q1,11.0,6.286666666999999,0.5715151515454544,3.095555555666667,72.72727272727273,1.160833333375,-1.0,True
RecentA,primary,9,Strategy,9.0,9_AJ_Core2,,trade_weighted,False,0,,False,DESCRIPTIVE_ONLY,Q2,11.0,6.3599999999999985,0.578181818181818,3.547396528364833,72.72727272727273,1.1070833333749999,-0.8322222223333333,True
RecentA,primary,9,Strategy,9.0,9_AJ_Core2,,trade_weighted,False,0,,False,DESCRIPTIVE_ONLY,Q3,9.0,3.79,0.4211111111111111,3.255952380952381,66.66666666666666,0.9116666666666666,-0.5599999999999999,True
RecentA,primary,9,Strategy,9.0,9_AJ_Core2,,trade_weighted,False,0,,False,DESCRIPTIVE_ONLY,Q4,11.0,-0.04000000000000009,-0.0036363636363636446,0.9936271906535514,36.36363636363637,1.55916666675,-0.8966666667142856,True
RecentA,primary,9,Strategy,9.0,9_AJ_Core2,,trade_weighted,False,0,,False,DESCRIPTIVE_ONLY,Q5,15.0,5.419999999999999,0.3613333333333333,1.8718498659049947,53.333333333333336,1.454583333375,-0.8880952381428572,True
RecentA,primary,10,Strategy,10.0,10_AJ_SatA,,trade_weighted,False,0,,False,DESCRIPTIVE_ONLY,Q1,14.0,0.07000000000000028,0.00500000000000002,1.0385462555066078,50.0,0.2694285714285714,-0.25942857142857145,True
RecentA,primary,10,Strategy,10.0,10_AJ_SatA,,trade_weighted,False,0,,False,DESCRIPTIVE_ONLY,Q2,12.0,0.1860000000000001,0.015500000000000009,1.0970772442588728,50.0,0.3503333333333334,-0.3193333333333333,True
RecentA,primary,10,Strategy,10.0,10_AJ_SatA,,trade_weighted,False,0,,False,DESCRIPTIVE_ONLY,Q3,15.0,0.33599999999999985,0.02239999999999999,1.1686746987951808,53.333333333333336,0.29100000000000004,-0.2845714285714286,True
RecentA,primary,10,Strategy,10.0,10_AJ_SatA,,trade_weighted,False,0,,False,DESCRIPTIVE_ONLY,Q4,9.0,1.004,0.11155555555555556,2.4764705882352946,66.66666666666666,0.2806666666666667,-0.22666666666666666,True
RecentA,primary,10,Strategy,10.0,10_AJ_SatA,,trade_weighted,False,0,,False,DESCRIPTIVE_ONLY,Q5,20.0,1.4380000000000002,0.0719,1.6614535418583256,50.0,0.36119999999999997,-0.21739999999999998,False
RecentA,primary,11,Strategy,11.0,11_AJ_SatB,,trade_weighted,False,0,,False,DESCRIPTIVE_ONLY,Q1,14.0,-0.49636363799999983,-0.03545454557142856,0.8398826974193548,50.0,0.37194805171428574,-0.4428571428571429,True
RecentA,primary,11,Strategy,11.0,11_AJ_SatB,,trade_weighted,False,0,,False,DESCRIPTIVE_ONLY,Q2,12.0,0.12909091000000006,0.010757575833333338,1.0469887495083046,41.66666666666667,0.5752727274,-0.39246753242857146,True
RecentA,primary,11,Strategy,11.0,11_AJ_SatB,,trade_weighted,False,0,,False,DESCRIPTIVE_ONLY,Q3,15.0,3.547272725999999,0.23648484839999995,2.6217788849969144,53.333333333333336,0.71681818175,-0.3124675325714286,True
RecentA,primary,11,Strategy,11.0,11_AJ_SatB,,trade_weighted,False,0,,False,DESCRIPTIVE_ONLY,Q4,9.0,3.2963636370000002,0.36626262633333334,5.019955654878049,88.88888888888889,0.514545454625,-0.82,True
RecentA,primary,11,Strategy,11.0,11_AJ_SatB,,trade_weighted,False,0,,False,DESCRIPTIVE_ONLY,Q5,20.0,-0.7109090919999999,-0.03554545459999999,0.9151107250154629,40.0,0.9579545453749999,-0.6978787879166667,False
RecentA,primary,12,Strategy,12.0,12_UJ_Short_Core,,trade_weighted,False,0,,True,DESCRIPTIVE_ONLY,Q1,24.0,1.9689999999999999,0.08204166666666667,1.3205796157603389,45.83333333333333,0.7373636363636364,-0.47246153846153843,False
RecentA,primary,12,Strategy,12.0,12_UJ_Short_Core,,trade_weighted,False,0,,True,DESCRIPTIVE_ONLY,Q2,10.0,6.563,0.6563,6.335772357723577,70.0,1.1132857142857142,-0.615,True
RecentA,primary,12,Strategy,12.0,12_UJ_Short_Core,,trade_weighted,False,0,,True,DESCRIPTIVE_ONLY,Q3,5.0,2.69,0.538,inf,100.0,0.538,,True
RecentA,primary,12,Strategy,12.0,12_UJ_Short_Core,,trade_weighted,False,0,,True,DESCRIPTIVE_ONLY,Q4,13.0,9.549999999999999,0.7346153846153846,4.405848787446505,61.53846153846154,1.54425,-0.5608,True
RecentA,primary,12,Strategy,12.0,12_UJ_Short_Core,,trade_weighted,False,0,,True,DESCRIPTIVE_ONLY,Q5,40.0,22.964,0.5740999999999999,3.8211302211302214,67.5,1.1520000000000001,-0.6261538461538462,False
RecentA,primary,13,Strategy,13.0,13_UJ_Fix_MidWeek,,trade_weighted,False,0,,False,DESCRIPTIVE_ONLY,Q1,12.0,0.3778947370000001,0.03149122808333334,1.3872707659480248,58.333333333333336,0.19338345871428572,-0.19515789479999998,True
RecentA,primary,13,Strategy,13.0,13_UJ_Fix_MidWeek,,trade_weighted,False,0,,False,DESCRIPTIVE_ONLY,Q2,1.0,0.416842105,0.416842105,inf,100.0,0.416842105,,True
RecentA,primary,13,Strategy,13.0,13_UJ_Fix_MidWeek,,trade_weighted,False,0,,False,DESCRIPTIVE_ONLY,Q3,3.0,1.224210526,0.40807017533333334,inf,100.0,0.40807017533333334,,True
RecentA,primary,13,Strategy,13.0,13_UJ_Fix_MidWeek,,trade_weighted,False,0,,False,DESCRIPTIVE_ONLY,Q4,3.0,0.144210526,0.04807017533333333,1.259469696254089,66.66666666666666,0.35,-0.555789474,True
RecentA,primary,13,Strategy,13.0,13_UJ_Fix_MidWeek,,trade_weighted,False,0,,False,DESCRIPTIVE_ONLY,Q5,19.0,2.654736841,0.13972299163157895,2.8196248181451713,68.42105263157895,0.31643724692307695,-0.2431578948333333,True
RecentA,primary,14,Strategy,14.0,14_UJ_Sat_3rd,,trade_weighted,False,0,,False,DESCRIPTIVE_ONLY,Q1,2.0,3.111111112,1.555555556,inf,100.0,1.555555556,,True
RecentA,primary,14,Strategy,14.0,14_UJ_Sat_3rd,,trade_weighted,False,0,,False,DESCRIPTIVE_ONLY,Q2,1.0,0.386666667,0.386666667,inf,100.0,0.386666667,,True
RecentA,primary,14,Strategy,14.0,14_UJ_Sat_3rd,,trade_weighted,False,0,,False,DESCRIPTIVE_ONLY,Q3,1.0,1.555555556,1.555555556,inf,100.0,1.555555556,,True
RecentA,primary,14,Strategy,14.0,14_UJ_Sat_3rd,,trade_weighted,False,0,,False,DESCRIPTIVE_ONLY,Q4,2.0,2.008888889,1.0044444445,inf,100.0,1.0044444445,,True
RecentA,primary,14,Strategy,14.0,14_UJ_Sat_3rd,,trade_weighted,False,0,,False,DESCRIPTIVE_ONLY,Q5,5.0,1.90888889,0.381777778,2.587800370903475,40.0,1.555555556,-0.4007407406666667,True
RecentA,primary,15,Strategy,15.0,15_UJ_Sat_Aug,,trade_weighted,False,0,,False,DESCRIPTIVE_ONLY,Q1,0.0,0.0,,,,,,True
RecentA,primary,15,Strategy,15.0,15_UJ_Sat_Aug,,trade_weighted,False,0,,False,DESCRIPTIVE_ONLY,Q2,0.0,0.0,,,,,,True
RecentA,primary,15,Strategy,15.0,15_UJ_Sat_Aug,,trade_weighted,False,0,,False,DESCRIPTIVE_ONLY,Q3,6.0,-0.5,-0.08333333333333333,0.875,33.33333333333333,1.75,-1.0,True
RecentA,primary,15,Strategy,15.0,15_UJ_Sat_Aug,,trade_weighted,False,0,,False,DESCRIPTIVE_ONLY,Q4,0.0,0.0,,,,,,True
RecentA,primary,15,Strategy,15.0,15_UJ_Sat_Aug,,trade_weighted,False,0,,False,DESCRIPTIVE_ONLY,Q5,6.0,-0.5,-0.08333333333333333,0.875,33.33333333333333,1.75,-1.0,True
RecentA,primary,16,Strategy,16.0,16_UJ_T10A,,trade_weighted,False,0,,False,DESCRIPTIVE_ONLY,Q1,2.0,0.842222222,0.421111111,inf,100.0,0.421111111,,True
RecentA,primary,16,Strategy,16.0,16_UJ_T10A,,trade_weighted,False,0,,False,DESCRIPTIVE_ONLY,Q2,0.0,0.0,,,,,,True
RecentA,primary,16,Strategy,16.0,16_UJ_T10A,,trade_weighted,False,0,,False,DESCRIPTIVE_ONLY,Q3,2.0,0.7577777779999999,0.37888888899999995,inf,100.0,0.37888888899999995,,True
RecentA,primary,16,Strategy,16.0,16_UJ_T10A,,trade_weighted,False,0,,False,DESCRIPTIVE_ONLY,Q4,3.0,1.906666667,0.6355555556666667,inf,100.0,0.6355555556666667,,True
RecentA,primary,16,Strategy,16.0,16_UJ_T10A,,trade_weighted,False,0,,False,DESCRIPTIVE_ONLY,Q5,3.0,-0.7088888890000001,-0.23629629633333338,0.01846153800568047,33.33333333333333,0.013333333,-0.36111111100000004,True
RecentA,primary,17,Strategy,17.0,17_EA_1B_Wed_Short,,trade_weighted,False,0,,False,DESCRIPTIVE_ONLY,Q1,16.0,-1.1457142869999999,-0.07160714293749999,0.7945170379556997,62.5,0.44299999989999994,-0.9292857143333334,True
RecentA,primary,17,Strategy,17.0,17_EA_1B_Wed_Short,,trade_weighted,False,0,,False,DESCRIPTIVE_ONLY,Q2,9.0,-0.3142857139999998,-0.03492063488888887,0.9104599105413106,44.44444444444444,0.7989285715,-0.702,True
RecentA,primary,17,Strategy,17.0,17_EA_1B_Wed_Short,,trade_weighted,False,0,,False,DESCRIPTIVE_ONLY,Q3,11.0,7.0657142870000005,0.6423376624545455,6.881093938958772,81.81818181818183,0.9185714286666666,-0.6007142855000001,True
RecentA,primary,17,Strategy,17.0,17_EA_1B_Wed_Short,,trade_weighted,False,0,,False,DESCRIPTIVE_ONLY,Q4,7.0,-1.685714286,-0.24081632657142857,0.5285657210924039,28.57142857142857,0.9450000000000001,-0.7151428572,True
RecentA,primary,17,Strategy,17.0,17_EA_1B_Wed_Short,,trade_weighted,False,0,,False,DESCRIPTIVE_ONLY,Q5,20.0,8.031428571000001,0.40157142855000005,3.948085999103103,75.0,0.7170476190000001,-0.5448571428,False
RecentA,primary,18,Strategy,18.0,18_EA_2_MonWed_Short,,trade_weighted,False,0,,False,DESCRIPTIVE_ONLY,Q1,44.0,-9.772222222000002,-0.22209595959090914,0.45863597194053063,34.090909090909086,0.5519259259333332,-0.6224521072758622,False
RecentA,primary,18,Strategy,18.0,18_EA_2_MonWed_Short,,trade_weighted,False,0,,False,DESCRIPTIVE_ONLY,Q2,21.0,-3.4411111110000006,-0.1638624338571429,0.6244239631366583,52.38095238095239,0.520101010090909,-0.9162222222,False
RecentA,primary,18,Strategy,18.0,18_EA_2_MonWed_Short,,trade_weighted,False,0,,False,DESCRIPTIVE_ONLY,Q3,28.0,4.0644444449999995,0.14515873017857142,1.4902828039806997,60.71428571428571,0.7267320261764705,-0.7536363636363635,False
RecentA,primary,18,Strategy,18.0,18_EA_2_MonWed_Short,,trade_weighted,False,0,,False,DESCRIPTIVE_ONLY,Q4,19.0,-4.888888887,-0.2573099414210526,0.4345199847599614,36.84210526315789,0.5366666668571429,-0.7204629629166668,True
RecentA,primary,18,Strategy,18.0,18_EA_2_MonWed_Short,,trade_weighted,False,0,,False,DESCRIPTIVE_ONLY,Q5,40.0,0.5722222240000008,0.01430555560000002,1.035407356592328,50.0,0.8366666667000002,-0.8080555555,False
RecentA,primary,19,Strategy,19.0,19_EA_3_WedThu_Long,,trade_weighted,False,0,,False,DESCRIPTIVE_ONLY,Q1,21.0,2.7411111130000005,0.13052910061904766,1.9023408930210433,61.904761904761905,0.44452991469230774,-0.43396825399999994,False
RecentA,primary,19,Strategy,19.0,19_EA_3_WedThu_Long,,trade_weighted,False,0,,False,DESCRIPTIVE_ONLY,Q2,23.0,1.275555558,0.055458937304347825,1.2009100459154232,56.52173913043478,0.5864957266153846,-0.6348888888,False
RecentA,primary,19,Strategy,19.0,19_EA_3_WedThu_Long,,trade_weighted,False,0,,False,DESCRIPTIVE_ONLY,Q3,25.0,5.513333334,0.22053333336000003,2.1480795932121444,64.0,0.6447222221875,-0.5335802467777778,False
RecentA,primary,19,Strategy,19.0,19_EA_3_WedThu_Long,,trade_weighted,False,0,,False,DESCRIPTIVE_ONLY,Q4,18.0,3.413333336,0.18962962977777778,2.2004689342556234,72.22222222222221,0.4812820514615384,-0.5686666666,True
RecentA,primary,19,Strategy,19.0,19_EA_3_WedThu_Long,,trade_weighted,False,0,,False,DESCRIPTIVE_ONLY,Q5,33.0,4.483333332,0.1358585858181818,1.6499677832909156,54.54545454545454,0.6322839505555554,-0.45985185186666666,False
RecentA,primary,20,Strategy,20.0,20_EA_1A_MonTue_Short,,trade_weighted,False,0,,False,DESCRIPTIVE_ONLY,Q1,36.0,-2.984,-0.08288888888888889,0.7655194090837655,36.11111111111111,0.7493846153846153,-0.553304347826087,False
RecentA,primary,20,Strategy,20.0,20_EA_1A_MonTue_Short,,trade_weighted,False,0,,False,DESCRIPTIVE_ONLY,Q2,16.0,-2.6480000000000006,-0.16550000000000004,0.5450171821305841,31.25,0.6344,-0.5290909090909091,True
RecentA,primary,20,Strategy,20.0,20_EA_1A_MonTue_Short,,trade_weighted,False,0,,False,DESCRIPTIVE_ONLY,Q3,25.0,8.082,0.32328,2.97314453125,72.0,0.6765555555555556,-0.5851428571428572,False
RecentA,primary,20,Strategy,20.0,20_EA_1A_MonTue_Short,,trade_weighted,False,0,,False,DESCRIPTIVE_ONLY,Q4,17.0,-3.0620000000000003,-0.18011764705882355,0.5887724952994896,35.294117647058826,0.7306666666666667,-0.676909090909091,True
RecentA,primary,20,Strategy,20.0,20_EA_1A_MonTue_Short,,trade_weighted,False,0,,False,DESCRIPTIVE_ONLY,Q5,26.0,4.116,0.1583076923076923,1.5105432895063262,53.84615384615385,0.8698571428571429,-0.6718333333333333,False
RecentA,primary,21,Strategy,21.0,21_GA_B_3,,trade_weighted,False,0,,False,DESCRIPTIVE_ONLY,Q1,26.0,-0.6595454529999999,-0.025367132807692302,0.6810989016639245,42.30769230769231,0.12805785127272726,-0.1378787878,False
RecentA,primary,21,Strategy,21.0,21_GA_B_3,,trade_weighted,False,0,,False,DESCRIPTIVE_ONLY,Q2,20.0,0.6345454559999999,0.0317272728,1.494859979970548,50.0,0.1916818183,-0.14247474744444444,False
RecentA,primary,21,Strategy,21.0,21_GA_B_3,,trade_weighted,False,0,,False,DESCRIPTIVE_ONLY,Q3,14.0,0.553181817,0.03951298692857143,1.513285531827415,50.0,0.23298701300000002,-0.15396103914285714,True
RecentA,primary,21,Strategy,21.0,21_GA_B_3,,trade_weighted,False,0,,False,DESCRIPTIVE_ONLY,Q4,16.0,-0.21090909099999988,-0.013181818187499993,0.8645255473156632,62.5,0.134590909,-0.2594696968333333,True
RecentA,primary,21,Strategy,21.0,21_GA_B_3,,trade_weighted,False,0,,False,DESCRIPTIVE_ONLY,Q5,23.0,1.1095454569999998,0.04824110682608695,1.3978161679196153,52.17391304347826,0.32488636375,-0.2535537189090909,False
RecentA,primary,22,Strategy,22.0,22_GA_C_2,,trade_weighted,False,0,,False,DESCRIPTIVE_ONLY,Q1,14.0,-4.518571428,-0.32275510199999996,0.3547531620694665,42.857142857142854,0.41404761916666666,-0.875357142875,True
RecentA,primary,22,Strategy,22.0,22_GA_C_2,,trade_weighted,False,0,,False,DESCRIPTIVE_ONLY,Q2,12.0,3.9542857150000006,0.3295238095833334,3.322147652595041,75.0,0.6285714285555556,-0.5676190473333333,True
RecentA,primary,22,Strategy,22.0,22_GA_C_2,,trade_weighted,False,0,,False,DESCRIPTIVE_ONLY,Q3,16.0,-1.6399999989999998,-0.10249999993749999,0.7660485022824539,31.25,1.0740000002000003,-0.6372727272727272,True
RecentA,primary,22,Strategy,22.0,22_GA_C_2,,trade_weighted,False,0,,False,DESCRIPTIVE_ONLY,Q4,15.0,3.6214285710000005,0.24142857140000004,1.8503857763988207,66.66666666666666,0.788,-0.8517142858,True
RecentA,primary,22,Strategy,22.0,22_GA_C_2,,trade_weighted,False,0,,False,DESCRIPTIVE_ONLY,Q5,22.0,-3.7285714279999995,-0.16948051945454543,0.6543961865073731,40.909090909090914,0.7844444445555556,-0.829890109923077,False
RecentA,primary,23,Strategy,23.0,23_GA_F_2,,trade_weighted,False,0,,True,DESCRIPTIVE_ONLY,Q1,10.0,-1.367777779,-0.1367777779,0.2826340324946614,40.0,0.13472222224999997,-0.317777778,True
RecentA,primary,23,Strategy,23.0,23_GA_F_2,,trade_weighted,False,0,,True,DESCRIPTIVE_ONLY,Q2,19.0,-0.805555555,-0.042397660789473685,0.7398636528805315,42.10526315789473,0.28638888900000004,-0.28151515154545453,True
RecentA,primary,23,Strategy,23.0,23_GA_F_2,,trade_weighted,False,0,,True,DESCRIPTIVE_ONLY,Q3,11.0,-2.350000001,-0.21363636372727274,0.22271223798837655,27.27272727272727,0.22444444433333333,-0.37791666675,True
RecentA,primary,23,Strategy,23.0,23_GA_F_2,,trade_weighted,False,0,,True,DESCRIPTIVE_ONLY,Q4,15.0,0.3588888880000001,0.023925925866666673,1.2723440127702625,53.333333333333336,0.20958333325,-0.18825396828571428,True
RecentA,primary,23,Strategy,23.0,23_GA_F_2,,trade_weighted,False,0,,True,DESCRIPTIVE_ONLY,Q5,22.0,0.55,0.025,1.2163461538650655,40.909090909090914,0.3435802468888889,-0.1955555555384615,False
RecentA,primary,24,Strategy,24.0,24_GA_D_1,,trade_weighted,False,0,,False,DESCRIPTIVE_ONLY,Q1,10.0,0.551111109,0.0551111109,1.435852370377686,60.0,0.3025925925,-0.3161111115,True
RecentA,primary,24,Strategy,24.0,24_GA_D_1,,trade_weighted,False,0,,False,DESCRIPTIVE_ONLY,Q2,19.0,-0.9733333319999998,-0.051228070105263146,0.721993018461504,52.63157894736842,0.2527777779,-0.3890123456666667,True
RecentA,primary,24,Strategy,24.0,24_GA_D_1,,trade_weighted,False,0,,False,DESCRIPTIVE_ONLY,Q3,11.0,-0.29555555600000005,-0.026868686909090913,0.8548827056808127,54.54545454545454,0.290185185,-0.4073333332,True
RecentA,primary,24,Strategy,24.0,24_GA_D_1,,trade_weighted,False,0,,False,DESCRIPTIVE_ONLY,Q4,15.0,4.745555555000001,0.31637037033333343,3.909400544816717,60.0,0.7085185184444445,-0.2718518518333333,True
RecentA,primary,24,Strategy,24.0,24_GA_D_1,,trade_weighted,False,0,,False,DESCRIPTIVE_ONLY,Q5,22.0,5.1055555550000005,0.23207070704545457,2.4283493934677733,54.54545454545454,0.7233333333333335,-0.3574444445,False
RecentA,primary,25,Strategy,25.0,25_AU_China_Demand,,trade_weighted,False,0,,False,DESCRIPTIVE_ONLY,Q1,64.0,4.0275,0.0629296875,1.3824786324786325,57.8125,0.39344594594594595,-0.40499999999999997,False
RecentA,primary,25,Strategy,25.0,25_AU_China_Demand,,trade_weighted,False,0,,False,DESCRIPTIVE_ONLY,Q2,13.0,2.87,0.22076923076923077,2.5492577597840755,69.23076923076923,0.5247222222222222,-0.463125,True
RecentA,primary,25,Strategy,25.0,25_AU_China_Demand,,trade_weighted,False,0,,False,DESCRIPTIVE_ONLY,Q3,19.0,-0.5150000000000003,-0.027105263157894754,0.8881650380021716,52.63157894736842,0.409,-0.5116666666666666,True
RecentA,primary,25,Strategy,25.0,25_AU_China_Demand,,trade_weighted,False,0,,False,DESCRIPTIVE_ONLY,Q4,25.0,-1.01,-0.0404,0.8472012102874432,52.0,0.43076923076923074,-0.5508333333333334,False
RecentA,primary,25,Strategy,25.0,25_AU_China_Demand,,trade_weighted,False,0,,False,DESCRIPTIVE_ONLY,Q5,53.0,4.65,0.08773584905660378,1.402249134948097,58.490566037735846,0.5229032258064517,-0.5254545454545455,False
RecentA,primary,26,Strategy,26.0,26_AJ_China_Demand,,trade_weighted,False,0,,False,DESCRIPTIVE_ONLY,Q1,23.0,8.013333336,0.34840579721739134,4.216770742915599,78.26086956521739,0.583580247,-0.498222222,False
RecentA,primary,26,Strategy,26.0,26_AJ_China_Demand,,trade_weighted,False,0,,False,DESCRIPTIVE_ONLY,Q2,17.0,-0.875555557,-0.05150326805882353,0.8488104372258158,52.94117647058824,0.5461728394444445,-0.7238888889999999,True
RecentA,primary,26,Strategy,26.0,26_AJ_China_Demand,,trade_weighted,False,0,,False,DESCRIPTIVE_ONLY,Q3,15.0,0.21999999799999986,0.014666666533333324,1.0758039809138351,53.333333333333336,0.390277777625,-0.4146031747142857,True
RecentA,primary,26,Strategy,26.0,26_AJ_China_Demand,,trade_weighted,False,0,,False,DESCRIPTIVE_ONLY,Q4,10.0,1.7266666660000003,0.17266666660000002,1.9910714283151876,50.0,0.6937777776,-0.3484444444,True
RecentA,primary,26,Strategy,26.0,26_AJ_China_Demand,,trade_weighted,False,0,,False,DESCRIPTIVE_ONLY,Q5,24.0,7.357777778,0.3065740740833333,2.8653521129425754,62.5,0.7534814814666667,-0.43827160488888883,False
RecentA,primary,27,Strategy,27.0,27_EA_China_Demand,,trade_weighted,False,0,,False,DESCRIPTIVE_ONLY,Q1,21.0,4.550000001000001,0.21666666671428575,2.3207547172714076,52.38095238095239,0.7268181819090909,-0.3445,False
RecentA,primary,27,Strategy,27.0,27_EA_China_Demand,,trade_weighted,False,0,,False,DESCRIPTIVE_ONLY,Q2,19.0,0.8116666669999999,0.04271929826315789,1.18839458423121,47.368421052631575,0.5688888888888889,-0.4308333333000001,True
RecentA,primary,27,Strategy,27.0,27_EA_China_Demand,,trade_weighted,False,0,,False,DESCRIPTIVE_ONLY,Q3,22.0,4.051666667000001,0.18416666668181822,2.4996915489203433,68.18181818181817,0.4502222222,-0.3859523808571429,False
RecentA,primary,27,Strategy,27.0,27_EA_China_Demand,,trade_weighted,False,0,,False,DESCRIPTIVE_ONLY,Q4,17.0,-0.8283333339999999,-0.04872549023529411,0.8170776590626313,47.05882352941176,0.46249999999999997,-0.5031481482222221,True
RecentA,primary,27,Strategy,27.0,27_EA_China_Demand,,trade_weighted,False,0,,False,DESCRIPTIVE_ONLY,Q5,21.0,-1.6066666660000006,-0.0765079364761905,0.7530737705310127,38.095238095238095,0.612499999875,-0.5005128203846154,False
RecentA,primary,28,Strategy,28.0,28_GA_China_Demand,,trade_weighted,False,0,,False,DESCRIPTIVE_ONLY,Q1,24.0,3.083999999,0.12849999995833333,1.8715146944356147,66.66666666666666,0.41391666662500004,-0.442333333375,False
RecentA,primary,28,Strategy,28.0,28_GA_China_Demand,,trade_weighted,False,0,,False,DESCRIPTIVE_ONLY,Q2,18.0,0.6213333339999998,0.034518518555555544,1.2103837474278085,55.55555555555556,0.35746666670000005,-0.4219047618571429,True
RecentA,primary,28,Strategy,28.0,28_GA_China_Demand,,trade_weighted,False,0,,False,DESCRIPTIVE_ONLY,Q3,24.0,1.1533333319999999,0.04805555549999999,1.2157645295719484,62.5,0.4332444443333333,-0.5939259258888889,False
RecentA,primary,28,Strategy,28.0,28_GA_China_Demand,,trade_weighted,False,0,,False,DESCRIPTIVE_ONLY,Q4,12.0,2.7533333310000003,0.22944444425000002,3.151041663163249,50.0,0.6722222219999999,-0.21333333349999997,True
RecentA,primary,28,Strategy,28.0,28_GA_China_Demand,,trade_weighted,False,0,,False,DESCRIPTIVE_ONLY,Q5,22.0,-1.6213333329999997,-0.07369696968181817,0.724012709966411,40.909090909090914,0.47259259255555564,-0.4518974358461538,False
RecentA,primary,Portfolio,Group,,,Portfolio,trade_weighted,True,2,4|5,False,DESCRIPTIVE_ONLY,Q1,684.0,33.15915475300001,0.04847829642251463,1.208073821697892,53.50877192982456,0.5260153233333333,-0.5043115619841773,False
RecentA,primary,Portfolio,Group,,,Portfolio,trade_weighted,True,2,4|5,False,DESCRIPTIVE_ONLY,Q2,410.0,51.814878961000005,0.12637775356341466,1.5865250148188612,56.58536585365853,0.6041251110387931,-0.5048122674285714,False
RecentA,primary,Portfolio,Group,,,Portfolio,trade_weighted,True,2,4|5,False,DESCRIPTIVE_ONLY,Q3,443.0,56.558176676,0.12767082771106095,1.6017200987517441,59.14221218961625,0.5746272483473283,-0.5221897910611111,False
RecentA,primary,Portfolio,Group,,,Portfolio,trade_weighted,True,2,4|5,False,DESCRIPTIVE_ONLY,Q4,398.0,67.355221846,0.1692342257437186,1.763257672043245,57.286432160804026,0.6824660120614034,-0.5191001700235295,False
RecentA,primary,Portfolio,Group,,,Portfolio,trade_weighted,True,2,4|5,False,DESCRIPTIVE_ONLY,Q5,832.0,116.089519725,0.13953067274639425,1.5134055972830938,53.125,0.774221953515837,-0.579786112125641,False
RecentA,primary,Portfolio,Group,,,Portfolio,strategy_equal_weighted,True,2,4|5,False,DESCRIPTIVE_ONLY,Q1,,,0.0860903994795349,,,,,
RecentA,primary,Portfolio,Group,,,Portfolio,strategy_equal_weighted,True,2,4|5,False,DESCRIPTIVE_ONLY,Q2,,,0.07230135088951613,,,,,
RecentA,primary,Portfolio,Group,,,Portfolio,strategy_equal_weighted,True,2,4|5,False,DESCRIPTIVE_ONLY,Q3,,,0.04824900286564103,,,,,
RecentA,primary,Portfolio,Group,,,Portfolio,strategy_equal_weighted,True,2,4|5,False,DESCRIPTIVE_ONLY,Q4,,,0.09625633112500001,,,,,
RecentA,primary,Portfolio,Group,,,Portfolio,strategy_equal_weighted,True,2,4|5,False,DESCRIPTIVE_ONLY,Q5,,,0.12343064549186862,,,,,
RecentA,primary,JPY,Group,,,JPY,trade_weighted,True,2,4|5,False,DESCRIPTIVE_ONLY,Q1,398.0,38.653263700000004,0.09711875301507539,1.4284522620553326,56.28140703517588,0.5753093632633929,-0.518482952132184,False
RecentA,primary,JPY,Group,,,JPY,trade_weighted,True,2,4|5,False,DESCRIPTIVE_ONLY,Q2,221.0,49.829777942999996,0.22547410833936649,2.112173486708253,60.633484162895925,0.7062219352238807,-0.5209762950813954,False
RecentA,primary,JPY,Group,,,JPY,trade_weighted,True,2,4|5,False,DESCRIPTIVE_ONLY,Q3,237.0,30.87505835,0.13027450780590716,1.6199215350056646,59.49367088607595,0.572197465787234,-0.5242608876421053,False
RecentA,primary,JPY,Group,,,JPY,trade_weighted,True,2,4|5,False,DESCRIPTIVE_ONLY,Q4,222.0,64.148527763,0.2889573322657658,2.4397987995537056,61.261261261261254,0.7992819239632353,-0.5180676034418604,False
RecentA,primary,JPY,Group,,,JPY,trade_weighted,True,2,4|5,False,DESCRIPTIVE_ONLY,Q5,528.0,94.428006013,0.17884092047916667,1.6352980898003087,53.97727272727273,0.852855273,-0.6116697398847738,False
RecentA,primary,JPY,Group,,,JPY,strategy_equal_weighted,True,2,4|5,False,DESCRIPTIVE_ONLY,Q1,,,0.0860903994795349,,,,,
RecentA,primary,JPY,Group,,,JPY,strategy_equal_weighted,True,2,4|5,False,DESCRIPTIVE_ONLY,Q2,,,0.07230135088951613,,,,,
RecentA,primary,JPY,Group,,,JPY,strategy_equal_weighted,True,2,4|5,False,DESCRIPTIVE_ONLY,Q3,,,0.04824900286564103,,,,,
RecentA,primary,JPY,Group,,,JPY,strategy_equal_weighted,True,2,4|5,False,DESCRIPTIVE_ONLY,Q4,,,0.09625633112500001,,,,,
RecentA,primary,JPY,Group,,,JPY,strategy_equal_weighted,True,2,4|5,False,DESCRIPTIVE_ONLY,Q5,,,0.12343064549186862,,,,,
RecentA,primary,AUD_nonJPY,Group,,,AUD_nonJPY,trade_weighted,False,0,,False,DESCRIPTIVE_ONLY,Q1,286.0,-5.494108947,-0.019210171143356644,0.9205438408282839,49.65034965034965,0.4482557110492958,-0.4869466191267607,False
RecentA,primary,AUD_nonJPY,Group,,,AUD_nonJPY,trade_weighted,False,0,,False,DESCRIPTIVE_ONLY,Q2,189.0,1.9851010180000022,0.010503179989418,1.0455944821474192,51.85185185185185,0.4645233310306123,-0.48919309464044947,False
RecentA,primary,AUD_nonJPY,Group,,,AUD_nonJPY,trade_weighted,False,0,,False,DESCRIPTIVE_ONLY,Q3,206.0,25.683118326000006,0.12467533167961167,1.5812056980802405,58.7378640776699,0.5774586478595041,-0.5198750360588236,False
RecentA,primary,AUD_nonJPY,Group,,,AUD_nonJPY,trade_weighted,False,0,,False,DESCRIPTIVE_ONLY,Q4,176.0,3.2066940829999995,0.018219852744318178,1.0733911222237338,52.27272727272727,0.5097816205543478,-0.5201573215238094,False
RecentA,primary,AUD_nonJPY,Group,,,AUD_nonJPY,trade_weighted,False,0,,False,DESCRIPTIVE_ONLY,Q5,304.0,21.661513711999998,0.07125497931578946,1.2795725313294315,51.64473684210527,0.6314799404394904,-0.5270805233809523,False
RecentA,primary,AUD_nonJPY,Group,,,AUD_nonJPY,strategy_equal_weighted,False,0,,False,DESCRIPTIVE_ONLY,Q1,,,,,,,,
RecentA,primary,AUD_nonJPY,Group,,,AUD_nonJPY,strategy_equal_weighted,False,0,,False,DESCRIPTIVE_ONLY,Q2,,,,,,,,
RecentA,primary,AUD_nonJPY,Group,,,AUD_nonJPY,strategy_equal_weighted,False,0,,False,DESCRIPTIVE_ONLY,Q3,,,,,,,,
RecentA,primary,AUD_nonJPY,Group,,,AUD_nonJPY,strategy_equal_weighted,False,0,,False,DESCRIPTIVE_ONLY,Q4,,,,,,,,
RecentA,primary,AUD_nonJPY,Group,,,AUD_nonJPY,strategy_equal_weighted,False,0,,False,DESCRIPTIVE_ONLY,Q5,,,,,,,,
RecentA,primary,Long,Group,,,Long,trade_weighted,True,1,4,False,DESCRIPTIVE_ONLY,Q1,418.0,23.341121565999995,0.05584000374641147,1.2707920571893048,56.698564593301434,0.462180847535865,-0.4815404430167598,False
RecentA,primary,Long,Group,,,Long,trade_weighted,True,1,4,False,DESCRIPTIVE_ONLY,Q2,231.0,41.333851545,0.17893442227272727,1.9755839503133983,61.904761904761905,0.5853298605594405,-0.4869921668390804,False
RecentA,primary,Long,Group,,,Long,trade_weighted,True,1,4,False,DESCRIPTIVE_ONLY,Q3,232.0,21.58996744,0.09306020448275862,1.445180332066024,58.620689655172406,0.5153462882279412,-0.5104960816736842,False
RecentA,primary,Long,Group,,,Long,trade_weighted,True,1,4,False,DESCRIPTIVE_ONLY,Q4,240.0,54.99757249700001,0.22915655207083335,2.2132209036846,62.083333333333336,0.673351964228188,-0.49815241948351646,False
RecentA,primary,Long,Group,,,Long,trade_weighted,True,1,4,False,DESCRIPTIVE_ONLY,Q5,511.0,65.633444686,0.12844118333855187,1.5219526493565774,55.57729941291585,0.6738711953274649,-0.553947025493392,False
RecentA,primary,Long,Group,,,Long,strategy_equal_weighted,True,1,4,False,DESCRIPTIVE_ONLY,Q1,,,0.041914132279069774,,,,,
RecentA,primary,Long,Group,,,Long,strategy_equal_weighted,True,1,4,False,DESCRIPTIVE_ONLY,Q2,,,0.05969230765,,,,,
RecentA,primary,Long,Group,,,Long,strategy_equal_weighted,True,1,4,False,DESCRIPTIVE_ONLY,Q3,,,0.05849230768,,,,,
RecentA,primary,Long,Group,,,Long,strategy_equal_weighted,True,1,4,False,DESCRIPTIVE_ONLY,Q4,,,0.048397435916666655,,,,,
RecentA,primary,Long,Group,,,Long,strategy_equal_weighted,True,1,4,False,DESCRIPTIVE_ONLY,Q5,,,0.09226059653061222,,,,,
RecentA,primary,Short,Group,,,Short,trade_weighted,True,1,5,False,DESCRIPTIVE_ONLY,Q1,266.0,9.818033187000001,0.03690989919924812,1.1341871544004056,48.49624060150376,0.6432926160775195,-0.5340636079343065,False
RecentA,primary,Short,Group,,,Short,trade_weighted,True,1,5,False,DESCRIPTIVE_ONLY,Q2,179.0,10.481027416000003,0.058553225787709516,1.227978130318542,49.72067039106145,0.6343242213595506,-0.5224298668749999,False
RecentA,primary,Short,Group,,,Short,trade_weighted,True,1,5,False,DESCRIPTIVE_ONLY,Q3,211.0,34.968209236,0.16572611012322275,1.7685821618669928,59.71563981042654,0.6386130465714286,-0.535259230964706,False
RecentA,primary,Short,Group,,,Short,trade_weighted,True,1,5,False,DESCRIPTIVE_ONLY,Q4,158.0,12.357649349,0.07821297056329114,1.287955345253643,50.0,0.6996557984810127,-0.5432298573544304,False
RecentA,primary,Short,Group,,,Short,trade_weighted,True,1,5,False,DESCRIPTIVE_ONLY,Q5,321.0,50.456075039,0.1571840343894081,1.502697707733909,49.22118380062305,0.9545992657025316,-0.615770607006135,False
RecentA,primary,Short,Group,,,Short,strategy_equal_weighted,True,1,5,False,DESCRIPTIVE_ONLY,Q1,,,0.13026666668000003,,,,,
RecentA,primary,Short,Group,,,Short,strategy_equal_weighted,True,1,5,False,DESCRIPTIVE_ONLY,Q2,,,0.08491039412903226,,,,,
RecentA,primary,Short,Group,,,Short,strategy_equal_weighted,True,1,5,False,DESCRIPTIVE_ONLY,Q3,,,0.03800569805128205,,,,,
RecentA,primary,Short,Group,,,Short,strategy_equal_weighted,True,1,5,False,DESCRIPTIVE_ONLY,Q4,,,0.14411522633333337,,,,,
RecentA,primary,Short,Group,,,Short,strategy_equal_weighted,True,1,5,False,DESCRIPTIVE_ONLY,Q5,,,0.15460069445312502,,,,,
RecentA,robustness,1,Strategy,1.0,1_EJ_Log1,,trade_weighted,False,0,,True,DESCRIPTIVE_ONLY,Q1,39.0,6.308571426,0.1617582416923077,1.581818181519703,58.97435897435898,0.7457142856521739,-0.6776785715,False
RecentA,robustness,1,Strategy,1.0,1_EJ_Log1,,trade_weighted,False,0,,True,DESCRIPTIVE_ONLY,Q2,26.0,10.965714285,0.42175824173076926,2.9702258724604604,69.23076923076923,0.9184126983888888,-0.69571428575,False
RecentA,robustness,1,Strategy,1.0,1_EJ_Log1,,trade_weighted,False,0,,True,DESCRIPTIVE_ONLY,Q3,15.0,-1.2757142849999998,-0.08504761899999999,0.796629469487665,40.0,0.832857143,-0.696984127,True
RecentA,robustness,1,Strategy,1.0,1_EJ_Log1,,trade_weighted,False,0,,True,DESCRIPTIVE_ONLY,Q4,22.0,8.214285716000001,0.3733766234545455,2.3488153885057472,68.18181818181817,0.9536190477333333,-0.87,False
RecentA,robustness,1,Strategy,1.0,1_EJ_Log1,,trade_weighted,False,0,,True,DESCRIPTIVE_ONLY,Q5,45.0,19.511428570000003,0.43358730155555564,2.563773757506496,60.0,1.1847619047407407,-0.6931746032222222,False
RecentA,robustness,2,Strategy,2.0,2_EJ_NightBlitz_20,,trade_weighted,False,0,,False,DESCRIPTIVE_ONLY,Q1,46.0,1.0422222259999998,0.022657004913043476,1.052619769069425,52.17391304347826,0.8687037038333333,-0.9003030302727272,False
RecentA,robustness,2,Strategy,2.0,2_EJ_NightBlitz_20,,trade_weighted,False,0,,False,DESCRIPTIVE_ONLY,Q2,32.0,15.346666669000001,0.47958333340625003,4.334620956727892,75.0,0.8312037037916667,-0.57527777775,False
RecentA,robustness,2,Strategy,2.0,2_EJ_NightBlitz_20,,trade_weighted,False,0,,False,DESCRIPTIVE_ONLY,Q3,17.0,-2.7933333319999996,-0.16431372541176467,0.6662241106257804,35.294117647058826,0.9292592594999999,-0.7608080808181817,True
RecentA,robustness,2,Strategy,2.0,2_EJ_NightBlitz_20,,trade_weighted,False,0,,False,DESCRIPTIVE_ONLY,Q4,25.0,11.366666668999999,0.45466666675999995,3.298876404707991,68.0,0.9594771243529411,-0.618055555625,False
RecentA,robustness,2,Strategy,2.0,2_EJ_NightBlitz_20,,trade_weighted,False,0,,False,DESCRIPTIVE_ONLY,Q5,57.0,4.482222227,0.07863547766666668,1.207916709837049,50.877192982456144,0.8979310346551725,-0.7699206349285713,False
RecentA,robustness,3,Strategy,3.0,3_EJ_NightBlitz_21,,trade_weighted,False,0,,False,DESCRIPTIVE_ONLY,Q1,46.0,2.153333333,0.04681159419565217,1.2178017531839382,54.347826086956516,0.48159999995999997,-0.47079365076190466,False
RecentA,robustness,3,Strategy,3.0,3_EJ_NightBlitz_21,,trade_weighted,False,0,,False,DESCRIPTIVE_ONLY,Q2,32.0,8.504000000000001,0.26575000000000004,5.444599303910209,81.25,0.40066666665384615,-0.31888888883333333,False
RecentA,robustness,3,Strategy,3.0,3_EJ_NightBlitz_21,,trade_weighted,False,0,,False,DESCRIPTIVE_ONLY,Q3,17.0,0.6746666649999999,0.0396862744117647,1.236559139200561,58.82352941176471,0.3526666665,-0.4074285714285714,True
RecentA,robustness,3,Strategy,3.0,3_EJ_NightBlitz_21,,trade_weighted,False,0,,False,DESCRIPTIVE_ONLY,Q4,25.0,5.1239999979999995,0.20495999991999997,3.016264427599195,60.0,0.5110222220666666,-0.2541333333,False
RecentA,robustness,3,Strategy,3.0,3_EJ_NightBlitz_21,,trade_weighted,False,0,,False,DESCRIPTIVE_ONLY,Q5,57.0,2.853333329,0.05005847945614035,1.217900417119652,50.877192982456144,0.5499310343793103,-0.46766666671428564,False
RecentA,robustness,4,Strategy,4.0,4_GJ_Port_Log1,,trade_weighted,True,1,4,False,DESCRIPTIVE_ONLY,Q1,37.0,0.828461536,0.022390852324324327,1.3035512955176012,48.64864864864865,0.19764957255555554,-0.1436437247368421,False
RecentA,robustness,4,Strategy,4.0,4_GJ_Port_Log1,,trade_weighted,True,1,4,False,DESCRIPTIVE_ONLY,Q2,32.0,3.099230768,0.0968509615,2.7217948701545587,71.875,0.21301003343478261,-0.2000000001111111,False
RecentA,robustness,4,Strategy,4.0,4_GJ_Port_Log1,,trade_weighted,True,1,4,False,DESCRIPTIVE_ONLY,Q3,29.0,1.479999999,0.05103448272413793,1.4535596413826866,58.620689655172406,0.27900452482352944,-0.2966433566363636,False
RecentA,robustness,4,Strategy,4.0,4_GJ_Port_Log1,,trade_weighted,True,1,4,False,DESCRIPTIVE_ONLY,Q4,24.0,1.8730769230000004,0.07804487179166668,2.0904612626349377,62.5,0.2393846154,-0.1908547008888889,False
RecentA,robustness,4,Strategy,4.0,4_GJ_Port_Log1,,trade_weighted,True,1,4,False,DESCRIPTIVE_ONLY,Q5,39.0,2.859999999,0.0733333333076923,1.5707706477234833,64.1025641025641,0.31483076915999997,-0.35791208785714285,False
RecentA,robustness,5,Strategy,5.0,5_GJ_Port_Log2,,trade_weighted,True,1,5,False,DESCRIPTIVE_ONLY,Q1,46.0,6.209999999,0.13499999997826087,1.5544092847093978,56.52173913043478,0.6696581196153846,-0.5600555555500001,False
RecentA,robustness,5,Strategy,5.0,5_GJ_Port_Log2,,trade_weighted,True,1,5,False,DESCRIPTIVE_ONLY,Q2,47.0,-2.6711111130000003,-0.05683215134042554,0.8442601709357838,27.659574468085108,1.113846153846154,-0.5044444445,False
RecentA,robustness,5,Strategy,5.0,5_GJ_Port_Log2,,trade_weighted,True,1,5,False,DESCRIPTIVE_ONLY,Q3,37.0,9.904444446,0.26768768772972973,2.1409189813789955,67.56756756756756,0.74342222228,-0.7234259259166667,False
RecentA,robustness,5,Strategy,5.0,5_GJ_Port_Log2,,trade_weighted,True,1,5,False,DESCRIPTIVE_ONLY,Q4,36.0,10.697777776,0.2971604937777778,2.098459783146465,50.0,1.1353703702222222,-0.5410493826666667,False
RecentA,robustness,5,Strategy,5.0,5_GJ_Port_Log2,,trade_weighted,True,1,5,False,DESCRIPTIVE_ONLY,Q5,45.0,0.2722222240000003,0.006049382755555562,1.013125468853092,37.77777777777778,1.2360130719411764,-0.7407142856785713,False
RecentA,robustness,6,Strategy,6.0,6_GJ_Old_Mon,,trade_weighted,False,0,,True,DESCRIPTIVE_ONLY,Q1,23.0,3.1900000000000004,0.13869565217391305,1.371016515468714,52.17391304347826,0.9823333333333334,-0.7816363636363636,False
RecentA,robustness,6,Strategy,6.0,6_GJ_Old_Mon,,trade_weighted,False,0,,True,DESCRIPTIVE_ONLY,Q2,18.0,-0.262,-0.014555555555555556,0.9581335890060722,50.0,0.6662222222222222,-0.6953333333333334,True
RecentA,robustness,6,Strategy,6.0,6_GJ_Old_Mon,,trade_weighted,False,0,,True,DESCRIPTIVE_ONLY,Q3,11.0,7.932,0.7210909090909091,3.6439999999999997,72.72727272727273,1.3664999999999998,-1.0,True
RecentA,robustness,6,Strategy,6.0,6_GJ_Old_Mon,,trade_weighted,False,0,,True,DESCRIPTIVE_ONLY,Q4,12.0,6.276,0.523,2.1700223713646536,50.0,1.9400000000000002,-0.894,True
RecentA,robustness,6,Strategy,6.0,6_GJ_Old_Mon,,trade_weighted,False,0,,True,DESCRIPTIVE_ONLY,Q5,20.0,5.6259999999999994,0.2813,1.5625999999999998,50.0,1.5625999999999998,-1.0,False
RecentA,robustness,7,Strategy,7.0,7_GJ_Mon_Blitz,,trade_weighted,False,0,,False,DESCRIPTIVE_ONLY,Q1,25.0,0.45769231,0.0183076924,1.1197665062881508,60.0,0.28528205133333334,-0.38215384599999996,False
RecentA,robustness,7,Strategy,7.0,7_GJ_Mon_Blitz,,trade_weighted,False,0,,False,DESCRIPTIVE_ONLY,Q2,21.0,1.942307693,0.09249084252380953,1.9053424171217896,61.904761904761905,0.31443786984615385,-0.268173076875,False
RecentA,robustness,7,Strategy,7.0,7_GJ_Mon_Blitz,,trade_weighted,False,0,,False,DESCRIPTIVE_ONLY,Q3,17.0,3.233076924,0.19018099552941178,4.739323847145426,64.70588235294117,0.3725174825454545,-0.14410256400000002,True
RecentA,robustness,7,Strategy,7.0,7_GJ_Mon_Blitz,,trade_weighted,False,0,,False,DESCRIPTIVE_ONLY,Q4,16.0,0.27153845899999984,0.01697115368749999,1.1245589260325148,50.0,0.306442307625,-0.27250000025,True
RecentA,robustness,7,Strategy,7.0,7_GJ_Mon_Blitz,,trade_weighted,False,0,,False,DESCRIPTIVE_ONLY,Q5,21.0,-0.17384615399999997,-0.008278388285714285,0.9630658604026302,47.61904761904761,0.4533076923,-0.4279020979090909,False
RecentA,robustness,8,Strategy,8.0,8_AJ_Core1,,trade_weighted,False,0,,False,DESCRIPTIVE_ONLY,Q1,30.0,1.9742857120000004,0.06580952373333335,1.2394317391752803,50.0,0.6813333331333334,-0.5497142856666667,False
RecentA,robustness,8,Strategy,8.0,8_AJ_Core1,,trade_weighted,False,0,,False,DESCRIPTIVE_ONLY,Q2,11.0,2.175714285,0.19779220772727274,1.8609383830334054,63.63636363636363,0.6718367345714286,-0.63178571425,True
RecentA,robustness,8,Strategy,8.0,8_AJ_Core1,,trade_weighted,False,0,,False,DESCRIPTIVE_ONLY,Q3,19.0,3.541428572,0.18639097747368422,1.9845115172750005,73.68421052631578,0.5098979592142857,-0.7194285713999999,True
RecentA,robustness,8,Strategy,8.0,8_AJ_Core1,,trade_weighted,False,0,,False,DESCRIPTIVE_ONLY,Q4,18.0,5.478571428,0.30436507933333334,2.6305272107142854,61.111111111111114,0.8035064934545453,-0.4799999999999999,True
RecentA,robustness,8,Strategy,8.0,8_AJ_Core1,,trade_weighted,False,0,,False,DESCRIPTIVE_ONLY,Q5,22.0,2.8585714290000004,0.12993506495454546,1.413258983961447,63.63636363636363,0.6982653061428571,-0.864642857125,False
RecentA,robustness,9,Strategy,9.0,9_AJ_Core2,,trade_weighted,False,0,,False,DESCRIPTIVE_ONLY,Q1,11.0,3.4233333339999996,0.31121212127272724,2.1411111113333336,72.72727272727273,0.8029166667500001,-1.0,True
RecentA,robustness,9,Strategy,9.0,9_AJ_Core2,,trade_weighted,False,0,,False,DESCRIPTIVE_ONLY,Q2,6.0,3.4733333330000002,0.5788888888333333,3.3207126941379266,66.66666666666666,1.2425000000000002,-0.7483333335,True
RecentA,robustness,9,Strategy,9.0,9_AJ_Core2,,trade_weighted,False,0,,False,DESCRIPTIVE_ONLY,Q3,12.0,7.100000001,0.59166666675,4.251908397901055,75.0,1.0314814815555555,-0.7277777776666667,True
RecentA,robustness,9,Strategy,9.0,9_AJ_Core2,,trade_weighted,False,0,,False,DESCRIPTIVE_ONLY,Q4,13.0,2.656666665999999,0.20435897430769223,1.4427777776666664,53.84615384615385,1.2366666665714283,-1.0,True
RecentA,robustness,9,Strategy,9.0,9_AJ_Core2,,trade_weighted,False,0,,False,DESCRIPTIVE_ONLY,Q5,15.0,5.163333332999999,0.3442222221999999,1.7386742964608477,40.0,2.0255555556666667,-0.7766666667777777,True
RecentA,robustness,10,Strategy,10.0,10_AJ_SatA,,trade_weighted,False,0,,False,DESCRIPTIVE_ONLY,Q1,18.0,0.14399999999999996,0.007999999999999998,1.0518731988472625,55.55555555555556,0.29200000000000004,-0.347,True
RecentA,robustness,10,Strategy,10.0,10_AJ_SatA,,trade_weighted,False,0,,False,DESCRIPTIVE_ONLY,Q2,6.0,0.32599999999999996,0.054333333333333324,1.4393530997304582,50.0,0.35600000000000004,-0.24733333333333332,True
RecentA,robustness,10,Strategy,10.0,10_AJ_SatA,,trade_weighted,False,0,,False,DESCRIPTIVE_ONLY,Q3,15.0,1.3,0.08666666666666667,1.8507853403141363,60.0,0.31422222222222224,-0.25466666666666665,True
RecentA,robustness,10,Strategy,10.0,10_AJ_SatA,,trade_weighted,False,0,,False,DESCRIPTIVE_ONLY,Q4,14.0,-0.9600000000000002,-0.06857142857142859,0.5952782462057336,42.857142857142854,0.2353333333333333,-0.2965,True
RecentA,robustness,10,Strategy,10.0,10_AJ_SatA,,trade_weighted,False,0,,False,DESCRIPTIVE_ONLY,Q5,17.0,2.2239999999999998,0.1308235294117647,2.917241379310344,52.94117647058824,0.376,-0.14500000000000002,True
RecentA,robustness,11,Strategy,11.0,11_AJ_SatB,,trade_weighted,False,0,,False,DESCRIPTIVE_ONLY,Q1,18.0,-1.1581818199999998,-0.06434343444444443,0.6921217975015891,38.88888888888889,0.37194805171428574,-0.3419834710909091,True
RecentA,robustness,11,Strategy,11.0,11_AJ_SatB,,trade_weighted,False,0,,False,DESCRIPTIVE_ONLY,Q2,6.0,2.8127272729999997,0.4687878788333333,22.48611109827353,83.33333333333334,0.5887272727999999,-0.130909091,True
RecentA,robustness,11,Strategy,11.0,11_AJ_SatB,,trade_weighted,False,0,,False,DESCRIPTIVE_ONLY,Q3,15.0,0.7563636370000004,0.05042424246666669,1.1735502713255548,53.333333333333336,0.639318181875,-0.6225974025714286,True
RecentA,robustness,11,Strategy,11.0,11_AJ_SatB,,trade_weighted,False,0,,False,DESCRIPTIVE_ONLY,Q4,14.0,4.201818180999999,0.3001298700714285,2.9452861949074074,71.42857142857143,0.6361818181000001,-0.54,True
RecentA,robustness,11,Strategy,11.0,11_AJ_SatB,,trade_weighted,False,0,,False,DESCRIPTIVE_ONLY,Q5,17.0,-0.847272728,-0.049839572235294116,0.8757333332415785,35.294117647058826,0.9951515151666666,-0.6198347108181819,True
RecentA,robustness,12,Strategy,12.0,12_UJ_Short_Core,,trade_weighted,False,0,,True,DESCRIPTIVE_ONLY,Q1,25.0,1.7389999999999997,0.06955999999999998,1.2729127432517262,44.0,0.7373636363636364,-0.4551428571428572,False
RecentA,robustness,12,Strategy,12.0,12_UJ_Short_Core,,trade_weighted,False,0,,True,DESCRIPTIVE_ONLY,Q2,9.0,3.4530000000000003,0.3836666666666667,3.891959798994975,66.66666666666666,0.7745000000000001,-0.597,True
RecentA,robustness,12,Strategy,12.0,12_UJ_Short_Core,,trade_weighted,False,0,,True,DESCRIPTIVE_ONLY,Q3,13.0,15.304000000000002,1.1772307692307693,16.304,92.3076923076923,1.3586666666666665,-1.0,True
RecentA,robustness,12,Strategy,12.0,12_UJ_Short_Core,,trade_weighted,False,0,,True,DESCRIPTIVE_ONLY,Q4,12.0,4.08,0.34,2.0625,50.0,1.32,-0.64,True
RecentA,robustness,12,Strategy,12.0,12_UJ_Short_Core,,trade_weighted,False,0,,True,DESCRIPTIVE_ONLY,Q5,33.0,19.16,0.5806060606060606,4.241962774957699,69.6969696969697,1.09,-0.591,False
RecentA,robustness,13,Strategy,13.0,13_UJ_Fix_MidWeek,,trade_weighted,False,0,,False,DESCRIPTIVE_ONLY,Q1,12.0,0.3778947370000001,0.03149122808333334,1.3872707659480248,58.333333333333336,0.19338345871428572,-0.19515789479999998,True
RecentA,robustness,13,Strategy,13.0,13_UJ_Fix_MidWeek,,trade_weighted,False,0,,False,DESCRIPTIVE_ONLY,Q2,1.0,0.493684211,0.493684211,inf,100.0,0.493684211,,True
RecentA,robustness,13,Strategy,13.0,13_UJ_Fix_MidWeek,,trade_weighted,False,0,,False,DESCRIPTIVE_ONLY,Q3,7.0,3.362105263,0.4803007518571429,inf,100.0,0.4803007518571429,,True
RecentA,robustness,13,Strategy,13.0,13_UJ_Fix_MidWeek,,trade_weighted,False,0,,False,DESCRIPTIVE_ONLY,Q4,4.0,-0.33263158,-0.083157895,0.4026465017356284,50.0,0.112105263,-0.27842105300000003,True
RecentA,robustness,13,Strategy,13.0,13_UJ_Fix_MidWeek,,trade_weighted,False,0,,False,DESCRIPTIVE_ONLY,Q5,14.0,0.9168421040000003,0.06548872171428574,1.6288808654914573,64.28571428571429,0.26385964900000003,-0.2915789474,True
RecentA,robustness,14,Strategy,14.0,14_UJ_Sat_3rd,,trade_weighted,False,0,,False,DESCRIPTIVE_ONLY,Q1,3.0,3.497777779,1.1659259263333335,inf,100.0,1.1659259263333335,,True
RecentA,robustness,14,Strategy,14.0,14_UJ_Sat_3rd,,trade_weighted,False,0,,False,DESCRIPTIVE_ONLY,Q2,0.0,0.0,,,,,,True
RecentA,robustness,14,Strategy,14.0,14_UJ_Sat_3rd,,trade_weighted,False,0,,False,DESCRIPTIVE_ONLY,Q3,3.0,3.5644444450000003,1.1881481483333334,inf,100.0,1.1881481483333334,,True
RecentA,robustness,14,Strategy,14.0,14_UJ_Sat_3rd,,trade_weighted,False,0,,False,DESCRIPTIVE_ONLY,Q4,2.0,3.111111112,1.555555556,inf,100.0,1.555555556,,True
RecentA,robustness,14,Strategy,14.0,14_UJ_Sat_3rd,,trade_weighted,False,0,,False,DESCRIPTIVE_ONLY,Q5,3.0,-1.202222222,-0.4007407406666667,0.0,0.0,,-0.4007407406666667,True
RecentA,robustness,15,Strategy,15.0,15_UJ_Sat_Aug,,trade_weighted,False,0,,False,DESCRIPTIVE_ONLY,Q1,0.0,0.0,,,,,,True
RecentA,robustness,15,Strategy,15.0,15_UJ_Sat_Aug,,trade_weighted,False,0,,False,DESCRIPTIVE_ONLY,Q2,3.0,-0.25,-0.08333333333333333,0.875,33.33333333333333,1.75,-1.0,True
RecentA,robustness,15,Strategy,15.0,15_UJ_Sat_Aug,,trade_weighted,False,0,,False,DESCRIPTIVE_ONLY,Q3,3.0,-0.25,-0.08333333333333333,0.875,33.33333333333333,1.75,-1.0,True
RecentA,robustness,15,Strategy,15.0,15_UJ_Sat_Aug,,trade_weighted,False,0,,False,DESCRIPTIVE_ONLY,Q4,0.0,0.0,,,,,,True
RecentA,robustness,15,Strategy,15.0,15_UJ_Sat_Aug,,trade_weighted,False,0,,False,DESCRIPTIVE_ONLY,Q5,6.0,-0.5,-0.08333333333333333,0.875,33.33333333333333,1.75,-1.0,True
RecentA,robustness,16,Strategy,16.0,16_UJ_T10A,,trade_weighted,False,0,,False,DESCRIPTIVE_ONLY,Q1,1.0,0.257777778,0.257777778,inf,100.0,0.257777778,,True
RecentA,robustness,16,Strategy,16.0,16_UJ_T10A,,trade_weighted,False,0,,False,DESCRIPTIVE_ONLY,Q2,4.0,2.262222222,0.5655555555,inf,100.0,0.5655555555,,True
RecentA,robustness,16,Strategy,16.0,16_UJ_T10A,,trade_weighted,False,0,,False,DESCRIPTIVE_ONLY,Q3,0.0,0.0,,,,,,True
RecentA,robustness,16,Strategy,16.0,16_UJ_T10A,,trade_weighted,False,0,,False,DESCRIPTIVE_ONLY,Q4,2.0,0.402222222,0.201111111,inf,100.0,0.201111111,,True
RecentA,robustness,16,Strategy,16.0,16_UJ_T10A,,trade_weighted,False,0,,False,DESCRIPTIVE_ONLY,Q5,3.0,-0.1244444440000001,-0.04148148133333337,0.8276923082546744,33.33333333333333,0.597777778,-0.36111111100000004,True
RecentA,robustness,17,Strategy,17.0,17_EA_1B_Wed_Short,,trade_weighted,False,0,,False,DESCRIPTIVE_ONLY,Q1,10.0,0.49,0.049,1.147084048046366,60.0,0.6369047618333333,-0.83285714275,True
RecentA,robustness,17,Strategy,17.0,17_EA_1B_Wed_Short,,trade_weighted,False,0,,False,DESCRIPTIVE_ONLY,Q2,12.0,0.17857142800000014,0.014880952333333345,1.0499400717499048,66.66666666666666,0.46928571425,-0.8939285715,True
RecentA,robustness,17,Strategy,17.0,17_EA_1B_Wed_Short,,trade_weighted,False,0,,False,DESCRIPTIVE_ONLY,Q3,17.0,2.6042857150000005,0.1531932773529412,1.4504571288163624,52.94117647058824,0.9317460318888889,-0.7226785714999999,True
RecentA,robustness,17,Strategy,17.0,17_EA_1B_Wed_Short,,trade_weighted,False,0,,False,DESCRIPTIVE_ONLY,Q4,10.0,1.7985714269999997,0.17985714269999997,2.1810506555177254,60.0,0.5535714283333334,-0.38071428575,True
RecentA,robustness,17,Strategy,17.0,17_EA_1B_Wed_Short,,trade_weighted,False,0,,False,DESCRIPTIVE_ONLY,Q5,14.0,6.880000001,0.4914285715,3.8959711377919337,78.57142857142857,0.8414285714545454,-0.7919047616666667,True
RecentA,robustness,18,Strategy,18.0,18_EA_2_MonWed_Short,,trade_weighted,False,0,,False,DESCRIPTIVE_ONLY,Q1,34.0,-5.371111110999999,-0.15797385620588233,0.5494454282836188,47.05882352941176,0.409375,-0.662283950611111,False
RecentA,robustness,18,Strategy,18.0,18_EA_2_MonWed_Short,,trade_weighted,False,0,,False,DESCRIPTIVE_ONLY,Q2,27.0,-4.297777778,-0.15917695474074076,0.5983802304807225,33.33333333333333,0.7114814814444445,-0.5945061728333333,False
RecentA,robustness,18,Strategy,18.0,18_EA_2_MonWed_Short,,trade_weighted,False,0,,False,DESCRIPTIVE_ONLY,Q3,44.0,0.19555555800000035,0.004444444500000008,1.0104142013140407,50.0,0.8624242424999999,-0.8535353535,False
RecentA,robustness,18,Strategy,18.0,18_EA_2_MonWed_Short,,trade_weighted,False,0,,False,DESCRIPTIVE_ONLY,Q4,19.0,-4.598888889,-0.24204678363157897,0.45244079904150764,47.368421052631575,0.4222222222222223,-0.8398888889,True
RecentA,robustness,18,Strategy,18.0,18_EA_2_MonWed_Short,,trade_weighted,False,0,,False,DESCRIPTIVE_ONLY,Q5,28.0,0.6066666690000001,0.021666666750000004,1.0577167021308367,50.0,0.7941269842142857,-0.7507936507142858,False
RecentA,robustness,19,Strategy,19.0,19_EA_3_WedThu_Long,,trade_weighted,False,0,,False,DESCRIPTIVE_ONLY,Q1,17.0,0.24333333400000012,0.014313725529411772,1.074111675337473,47.05882352941176,0.44083333337499997,-0.41041666662500004,True
RecentA,robustness,19,Strategy,19.0,19_EA_3_WedThu_Long,,trade_weighted,False,0,,False,DESCRIPTIVE_ONLY,Q2,27.0,5.653333336999999,0.20938271618518517,2.106086957263176,66.66666666666666,0.5980246915555556,-0.5679012345555555,False
RecentA,robustness,19,Strategy,19.0,19_EA_3_WedThu_Long,,trade_weighted,False,0,,False,DESCRIPTIVE_ONLY,Q3,31.0,1.9188888890000004,0.061899641580645176,1.2472087031419181,58.06451612903226,0.5378395061666666,-0.5970940170769231,False
RecentA,robustness,19,Strategy,19.0,19_EA_3_WedThu_Long,,trade_weighted,False,0,,False,DESCRIPTIVE_ONLY,Q4,17.0,1.712222223,0.10071895429411765,1.5767215571266193,64.70588235294117,0.42555555563636355,-0.49481481483333334,True
RecentA,robustness,19,Strategy,19.0,19_EA_3_WedThu_Long,,trade_weighted,False,0,,False,DESCRIPTIVE_ONLY,Q5,28.0,7.89888889,0.28210317464285717,2.6440795566922537,64.28571428571429,0.7057407407222223,-0.48044444429999994,False
RecentA,robustness,20,Strategy,20.0,20_EA_1A_MonTue_Short,,trade_weighted,False,0,,False,DESCRIPTIVE_ONLY,Q1,28.0,-2.9380000000000006,-0.10492857142857145,0.71002763521516,32.142857142857146,0.7993333333333335,-0.5332631578947368,False
RecentA,robustness,20,Strategy,20.0,20_EA_1A_MonTue_Short,,trade_weighted,False,0,,False,DESCRIPTIVE_ONLY,Q2,22.0,1.8840000000000006,0.08563636363636366,1.3554716981132076,50.0,0.6530909090909092,-0.48181818181818187,False
RecentA,robustness,20,Strategy,20.0,20_EA_1A_MonTue_Short,,trade_weighted,False,0,,False,DESCRIPTIVE_ONLY,Q3,32.0,4.068,0.127125,1.5049652432969216,53.125,0.7131764705882352,-0.5370666666666666,False
RecentA,robustness,20,Strategy,20.0,20_EA_1A_MonTue_Short,,trade_weighted,False,0,,False,DESCRIPTIVE_ONLY,Q4,14.0,5.0200000000000005,0.3585714285714286,2.433466590519703,71.42857142857143,0.8522000000000001,-0.8755,True
RecentA,robustness,20,Strategy,20.0,20_EA_1A_MonTue_Short,,trade_weighted,False,0,,False,DESCRIPTIVE_ONLY,Q5,24.0,-4.529999999999999,-0.18874999999999997,0.5940860215053764,37.5,0.7366666666666666,-0.7439999999999999,False
RecentA,robustness,21,Strategy,21.0,21_GA_B_3,,trade_weighted,False,0,,False,DESCRIPTIVE_ONLY,Q1,23.0,-0.2349999969999999,-0.01021739117391304,0.8774591149879932,47.82608695652174,0.15297520672727272,-0.1598106059166667,False
RecentA,robustness,21,Strategy,21.0,21_GA_B_3,,trade_weighted,False,0,,False,DESCRIPTIVE_ONLY,Q2,19.0,0.39454545499999993,0.020765550263157892,1.3785433934701818,52.63157894736842,0.1436818182,-0.11580808077777777,True
RecentA,robustness,21,Strategy,21.0,21_GA_B_3,,trade_weighted,False,0,,False,DESCRIPTIVE_ONLY,Q3,14.0,-0.39227272899999993,-0.02801948064285714,0.6913447771605052,35.714285714285715,0.17572727259999998,-0.1588636365,True
RecentA,robustness,21,Strategy,21.0,21_GA_B_3,,trade_weighted,False,0,,False,DESCRIPTIVE_ONLY,Q4,15.0,1.1631818170000001,0.07754545446666668,1.957351288923991,66.66666666666666,0.23781818180000003,-0.24300000019999998,True
RecentA,robustness,21,Strategy,21.0,21_GA_B_3,,trade_weighted,False,0,,False,DESCRIPTIVE_ONLY,Q5,28.0,0.4963636400000001,0.017727272857142862,1.1491395805402718,50.0,0.27318181828571425,-0.23772727257142856,False
RecentA,robustness,22,Strategy,22.0,22_GA_C_2,,trade_weighted,False,0,,False,DESCRIPTIVE_ONLY,Q1,12.0,-1.2214285709999995,-0.10178571424999995,0.7558537979224486,50.0,0.6302380953333334,-0.8338095238333333,True
RecentA,robustness,22,Strategy,22.0,22_GA_C_2,,trade_weighted,False,0,,False,DESCRIPTIVE_ONLY,Q2,17.0,0.5628571440000003,0.0331092437647059,1.0958404283119474,47.05882352941176,0.804464285875,-0.6525396825555556,True
RecentA,robustness,22,Strategy,22.0,22_GA_C_2,,trade_weighted,False,0,,False,DESCRIPTIVE_ONLY,Q3,14.0,-2.9842857140000003,-0.2131632652857143,0.5269474637705568,42.857142857142854,0.554047619,-0.7885714285000001,True
RecentA,robustness,22,Strategy,22.0,22_GA_C_2,,trade_weighted,False,0,,False,DESCRIPTIVE_ONLY,Q4,14.0,1.0100000010000003,0.07214285721428573,1.1825929754015438,57.14285714285714,0.8176785715,-0.9219047618333334,True
RecentA,robustness,22,Strategy,22.0,22_GA_C_2,,trade_weighted,False,0,,False,DESCRIPTIVE_ONLY,Q5,22.0,0.32142857100000016,0.014610389590909099,1.0399431918473343,50.0,0.760779220818182,-0.7315584416363637,False
RecentA,robustness,23,Strategy,23.0,23_GA_F_2,,trade_weighted,False,0,,True,DESCRIPTIVE_ONLY,Q1,16.0,-1.8155555569999997,-0.11347222231249998,0.332788893358211,37.5,0.15092592600000002,-0.27211111130000004,True
RecentA,robustness,23,Strategy,23.0,23_GA_F_2,,trade_weighted,False,0,,True,DESCRIPTIVE_ONLY,Q2,13.0,0.2277777780000002,0.017521367538461556,1.099321705537692,61.53846153846154,0.315138888875,-0.4586666666000001,True
RecentA,robustness,23,Strategy,23.0,23_GA_F_2,,trade_weighted,False,0,,True,DESCRIPTIVE_ONLY,Q3,12.0,-0.965555557,-0.08046296308333332,0.583413230660712,33.33333333333333,0.3380555555,-0.289722222375,True
RecentA,robustness,23,Strategy,23.0,23_GA_F_2,,trade_weighted,False,0,,True,DESCRIPTIVE_ONLY,Q4,10.0,-1.301111109,-0.1301111109,0.1635714290921428,30.0,0.08481481499999999,-0.22222222200000002,True
RecentA,robustness,23,Strategy,23.0,23_GA_F_2,,trade_weighted,False,0,,True,DESCRIPTIVE_ONLY,Q5,26.0,0.23999999800000013,0.00923076915384616,1.0800296399110672,42.30769230769231,0.29444444436363637,-0.199925926,False
RecentA,robustness,24,Strategy,24.0,24_GA_D_1,,trade_weighted,False,0,,False,DESCRIPTIVE_ONLY,Q1,16.0,-0.6777777780000002,-0.04236111112500001,0.7497949137920511,50.0,0.253888888875,-0.338611111125,True
RecentA,robustness,24,Strategy,24.0,24_GA_D_1,,trade_weighted,False,0,,False,DESCRIPTIVE_ONLY,Q2,13.0,-0.2933333339999997,-0.022564102615384593,0.9009009006756757,46.15384615384615,0.44444444433333335,-0.4228571428571429,True
RecentA,robustness,24,Strategy,24.0,24_GA_D_1,,trade_weighted,False,0,,False,DESCRIPTIVE_ONLY,Q3,12.0,0.03444444399999999,0.0028703703333333324,1.0177650427496983,58.333333333333336,0.28190476185714286,-0.38777777780000006,True
RecentA,robustness,24,Strategy,24.0,24_GA_D_1,,trade_weighted,False,0,,False,DESCRIPTIVE_ONLY,Q4,10.0,0.367777778,0.0367777778,1.2921447486061657,50.0,0.32533333340000004,-0.2517777778,True
RecentA,robustness,24,Strategy,24.0,24_GA_D_1,,trade_weighted,False,0,,False,DESCRIPTIVE_ONLY,Q5,26.0,9.702222221000001,0.3731623931153847,4.088786698418454,65.38461538461539,0.7554901960588235,-0.34901234577777784,False
RecentA,robustness,25,Strategy,25.0,25_AU_China_Demand,,trade_weighted,False,0,,False,DESCRIPTIVE_ONLY,Q1,43.0,1.385,0.0322093023255814,1.1585121602288981,48.837209302325576,0.48202380952380947,-0.4160714285714286,False
RecentA,robustness,25,Strategy,25.0,25_AU_China_Demand,,trade_weighted,False,0,,False,DESCRIPTIVE_ONLY,Q2,15.0,0.4025000000000001,0.026833333333333338,1.195388349514563,60.0,0.2736111111111111,-0.3433333333333333,True
RecentA,robustness,25,Strategy,25.0,25_AU_China_Demand,,trade_weighted,False,0,,False,DESCRIPTIVE_ONLY,Q3,26.0,-1.8174999999999997,-0.06990384615384614,0.7366896052155016,53.84615384615385,0.3632142857142857,-0.5752083333333333,False
RecentA,robustness,25,Strategy,25.0,25_AU_China_Demand,,trade_weighted,False,0,,False,DESCRIPTIVE_ONLY,Q4,32.0,5.859999999999999,0.18312499999999998,2.1916624300965943,68.75,0.48988636363636373,-0.49174999999999996,False
RecentA,robustness,25,Strategy,25.0,25_AU_China_Demand,,trade_weighted,False,0,,False,DESCRIPTIVE_ONLY,Q5,58.0,4.1925,0.07228448275862069,1.3343301435406698,58.620689655172406,0.4921323529411764,-0.5225,False
RecentA,robustness,26,Strategy,26.0,26_AJ_China_Demand,,trade_weighted,False,0,,False,DESCRIPTIVE_ONLY,Q1,29.0,8.222222225000001,0.2835249043103449,2.67496604885468,72.41379310344827,0.6252910053809525,-0.613611111,False
RecentA,robustness,26,Strategy,26.0,26_AJ_China_Demand,,trade_weighted,False,0,,False,DESCRIPTIVE_ONLY,Q2,7.0,-0.36888888899999994,-0.05269841271428571,0.8285123966337044,42.857142857142854,0.594074074,-0.5377777777499999,True
RecentA,robustness,26,Strategy,26.0,26_AJ_China_Demand,,trade_weighted,False,0,,False,DESCRIPTIVE_ONLY,Q3,12.0,-1.2133333349999997,-0.10111111124999998,0.6347826082794823,41.66666666666667,0.4217777776,-0.47460317471428576,True
RecentA,robustness,26,Strategy,26.0,26_AJ_China_Demand,,trade_weighted,False,0,,False,DESCRIPTIVE_ONLY,Q4,21.0,3.0711111100000004,0.14624338619047622,1.8504615381800142,57.14285714285714,0.55685185175,-0.4012345678888889,False
RecentA,robustness,26,Strategy,26.0,26_AJ_China_Demand,,trade_weighted,False,0,,False,DESCRIPTIVE_ONLY,Q5,20.0,6.7311111100000005,0.33655555550000005,3.3389961384294207,70.0,0.6863492062857143,-0.47962962966666667,False
RecentA,robustness,27,Strategy,27.0,27_EA_China_Demand,,trade_weighted,False,0,,False,DESCRIPTIVE_ONLY,Q1,13.0,1.641666668,0.1262820513846154,1.6849791384381032,38.46153846153847,0.8076666668000001,-0.29958333325,True
RecentA,robustness,27,Strategy,27.0,27_EA_China_Demand,,trade_weighted,False,0,,False,DESCRIPTIVE_ONLY,Q2,17.0,3.041666667,0.17892156864705883,1.99023331524794,58.82352941176471,0.6113333334,-0.4388095238571429,True
RecentA,robustness,27,Strategy,27.0,27_EA_China_Demand,,trade_weighted,False,0,,False,DESCRIPTIVE_ONLY,Q3,35.0,3.4283333330000003,0.09795238094285715,1.5290637859567902,60.0,0.4718253968095238,-0.4628571428571428,False
RecentA,robustness,27,Strategy,27.0,27_EA_China_Demand,,trade_weighted,False,0,,False,DESCRIPTIVE_ONLY,Q4,12.0,2.0033333339999997,0.16694444449999998,1.8261168391035536,50.0,0.7380555555,-0.40416666649999994,True
RecentA,robustness,27,Strategy,27.0,27_EA_China_Demand,,trade_weighted,False,0,,False,DESCRIPTIVE_ONLY,Q5,23.0,-3.136666667,-0.13637681160869566,0.5592505853919671,39.130434782608695,0.4422222221111111,-0.5083333332857144,False
RecentA,robustness,28,Strategy,28.0,28_GA_China_Demand,,trade_weighted,False,0,,False,DESCRIPTIVE_ONLY,Q1,11.0,0.14,0.012727272727272728,1.0554968287453095,54.54545454545454,0.44377777783333333,-0.5045333334000001,True
RecentA,robustness,28,Strategy,28.0,28_GA_China_Demand,,trade_weighted,False,0,,False,DESCRIPTIVE_ONLY,Q2,31.0,0.533333331,0.017204301,1.080112156649281,54.83870967741935,0.4229803921176471,-0.5121025642307692,False
RecentA,robustness,28,Strategy,28.0,28_GA_China_Demand,,trade_weighted,False,0,,False,DESCRIPTIVE_ONLY,Q3,17.0,1.6039999999999999,0.09435294117647058,1.5414041405358694,64.70588235294117,0.4151515150909091,-0.4937777776666667,True
RecentA,robustness,28,Strategy,28.0,28_GA_China_Demand,,trade_weighted,False,0,,False,DESCRIPTIVE_ONLY,Q4,18.0,4.525333334,0.25140740744444445,3.948740229527303,61.111111111111114,0.5509090908181818,-0.219238095,True
RecentA,robustness,28,Strategy,28.0,28_GA_China_Demand,,trade_weighted,False,0,,False,DESCRIPTIVE_ONLY,Q5,23.0,-0.8120000020000004,-0.035304347913043495,0.8472152530201196,47.82608695652174,0.40933333318181825,-0.44288888891666667,False
RecentA,robustness,Portfolio,Group,,,Portfolio,trade_weighted,True,2,4|5,False,DESCRIPTIVE_ONLY,Q1,632.0,30.309517563000007,0.047958097409810135,1.199928780956369,51.89873417721519,0.554606981625,-0.5019919616225165,False
RecentA,robustness,Portfolio,Group,,,Portfolio,trade_weighted,True,2,4|5,False,DESCRIPTIVE_ONLY,Q2,474.0,59.590074765,0.12571745731012657,1.6060644792151155,57.80590717299579,0.5763250721678831,-0.49658078287373736,False
RecentA,robustness,Portfolio,Group,,,Portfolio,trade_weighted,True,2,4|5,False,DESCRIPTIVE_ONLY,Q3,496.0,60.314042939000004,0.12160089302217743,1.5032453594280697,57.45967741935484,0.6321551405087719,-0.5734457995502392,False
RecentA,robustness,Portfolio,Group,,,Portfolio,trade_weighted,True,2,4|5,False,DESCRIPTIVE_ONLY,Q4,431.0,83.09263459600001,0.19279033548955918,1.9304158339660038,58.70069605568445,0.6814214284150197,-0.5017246449044944,False
RecentA,robustness,Portfolio,Group,,,Portfolio,trade_weighted,True,2,4|5,False,DESCRIPTIVE_ONLY,Q5,734.0,91.67068209799999,0.12489193746321524,1.4653791249043946,53.13351498637602,0.7401316184384615,-0.5726181659680233,False
RecentA,robustness,Portfolio,Group,,,Portfolio,strategy_equal_weighted,True,2,4|5,False,DESCRIPTIVE_ONLY,Q1,,,0.0786954261512926,,,,,
RecentA,robustness,Portfolio,Group,,,Portfolio,strategy_equal_weighted,True,2,4|5,False,DESCRIPTIVE_ONLY,Q2,,,0.02000940507978723,,,,,
RecentA,robustness,Portfolio,Group,,,Portfolio,strategy_equal_weighted,True,2,4|5,False,DESCRIPTIVE_ONLY,Q3,,,0.15936108522693382,,,,,
RecentA,robustness,Portfolio,Group,,,Portfolio,strategy_equal_weighted,True,2,4|5,False,DESCRIPTIVE_ONLY,Q4,,,0.18760268278472225,,,,,
RecentA,robustness,Portfolio,Group,,,Portfolio,strategy_equal_weighted,True,2,4|5,False,DESCRIPTIVE_ONLY,Q5,,,0.039691358031623936,,,,,
RecentA,robustness,JPY,Group,,,JPY,trade_weighted,True,2,4|5,False,DESCRIPTIVE_ONLY,Q1,409.0,38.668390575000004,0.09454374223716382,1.398946394294037,55.256723716381416,0.5999764257566371,-0.5296518122732241,False
RecentA,robustness,JPY,Group,,,JPY,trade_weighted,True,2,4|5,False,DESCRIPTIVE_ONLY,Q2,261.0,51.302600737,0.19656168864750959,2.03271103263589,61.30268199233716,0.63112622520625,-0.49677595296000004,False
RecentA,robustness,JPY,Group,,,JPY,trade_weighted,True,2,4|5,False,DESCRIPTIVE_ONLY,Q3,242.0,52.620149,0.21743863223140494,2.02590528919283,62.396694214876035,0.6881561502052981,-0.5699047742333333,False
RecentA,robustness,JPY,Group,,,JPY,trade_weighted,True,2,4|5,False,DESCRIPTIVE_ONLY,Q4,260.0,65.53221468000001,0.25204697953846156,2.202948805488721,58.46153846153847,0.7895297820592105,-0.5044102980833333,False
RecentA,robustness,JPY,Group,,,JPY,trade_weighted,True,2,4|5,False,DESCRIPTIVE_ONLY,Q5,434.0,69.811278777,0.16085548105299538,1.555633291643805,53.2258064516129,0.8461212122207792,-0.6189296613103448,False
RecentA,robustness,JPY,Group,,,JPY,strategy_equal_weighted,True,2,4|5,False,DESCRIPTIVE_ONLY,Q1,,,0.0786954261512926,,,,,
RecentA,robustness,JPY,Group,,,JPY,strategy_equal_weighted,True,2,4|5,False,DESCRIPTIVE_ONLY,Q2,,,0.02000940507978723,,,,,
RecentA,robustness,JPY,Group,,,JPY,strategy_equal_weighted,True,2,4|5,False,DESCRIPTIVE_ONLY,Q3,,,0.15936108522693382,,,,,
RecentA,robustness,JPY,Group,,,JPY,strategy_equal_weighted,True,2,4|5,False,DESCRIPTIVE_ONLY,Q4,,,0.18760268278472225,,,,,
RecentA,robustness,JPY,Group,,,JPY,strategy_equal_weighted,True,2,4|5,False,DESCRIPTIVE_ONLY,Q5,,,0.039691358031623936,,,,,
RecentA,robustness,AUD_nonJPY,Group,,,AUD_nonJPY,trade_weighted,False,0,,False,DESCRIPTIVE_ONLY,Q1,223.0,-8.358873012,-0.037483735479820625,0.8471179047207965,45.73991031390135,0.4540825269803922,-0.4594562249075631,False
RecentA,robustness,AUD_nonJPY,Group,,,AUD_nonJPY,trade_weighted,False,0,,False,DESCRIPTIVE_ONLY,Q2,213.0,8.287474028000002,0.03890832876995306,1.1703650103996424,53.52112676056338,0.49941117316666667,-0.49638162972448974,False
RecentA,robustness,AUD_nonJPY,Group,,,AUD_nonJPY,trade_weighted,False,0,,False,DESCRIPTIVE_ONLY,Q3,254.0,7.693893938999997,0.030290921019685026,1.1122233819766567,52.75590551181102,0.5690495251044776,-0.5761238859243698,False
RecentA,robustness,AUD_nonJPY,Group,,,AUD_nonJPY,trade_weighted,False,0,,False,DESCRIPTIVE_ONLY,Q4,171.0,17.560419916,0.10269251412865497,1.504165369108297,59.06432748538012,0.5187237080792079,-0.49758106571428584,False
RecentA,robustness,AUD_nonJPY,Group,,,AUD_nonJPY,trade_weighted,False,0,,False,DESCRIPTIVE_ONLY,Q5,300.0,21.859403321,0.07286467773666666,1.3064204972126796,53.0,0.5861467369056604,-0.5059427506879433,False
RecentA,robustness,AUD_nonJPY,Group,,,AUD_nonJPY,strategy_equal_weighted,False,0,,False,DESCRIPTIVE_ONLY,Q1,,,,,,,,
RecentA,robustness,AUD_nonJPY,Group,,,AUD_nonJPY,strategy_equal_weighted,False,0,,False,DESCRIPTIVE_ONLY,Q2,,,,,,,,
RecentA,robustness,AUD_nonJPY,Group,,,AUD_nonJPY,strategy_equal_weighted,False,0,,False,DESCRIPTIVE_ONLY,Q3,,,,,,,,
RecentA,robustness,AUD_nonJPY,Group,,,AUD_nonJPY,strategy_equal_weighted,False,0,,False,DESCRIPTIVE_ONLY,Q4,,,,,,,,
RecentA,robustness,AUD_nonJPY,Group,,,AUD_nonJPY,strategy_equal_weighted,False,0,,False,DESCRIPTIVE_ONLY,Q5,,,,,,,,
RecentA,robustness,Long,Group,,,Long,trade_weighted,True,1,4,False,DESCRIPTIVE_ONLY,Q1,399.0,24.306588271000003,0.06091876759649124,1.2657455108252507,53.88471177944862,0.5384755686511628,-0.5025585658736264,False
RecentA,robustness,Long,Group,,,Long,trade_weighted,True,1,4,False,DESCRIPTIVE_ONLY,Q2,275.0,50.878553846,0.18501292307636363,2.156090370586973,65.0909090909091,0.530098900849162,-0.4584286396458333,False
RecentA,robustness,Long,Group,,,Long,trade_weighted,True,1,4,False,DESCRIPTIVE_ONLY,Q3,241.0,11.700171360999999,0.04854842888381742,1.2099668616219603,55.601659751037346,0.5031646747089552,-0.5307037623809524,False
RecentA,robustness,Long,Group,,,Long,trade_weighted,True,1,4,False,DESCRIPTIVE_ONLY,Q4,257.0,51.858022764,0.20178218974319065,2.1210817262284367,61.86770428015564,0.6170764303081762,-0.47201152709183675,False
RecentA,robustness,Long,Group,,,Long,trade_weighted,True,1,4,False,DESCRIPTIVE_ONLY,Q5,460.0,68.15262149200001,0.14815787280869566,1.6157449646558968,56.95652173913044,0.6825794615496183,-0.5590060476464648,False
RecentA,robustness,Long,Group,,,Long,strategy_equal_weighted,True,1,4,False,DESCRIPTIVE_ONLY,Q1,,,0.022390852324324327,,,,,
RecentA,robustness,Long,Group,,,Long,strategy_equal_weighted,True,1,4,False,DESCRIPTIVE_ONLY,Q2,,,0.0968509615,,,,,
RecentA,robustness,Long,Group,,,Long,strategy_equal_weighted,True,1,4,False,DESCRIPTIVE_ONLY,Q3,,,0.05103448272413793,,,,,
RecentA,robustness,Long,Group,,,Long,strategy_equal_weighted,True,1,4,False,DESCRIPTIVE_ONLY,Q4,,,0.07804487179166668,,,,,
RecentA,robustness,Long,Group,,,Long,strategy_equal_weighted,True,1,4,False,DESCRIPTIVE_ONLY,Q5,,,0.0733333333076923,,,,,
RecentA,robustness,Short,Group,,,Short,trade_weighted,True,1,5,False,DESCRIPTIVE_ONLY,Q1,233.0,6.002929292000001,0.02576364503004292,1.0998227007873758,48.497854077253216,0.5852994930353984,-0.5011326118416667,False
RecentA,robustness,Short,Group,,,Short,trade_weighted,True,1,5,False,DESCRIPTIVE_ONLY,Q2,199.0,8.711520919000002,0.04377648703015076,1.1603922687168158,47.73869346733669,0.6634249107578948,-0.5324886823823528,False
RecentA,robustness,Short,Group,,,Short,trade_weighted,True,1,5,False,DESCRIPTIVE_ONLY,Q3,255.0,48.613871577999994,0.19064263363921566,1.7580959601872197,59.21568627450981,0.7466235008874172,-0.6165988178461539,False
RecentA,robustness,Short,Group,,,Short,trade_weighted,True,1,5,False,DESCRIPTIVE_ONLY,Q4,174.0,31.234611832,0.17950926340229884,1.7255450751410115,54.02298850574713,0.7902603081914894,-0.5381232142249999,False
RecentA,robustness,Short,Group,,,Short,trade_weighted,True,1,5,False,DESCRIPTIVE_ONLY,Q5,274.0,23.518060606000002,0.0858323379781022,1.2725232339296693,46.715328467153284,0.8579336895703125,-0.591078436020548,False
RecentA,robustness,Short,Group,,,Short,strategy_equal_weighted,True,1,5,False,DESCRIPTIVE_ONLY,Q1,,,0.13499999997826087,,,,,
RecentA,robustness,Short,Group,,,Short,strategy_equal_weighted,True,1,5,False,DESCRIPTIVE_ONLY,Q2,,,-0.05683215134042554,,,,,
RecentA,robustness,Short,Group,,,Short,strategy_equal_weighted,True,1,5,False,DESCRIPTIVE_ONLY,Q3,,,0.26768768772972973,,,,,
RecentA,robustness,Short,Group,,,Short,strategy_equal_weighted,True,1,5,False,DESCRIPTIVE_ONLY,Q4,,,0.2971604937777778,,,,,
RecentA,robustness,Short,Group,,,Short,strategy_equal_weighted,True,1,5,False,DESCRIPTIVE_ONLY,Q5,,,0.006049382755555562,,,,,
RecentB,primary,1,Strategy,1.0,1_EJ_Log1,,trade_weighted,True,1,1,True,DESCRIPTIVE_ONLY,Q1,49.0,7.415714286000001,0.15134110787755103,1.642291512066462,61.224489795918366,0.6320476190333333,-0.6076691728947368,False
RecentB,primary,1,Strategy,1.0,1_EJ_Log1,,trade_weighted,True,1,1,True,DESCRIPTIVE_ONLY,Q2,22.0,-1.1571428560000006,-0.05259740254545457,0.8205582633703661,45.45454545454545,0.5291428573,-0.5373809524166667,False
RecentB,primary,1,Strategy,1.0,1_EJ_Log1,,trade_weighted,True,1,1,True,DESCRIPTIVE_ONLY,Q3,20.0,5.308571429,0.26542857145,1.8485955697945378,60.0,0.96369047625,-0.78196428575,False
RecentB,primary,1,Strategy,1.0,1_EJ_Log1,,trade_weighted,True,1,1,True,DESCRIPTIVE_ONLY,Q4,29.0,8.757142857,0.3019704433448276,2.02766135783553,55.172413793103445,1.0799107143125,-0.6554945055384616,False
RecentB,primary,1,Strategy,1.0,1_EJ_Log1,,trade_weighted,True,1,1,True,DESCRIPTIVE_ONLY,Q5,27.0,7.415714285,0.27465608462962965,2.0392392390975282,55.55555555555556,0.9700952380666668,-0.5946428571666666,False
RecentB,primary,2,Strategy,2.0,2_EJ_NightBlitz_20,,trade_weighted,True,1,2,False,DESCRIPTIVE_ONLY,Q1,60.0,7.562222224,0.12603703706666666,1.5602568326058948,60.0,0.585,-0.5624074073333333,False
RecentB,primary,2,Strategy,2.0,2_EJ_NightBlitz_20,,trade_weighted,True,1,2,False,DESCRIPTIVE_ONLY,Q2,28.0,3.044444447000001,0.1087301588214286,1.3651385930910978,60.71428571428571,0.6695424837647058,-0.7579797979090909,False
RecentB,primary,2,Strategy,2.0,2_EJ_NightBlitz_20,,trade_weighted,True,1,2,False,DESCRIPTIVE_ONLY,Q3,21.0,6.564444445,0.31259259261904765,2.0467753365808963,61.904761904761905,0.9873504274615382,-0.783888889,False
RecentB,primary,2,Strategy,2.0,2_EJ_NightBlitz_20,,trade_weighted,True,1,2,False,DESCRIPTIVE_ONLY,Q4,35.0,-0.9666666649999998,-0.027619047571428565,0.9420540829586095,48.57142857142857,0.9244444445882353,-0.9267901235,False
RecentB,primary,2,Strategy,2.0,2_EJ_NightBlitz_20,,trade_weighted,True,1,2,False,DESCRIPTIVE_ONLY,Q5,28.0,6.160000003,0.22000000010714288,1.665386462213847,57.14285714285714,0.9636111112500001,-0.7714814814166666,False
RecentB,primary,3,Strategy,3.0,3_EJ_NightBlitz_21,,trade_weighted,True,1,3,False,DESCRIPTIVE_ONLY,Q1,60.0,6.040000000999999,0.10066666668333332,1.7532424345072535,70.0,0.33473015873809525,-0.44548148144444444,False
RecentB,primary,3,Strategy,3.0,3_EJ_NightBlitz_21,,trade_weighted,True,1,3,False,DESCRIPTIVE_ONLY,Q2,28.0,2.981333334,0.1064761905,1.8199486619416798,50.0,0.47266666664285717,-0.27969230761538466,False
RecentB,primary,3,Strategy,3.0,3_EJ_NightBlitz_21,,trade_weighted,True,1,3,False,DESCRIPTIVE_ONLY,Q3,21.0,5.127999999,0.24419047614285713,2.609205020943348,71.42857142857143,0.5543111110000001,-0.5311111110000001,False
RecentB,primary,3,Strategy,3.0,3_EJ_NightBlitz_21,,trade_weighted,True,1,3,False,DESCRIPTIVE_ONLY,Q4,35.0,-3.662666666999999,-0.10464761905714283,0.6783748975237092,51.42857142857142,0.42918518516666665,-0.6698823529411765,False
RecentB,primary,3,Strategy,3.0,3_EJ_NightBlitz_21,,trade_weighted,True,1,3,False,DESCRIPTIVE_ONLY,Q5,29.0,7.511999996,0.2590344826206897,3.945112384655542,62.06896551724138,0.5590370369444444,-0.2550666669,False
RecentB,primary,4,Strategy,4.0,4_GJ_Port_Log1,,trade_weighted,False,0,,False,DESCRIPTIVE_ONLY,Q1,63.0,0.16538461600000004,0.0026251526349206356,1.0285070274175148,46.03174603174603,0.20575596820689654,-0.1706334841764706,False
RecentB,primary,4,Strategy,4.0,4_GJ_Port_Log1,,trade_weighted,False,0,,False,DESCRIPTIVE_ONLY,Q2,12.0,1.4230769230000002,0.11858974358333335,3.82012194891759,75.0,0.21418803422222224,-0.16820512833333334,True
RecentB,primary,4,Strategy,4.0,4_GJ_Port_Log1,,trade_weighted,False,0,,False,DESCRIPTIVE_ONLY,Q3,21.0,1.079999996,0.05142857123809524,1.4582245411744403,57.14285714285714,0.28641025616666665,-0.261880342,False
RecentB,primary,4,Strategy,4.0,4_GJ_Port_Log1,,trade_weighted,False,0,,False,DESCRIPTIVE_ONLY,Q4,37.0,3.0561538429999997,0.08259875251351351,1.8266749885024252,59.45945945945946,0.30695804186363634,-0.24646153853333333,False
RecentB,primary,4,Strategy,4.0,4_GJ_Port_Log1,,trade_weighted,False,0,,False,DESCRIPTIVE_ONLY,Q5,28.0,2.4907692280000004,0.08895604385714287,1.7757546706178229,57.14285714285714,0.35634615375,-0.2675641026666667,False
RecentB,primary,5,Strategy,5.0,5_GJ_Port_Log2,,trade_weighted,False,0,,False,DESCRIPTIVE_ONLY,Q1,84.0,1.617777781,0.019259259297619048,1.0699966349172636,44.047619047619044,0.6683783784594596,-0.4917494089787235,False
RecentB,primary,5,Strategy,5.0,5_GJ_Port_Log2,,trade_weighted,False,0,,False,DESCRIPTIVE_ONLY,Q2,19.0,-1.4622222219999998,-0.07695906431578947,0.7115932501555043,57.89473684210527,0.32797979809090916,-0.633750000125,True
RecentB,primary,5,Strategy,5.0,5_GJ_Port_Log2,,trade_weighted,False,0,,False,DESCRIPTIVE_ONLY,Q3,34.0,4.232222222999999,0.12447712420588232,1.3603936039818112,50.0,0.9397385621764706,-0.690784313764706,False
RecentB,primary,5,Strategy,5.0,5_GJ_Port_Log2,,trade_weighted,False,0,,False,DESCRIPTIVE_ONLY,Q4,40.0,11.938888889000001,0.29847222222500003,2.124424445361565,55.00000000000001,1.0253030303181818,-0.5898765432222223,False
RecentB,primary,5,Strategy,5.0,5_GJ_Port_Log2,,trade_weighted,False,0,,False,DESCRIPTIVE_ONLY,Q5,42.0,-4.685555557,-0.11156084659523809,0.7671195051308588,38.095238095238095,0.96465277775,-0.7738461538846154,False
RecentB,primary,6,Strategy,6.0,6_GJ_Old_Mon,,trade_weighted,False,0,,True,DESCRIPTIVE_ONLY,Q1,34.0,7.577999999999999,0.22288235294117645,1.7568917299240914,58.82352941176471,0.8795,-0.7151428571428571,False
RecentB,primary,6,Strategy,6.0,6_GJ_Old_Mon,,trade_weighted,False,0,,True,DESCRIPTIVE_ONLY,Q2,7.0,1.4520000000000004,0.2074285714285715,1.5902439024390245,57.14285714285714,0.978,-0.82,True
RecentB,primary,6,Strategy,6.0,6_GJ_Old_Mon,,trade_weighted,False,0,,True,DESCRIPTIVE_ONLY,Q3,12.0,-0.686,-0.05716666666666667,0.8801537386443046,50.0,0.8396666666666666,-0.9540000000000001,True
RecentB,primary,6,Strategy,6.0,6_GJ_Old_Mon,,trade_weighted,False,0,,True,DESCRIPTIVE_ONLY,Q4,14.0,8.526,0.609,3.3487603305785125,64.28571428571429,1.3506666666666667,-0.726,True
RecentB,primary,6,Strategy,6.0,6_GJ_Old_Mon,,trade_weighted,False,0,,True,DESCRIPTIVE_ONLY,Q5,17.0,16.086,0.946235294117647,5.0215000000000005,76.47058823529412,1.5450769230769232,-1.0,True
RecentB,primary,7,Strategy,7.0,7_GJ_Mon_Blitz,,trade_weighted,False,0,,False,DESCRIPTIVE_ONLY,Q1,40.0,1.306923074,0.032673076849999996,1.3363690349423138,55.00000000000001,0.23601398595454554,-0.21585470094444445,False
RecentB,primary,7,Strategy,7.0,7_GJ_Mon_Blitz,,trade_weighted,False,0,,False,DESCRIPTIVE_ONLY,Q2,9.0,-0.41846153899999994,-0.04649572655555555,0.6811254393827592,44.44444444444444,0.22346153850000003,-0.26246153860000004,True
RecentB,primary,7,Strategy,7.0,7_GJ_Mon_Blitz,,trade_weighted,False,0,,False,DESCRIPTIVE_ONLY,Q3,16.0,2.3661538459999996,0.14788461537499997,2.0062152438679592,50.0,0.589711538375,-0.29394230762499995,True
RecentB,primary,7,Strategy,7.0,7_GJ_Mon_Blitz,,trade_weighted,False,0,,False,DESCRIPTIVE_ONLY,Q4,18.0,0.6323076929999998,0.035128205166666655,1.3274900401600607,55.55555555555556,0.25630769239999995,-0.24134615387500002,True
RecentB,primary,7,Strategy,7.0,7_GJ_Mon_Blitz,,trade_weighted,False,0,,False,DESCRIPTIVE_ONLY,Q5,18.0,7.072307694,0.392905983,13.751733697398244,88.88888888888889,0.4766826924375,-0.2773076925,True
RecentB,primary,8,Strategy,8.0,8_AJ_Core1,,trade_weighted,False,0,,False,DESCRIPTIVE_ONLY,Q1,33.0,2.1985714269999996,0.06662337657575756,1.4414802062248995,54.54545454545454,0.3988095237222222,-0.332,False
RecentB,primary,8,Strategy,8.0,8_AJ_Core1,,trade_weighted,False,0,,False,DESCRIPTIVE_ONLY,Q2,13.0,5.174285714000001,0.39802197800000005,4.423440454467895,69.23076923076923,0.7428571427777778,-0.37785714275,True
RecentB,primary,8,Strategy,8.0,8_AJ_Core1,,trade_weighted,False,0,,False,DESCRIPTIVE_ONLY,Q3,20.0,0.25714285900000045,0.012857142950000022,1.0493150688614752,50.0,0.5471428572000001,-0.5214285713,False
RecentB,primary,8,Strategy,8.0,8_AJ_Core1,,trade_weighted,False,0,,False,DESCRIPTIVE_ONLY,Q4,12.0,0.7314285709999999,0.06095238091666666,1.3480625423551453,58.333333333333336,0.40469387742857144,-0.4202857142,True
RecentB,primary,8,Strategy,8.0,8_AJ_Core1,,trade_weighted,False,0,,False,DESCRIPTIVE_ONLY,Q5,22.0,6.922857144,0.3146753247272727,2.833522512946183,63.63636363636363,0.7641836735,-0.471964285625,False
RecentB,primary,9,Strategy,9.0,9_AJ_Core2,,trade_weighted,False,0,,False,DESCRIPTIVE_ONLY,Q1,17.0,-1.1133333329999997,-0.06549019605882352,0.859309182850013,47.05882352941176,0.8500000000000001,-0.8792592592222223,True
RecentB,primary,9,Strategy,9.0,9_AJ_Core2,,trade_weighted,False,0,,False,DESCRIPTIVE_ONLY,Q2,6.0,-0.46333333400000004,-0.07722222233333334,0.7236580513471852,50.0,0.4044444443333333,-0.558888889,True
RecentB,primary,9,Strategy,9.0,9_AJ_Core2,,trade_weighted,False,0,,False,DESCRIPTIVE_ONLY,Q3,12.0,1.8566666670000003,0.15472222225,1.4626245848390886,58.333333333333336,0.8385714285714287,-0.8026666666000001,True
RecentB,primary,9,Strategy,9.0,9_AJ_Core2,,trade_weighted,False,0,,False,DESCRIPTIVE_ONLY,Q4,9.0,5.276666667999999,0.5862962964444444,2.3191666669999997,55.55555555555556,1.8553333335999997,-1.0,True
RecentB,primary,9,Strategy,9.0,9_AJ_Core2,,trade_weighted,False,0,,False,DESCRIPTIVE_ONLY,Q5,13.0,-2.72,-0.20923076923076925,0.6394167034750073,30.76923076923077,1.20583333325,-0.838148148111111,True
RecentB,primary,10,Strategy,10.0,10_AJ_SatA,,trade_weighted,False,0,,False,DESCRIPTIVE_ONLY,Q1,22.0,-0.5800000000000002,-0.02636363636363637,0.7984711605281446,40.909090909090914,0.25533333333333336,-0.22138461538461535,False
RecentB,primary,10,Strategy,10.0,10_AJ_SatA,,trade_weighted,False,0,,False,DESCRIPTIVE_ONLY,Q2,8.0,0.41400000000000003,0.051750000000000004,1.8884120171673822,50.0,0.22,-0.11649999999999999,True
RecentB,primary,10,Strategy,10.0,10_AJ_SatA,,trade_weighted,False,0,,False,DESCRIPTIVE_ONLY,Q3,15.0,1.1880000000000002,0.0792,1.5904572564612325,60.0,0.3555555555555555,-0.3353333333333333,True
RecentB,primary,10,Strategy,10.0,10_AJ_SatA,,trade_weighted,False,0,,False,DESCRIPTIVE_ONLY,Q4,10.0,0.416,0.0416,1.447311827956989,50.0,0.2692,-0.18600000000000003,True
RecentB,primary,10,Strategy,10.0,10_AJ_SatA,,trade_weighted,False,0,,False,DESCRIPTIVE_ONLY,Q5,14.0,-0.2139999999999999,-0.01528571428571428,0.8955078125,35.714285714285715,0.3668,-0.22755555555555557,True
RecentB,primary,11,Strategy,11.0,11_AJ_SatB,,trade_weighted,False,0,,False,DESCRIPTIVE_ONLY,Q1,23.0,0.5909090910000001,0.025691699608695658,1.1641414142122615,47.82608695652174,0.38099173545454545,-0.29999999991666665,False
RecentB,primary,11,Strategy,11.0,11_AJ_SatB,,trade_weighted,False,0,,False,DESCRIPTIVE_ONLY,Q2,8.0,-0.807272728,-0.100909091,0.6958904107370052,25.0,0.9236363635,-0.44242424249999995,True
RecentB,primary,11,Strategy,11.0,11_AJ_SatB,,trade_weighted,False,0,,False,DESCRIPTIVE_ONLY,Q3,15.0,4.574545456999999,0.3049696971333333,2.575453977395998,66.66666666666666,0.7478181819999999,-0.5807272726,True
RecentB,primary,11,Strategy,11.0,11_AJ_SatB,,trade_weighted,False,0,,False,DESCRIPTIVE_ONLY,Q4,10.0,-1.280000001,-0.1280000001,0.49821810388529514,20.0,0.6354545455,-0.31886363650000005,True
RecentB,primary,11,Strategy,11.0,11_AJ_SatB,,trade_weighted,False,0,,False,DESCRIPTIVE_ONLY,Q5,14.0,-0.4854545470000001,-0.03467532478571429,0.8639836979843094,57.14285714285714,0.38545454525,-0.5948484848333333,True
RecentB,primary,12,Strategy,12.0,12_UJ_Short_Core,,trade_weighted,False,0,,True,DESCRIPTIVE_ONLY,Q1,20.0,4.4959999999999996,0.22479999999999997,1.9306561788449599,65.0,0.7174615384615385,-0.6901428571428571,False
RecentB,primary,12,Strategy,12.0,12_UJ_Short_Core,,trade_weighted,False,0,,True,DESCRIPTIVE_ONLY,Q2,15.0,7.904,0.5269333333333334,3.484753222257152,66.66666666666666,1.1084999999999998,-0.6361999999999999,True
RecentB,primary,12,Strategy,12.0,12_UJ_Short_Core,,trade_weighted,False,0,,True,DESCRIPTIVE_ONLY,Q3,28.0,3.3709999999999987,0.1203928571428571,1.3030929688904873,46.42857142857143,1.1148461538461538,-0.7414666666666666,False
RecentB,primary,12,Strategy,12.0,12_UJ_Short_Core,,trade_weighted,False,0,,True,DESCRIPTIVE_ONLY,Q4,17.0,12.510000000000002,0.7358823529411765,5.896281800391389,64.70588235294117,1.3695454545454544,-0.42583333333333334,True
RecentB,primary,12,Strategy,12.0,12_UJ_Short_Core,,trade_weighted,False,0,,True,DESCRIPTIVE_ONLY,Q5,14.0,0.1070000000000001,0.00764285714285715,1.0184165232358005,35.714285714285715,1.1834000000000002,-0.6455555555555557,True
RecentB,primary,13,Strategy,13.0,13_UJ_Fix_MidWeek,,trade_weighted,False,0,,False,DESCRIPTIVE_ONLY,Q1,9.0,1.7031578939999998,0.18923976599999998,9.08999998841,55.55555555555556,0.382736842,-0.052631579000000005,True
RecentB,primary,13,Strategy,13.0,13_UJ_Fix_MidWeek,,trade_weighted,False,0,,False,DESCRIPTIVE_ONLY,Q2,6.0,0.8926315779999998,0.14877192966666664,2.4722222193817514,66.66666666666666,0.374736842,-0.303157895,True
RecentB,primary,13,Strategy,13.0,13_UJ_Fix_MidWeek,,trade_weighted,False,0,,False,DESCRIPTIVE_ONLY,Q3,11.0,0.02526315699999998,0.0022966506363636344,1.0143712569747574,54.54545454545454,0.29719298233333336,-0.35157894739999995,True
RecentB,primary,13,Strategy,13.0,13_UJ_Fix_MidWeek,,trade_weighted,False,0,,False,DESCRIPTIVE_ONLY,Q4,6.0,-0.034736842999999906,-0.005789473833333318,0.9535864967176437,33.33333333333333,0.356842105,-0.18710526325000001,True
RecentB,primary,13,Strategy,13.0,13_UJ_Fix_MidWeek,,trade_weighted,False,0,,False,DESCRIPTIVE_ONLY,Q5,6.0,2.3115789469999997,0.38526315783333326,12.49738217304213,83.33333333333334,0.5025263158,-0.201052632,True
RecentB,primary,14,Strategy,14.0,14_UJ_Sat_3rd,,trade_weighted,False,0,,False,DESCRIPTIVE_ONLY,Q1,5.0,4.06888889,0.8137777780000001,inf,100.0,0.8137777780000001,,True
RecentB,primary,14,Strategy,14.0,14_UJ_Sat_3rd,,trade_weighted,False,0,,False,DESCRIPTIVE_ONLY,Q2,2.0,3.111111112,1.555555556,inf,100.0,1.555555556,,True
RecentB,primary,14,Strategy,14.0,14_UJ_Sat_3rd,,trade_weighted,False,0,,False,DESCRIPTIVE_ONLY,Q3,3.0,-0.44444444399999994,-0.14814814799999998,0.777777778,33.33333333333333,1.555555556,-1.0,True
RecentB,primary,14,Strategy,14.0,14_UJ_Sat_3rd,,trade_weighted,False,0,,False,DESCRIPTIVE_ONLY,Q4,1.0,1.555555556,1.555555556,inf,100.0,1.555555556,,True
RecentB,primary,14,Strategy,14.0,14_UJ_Sat_3rd,,trade_weighted,False,0,,False,DESCRIPTIVE_ONLY,Q5,2.0,1.873333334,0.936666667,inf,100.0,0.936666667,,True
RecentB,primary,15,Strategy,15.0,15_UJ_Sat_Aug,,trade_weighted,False,0,,False,DESCRIPTIVE_ONLY,Q1,0.0,0.0,,,,,,True
RecentB,primary,15,Strategy,15.0,15_UJ_Sat_Aug,,trade_weighted,False,0,,False,DESCRIPTIVE_ONLY,Q2,5.0,0.5,0.1,1.1666666666666667,40.0,1.75,-1.0,True
RecentB,primary,15,Strategy,15.0,15_UJ_Sat_Aug,,trade_weighted,False,0,,False,DESCRIPTIVE_ONLY,Q3,0.0,0.0,,,,,,True
RecentB,primary,15,Strategy,15.0,15_UJ_Sat_Aug,,trade_weighted,False,0,,False,DESCRIPTIVE_ONLY,Q4,0.0,0.0,,,,,,True
RecentB,primary,15,Strategy,15.0,15_UJ_Sat_Aug,,trade_weighted,False,0,,False,DESCRIPTIVE_ONLY,Q5,6.0,5.0,0.8333333333333334,3.5,66.66666666666666,1.75,-1.0,True
RecentB,primary,16,Strategy,16.0,16_UJ_T10A,,trade_weighted,False,0,,False,DESCRIPTIVE_ONLY,Q1,1.0,-1.0,-1.0,0.0,0.0,,-1.0,True
RecentB,primary,16,Strategy,16.0,16_UJ_T10A,,trade_weighted,False,0,,False,DESCRIPTIVE_ONLY,Q2,3.0,0.46222222199999996,0.15407407399999998,inf,100.0,0.15407407399999998,,True
RecentB,primary,16,Strategy,16.0,16_UJ_T10A,,trade_weighted,False,0,,False,DESCRIPTIVE_ONLY,Q3,0.0,0.0,,,,,,True
RecentB,primary,16,Strategy,16.0,16_UJ_T10A,,trade_weighted,False,0,,False,DESCRIPTIVE_ONLY,Q4,1.0,0.02,0.02,inf,100.0,0.02,,True
RecentB,primary,16,Strategy,16.0,16_UJ_T10A,,trade_weighted,False,0,,False,DESCRIPTIVE_ONLY,Q5,4.0,3.546666666,0.8866666665,18.733333330000004,50.0,1.8733333330000002,-0.09999999999999999,True
RecentB,primary,17,Strategy,17.0,17_EA_1B_Wed_Short,,trade_weighted,False,0,,False,DESCRIPTIVE_ONLY,Q1,20.0,1.940000001,0.09700000005000001,1.7531891295337563,50.0,0.45157142870000005,-0.25757142860000004,False
RecentB,primary,17,Strategy,17.0,17_EA_1B_Wed_Short,,trade_weighted,False,0,,False,DESCRIPTIVE_ONLY,Q2,7.0,2.6357142849999997,0.3765306121428571,4.65346534265072,71.42857142857143,0.6714285713999999,-0.360714286,True
RecentB,primary,17,Strategy,17.0,17_EA_1B_Wed_Short,,trade_weighted,False,0,,False,DESCRIPTIVE_ONLY,Q3,9.0,2.3628571440000004,0.2625396826666667,2.8418708247392126,77.77777777777779,0.5208163267142857,-0.6414285715,True
RecentB,primary,17,Strategy,17.0,17_EA_1B_Wed_Short,,trade_weighted,False,0,,False,DESCRIPTIVE_ONLY,Q4,9.0,0.678571428,0.07539682533333333,1.2384538150362998,66.66666666666666,0.5873809523333333,-0.9485714286666665,True
RecentB,primary,17,Strategy,17.0,17_EA_1B_Wed_Short,,trade_weighted,False,0,,False,DESCRIPTIVE_ONLY,Q5,9.0,-2.075714285,-0.23063492055555557,0.5071234736608335,33.33333333333333,0.7119047620000001,-0.7019047618333333,True
RecentB,primary,18,Strategy,18.0,18_EA_2_MonWed_Short,,trade_weighted,False,0,,False,DESCRIPTIVE_ONLY,Q1,60.0,-1.414444442,-0.023574074033333333,0.8927277325235298,46.666666666666664,0.42039682535714284,-0.412048611,False
RecentB,primary,18,Strategy,18.0,18_EA_2_MonWed_Short,,trade_weighted,False,0,,False,DESCRIPTIVE_ONLY,Q2,16.0,-1.8144444450000001,-0.11340277781250001,0.4833913318132319,37.5,0.282962963,-0.3512222223,True
RecentB,primary,18,Strategy,18.0,18_EA_2_MonWed_Short,,trade_weighted,False,0,,False,DESCRIPTIVE_ONLY,Q3,32.0,2.7111111109999997,0.08472222221874999,1.3834066624667414,62.5,0.48911111110000005,-0.58925925925,False
RecentB,primary,18,Strategy,18.0,18_EA_2_MonWed_Short,,trade_weighted,False,0,,False,DESCRIPTIVE_ONLY,Q4,27.0,-0.1544444439999998,-0.005720164592592585,0.9754243282160838,55.55555555555556,0.4086666666666667,-0.5237037036666666,False
RecentB,primary,18,Strategy,18.0,18_EA_2_MonWed_Short,,trade_weighted,False,0,,False,DESCRIPTIVE_ONLY,Q5,32.0,9.520000001,0.29750000003125,2.434214931471905,56.25,0.8976543210555555,-0.4741269841428571,False
RecentB,primary,19,Strategy,19.0,19_EA_3_WedThu_Long,,trade_weighted,False,0,,False,DESCRIPTIVE_ONLY,Q1,31.0,3.5833333330000006,0.1155913978387097,1.8775510201832568,64.51612903225806,0.3833333333499999,-0.37121212127272724,False
RecentB,primary,19,Strategy,19.0,19_EA_3_WedThu_Long,,trade_weighted,False,0,,False,DESCRIPTIVE_ONLY,Q2,23.0,0.06222222199999994,0.0027053139999999973,1.0123103978443273,60.86956521739131,0.36547619049999996,-0.5616049383333332,False
RecentB,primary,19,Strategy,19.0,19_EA_3_WedThu_Long,,trade_weighted,False,0,,False,DESCRIPTIVE_ONLY,Q3,17.0,-0.6022222229999998,-0.03542483664705881,0.8601651185417445,47.05882352941176,0.463055555625,-0.47851851866666667,True
RecentB,primary,19,Strategy,19.0,19_EA_3_WedThu_Long,,trade_weighted,False,0,,False,DESCRIPTIVE_ONLY,Q4,13.0,2.102222223,0.16170940176923077,2.0917484133083097,61.53846153846154,0.503472222375,-0.38511111119999997,True
RecentB,primary,19,Strategy,19.0,19_EA_3_WedThu_Long,,trade_weighted,False,0,,False,DESCRIPTIVE_ONLY,Q5,23.0,3.488888890000001,0.15169082130434788,1.4766965236650003,47.82608695652174,0.9825252525454545,-0.6099074073333334,False
RecentB,primary,20,Strategy,20.0,20_EA_1A_MonTue_Short,,trade_weighted,False,0,,False,DESCRIPTIVE_ONLY,Q1,49.0,-7.584,-0.15477551020408162,0.4780454232622161,36.734693877551024,0.38588888888888895,-0.4687096774193549,False
RecentB,primary,20,Strategy,20.0,20_EA_1A_MonTue_Short,,trade_weighted,False,0,,False,DESCRIPTIVE_ONLY,Q2,21.0,-1.266,-0.06028571428571429,0.6921206225680934,47.61904761904761,0.2846,-0.3738181818181818,False
RecentB,primary,20,Strategy,20.0,20_EA_1A_MonTue_Short,,trade_weighted,False,0,,False,DESCRIPTIVE_ONLY,Q3,27.0,-5.324,-0.19718518518518519,0.45617977528089887,33.33333333333333,0.4962222222222221,-0.5438888888888889,False
RecentB,primary,20,Strategy,20.0,20_EA_1A_MonTue_Short,,trade_weighted,False,0,,False,DESCRIPTIVE_ONLY,Q4,18.0,2.242,0.12455555555555556,1.5647355163727963,50.0,0.6902222222222223,-0.44111111111111106,True
RecentB,primary,20,Strategy,20.0,20_EA_1A_MonTue_Short,,trade_weighted,False,0,,False,DESCRIPTIVE_ONLY,Q5,26.0,10.29,0.39576923076923076,2.5787051242712486,57.692307692307686,1.1205333333333334,-0.5925454545454546,False
RecentB,primary,21,Strategy,21.0,21_GA_B_3,,trade_weighted,False,0,,False,DESCRIPTIVE_ONLY,Q1,36.0,1.21909091,0.03386363638888889,1.661732050565317,52.77777777777778,0.161124402,-0.10836898399999999,False
RecentB,primary,21,Strategy,21.0,21_GA_B_3,,trade_weighted,False,0,,False,DESCRIPTIVE_ONLY,Q2,9.0,0.570454544,0.06338383822222221,2.5987261097586107,66.66666666666666,0.15454545433333336,-0.11893939400000002,True
RecentB,primary,21,Strategy,21.0,21_GA_B_3,,trade_weighted,False,0,,False,DESCRIPTIVE_ONLY,Q3,16.0,0.32272727500000004,0.020170454687500002,1.248251750381926,43.75,0.2318181818571429,-0.14444444422222222,True
RecentB,primary,21,Strategy,21.0,21_GA_B_3,,trade_weighted,False,0,,False,DESCRIPTIVE_ONLY,Q4,19.0,-1.082272727,-0.056961722473684216,0.614911855258306,47.368421052631575,0.19202020211111115,-0.28104545459999997,True
RecentB,primary,21,Strategy,21.0,21_GA_B_3,,trade_weighted,False,0,,False,DESCRIPTIVE_ONLY,Q5,22.0,0.03636363700000003,0.0016528925909090923,1.0156985874111253,68.18181818181817,0.15684848479999997,-0.3309090907142857,False
RecentB,primary,22,Strategy,22.0,22_GA_C_2,,trade_weighted,False,0,,False,DESCRIPTIVE_ONLY,Q1,25.0,-4.864285716000001,-0.19457142864000004,0.4479571982848277,36.0,0.4385714284444445,-0.55071428575,False
RecentB,primary,22,Strategy,22.0,22_GA_C_2,,trade_weighted,False,0,,False,DESCRIPTIVE_ONLY,Q2,7.0,2.7800000010000003,0.39714285728571436,3.7800000010000003,85.71428571428571,0.6300000001666667,-1.0,True
RecentB,primary,22,Strategy,22.0,22_GA_C_2,,trade_weighted,False,0,,False,DESCRIPTIVE_ONLY,Q3,9.0,-1.2685714289999999,-0.140952381,0.4887737477861199,33.33333333333333,0.4042857143333333,-0.41357142866666674,True
RecentB,primary,22,Strategy,22.0,22_GA_C_2,,trade_weighted,False,0,,False,DESCRIPTIVE_ONLY,Q4,17.0,-2.652857142,-0.15605042011764705,0.6093815735134234,35.294117647058826,0.6897619048333334,-0.6791428571,True
RecentB,primary,22,Strategy,22.0,22_GA_C_2,,trade_weighted,False,0,,False,DESCRIPTIVE_ONLY,Q5,21.0,1.2371428590000006,0.05891156471428575,1.208724994328026,38.095238095238095,0.895535714375,-0.4559340658461538,False
RecentB,primary,23,Strategy,23.0,23_GA_F_2,,trade_weighted,False,0,,True,DESCRIPTIVE_ONLY,Q1,25.0,0.12222221900000005,0.004888888760000002,1.0538160454794905,52.0,0.1841025640769231,-0.1892592595,False
RecentB,primary,23,Strategy,23.0,23_GA_F_2,,trade_weighted,False,0,,True,DESCRIPTIVE_ONLY,Q2,7.0,1.4211111109999999,0.20301587299999999,56.6086968567108,71.42857142857143,0.2893333332,-0.0127777775,True
RecentB,primary,23,Strategy,23.0,23_GA_F_2,,trade_weighted,False,0,,True,DESCRIPTIVE_ONLY,Q3,10.0,0.5577777780000001,0.055777777800000004,1.551042810439307,70.0,0.22428571428571434,-0.33740740733333335,True
RecentB,primary,23,Strategy,23.0,23_GA_F_2,,trade_weighted,False,0,,True,DESCRIPTIVE_ONLY,Q4,14.0,0.505555555,0.03611111107142857,1.3801169586466167,42.857142857142854,0.30592592583333333,-0.16624999999999998,True
RecentB,primary,23,Strategy,23.0,23_GA_F_2,,trade_weighted,False,0,,True,DESCRIPTIVE_ONLY,Q5,22.0,1.538888888,0.06994949490909091,1.6364889701620873,45.45454545454545,0.3956666666,-0.2014814815,False
RecentB,primary,24,Strategy,24.0,24_GA_D_1,,trade_weighted,False,0,,False,DESCRIPTIVE_ONLY,Q1,25.0,0.9311111110000001,0.03724444444,1.229777899685428,56.00000000000001,0.3559523808571429,-0.3683838382727273,False
RecentB,primary,24,Strategy,24.0,24_GA_D_1,,trade_weighted,False,0,,False,DESCRIPTIVE_ONLY,Q2,7.0,1.04,0.14857142857142858,6.473684210526316,85.71428571428571,0.205,-0.19,True
RecentB,primary,24,Strategy,24.0,24_GA_D_1,,trade_weighted,False,0,,False,DESCRIPTIVE_ONLY,Q3,10.0,-0.571111111,-0.0571111111,0.6212232867912715,70.0,0.13380952385714287,-0.5025925926666667,True
RecentB,primary,24,Strategy,24.0,24_GA_D_1,,trade_weighted,False,0,,False,DESCRIPTIVE_ONLY,Q4,14.0,-1.2200000009999998,-0.0871428572142857,0.6260217981477468,50.0,0.2917460317142857,-0.4660317461428572,True
RecentB,primary,24,Strategy,24.0,24_GA_D_1,,trade_weighted,False,0,,False,DESCRIPTIVE_ONLY,Q5,22.0,-1.3977777770000002,-0.0635353535,0.7099377451531027,50.0,0.3110101010909091,-0.4380808080909091,False
RecentB,primary,25,Strategy,25.0,25_AU_China_Demand,,trade_weighted,False,0,,False,DESCRIPTIVE_ONLY,Q1,79.0,-1.53,-0.019367088607594937,0.8536235350394641,51.89873417721519,0.2176219512195122,-0.2750657894736842,False
RecentB,primary,25,Strategy,25.0,25_AU_China_Demand,,trade_weighted,False,0,,False,DESCRIPTIVE_ONLY,Q2,18.0,2.37,0.13166666666666668,2.899799599198397,50.0,0.40194444444444444,-0.13861111111111113,True
RecentB,primary,25,Strategy,25.0,25_AU_China_Demand,,trade_weighted,False,0,,False,DESCRIPTIVE_ONLY,Q3,21.0,-0.10749999999999996,-0.005119047619047617,0.9638958858102437,42.857142857142854,0.3188888888888889,-0.24812499999999996,False
RecentB,primary,25,Strategy,25.0,25_AU_China_Demand,,trade_weighted,False,0,,False,DESCRIPTIVE_ONLY,Q4,20.0,1.7824999999999998,0.08912499999999998,1.7180261832829808,65.0,0.32807692307692304,-0.35464285714285715,False
RecentB,primary,25,Strategy,25.0,25_AU_China_Demand,,trade_weighted,False,0,,False,DESCRIPTIVE_ONLY,Q5,35.0,4.584999999999999,0.13099999999999998,1.9271991911021236,51.42857142857142,0.5294444444444445,-0.2908823529411765,False
RecentB,primary,26,Strategy,26.0,26_AJ_China_Demand,,trade_weighted,False,0,,False,DESCRIPTIVE_ONLY,Q1,25.0,5.944444440999999,0.23777777763999997,4.659370719409631,72.0,0.42049382705555555,-0.2320634922857143,False
RecentB,primary,26,Strategy,26.0,26_AJ_China_Demand,,trade_weighted,False,0,,False,DESCRIPTIVE_ONLY,Q2,13.0,-0.6177777779999999,-0.04752136753846153,0.8106267029162553,46.15384615384615,0.44074074066666663,-0.46603174599999997,True
RecentB,primary,26,Strategy,26.0,26_AJ_China_Demand,,trade_weighted,False,0,,False,DESCRIPTIVE_ONLY,Q3,23.0,2.1288888870000005,0.09256038639130437,1.390860872742297,56.52173913043478,0.5827350426153846,-0.5446666667000001,False
RecentB,primary,26,Strategy,26.0,26_AJ_China_Demand,,trade_weighted,False,0,,False,DESCRIPTIVE_ONLY,Q4,8.0,1.5600000000000003,0.19500000000000003,2.4778947362198336,62.5,0.5231111112,-0.351851852,True
RecentB,primary,26,Strategy,26.0,26_AJ_China_Demand,,trade_weighted,False,0,,False,DESCRIPTIVE_ONLY,Q5,18.0,1.9377777779999996,0.10765432099999998,1.4844444445,66.66666666666666,0.49481481483333334,-0.6666666666666666,True
RecentB,primary,27,Strategy,27.0,27_EA_China_Demand,,trade_weighted,False,0,,False,DESCRIPTIVE_ONLY,Q1,35.0,4.308333332999998,0.12309523808571424,2.457980822856859,68.57142857142857,0.3026388889166666,-0.2686363637272727,False
RecentB,primary,27,Strategy,27.0,27_EA_China_Demand,,trade_weighted,False,0,,False,DESCRIPTIVE_ONLY,Q2,12.0,2.0883333330000005,0.17402777775000003,8.370588216775085,66.66666666666666,0.296458333375,-0.09444444466666668,True
RecentB,primary,27,Strategy,27.0,27_EA_China_Demand,,trade_weighted,False,0,,False,DESCRIPTIVE_ONLY,Q3,26.0,2.3566666680000004,0.09064102569230771,1.6592074597648132,53.84615384615385,0.42369047621428574,-0.2979166665833333,False
RecentB,primary,27,Strategy,27.0,27_EA_China_Demand,,trade_weighted,False,0,,False,DESCRIPTIVE_ONLY,Q4,1.0,0.653333333,0.653333333,inf,100.0,0.653333333,,True
RecentB,primary,27,Strategy,27.0,27_EA_China_Demand,,trade_weighted,False,0,,False,DESCRIPTIVE_ONLY,Q5,24.0,6.330000001,0.26375000004166665,3.0983425422316784,62.5,0.6231111111333334,-0.3351851851111111,False
RecentB,primary,28,Strategy,28.0,28_GA_China_Demand,,trade_weighted,False,0,,False,DESCRIPTIVE_ONLY,Q1,35.0,3.239999999,0.09257142854285715,2.0828877002005344,60.0,0.2967619047142857,-0.21371428571428575,False
RecentB,primary,28,Strategy,28.0,28_GA_China_Demand,,trade_weighted,False,0,,False,DESCRIPTIVE_ONLY,Q2,11.0,0.490666667,0.04460606063636364,1.3423255817075175,63.63636363636363,0.27485714285714286,-0.35833333325,True
RecentB,primary,28,Strategy,28.0,28_GA_China_Demand,,trade_weighted,False,0,,False,DESCRIPTIVE_ONLY,Q3,17.0,3.430666667,0.2018039215882353,4.778267258566375,76.47058823529412,0.3337435896923078,-0.22699999975,True
RecentB,primary,28,Strategy,28.0,28_GA_China_Demand,,trade_weighted,False,0,,False,DESCRIPTIVE_ONLY,Q4,12.0,2.654666666,0.22122222216666665,2.4780994799554565,66.66666666666666,0.55633333325,-0.449,True
RecentB,primary,28,Strategy,28.0,28_GA_China_Demand,,trade_weighted,False,0,,False,DESCRIPTIVE_ONLY,Q5,23.0,6.978666663000001,0.3034202896956522,3.1927105139094354,69.56521739130434,0.635083333125,-0.4546666667142857,False
RecentB,primary,Portfolio,Group,,,Portfolio,trade_weighted,True,3,1|2|3,False,DESCRIPTIVE_ONLY,Q1,965.0,47.94602114,0.049684996,1.2809418178556895,53.8860103626943,0.42039955205769236,-0.38350954141573035,False
RecentB,primary,Portfolio,Group,,,Portfolio,trade_weighted,True,3,1|2|3,False,DESCRIPTIVE_ONLY,Q2,342.0,32.810952591,0.09593845786842106,1.528662457968956,57.30994152046783,0.4840563225714286,-0.43100060161805553,False
RecentB,primary,Portfolio,Group,,,Portfolio,trade_weighted,True,3,1|2|3,False,DESCRIPTIVE_ONLY,Q3,466.0,40.818856401,0.08759411244849785,1.3759623245977153,54.93562231759657,0.5835567329726563,-0.5170079392380953,False
RecentB,primary,Portfolio,Group,,,Portfolio,trade_weighted,True,3,1|2|3,False,DESCRIPTIVE_ONLY,Q4,446.0,54.545348792,0.12229898832286995,1.5249451674964534,54.035874439461885,0.6574776081825726,-0.5093468371568628,False
RecentB,primary,Portfolio,Group,,,Portfolio,trade_weighted,True,3,1|2|3,False,DESCRIPTIVE_ONLY,Q5,561.0,100.862453848,0.17979047031729056,1.7923997534224558,55.43672014260249,0.7336006112057878,-0.5111941214337349,False
RecentB,primary,Portfolio,Group,,,Portfolio,strategy_equal_weighted,True,3,1|2|3,False,DESCRIPTIVE_ONLY,Q1,,,0.12601493720918366,,,,,
RecentB,primary,Portfolio,Group,,,Portfolio,strategy_equal_weighted,True,3,1|2|3,False,DESCRIPTIVE_ONLY,Q2,,,0.054202982258658015,,,,,
RecentB,primary,Portfolio,Group,,,Portfolio,strategy_equal_weighted,True,3,1|2|3,False,DESCRIPTIVE_ONLY,Q3,,,0.2740705467373016,,,,,
RecentB,primary,Portfolio,Group,,,Portfolio,strategy_equal_weighted,True,3,1|2|3,False,DESCRIPTIVE_ONLY,Q4,,,0.0565679255720854,,,,,
RecentB,primary,Portfolio,Group,,,Portfolio,strategy_equal_weighted,True,3,1|2|3,False,DESCRIPTIVE_ONLY,Q5,,,0.25123018911915407,,,,,
RecentB,primary,JPY,Group,,,JPY,trade_weighted,True,3,1|2|3,False,DESCRIPTIVE_ONLY,Q1,545.0,47.994660392,0.08806359704954128,1.4663723329192904,55.596330275229356,0.4980371898151815,-0.4252504467851239,False
RecentB,primary,JPY,Group,,,JPY,trade_weighted,True,3,1|2|3,False,DESCRIPTIVE_ONLY,Q2,204.0,22.432894873000002,0.10996517094607844,1.5083659801376708,55.88235294117647,0.583862683,-0.49581405605617973,False
RecentB,primary,JPY,Group,,,JPY,trade_weighted,True,3,1|2|3,False,DESCRIPTIVE_ONLY,Q3,272.0,36.950454521,0.13584725926838234,1.5106538445896658,55.88235294117647,0.7191418307302632,-0.6029925312500001,False
RecentB,primary,JPY,Group,,,JPY,trade_weighted,True,3,1|2|3,False,DESCRIPTIVE_ONLY,Q4,282.0,49.036073901,0.17388678688297873,1.6964516935186311,54.25531914893617,0.7806830657189542,-0.5458018228992247,False
RecentB,primary,JPY,Group,,,JPY,trade_weighted,True,3,1|2|3,False,DESCRIPTIVE_ONLY,Q5,302.0,60.330994971,0.19977150652649006,1.7940719663840428,56.622516556291394,0.7971212250292397,-0.5844364193,False
RecentB,primary,JPY,Group,,,JPY,strategy_equal_weighted,True,3,1|2|3,False,DESCRIPTIVE_ONLY,Q1,,,0.12601493720918366,,,,,
RecentB,primary,JPY,Group,,,JPY,strategy_equal_weighted,True,3,1|2|3,False,DESCRIPTIVE_ONLY,Q2,,,0.054202982258658015,,,,,
RecentB,primary,JPY,Group,,,JPY,strategy_equal_weighted,True,3,1|2|3,False,DESCRIPTIVE_ONLY,Q3,,,0.2740705467373016,,,,,
RecentB,primary,JPY,Group,,,JPY,strategy_equal_weighted,True,3,1|2|3,False,DESCRIPTIVE_ONLY,Q4,,,0.0565679255720854,,,,,
RecentB,primary,JPY,Group,,,JPY,strategy_equal_weighted,True,3,1|2|3,False,DESCRIPTIVE_ONLY,Q5,,,0.25123018911915407,,,,,
RecentB,primary,AUD_nonJPY,Group,,,AUD_nonJPY,trade_weighted,False,0,,False,DESCRIPTIVE_ONLY,Q1,420.0,-0.048639252000001854,-0.00011580774285714727,0.9992820895179967,51.66666666666667,0.3119930809032258,-0.3337494473300493,False
RecentB,primary,AUD_nonJPY,Group,,,AUD_nonJPY,trade_weighted,False,0,,False,DESCRIPTIVE_ONLY,Q2,138.0,10.378057717999999,0.07520331679710145,1.5785955584971463,59.42028985507246,0.3453011385609756,-0.3261206480727273,False
RecentB,primary,AUD_nonJPY,Group,,,AUD_nonJPY,trade_weighted,False,0,,False,DESCRIPTIVE_ONLY,Q3,194.0,3.8684018799999995,0.019940215876288657,1.106824855994198,53.608247422680414,0.3853938977884615,-0.4023618165555555,False
RecentB,primary,AUD_nonJPY,Group,,,AUD_nonJPY,trade_weighted,False,0,,False,DESCRIPTIVE_ONLY,Q4,164.0,5.5092748910000005,0.033593139579268294,1.1644642164893528,53.65853658536586,0.44326811951136363,-0.44664426168,False
RecentB,primary,AUD_nonJPY,Group,,,AUD_nonJPY,trade_weighted,False,0,,False,DESCRIPTIVE_ONLY,Q5,259.0,40.531458877,0.15649211921621622,1.7899236709765998,54.054054054054056,0.6560147186071429,-0.4311815271260503,False
RecentB,primary,AUD_nonJPY,Group,,,AUD_nonJPY,strategy_equal_weighted,False,0,,False,DESCRIPTIVE_ONLY,Q1,,,,,,,,
RecentB,primary,AUD_nonJPY,Group,,,AUD_nonJPY,strategy_equal_weighted,False,0,,False,DESCRIPTIVE_ONLY,Q2,,,,,,,,
RecentB,primary,AUD_nonJPY,Group,,,AUD_nonJPY,strategy_equal_weighted,False,0,,False,DESCRIPTIVE_ONLY,Q3,,,,,,,,
RecentB,primary,AUD_nonJPY,Group,,,AUD_nonJPY,strategy_equal_weighted,False,0,,False,DESCRIPTIVE_ONLY,Q4,,,,,,,,
RecentB,primary,AUD_nonJPY,Group,,,AUD_nonJPY,strategy_equal_weighted,False,0,,False,DESCRIPTIVE_ONLY,Q5,,,,,,,,
RecentB,primary,Long,Group,,,Long,trade_weighted,True,3,1|2|3,False,DESCRIPTIVE_ONLY,Q1,570.0,38.253667601,0.06711169754561402,1.4259029233372087,56.666666666666664,0.39650612081733744,-0.36363485596356276,False
RecentB,primary,Long,Group,,,Long,trade_weighted,True,3,1|2|3,False,DESCRIPTIVE_ONLY,Q2,205.0,20.059288812,0.09785018932682926,1.5583190820092856,59.02439024390244,0.46270487855371895,-0.4328674878674698,False
RecentB,primary,Long,Group,,,Long,trade_weighted,True,3,1|2|3,False,DESCRIPTIVE_ONLY,Q3,238.0,19.94578713,0.08380582827731092,1.3900371419787065,54.20168067226891,0.5510384563255813,-0.4691575572110092,False
RecentB,primary,Long,Group,,,Long,trade_weighted,True,3,1|2|3,False,DESCRIPTIVE_ONLY,Q4,278.0,17.548555142,0.06312429907194245,1.2618135813912223,53.956834532374096,0.5638364288133334,-0.5277709384251968,False
RecentB,primary,Long,Group,,,Long,trade_weighted,True,3,1|2|3,False,DESCRIPTIVE_ONLY,Q5,320.0,69.40528935,0.21689152921875002,2.1526706312382737,59.375,0.6821993888631579,-0.4667642987131783,False
RecentB,primary,Long,Group,,,Long,strategy_equal_weighted,True,3,1|2|3,False,DESCRIPTIVE_ONLY,Q1,,,0.12601493720918366,,,,,
RecentB,primary,Long,Group,,,Long,strategy_equal_weighted,True,3,1|2|3,False,DESCRIPTIVE_ONLY,Q2,,,0.054202982258658015,,,,,
RecentB,primary,Long,Group,,,Long,strategy_equal_weighted,True,3,1|2|3,False,DESCRIPTIVE_ONLY,Q3,,,0.2740705467373016,,,,,
RecentB,primary,Long,Group,,,Long,strategy_equal_weighted,True,3,1|2|3,False,DESCRIPTIVE_ONLY,Q4,,,0.0565679255720854,,,,,
RecentB,primary,Long,Group,,,Long,strategy_equal_weighted,True,3,1|2|3,False,DESCRIPTIVE_ONLY,Q5,,,0.25123018911915407,,,,,
RecentB,primary,Short,Group,,,Short,trade_weighted,False,0,,False,DESCRIPTIVE_ONLY,Q1,395.0,9.692353538999997,0.024537603896202523,1.1198896782835503,49.87341772151899,0.4595750763756345,-0.4083027096313131,False
RecentB,primary,Short,Group,,,Short,trade_weighted,False,0,,False,DESCRIPTIVE_ONLY,Q2,137.0,12.751663778999998,0.09307783780291969,1.4878949433587592,54.74452554744526,0.51850331892,-0.4284604121311475,False
RecentB,primary,Short,Group,,,Short,trade_weighted,False,0,,False,DESCRIPTIVE_ONLY,Q3,228.0,20.873069271,0.09154854943421052,1.3634302564155583,55.70175438596491,0.6165871084645671,-0.5686484505346534,False
RecentB,primary,Short,Group,,,Short,trade_weighted,False,0,,False,DESCRIPTIVE_ONLY,Q4,168.0,36.996793649999994,0.22021900982142853,2.0031710558462863,54.166666666666664,0.8118312005494507,-0.4789590337662337,False
RecentB,primary,Short,Group,,,Short,trade_weighted,False,0,,False,DESCRIPTIVE_ONLY,Q5,241.0,31.457164498000004,0.1305276535186722,1.4689867407509234,50.20746887966805,0.8143132743884298,-0.5589561808583333,False
RecentB,primary,Short,Group,,,Short,strategy_equal_weighted,False,0,,False,DESCRIPTIVE_ONLY,Q1,,,,,,,,
RecentB,primary,Short,Group,,,Short,strategy_equal_weighted,False,0,,False,DESCRIPTIVE_ONLY,Q2,,,,,,,,
RecentB,primary,Short,Group,,,Short,strategy_equal_weighted,False,0,,False,DESCRIPTIVE_ONLY,Q3,,,,,,,,
RecentB,primary,Short,Group,,,Short,strategy_equal_weighted,False,0,,False,DESCRIPTIVE_ONLY,Q4,,,,,,,,
RecentB,primary,Short,Group,,,Short,strategy_equal_weighted,False,0,,False,DESCRIPTIVE_ONLY,Q5,,,,,,,,
RecentB,robustness,1,Strategy,1.0,1_EJ_Log1,,trade_weighted,True,1,1,True,DESCRIPTIVE_ONLY,Q1,42.0,4.217142856999999,0.10040816326190474,1.378316032321242,59.523809523809526,0.61457142852,-0.6557142856470588,False
RecentB,robustness,1,Strategy,1.0,1_EJ_Log1,,trade_weighted,True,1,1,True,DESCRIPTIVE_ONLY,Q2,32.0,9.427142858,0.2945982143125,2.9751571382878996,65.625,0.6761904762857143,-0.43389610400000006,False
RecentB,robustness,1,Strategy,1.0,1_EJ_Log1,,trade_weighted,True,1,1,True,DESCRIPTIVE_ONLY,Q3,31.0,3.487142857000001,0.11248847925806456,1.3002090763288419,45.16129032258064,1.0787755102857144,-0.683277311,False
RecentB,robustness,1,Strategy,1.0,1_EJ_Log1,,trade_weighted,True,1,1,True,DESCRIPTIVE_ONLY,Q4,21.0,9.330000000999998,0.44428571433333325,2.6372524445612684,61.904761904761905,1.1560439560769231,-0.7123214285,False
RecentB,robustness,1,Strategy,1.0,1_EJ_Log1,,trade_weighted,True,1,1,True,DESCRIPTIVE_ONLY,Q5,21.0,1.2785714280000002,0.06088435371428572,1.1916077926741253,47.61904761904761,0.7951428571,-0.6066233766363637,False
RecentB,robustness,2,Strategy,2.0,2_EJ_NightBlitz_20,,trade_weighted,True,1,2,False,DESCRIPTIVE_ONLY,Q1,52.0,8.971111115000001,0.17252136759615386,1.8318565841057164,65.38461538461539,0.5810457516764705,-0.5991358023333333,False
RecentB,robustness,2,Strategy,2.0,2_EJ_NightBlitz_20,,trade_weighted,True,1,2,False,DESCRIPTIVE_ONLY,Q2,37.0,6.306666667000001,0.17045045045945947,1.6998766954833517,62.16216216216216,0.665990338173913,-0.6436507936428573,False
RecentB,robustness,2,Strategy,2.0,2_EJ_NightBlitz_20,,trade_weighted,True,1,2,False,DESCRIPTIVE_ONLY,Q3,34.0,1.5555555560000007,0.04575163400000002,1.109907363811834,47.05882352941176,0.9818055556875,-0.7862962963888889,False
RecentB,robustness,2,Strategy,2.0,2_EJ_NightBlitz_20,,trade_weighted,True,1,2,False,DESCRIPTIVE_ONLY,Q4,21.0,5.175555558999999,0.24645502661904758,1.692536426302076,57.14285714285714,1.0540740743333334,-0.8303703703333333,False
RecentB,robustness,2,Strategy,2.0,2_EJ_NightBlitz_20,,trade_weighted,True,1,2,False,DESCRIPTIVE_ONLY,Q5,28.0,0.35555555700000063,0.012698412750000023,1.0281640557394178,50.0,0.9271428572142856,-0.9017460317142857,False
RecentB,robustness,3,Strategy,3.0,3_EJ_NightBlitz_21,,trade_weighted,True,1,3,False,DESCRIPTIVE_ONLY,Q1,52.0,7.517333335,0.14456410259615385,2.342380952678571,73.07692307692307,0.34519298249999997,-0.4307692307692308,False
RecentB,robustness,3,Strategy,3.0,3_EJ_NightBlitz_21,,trade_weighted,True,1,3,False,DESCRIPTIVE_ONLY,Q2,37.0,3.949333333999999,0.10673873875675673,1.8501722162313927,62.16216216216216,0.37368115939130436,-0.3318095237142857,False
RecentB,robustness,3,Strategy,3.0,3_EJ_NightBlitz_21,,trade_weighted,True,1,3,False,DESCRIPTIVE_ONLY,Q3,34.0,1.5093333309999997,0.044392156794117635,1.1794831137299617,50.0,0.583450980235294,-0.4946666666470589,False
RecentB,robustness,3,Strategy,3.0,3_EJ_NightBlitz_21,,trade_weighted,True,1,3,False,DESCRIPTIVE_ONLY,Q4,22.0,1.205333333,0.054787878772727276,1.2309067687739463,59.09090909090909,0.49425641023076927,-0.6525000000000001,False
RecentB,robustness,3,Strategy,3.0,3_EJ_NightBlitz_21,,trade_weighted,True,1,3,False,DESCRIPTIVE_ONLY,Q5,28.0,3.81733333,0.1363333332142857,1.778200597044645,57.14285714285714,0.5451666665625,-0.40877777791666664,False
RecentB,robustness,4,Strategy,4.0,4_GJ_Port_Log1,,trade_weighted,True,1,4,False,DESCRIPTIVE_ONLY,Q1,55.0,-0.11846153800000009,-0.002153846145454547,0.9761351310453742,49.09090909090909,0.17945868951851854,-0.17728021982142853,False
RecentB,robustness,4,Strategy,4.0,4_GJ_Port_Log1,,trade_weighted,True,1,4,False,DESCRIPTIVE_ONLY,Q2,20.0,-0.011538462000000207,-0.0005769231000000104,0.9944154874929796,55.00000000000001,0.1867832168181818,-0.22957264966666666,False
RecentB,robustness,4,Strategy,4.0,4_GJ_Port_Log1,,trade_weighted,True,1,4,False,DESCRIPTIVE_ONLY,Q3,31.0,3.7830769189999995,0.12203473932258063,2.3153249513915863,58.06451612903226,0.3699572647777778,-0.22124260361538464,False
RecentB,robustness,4,Strategy,4.0,4_GJ_Port_Log1,,trade_weighted,True,1,4,False,DESCRIPTIVE_ONLY,Q4,32.0,2.590769228,0.080961538375,1.8533063077199545,56.25,0.3126068374444444,-0.21686813185714285,False
RecentB,robustness,4,Strategy,4.0,4_GJ_Port_Log1,,trade_weighted,True,1,4,False,DESCRIPTIVE_ONLY,Q5,23.0,1.9715384590000005,0.08571906343478262,1.7500731621890118,60.86956521739131,0.3285714285,-0.2920512822222222,False
RecentB,robustness,5,Strategy,5.0,5_GJ_Port_Log2,,trade_weighted,True,1,5,False,DESCRIPTIVE_ONLY,Q1,71.0,1.9511111139999997,0.027480438225352108,1.1060642668913403,45.07042253521127,0.63583333340625,-0.4716809116666667,False
RecentB,robustness,5,Strategy,5.0,5_GJ_Port_Log2,,trade_weighted,True,1,5,False,DESCRIPTIVE_ONLY,Q2,32.0,-2.945555556000001,-0.09204861112500003,0.7221465255028069,46.875,0.5103703703999999,-0.6235947712941178,False
RecentB,robustness,5,Strategy,5.0,5_GJ_Port_Log2,,trade_weighted,True,1,5,False,DESCRIPTIVE_ONLY,Q3,33.0,4.196666667,0.12717171718181816,1.3849760472930404,48.484848484848484,0.9436111111874999,-0.641241830117647,False
RecentB,robustness,5,Strategy,5.0,5_GJ_Port_Log2,,trade_weighted,True,1,5,False,DESCRIPTIVE_ONLY,Q4,49.0,10.644444443999998,0.2172335600816326,1.7207342761720783,57.14285714285714,0.9076190476428572,-0.7032804233333334,False
RecentB,robustness,5,Strategy,5.0,5_GJ_Port_Log2,,trade_weighted,True,1,5,False,DESCRIPTIVE_ONLY,Q5,34.0,-2.2055555550000006,-0.06486928102941178,0.862124053659885,35.294117647058826,1.1492592593333335,-0.7271212121363636,False
RecentB,robustness,6,Strategy,6.0,6_GJ_Old_Mon,,trade_weighted,False,0,,True,DESCRIPTIVE_ONLY,Q1,35.0,4.904,0.14011428571428572,1.3980519480519478,54.285714285714285,0.9065263157894735,-0.77,False
RecentB,robustness,6,Strategy,6.0,6_GJ_Old_Mon,,trade_weighted,False,0,,True,DESCRIPTIVE_ONLY,Q2,9.0,3.4240000000000004,0.3804444444444445,2.7119999999999997,77.77777777777779,0.7748571428571428,-1.0,True
RecentB,robustness,6,Strategy,6.0,6_GJ_Old_Mon,,trade_weighted,False,0,,True,DESCRIPTIVE_ONLY,Q3,10.0,1.532,0.1532,1.3064,50.0,1.3064,-1.0,True
RecentB,robustness,6,Strategy,6.0,6_GJ_Old_Mon,,trade_weighted,False,0,,True,DESCRIPTIVE_ONLY,Q4,17.0,7.822,0.4601176470588235,2.7359076786506886,58.82352941176471,1.2328000000000001,-0.6437142857142856,True
RecentB,robustness,6,Strategy,6.0,6_GJ_Old_Mon,,trade_weighted,False,0,,True,DESCRIPTIVE_ONLY,Q5,13.0,15.274,1.174923076923077,8.637000000000002,84.61538461538461,1.5703636363636369,-1.0,True
RecentB,robustness,7,Strategy,7.0,7_GJ_Mon_Blitz,,trade_weighted,False,0,,False,DESCRIPTIVE_ONLY,Q1,38.0,1.8399999970000003,0.048421052552631585,1.5632210961411566,57.89473684210527,0.23213286704545458,-0.204182692375,False
RecentB,robustness,7,Strategy,7.0,7_GJ_Mon_Blitz,,trade_weighted,False,0,,False,DESCRIPTIVE_ONLY,Q2,13.0,2.6376923069999996,0.20289940823076918,3.4722422463149676,61.53846153846154,0.46307692312499993,-0.21338461560000002,True
RecentB,robustness,7,Strategy,7.0,7_GJ_Mon_Blitz,,trade_weighted,False,0,,False,DESCRIPTIVE_ONLY,Q3,13.0,-0.32538461499999993,-0.025029585769230762,0.8495732576404542,46.15384615384615,0.3062820513333333,-0.30901098899999996,True
RecentB,robustness,7,Strategy,7.0,7_GJ_Mon_Blitz,,trade_weighted,False,0,,False,DESCRIPTIVE_ONLY,Q4,22.0,2.3638461539999995,0.10744755245454543,1.8571827056784178,54.54545454545454,0.42679487183333337,-0.2757692308,False
RecentB,robustness,7,Strategy,7.0,7_GJ_Mon_Blitz,,trade_weighted,False,0,,False,DESCRIPTIVE_ONLY,Q5,15.0,4.443076925000001,0.2962051283333334,6.696252467948719,80.0,0.43525641041666674,-0.26,True
RecentB,robustness,8,Strategy,8.0,8_AJ_Core1,,trade_weighted,False,0,,False,DESCRIPTIVE_ONLY,Q1,28.0,6.354285713,0.22693877546428573,3.4601769905165836,67.85714285714286,0.47037593978947373,-0.286984127,False
RecentB,robustness,8,Strategy,8.0,8_AJ_Core1,,trade_weighted,False,0,,False,DESCRIPTIVE_ONLY,Q2,17.0,-1.6485714289999998,-0.09697478994117646,0.6004155122923158,35.294117647058826,0.41285714266666673,-0.375064935,True
RecentB,robustness,8,Strategy,8.0,8_AJ_Core1,,trade_weighted,False,0,,False,DESCRIPTIVE_ONLY,Q3,18.0,0.48,0.026666666666666665,1.0901045856991376,44.44444444444444,0.7258928570000001,-0.5327142856,True
RecentB,robustness,8,Strategy,8.0,8_AJ_Core1,,trade_weighted,False,0,,False,DESCRIPTIVE_ONLY,Q4,18.0,4.211428572999999,0.23396825405555552,2.5573164296943807,66.66666666666666,0.5763095239166666,-0.45071428566666666,True
RecentB,robustness,8,Strategy,8.0,8_AJ_Core1,,trade_weighted,False,0,,False,DESCRIPTIVE_ONLY,Q5,19.0,5.887142858000001,0.3098496241052632,3.0708542722826695,68.42105263157895,0.6715384615384615,-0.4738095236666667,True
RecentB,robustness,9,Strategy,9.0,9_AJ_Core2,,trade_weighted,False,0,,False,DESCRIPTIVE_ONLY,Q1,11.0,2.233333334,0.2030303030909091,1.6273408241573033,63.63636363636363,0.8276190477142856,-0.89,True
RecentB,robustness,9,Strategy,9.0,9_AJ_Core2,,trade_weighted,False,0,,False,DESCRIPTIVE_ONLY,Q2,10.0,-4.243333334,-0.4243333334,0.23999999983522385,30.0,0.44666666633333335,-0.7976190475714287,True
RecentB,robustness,9,Strategy,9.0,9_AJ_Core2,,trade_weighted,False,0,,False,DESCRIPTIVE_ONLY,Q3,12.0,4.780000000999999,0.3983333334166666,2.58628318634804,66.66666666666666,0.97416666675,-0.7533333332500001,True
RecentB,robustness,9,Strategy,9.0,9_AJ_Core2,,trade_weighted,False,0,,False,DESCRIPTIVE_ONLY,Q4,9.0,5.903333334,0.655925926,2.7127659574745873,55.55555555555556,1.8700000002,-0.86166666675,True
RecentB,robustness,9,Strategy,9.0,9_AJ_Core2,,trade_weighted,False,0,,False,DESCRIPTIVE_ONLY,Q5,15.0,-5.836666666999999,-0.3891111111333333,0.3884037722105625,26.666666666666668,0.9266666665,-0.8675757575454545,True
RecentB,robustness,10,Strategy,10.0,10_AJ_SatA,,trade_weighted,False,0,,False,DESCRIPTIVE_ONLY,Q1,16.0,-0.10399999999999993,-0.006499999999999995,0.9440258342303551,50.0,0.21925,-0.23225,True
RecentB,robustness,10,Strategy,10.0,10_AJ_SatA,,trade_weighted,False,0,,False,DESCRIPTIVE_ONLY,Q2,12.0,0.882,0.0735,1.894523326572008,50.0,0.3113333333333333,-0.16433333333333333,True
RecentB,robustness,10,Strategy,10.0,10_AJ_SatA,,trade_weighted,False,0,,False,DESCRIPTIVE_ONLY,Q3,12.0,0.7319999999999999,0.06099999999999999,1.5479041916167664,58.333333333333336,0.2954285714285714,-0.2672,True
RecentB,robustness,10,Strategy,10.0,10_AJ_SatA,,trade_weighted,False,0,,False,DESCRIPTIVE_ONLY,Q4,14.0,-0.556,-0.039714285714285716,0.7490974729241877,35.714285714285715,0.332,-0.24622222222222223,True
RecentB,robustness,10,Strategy,10.0,10_AJ_SatA,,trade_weighted,False,0,,False,DESCRIPTIVE_ONLY,Q5,15.0,0.27000000000000013,0.01800000000000001,1.1393188854489165,40.0,0.36800000000000005,-0.21533333333333332,True
RecentB,robustness,11,Strategy,11.0,11_AJ_SatB,,trade_weighted,False,0,,False,DESCRIPTIVE_ONLY,Q1,17.0,-3.207272727,-0.1886631015882353,0.23768366466536414,35.294117647058826,0.16666666666666666,-0.38247933881818175,True
RecentB,robustness,11,Strategy,11.0,11_AJ_SatB,,trade_weighted,False,0,,False,DESCRIPTIVE_ONLY,Q2,12.0,0.47999999999999987,0.03999999999999999,1.212218649594452,33.33333333333333,0.6854545452499999,-0.28272727262499997,True
RecentB,robustness,11,Strategy,11.0,11_AJ_SatB,,trade_weighted,False,0,,False,DESCRIPTIVE_ONLY,Q3,12.0,4.3200000009999995,0.36000000008333327,2.6638655468366754,58.333333333333336,0.988051948142857,-0.5192727272,True
RecentB,robustness,11,Strategy,11.0,11_AJ_SatB,,trade_weighted,False,0,,False,DESCRIPTIVE_ONLY,Q4,14.0,1.5454545449999997,0.11038961035714283,1.5981703021121554,57.14285714285714,0.51613636375,-0.4306060608333333,True
RecentB,robustness,11,Strategy,11.0,11_AJ_SatB,,trade_weighted,False,0,,False,DESCRIPTIVE_ONLY,Q5,15.0,-0.5454545470000001,-0.03636363646666667,0.8496993983679785,53.333333333333336,0.38545454525,-0.5184415584285714,True
RecentB,robustness,12,Strategy,12.0,12_UJ_Short_Core,,trade_weighted,False,0,,True,DESCRIPTIVE_ONLY,Q1,26.0,6.266,0.241,1.9090381546496449,61.53846153846154,0.8224375,-0.6892999999999999,False
RecentB,robustness,12,Strategy,12.0,12_UJ_Short_Core,,trade_weighted,False,0,,True,DESCRIPTIVE_ONLY,Q2,12.0,2.234,0.18616666666666667,1.6247203579418346,58.333333333333336,0.8300000000000001,-0.7152000000000001,True
RecentB,robustness,12,Strategy,12.0,12_UJ_Short_Core,,trade_weighted,False,0,,True,DESCRIPTIVE_ONLY,Q3,17.0,11.0,0.6470588235294118,4.88967468175389,70.58823529411765,1.1523333333333332,-0.5656,True
RecentB,robustness,12,Strategy,12.0,12_UJ_Short_Core,,trade_weighted,False,0,,True,DESCRIPTIVE_ONLY,Q4,25.0,-2.516,-0.10064000000000001,0.7668427393198035,32.0,1.034375,-0.634764705882353,False
RecentB,robustness,12,Strategy,12.0,12_UJ_Short_Core,,trade_weighted,False,0,,True,DESCRIPTIVE_ONLY,Q5,14.0,11.404000000000002,0.8145714285714287,4.343301084725887,64.28571428571429,1.6461111111111113,-0.6822,True
RecentB,robustness,13,Strategy,13.0,13_UJ_Fix_MidWeek,,trade_weighted,False,0,,False,DESCRIPTIVE_ONLY,Q1,12.0,0.968421051,0.08070175425,1.966386552181608,50.0,0.3284210525,-0.167017544,True
RecentB,robustness,13,Strategy,13.0,13_UJ_Fix_MidWeek,,trade_weighted,False,0,,False,DESCRIPTIVE_ONLY,Q2,5.0,1.9473684209999997,0.38947368419999995,inf,100.0,0.38947368419999995,,True
RecentB,robustness,13,Strategy,13.0,13_UJ_Fix_MidWeek,,trade_weighted,False,0,,False,DESCRIPTIVE_ONLY,Q3,9.0,0.19368420899999997,0.021520467666666664,1.2114942511339677,44.44444444444444,0.27736842075000007,-0.18315789480000003,True
RecentB,robustness,13,Strategy,13.0,13_UJ_Fix_MidWeek,,trade_weighted,False,0,,False,DESCRIPTIVE_ONLY,Q4,8.0,-0.37052631599999997,-0.046315789499999996,0.7451122374472843,50.0,0.27078947375,-0.36342105275,True
RecentB,robustness,13,Strategy,13.0,13_UJ_Fix_MidWeek,,trade_weighted,False,0,,False,DESCRIPTIVE_ONLY,Q5,4.0,2.158947368,0.539736842,15.144827578570752,75.0,0.7705263156666667,-0.152631579,True
RecentB,robustness,14,Strategy,14.0,14_UJ_Sat_3rd,,trade_weighted,False,0,,False,DESCRIPTIVE_ONLY,Q1,5.0,5.586666668,1.1173333336,inf,100.0,1.1173333336,,True
RecentB,robustness,14,Strategy,14.0,14_UJ_Sat_3rd,,trade_weighted,False,0,,False,DESCRIPTIVE_ONLY,Q2,3.0,2.111111112,0.703703704,3.111111112,66.66666666666666,1.555555556,-1.0,True
RecentB,robustness,14,Strategy,14.0,14_UJ_Sat_3rd,,trade_weighted,False,0,,False,DESCRIPTIVE_ONLY,Q3,1.0,0.037777778,0.037777778,inf,100.0,0.037777778,,True
RecentB,robustness,14,Strategy,14.0,14_UJ_Sat_3rd,,trade_weighted,False,0,,False,DESCRIPTIVE_ONLY,Q4,3.0,2.111111112,0.703703704,3.111111112,66.66666666666666,1.555555556,-1.0,True
RecentB,robustness,14,Strategy,14.0,14_UJ_Sat_3rd,,trade_weighted,False,0,,False,DESCRIPTIVE_ONLY,Q5,1.0,0.317777778,0.317777778,inf,100.0,0.317777778,,True
RecentB,robustness,15,Strategy,15.0,15_UJ_Sat_Aug,,trade_weighted,False,0,,False,DESCRIPTIVE_ONLY,Q1,0.0,0.0,,,,,,True
RecentB,robustness,15,Strategy,15.0,15_UJ_Sat_Aug,,trade_weighted,False,0,,False,DESCRIPTIVE_ONLY,Q2,0.0,0.0,,,,,,True
RecentB,robustness,15,Strategy,15.0,15_UJ_Sat_Aug,,trade_weighted,False,0,,False,DESCRIPTIVE_ONLY,Q3,5.0,0.5,0.1,1.1666666666666667,40.0,1.75,-1.0,True
RecentB,robustness,15,Strategy,15.0,15_UJ_Sat_Aug,,trade_weighted,False,0,,False,DESCRIPTIVE_ONLY,Q4,0.0,0.0,,,,,,True
RecentB,robustness,15,Strategy,15.0,15_UJ_Sat_Aug,,trade_weighted,False,0,,False,DESCRIPTIVE_ONLY,Q5,6.0,5.0,0.8333333333333334,3.5,66.66666666666666,1.75,-1.0,True
RecentB,robustness,16,Strategy,16.0,16_UJ_T10A,,trade_weighted,False,0,,False,DESCRIPTIVE_ONLY,Q1,0.0,0.0,,,,,,True
RecentB,robustness,16,Strategy,16.0,16_UJ_T10A,,trade_weighted,False,0,,False,DESCRIPTIVE_ONLY,Q2,2.0,0.348888889,0.1744444445,inf,100.0,0.1744444445,,True
RecentB,robustness,16,Strategy,16.0,16_UJ_T10A,,trade_weighted,False,0,,False,DESCRIPTIVE_ONLY,Q3,2.0,0.30222222199999993,0.15111111099999996,1.302222222,50.0,1.302222222,-1.0,True
RecentB,robustness,16,Strategy,16.0,16_UJ_T10A,,trade_weighted,False,0,,False,DESCRIPTIVE_ONLY,Q4,2.0,-0.05555555599999999,-0.027777777999999996,0.6710526291637812,50.0,0.113333333,-0.168888889,True
RecentB,robustness,16,Strategy,16.0,16_UJ_T10A,,trade_weighted,False,0,,False,DESCRIPTIVE_ONLY,Q5,3.0,2.433333333,0.8111111110000001,79.21428598290817,66.66666666666666,1.232222222,-0.031111111,True
RecentB,robustness,17,Strategy,17.0,17_EA_1B_Wed_Short,,trade_weighted,False,0,,False,DESCRIPTIVE_ONLY,Q1,14.0,2.6114285720000003,0.1865306122857143,2.377543330915216,64.28571428571429,0.5007936508888888,-0.3791428572,True
RecentB,robustness,17,Strategy,17.0,17_EA_1B_Wed_Short,,trade_weighted,False,0,,False,DESCRIPTIVE_ONLY,Q2,18.0,2.9428571439999995,0.16349206355555554,2.4042263125556613,55.55555555555556,0.5038571430000001,-0.26196428574999997,True
RecentB,robustness,17,Strategy,17.0,17_EA_1B_Wed_Short,,trade_weighted,False,0,,False,DESCRIPTIVE_ONLY,Q3,3.0,0.8171428569999999,0.2723809523333333,inf,100.0,0.2723809523333333,,True
RecentB,robustness,17,Strategy,17.0,17_EA_1B_Wed_Short,,trade_weighted,False,0,,False,DESCRIPTIVE_ONLY,Q4,10.0,-1.1528571429999999,-0.11528571429999998,0.7239137871896056,50.0,0.6045714286,-0.8351428571999999,True
RecentB,robustness,17,Strategy,17.0,17_EA_1B_Wed_Short,,trade_weighted,False,0,,False,DESCRIPTIVE_ONLY,Q5,9.0,0.322857143,0.03587301588888889,1.0930424043227667,44.44444444444444,0.94821428575,-0.694,True
RecentB,robustness,18,Strategy,18.0,18_EA_2_MonWed_Short,,trade_weighted,True,1,18,False,DESCRIPTIVE_ONLY,Q1,50.0,1.7866666690000004,0.03573333338000001,1.1690673958963838,52.0,0.47517094019230766,-0.440324074,False
RecentB,robustness,18,Strategy,18.0,18_EA_2_MonWed_Short,,trade_weighted,True,1,18,False,DESCRIPTIVE_ONLY,Q2,39.0,-1.518888889,-0.03894586894871795,0.814190566760697,51.28205128205128,0.3327777777,-0.4302339180526316,False
RecentB,robustness,18,Strategy,18.0,18_EA_2_MonWed_Short,,trade_weighted,True,1,18,False,DESCRIPTIVE_ONLY,Q3,22.0,-1.725555555,-0.0784343434090909,0.7083020286657925,45.45454545454545,0.41900000009999994,-0.4929629629999999,False
RecentB,robustness,18,Strategy,18.0,18_EA_2_MonWed_Short,,trade_weighted,True,1,18,False,DESCRIPTIVE_ONLY,Q4,25.0,2.6444444440000003,0.10577777776000001,1.440904038515864,52.0,0.6647863246923078,-0.49981481474999995,False
RecentB,robustness,18,Strategy,18.0,18_EA_2_MonWed_Short,,trade_weighted,True,1,18,False,DESCRIPTIVE_ONLY,Q5,31.0,7.6611111119999995,0.24713261651612903,2.2693298969610214,58.06451612903226,0.7609259260000001,-0.4642735043076923,False
RecentB,robustness,19,Strategy,19.0,19_EA_3_WedThu_Long,,trade_weighted,False,0,,False,DESCRIPTIVE_ONLY,Q1,25.0,-0.8488888889999999,-0.033955555559999996,0.8195133475480108,48.0,0.32120370383333335,-0.36179487192307697,False
RecentB,robustness,19,Strategy,19.0,19_EA_3_WedThu_Long,,trade_weighted,False,0,,False,DESCRIPTIVE_ONLY,Q2,36.0,6.042222223,0.16783950619444443,1.9787616992429136,72.22222222222221,0.46982905984615375,-0.6173333333,False
RecentB,robustness,19,Strategy,19.0,19_EA_3_WedThu_Long,,trade_weighted,False,0,,False,DESCRIPTIVE_ONLY,Q3,10.0,0.1322222219999999,0.01322222219999999,1.0724725942532056,50.0,0.3913333334,-0.36488888900000005,True
RecentB,robustness,19,Strategy,19.0,19_EA_3_WedThu_Long,,trade_weighted,False,0,,False,DESCRIPTIVE_ONLY,Q4,13.0,-0.7655555569999999,-0.05888888899999999,0.7065587729955031,46.15384615384615,0.30722222216666667,-0.37269841285714284,True
RecentB,robustness,19,Strategy,19.0,19_EA_3_WedThu_Long,,trade_weighted,False,0,,False,DESCRIPTIVE_ONLY,Q5,23.0,4.074444446,0.17714975852173914,1.5521758774042675,52.17391304347826,0.9544444445,-0.6708080807272727,False
RecentB,robustness,20,Strategy,20.0,20_EA_1A_MonTue_Short,,trade_weighted,False,0,,False,DESCRIPTIVE_ONLY,Q1,48.0,-8.024,-0.16716666666666666,0.4831894885997681,35.41666666666667,0.44129411764705884,-0.5008387096774194,False
RecentB,robustness,20,Strategy,20.0,20_EA_1A_MonTue_Short,,trade_weighted,False,0,,False,DESCRIPTIVE_ONLY,Q2,32.0,-4.140000000000001,-0.12937500000000002,0.5635673624288424,40.625,0.41123076923076923,-0.49926315789473685,False
RecentB,robustness,20,Strategy,20.0,20_EA_1A_MonTue_Short,,trade_weighted,False,0,,False,DESCRIPTIVE_ONLY,Q3,19.0,-0.20400000000000007,-0.010736842105263161,0.9427609427609429,42.10526315789473,0.42,-0.3239999999999999,True
RecentB,robustness,20,Strategy,20.0,20_EA_1A_MonTue_Short,,trade_weighted,False,0,,False,DESCRIPTIVE_ONLY,Q4,18.0,3.9219999999999997,0.21788888888888888,1.8805568028738213,50.0,0.9306666666666666,-0.4948888888888889,True
RecentB,robustness,20,Strategy,20.0,20_EA_1A_MonTue_Short,,trade_weighted,False,0,,False,DESCRIPTIVE_ONLY,Q5,24.0,6.804,0.28350000000000003,2.1551782682512735,58.333333333333336,0.9067142857142858,-0.5890000000000001,False
RecentB,robustness,21,Strategy,21.0,21_GA_B_3,,trade_weighted,False,0,,False,DESCRIPTIVE_ONLY,Q1,31.0,0.902727273,0.029120234612903226,1.5244256667192513,54.83870967741935,0.15435828882352942,-0.12295454549999998,False
RecentB,robustness,21,Strategy,21.0,21_GA_B_3,,trade_weighted,False,0,,False,DESCRIPTIVE_ONLY,Q2,18.0,-1.3154545449999997,-0.07308080805555554,0.42258579399415863,33.33333333333333,0.16045454533333334,-0.18984848475000002,True
RecentB,robustness,21,Strategy,21.0,21_GA_B_3,,trade_weighted,False,0,,False,DESCRIPTIVE_ONLY,Q3,17.0,1.318636364,0.07756684494117648,2.5357331937268537,64.70588235294117,0.1979338842727273,-0.1431060605,True
RecentB,robustness,21,Strategy,21.0,21_GA_B_3,,trade_weighted,False,0,,False,DESCRIPTIVE_ONLY,Q4,15.0,0.23363636300000007,0.015575757533333338,1.2128364382908068,53.333333333333336,0.16642045449999998,-0.15681818185714283,True
RecentB,robustness,21,Strategy,21.0,21_GA_B_3,,trade_weighted,False,0,,False,DESCRIPTIVE_ONLY,Q5,21.0,-0.0731818160000002,-0.0034848483809523908,0.9725910801395471,66.66666666666666,0.18548701307142856,-0.38142857128571434,False
RecentB,robustness,22,Strategy,22.0,22_GA_C_2,,trade_weighted,False,0,,False,DESCRIPTIVE_ONLY,Q1,21.0,-2.3028571450000004,-0.10965986404761907,0.6570942350156594,38.095238095238095,0.55160714275,-0.5165934066923078,False
RecentB,robustness,22,Strategy,22.0,22_GA_C_2,,trade_weighted,False,0,,False,DESCRIPTIVE_ONLY,Q2,12.0,0.7600000010000002,0.06333333341666668,1.3170441005552471,58.333333333333336,0.4510204082857143,-0.4794285714,True
RecentB,robustness,22,Strategy,22.0,22_GA_C_2,,trade_weighted,False,0,,False,DESCRIPTIVE_ONLY,Q3,14.0,0.3000000000000001,0.021428571428571436,1.085089140997967,50.0,0.5465306122857144,-0.5036734694285714,True
RecentB,robustness,22,Strategy,22.0,22_GA_C_2,,trade_weighted,False,0,,False,DESCRIPTIVE_ONLY,Q4,14.0,-0.8899999989999996,-0.06357142849999997,0.8253434260198129,35.714285714285715,0.8411428572000001,-0.636964285625,True
RecentB,robustness,22,Strategy,22.0,22_GA_C_2,,trade_weighted,False,0,,False,DESCRIPTIVE_ONLY,Q5,18.0,-2.6357142839999996,-0.1464285713333333,0.6378091874578421,27.77777777777778,0.9282857144000001,-0.5597802196923077,True
RecentB,robustness,23,Strategy,23.0,23_GA_F_2,,trade_weighted,False,0,,True,DESCRIPTIVE_ONLY,Q1,23.0,2.117777776,0.09207729460869565,2.9508700060019124,65.21739130434783,0.2135555555333333,-0.135694444625,False
RecentB,robustness,23,Strategy,23.0,23_GA_F_2,,trade_weighted,False,0,,True,DESCRIPTIVE_ONLY,Q2,13.0,-0.8888888889999997,-0.06837606838461537,0.5854922278415527,38.46153846153847,0.251111111,-0.2680555555,True
RecentB,robustness,23,Strategy,23.0,23_GA_F_2,,trade_weighted,False,0,,True,DESCRIPTIVE_ONLY,Q3,8.0,0.09111111100000002,0.011388888875000003,1.2228260866242322,37.5,0.16666666666666666,-0.08177777779999999,True
RecentB,robustness,23,Strategy,23.0,23_GA_F_2,,trade_weighted,False,0,,True,DESCRIPTIVE_ONLY,Q4,17.0,0.8622222199999999,0.050718954117647055,1.7112740582054153,52.94117647058824,0.23049382699999998,-0.151527777875,True
RecentB,robustness,23,Strategy,23.0,23_GA_F_2,,trade_weighted,False,0,,True,DESCRIPTIVE_ONLY,Q5,17.0,1.963333333,0.11549019605882353,1.8901763220876215,52.94117647058824,0.4632098765555555,-0.2756944445,True
RecentB,robustness,24,Strategy,24.0,24_GA_D_1,,trade_weighted,False,0,,False,DESCRIPTIVE_ONLY,Q1,23.0,4.015555557,0.17458937204347827,3.5219818590887506,73.91304347826086,0.3298692810588235,-0.2653703701666667,False
RecentB,robustness,24,Strategy,24.0,24_GA_D_1,,trade_weighted,False,0,,False,DESCRIPTIVE_ONLY,Q2,13.0,-0.6933333340000003,-0.053333333384615406,0.7516912054716827,61.53846153846154,0.26236111100000004,-0.5584444444,True
RecentB,robustness,24,Strategy,24.0,24_GA_D_1,,trade_weighted,False,0,,False,DESCRIPTIVE_ONLY,Q3,8.0,-1.241111113,-0.155138889125,0.24322493155900918,25.0,0.199444444,-0.2733333335,True
RecentB,robustness,24,Strategy,24.0,24_GA_D_1,,trade_weighted,False,0,,False,DESCRIPTIVE_ONLY,Q4,17.0,-1.1011111100000002,-0.06477124176470589,0.7121696198417461,64.70588235294117,0.2476767678181818,-0.6375925926666667,True
RecentB,robustness,24,Strategy,24.0,24_GA_D_1,,trade_weighted,False,0,,False,DESCRIPTIVE_ONLY,Q5,17.0,-2.1977777780000003,-0.1292810457647059,0.44794864631448356,41.17647058823529,0.25476190471428567,-0.3981111111,True
RecentB,robustness,25,Strategy,25.0,25_AU_China_Demand,,trade_weighted,False,0,,False,DESCRIPTIVE_ONLY,Q1,71.0,-1.9649999999999999,-0.027676056338028165,0.7869918699186992,49.29577464788733,0.20742857142857143,-0.25625,False
RecentB,robustness,25,Strategy,25.0,25_AU_China_Demand,,trade_weighted,False,0,,False,DESCRIPTIVE_ONLY,Q2,19.0,1.5574999999999997,0.0819736842105263,1.798717948717949,68.42105263157895,0.2698076923076923,-0.325,True
RecentB,robustness,25,Strategy,25.0,25_AU_China_Demand,,trade_weighted,False,0,,False,DESCRIPTIVE_ONLY,Q3,28.0,1.6575,0.05919642857142857,1.5538847117794483,50.0,0.33214285714285713,-0.21375000000000002,False
RecentB,robustness,25,Strategy,25.0,25_AU_China_Demand,,trade_weighted,False,0,,False,DESCRIPTIVE_ONLY,Q4,20.0,2.275,0.11374999999999999,1.9173387096774197,50.0,0.4755000000000001,-0.248,False
RecentB,robustness,25,Strategy,25.0,25_AU_China_Demand,,trade_weighted,False,0,,False,DESCRIPTIVE_ONLY,Q5,35.0,3.5750000000000006,0.10214285714285716,1.6550618415025198,51.42857142857142,0.5018055555555556,-0.32102941176470584,False
RecentB,robustness,26,Strategy,26.0,26_AJ_China_Demand,,trade_weighted,False,0,,False,DESCRIPTIVE_ONLY,Q1,21.0,4.039999997,0.19238095223809523,2.9036649193546773,71.42857142857143,0.41081481466666664,-0.3537037038333333,False
RecentB,robustness,26,Strategy,26.0,26_AJ_China_Demand,,trade_weighted,False,0,,False,DESCRIPTIVE_ONLY,Q2,18.0,3.2799999989999997,0.18222222216666664,2.4428152484038663,66.66666666666666,0.46277777775,-0.378888889,True
RecentB,robustness,26,Strategy,26.0,26_AJ_China_Demand,,trade_weighted,False,0,,False,DESCRIPTIVE_ONLY,Q3,18.0,1.9866666659999996,0.11037037033333331,1.5612052728813561,55.55555555555556,0.5526666666000001,-0.4425,True
RecentB,robustness,26,Strategy,26.0,26_AJ_China_Demand,,trade_weighted,False,0,,False,DESCRIPTIVE_ONLY,Q4,14.0,-1.686666668,-0.12047619057142857,0.6521539869724671,35.714285714285715,0.6324444444,-0.5387654322222222,True
RecentB,robustness,26,Strategy,26.0,26_AJ_China_Demand,,trade_weighted,False,0,,False,DESCRIPTIVE_ONLY,Q5,16.0,3.3333333339999998,0.20833333337499998,2.2798634817030483,75.0,0.49481481483333334,-0.651111111,True
RecentB,robustness,27,Strategy,27.0,27_EA_China_Demand,,trade_weighted,False,0,,False,DESCRIPTIVE_ONLY,Q1,30.0,4.326666667999999,0.14422222226666662,2.8320395204189075,73.33333333333333,0.3040151515909091,-0.29520833337499996,False
RecentB,robustness,27,Strategy,27.0,27_EA_China_Demand,,trade_weighted,False,0,,False,DESCRIPTIVE_ONLY,Q2,25.0,4.229999998,0.16919999992,3.3178082168121596,64.0,0.3784374999375,-0.228125000125,False
RecentB,robustness,27,Strategy,27.0,27_EA_China_Demand,,trade_weighted,False,0,,False,DESCRIPTIVE_ONLY,Q3,14.0,0.22000000099999995,0.015714285785714283,1.0972733976705304,50.0,0.3545238095714286,-0.32309523799999995,True
RecentB,robustness,27,Strategy,27.0,27_EA_China_Demand,,trade_weighted,False,0,,False,DESCRIPTIVE_ONLY,Q4,10.0,2.0066666669999997,0.20066666669999997,2.977011494581281,50.0,0.6043333334,-0.20299999999999999,True
RecentB,robustness,27,Strategy,27.0,27_EA_China_Demand,,trade_weighted,False,0,,False,DESCRIPTIVE_ONLY,Q5,19.0,4.953333334,0.26070175442105264,3.092957747350129,63.1578947368421,0.61,-0.338095238,True
RecentB,robustness,28,Strategy,28.0,28_GA_China_Demand,,trade_weighted,False,0,,False,DESCRIPTIVE_ONLY,Q1,34.0,3.546666666,0.10431372547058824,2.3071253070401876,64.70588235294117,0.2845454545,-0.22611111108333334,False
RecentB,robustness,28,Strategy,28.0,28_GA_China_Demand,,trade_weighted,False,0,,False,DESCRIPTIVE_ONLY,Q2,6.0,1.785333333,0.2975555555,7.468599032608696,83.33333333333334,0.41226666660000005,-0.276,True
RecentB,robustness,28,Strategy,28.0,28_GA_China_Demand,,trade_weighted,False,0,,False,DESCRIPTIVE_ONLY,Q3,14.0,2.0133333330000003,0.1438095237857143,2.2710437708333333,57.14285714285714,0.449666666625,-0.264,True
RecentB,robustness,28,Strategy,28.0,28_GA_China_Demand,,trade_weighted,False,0,,False,DESCRIPTIVE_ONLY,Q4,19.0,3.6213333329999995,0.1905964912105263,2.9427753942826045,73.68421052631578,0.3918095237142857,-0.37279999980000006,True
RecentB,robustness,28,Strategy,28.0,28_GA_China_Demand,,trade_weighted,False,0,,False,DESCRIPTIVE_ONLY,Q5,25.0,5.827999997,0.23311999988,2.5041293865705327,64.0,0.6064166665,-0.43051851855555556,False
RecentB,robustness,Portfolio,Group,,,Portfolio,trade_weighted,True,6,1|2|3|4|5|18,False,DESCRIPTIVE_ONLY,Q1,851.0,57.586414063,0.06766911170740306,1.3922484979870473,56.28672150411281,0.4267170451043841,-0.39571711736388143,False
RecentB,robustness,Portfolio,Group,,,Portfolio,trade_weighted,True,6,1|2|3|4|5|18,False,DESCRIPTIVE_ONLY,Q2,502.0,36.940551848,0.07358675666932271,1.3948235808893814,56.573705179282875,0.45951663383098584,-0.4311620836866359,False
RecentB,robustness,Portfolio,Group,,,Portfolio,trade_weighted,True,6,1|2|3|4|5|18,False,DESCRIPTIVE_ONLY,Q3,449.0,43.450020812,0.09677064768819599,1.4208203553147707,51.224944320712694,0.6378294745826086,-0.4714646499634704,False
RecentB,robustness,Portfolio,Group,,,Portfolio,trade_weighted,True,6,1|2|3|4|5|18,False,DESCRIPTIVE_ONLY,Q4,469.0,59.374306961,0.12659766942643924,1.557503707250674,53.5181236673774,0.6608549712788844,-0.4930569019907408,False
RecentB,robustness,Portfolio,Group,,,Portfolio,trade_weighted,True,6,1|2|3|4|5|18,False,DESCRIPTIVE_ONLY,Q5,509.0,79.632339088,0.15644860331630647,1.6507647611625889,55.0098231827112,0.7214273501214286,-0.5343551045676855,False
RecentB,robustness,Portfolio,Group,,,Portfolio,strategy_equal_weighted,True,6,1|2|3|4|5|18,False,DESCRIPTIVE_ONLY,Q1,,,0.079758926485685,,,,,
RecentB,robustness,Portfolio,Group,,,Portfolio,strategy_equal_weighted,True,6,1|2|3|4|5|18,False,DESCRIPTIVE_ONLY,Q2,,,0.07336933339249972,,,,,
RecentB,robustness,Portfolio,Group,,,Portfolio,strategy_equal_weighted,True,6,1|2|3|4|5|18,False,DESCRIPTIVE_ONLY,Q3,,,0.062234063857915016,,,,,
RecentB,robustness,Portfolio,Group,,,Portfolio,strategy_equal_weighted,True,6,1|2|3|4|5|18,False,DESCRIPTIVE_ONLY,Q4,,,0.19158358265695677,,,,,
RecentB,robustness,Portfolio,Group,,,Portfolio,strategy_equal_weighted,True,6,1|2|3|4|5|18,False,DESCRIPTIVE_ONLY,Q5,,,0.07964974976667856,,,,,
RecentB,robustness,JPY,Group,,,JPY,trade_weighted,True,5,1|2|3|4|5,False,DESCRIPTIVE_ONLY,Q1,481.0,51.419670916,0.10690160273596674,1.5796811467127165,58.004158004158,0.5022331195663082,-0.4413102957363184,False
RecentB,robustness,JPY,Group,,,JPY,trade_weighted,True,5,1|2|3|4|5,False,DESCRIPTIVE_ONLY,Q2,271.0,28.179204805999998,0.10398230555719556,1.5221302078075276,57.19557195571956,0.5299928616967742,-0.46525593756034483,False
RecentB,robustness,JPY,Group,,,JPY,trade_weighted,True,5,1|2|3|4|5,False,DESCRIPTIVE_ONLY,Q3,292.0,40.070741592,0.1372285670958904,1.5093176007999658,52.054794520547944,0.7812243008421053,-0.5619668009714286,False
RecentB,robustness,JPY,Group,,,JPY,trade_weighted,True,5,1|2|3|4|5,False,DESCRIPTIVE_ONLY,Q4,291.0,47.718527743,0.16398119499312716,1.6566135198002476,53.608247422680414,0.771744989,-0.5423409741865672,False
RecentB,robustness,JPY,Group,,,JPY,trade_weighted,True,5,1|2|3|4|5,False,DESCRIPTIVE_ONLY,Q5,270.0,49.356933601,0.1828034577814815,1.6878034319035453,55.925925925925924,0.8021004321059602,-0.603027156697479,False
RecentB,robustness,JPY,Group,,,JPY,strategy_equal_weighted,True,5,1|2|3|4|5,False,DESCRIPTIVE_ONLY,Q1,,,0.088564045106822,,,,,
RecentB,robustness,JPY,Group,,,JPY,strategy_equal_weighted,True,5,1|2|3|4|5,False,DESCRIPTIVE_ONLY,Q2,,,0.09583237386074325,,,,,
RecentB,robustness,JPY,Group,,,JPY,strategy_equal_weighted,True,5,1|2|3|4|5,False,DESCRIPTIVE_ONLY,Q3,,,0.0903677453113162,,,,,
RecentB,robustness,JPY,Group,,,JPY,strategy_equal_weighted,True,5,1|2|3|4|5,False,DESCRIPTIVE_ONLY,Q4,,,0.20874474363634815,,,,,
RecentB,robustness,JPY,Group,,,JPY,strategy_equal_weighted,True,5,1|2|3|4|5,False,DESCRIPTIVE_ONLY,Q5,,,0.04615317641678846,,,,,
RecentB,robustness,AUD_nonJPY,Group,,,AUD_nonJPY,trade_weighted,True,1,18,False,DESCRIPTIVE_ONLY,Q1,370.0,6.166743147,0.01666687337027027,1.106126127051835,54.054054054054056,0.32137212123,-0.34180988881764707,False
RecentB,robustness,AUD_nonJPY,Group,,,AUD_nonJPY,trade_weighted,True,1,18,False,DESCRIPTIVE_ONLY,Q2,231.0,8.761347041999997,0.03792790927272726,1.2212881408024066,55.84415584415584,0.3748358949224806,-0.3920047861683168,False
RecentB,robustness,AUD_nonJPY,Group,,,AUD_nonJPY,trade_weighted,True,1,18,False,DESCRIPTIVE_ONLY,Q3,157.0,3.3792792200000004,0.021524071464968157,1.13750654583992,49.681528662420384,0.3583934028974359,-0.3110810912151899,False
RecentB,robustness,AUD_nonJPY,Group,,,AUD_nonJPY,trade_weighted,True,1,18,False,DESCRIPTIVE_ONLY,Q4,178.0,11.655779218000003,0.06548190571910113,1.3445743621415693,53.37078651685393,0.4787618895473685,-0.4125195157195123,False
RecentB,robustness,AUD_nonJPY,Group,,,AUD_nonJPY,trade_weighted,True,1,18,False,DESCRIPTIVE_ONLY,Q5,239.0,30.275405487000004,0.1266753367656904,1.5982443784627425,53.97489539748954,0.6269960681085271,-0.4600644299909091,False
RecentB,robustness,AUD_nonJPY,Group,,,AUD_nonJPY,strategy_equal_weighted,True,1,18,False,DESCRIPTIVE_ONLY,Q1,,,0.03573333338000001,,,,,
RecentB,robustness,AUD_nonJPY,Group,,,AUD_nonJPY,strategy_equal_weighted,True,1,18,False,DESCRIPTIVE_ONLY,Q2,,,-0.03894586894871795,,,,,
RecentB,robustness,AUD_nonJPY,Group,,,AUD_nonJPY,strategy_equal_weighted,True,1,18,False,DESCRIPTIVE_ONLY,Q3,,,-0.0784343434090909,,,,,
RecentB,robustness,AUD_nonJPY,Group,,,AUD_nonJPY,strategy_equal_weighted,True,1,18,False,DESCRIPTIVE_ONLY,Q4,,,0.10577777776000001,,,,,
RecentB,robustness,AUD_nonJPY,Group,,,AUD_nonJPY,strategy_equal_weighted,True,1,18,False,DESCRIPTIVE_ONLY,Q5,,,0.24713261651612903,,,,,
RecentB,robustness,Long,Group,,,Long,trade_weighted,True,4,1|2|3|4,False,DESCRIPTIVE_ONLY,Q1,506.0,38.495369323000006,0.07607780498616602,1.4951352830601696,58.10276679841897,0.39538280259863945,-0.36847002199526074,False
RecentB,robustness,Long,Group,,,Long,trade_weighted,True,4,1|2|3|4,False,DESCRIPTIVE_ONLY,Q2,288.0,36.011916929,0.12504137822569444,1.7905618794446483,61.80555555555556,0.45822597353370786,-0.41411187599999993,False
RecentB,robustness,Long,Group,,,Long,trade_weighted,True,4,1|2|3|4,False,DESCRIPTIVE_ONLY,Q3,277.0,16.671544618,0.0601860816534296,1.2532059376412483,49.81949458483754,0.5979230707826086,-0.4736822960431655,False
RecentB,robustness,Long,Group,,,Long,trade_weighted,True,4,1|2|3|4,False,DESCRIPTIVE_ONLY,Q4,256.0,30.338154005000003,0.11850841408203126,1.572683978057014,54.6875,0.5950967044857143,-0.4646963563421052,False
RecentB,robustness,Long,Group,,,Long,trade_weighted,True,4,1|2|3|4,False,DESCRIPTIVE_ONLY,Q5,284.0,43.695603160000005,0.15385775760563383,1.7046906907398036,57.3943661971831,0.6484809003190184,-0.5124527569586776,False
RecentB,robustness,Long,Group,,,Long,strategy_equal_weighted,True,4,1|2|3|4,False,DESCRIPTIVE_ONLY,Q1,,,0.10383494682718947,,,,,
RecentB,robustness,Long,Group,,,Long,strategy_equal_weighted,True,4,1|2|3|4,False,DESCRIPTIVE_ONLY,Q2,,,0.14280262010717906,,,,,
RecentB,robustness,Long,Group,,,Long,strategy_equal_weighted,True,4,1|2|3|4,False,DESCRIPTIVE_ONLY,Q3,,,0.08116675234369071,,,,,
RecentB,robustness,Long,Group,,,Long,strategy_equal_weighted,True,4,1|2|3|4,False,DESCRIPTIVE_ONLY,Q4,,,0.20662253952502702,,,,,
RecentB,robustness,Long,Group,,,Long,strategy_equal_weighted,True,4,1|2|3|4,False,DESCRIPTIVE_ONLY,Q5,,,0.07390879077833852,,,,,
RecentB,robustness,Short,Group,,,Short,trade_weighted,True,2,5|18,False,DESCRIPTIVE_ONLY,Q1,345.0,19.091044740000005,0.0553363615652174,1.2764259099411992,53.62318840579711,0.4765130845459459,-0.43164922438125003,False
RecentB,robustness,Short,Group,,,Short,trade_weighted,True,2,5|18,False,DESCRIPTIVE_ONLY,Q2,214.0,0.9286349189999976,0.0043394155093457835,1.0193425851858975,49.532710280373834,0.46168396904716985,-0.4486903345794392,False
RecentB,robustness,Short,Group,,,Short,trade_weighted,True,2,5|18,False,DESCRIPTIVE_ONLY,Q3,172.0,26.778476194,0.15568881508139534,1.715831325052734,53.48837209302325,0.6976890802826088,-0.4676114899,False
RecentB,robustness,Short,Group,,,Short,trade_weighted,True,2,5|18,False,DESCRIPTIVE_ONLY,Q4,213.0,29.036152956000002,0.13631996692957749,1.5424792870015833,52.112676056338024,0.7437933257927927,-0.5247539824215687,False
RecentB,robustness,Short,Group,,,Short,trade_weighted,True,2,5|18,False,DESCRIPTIVE_ONLY,Q5,225.0,35.936735928,0.15971882634666665,1.5953680781199122,52.0,0.8230536007008546,-0.5588938458703704,False
RecentB,robustness,Short,Group,,,Short,strategy_equal_weighted,True,2,5|18,False,DESCRIPTIVE_ONLY,Q1,,,0.03160688580267606,,,,,
RecentB,robustness,Short,Group,,,Short,strategy_equal_weighted,True,2,5|18,False,DESCRIPTIVE_ONLY,Q2,,,-0.06549724003685899,,,,,
RecentB,robustness,Short,Group,,,Short,strategy_equal_weighted,True,2,5|18,False,DESCRIPTIVE_ONLY,Q3,,,0.02436868688636363,,,,,
RecentB,robustness,Short,Group,,,Short,strategy_equal_weighted,True,2,5|18,False,DESCRIPTIVE_ONLY,Q4,,,0.1615056689208163,,,,,
RecentB,robustness,Short,Group,,,Short,strategy_equal_weighted,True,2,5|18,False,DESCRIPTIVE_ONLY,Q5,,,0.09113166774335862,,,,,
Monitor2026,primary,1,Strategy,1.0,1_EJ_Log1,,trade_weighted,False,0,,True,DESCRIPTIVE_ONLY,Q1,21.0,-3.6914285729999996,-0.17578231299999997,0.521481481322085,47.61904761904761,0.4022857141999999,-0.7012987013636363,False
Monitor2026,primary,1,Strategy,1.0,1_EJ_Log1,,trade_weighted,False,0,,True,DESCRIPTIVE_ONLY,Q2,8.0,2.0928571430000003,0.26160714287500003,3.092857143,87.5,0.4418367347142857,-1.0,True
Monitor2026,primary,1,Strategy,1.0,1_EJ_Log1,,trade_weighted,False,0,,True,DESCRIPTIVE_ONLY,Q3,5.0,-3.935714286,-0.7871428572,0.0160714285,20.0,0.064285714,-1.0,True
Monitor2026,primary,1,Strategy,1.0,1_EJ_Log1,,trade_weighted,False,0,,True,DESCRIPTIVE_ONLY,Q4,4.0,2.679999999,0.66999999975,313.66665091666744,75.0,0.896190476,-0.008571429,True
Monitor2026,primary,1,Strategy,1.0,1_EJ_Log1,,trade_weighted,False,0,,True,DESCRIPTIVE_ONLY,Q5,10.0,4.1457142849999995,0.41457142849999995,5.1457142849999995,90.0,0.5717460316666666,-1.0,True
Monitor2026,primary,2,Strategy,2.0,2_EJ_NightBlitz_20,,trade_weighted,False,0,,False,DESCRIPTIVE_ONLY,Q1,22.0,0.997777777,0.04535353531818182,1.199644286184987,50.0,0.545050505,-0.45434343436363633,False
Monitor2026,primary,2,Strategy,2.0,2_EJ_NightBlitz_20,,trade_weighted,False,0,,False,DESCRIPTIVE_ONLY,Q2,10.0,0.8177777789999998,0.08177777789999999,1.2939297129228378,70.0,0.5142857144285714,-0.9274074073333334,True
Monitor2026,primary,2,Strategy,2.0,2_EJ_NightBlitz_20,,trade_weighted,False,0,,False,DESCRIPTIVE_ONLY,Q3,5.0,1.8577777779999998,0.3715555556,2.5626168224707833,60.0,1.0155555556666667,-0.5944444445,True
Monitor2026,primary,2,Strategy,2.0,2_EJ_NightBlitz_20,,trade_weighted,False,0,,False,DESCRIPTIVE_ONLY,Q4,4.0,-0.666666667,-0.16666666675,0.333333333,75.0,0.111111111,-1.0,True
Monitor2026,primary,2,Strategy,2.0,2_EJ_NightBlitz_20,,trade_weighted,False,0,,False,DESCRIPTIVE_ONLY,Q5,17.0,-0.12666666500000023,-0.007450980294117661,0.972276264950832,52.94117647058824,0.49358024699999997,-0.571111111,True
Monitor2026,primary,3,Strategy,3.0,3_EJ_NightBlitz_21,,trade_weighted,False,0,,False,DESCRIPTIVE_ONLY,Q1,22.0,0.1186666649999999,0.005393939318181814,1.0332834699825575,50.0,0.3349090908181819,-0.32412121218181816,False
Monitor2026,primary,3,Strategy,3.0,3_EJ_NightBlitz_21,,trade_weighted,False,0,,False,DESCRIPTIVE_ONLY,Q2,10.0,0.786666667,0.0786666667,1.681293302632421,60.0,0.32355555566666666,-0.28866666675,True
Monitor2026,primary,3,Strategy,3.0,3_EJ_NightBlitz_21,,trade_weighted,False,0,,False,DESCRIPTIVE_ONLY,Q3,5.0,0.08399999999999991,0.01679999999999998,1.0729166666666665,40.0,0.618,-0.38400000000000006,True
Monitor2026,primary,3,Strategy,3.0,3_EJ_NightBlitz_21,,trade_weighted,False,0,,False,DESCRIPTIVE_ONLY,Q4,4.0,0.26800000100000004,0.06700000025000001,inf,100.0,0.06700000025000001,,True
Monitor2026,primary,3,Strategy,3.0,3_EJ_NightBlitz_21,,trade_weighted,False,0,,False,DESCRIPTIVE_ONLY,Q5,17.0,2.16,0.12705882352941178,3.0377358490566033,58.82352941176471,0.32199999999999995,-0.15142857142857144,True
Monitor2026,primary,4,Strategy,4.0,4_GJ_Port_Log1,,trade_weighted,False,0,,False,DESCRIPTIVE_ONLY,Q1,20.0,0.36923076900000007,0.018461538450000002,1.2170963363341796,30.0,0.345,-0.1214835165,False
Monitor2026,primary,4,Strategy,4.0,4_GJ_Port_Log1,,trade_weighted,False,0,,False,DESCRIPTIVE_ONLY,Q2,6.0,0.436153846,0.07269230766666666,5.021276574362457,66.66666666666666,0.13615384625,-0.0542307695,True
Monitor2026,primary,4,Strategy,4.0,4_GJ_Port_Log1,,trade_weighted,False,0,,False,DESCRIPTIVE_ONLY,Q3,10.0,-0.006923076000000028,-0.0006923076000000028,0.9915254248595551,40.0,0.20250000025,-0.13615384616666668,True
Monitor2026,primary,4,Strategy,4.0,4_GJ_Port_Log1,,trade_weighted,False,0,,False,DESCRIPTIVE_ONLY,Q4,6.0,0.6438461529999999,0.10730769216666665,2.740124737837838,66.66666666666666,0.25346153825,-0.185,True
Monitor2026,primary,4,Strategy,4.0,4_GJ_Port_Log1,,trade_weighted,False,0,,False,DESCRIPTIVE_ONLY,Q5,20.0,1.935384615,0.09676923075,2.443488239210263,70.0,0.23401098892857145,-0.22346153833333335,False
Monitor2026,primary,5,Strategy,5.0,5_GJ_Port_Log2,,trade_weighted,False,0,,False,DESCRIPTIVE_ONLY,Q1,28.0,1.2522222219999999,0.04472222221428571,1.1580201906706684,39.285714285714285,0.8342424241818182,-0.4661437908235294,False
Monitor2026,primary,5,Strategy,5.0,5_GJ_Port_Log2,,trade_weighted,False,0,,False,DESCRIPTIVE_ONLY,Q2,12.0,0.031111112000000163,0.00259259266666668,1.010271460307767,50.0,0.5100000001666667,-0.5048148148333333,True
Monitor2026,primary,5,Strategy,5.0,5_GJ_Port_Log2,,trade_weighted,False,0,,False,DESCRIPTIVE_ONLY,Q3,9.0,-2.185555555,-0.24283950611111113,0.16652542387004454,33.33333333333333,0.14555555566666667,-0.437037037,True
Monitor2026,primary,5,Strategy,5.0,5_GJ_Port_Log2,,trade_weighted,False,0,,False,DESCRIPTIVE_ONLY,Q4,6.0,-1.567777778,-0.26129629633333334,0.3833041956628762,16.666666666666664,0.974444444,-0.5084444444,True
Monitor2026,primary,5,Strategy,5.0,5_GJ_Port_Log2,,trade_weighted,False,0,,False,DESCRIPTIVE_ONLY,Q5,24.0,-0.1711111099999998,-0.0071296295833333245,0.9806823884830004,45.83333333333333,0.7896969697272728,-0.6813675213076922,False
Monitor2026,primary,6,Strategy,6.0,6_GJ_Old_Mon,,trade_weighted,False,0,,True,DESCRIPTIVE_ONLY,Q1,9.0,-4.152,-0.4613333333333334,0.09424083769633507,22.22222222222222,0.216,-0.6548571428571429,True
Monitor2026,primary,6,Strategy,6.0,6_GJ_Old_Mon,,trade_weighted,False,0,,True,DESCRIPTIVE_ONLY,Q2,6.0,5.2299999999999995,0.8716666666666666,6.2299999999999995,83.33333333333334,1.246,-1.0,True
Monitor2026,primary,6,Strategy,6.0,6_GJ_Old_Mon,,trade_weighted,False,0,,True,DESCRIPTIVE_ONLY,Q3,4.0,-0.272,-0.068,0.864,50.0,0.864,-1.0,True
Monitor2026,primary,6,Strategy,6.0,6_GJ_Old_Mon,,trade_weighted,False,0,,True,DESCRIPTIVE_ONLY,Q4,5.0,3.1579999999999995,0.6315999999999999,4.1579999999999995,80.0,1.0394999999999999,-1.0,True
Monitor2026,primary,6,Strategy,6.0,6_GJ_Old_Mon,,trade_weighted,False,0,,True,DESCRIPTIVE_ONLY,Q5,4.0,1.72,0.43,2.7199999999999998,75.0,0.9066666666666666,-1.0,True
Monitor2026,primary,7,Strategy,7.0,7_GJ_Mon_Blitz,,trade_weighted,False,0,,False,DESCRIPTIVE_ONLY,Q1,12.0,0.3446153850000001,0.02871794875000001,1.4320154299795698,58.333333333333336,0.16318681314285713,-0.1595384614,True
Monitor2026,primary,7,Strategy,7.0,7_GJ_Mon_Blitz,,trade_weighted,False,0,,False,DESCRIPTIVE_ONLY,Q2,7.0,0.641538462,0.09164835171428572,1.848423195086149,85.71428571428571,0.23294871799999997,-0.756153846,True
Monitor2026,primary,7,Strategy,7.0,7_GJ_Mon_Blitz,,trade_weighted,False,0,,False,DESCRIPTIVE_ONLY,Q3,4.0,0.470769231,0.11769230775,306.9999083500275,75.0,0.15743589766666669,-0.001538462,True
Monitor2026,primary,7,Strategy,7.0,7_GJ_Mon_Blitz,,trade_weighted,False,0,,False,DESCRIPTIVE_ONLY,Q4,5.0,0.13615384599999997,0.027230769199999994,1.2614475623656807,80.0,0.16423076925000002,-0.520769231,True
Monitor2026,primary,7,Strategy,7.0,7_GJ_Mon_Blitz,,trade_weighted,False,0,,False,DESCRIPTIVE_ONLY,Q5,8.0,0.636153846,0.07951923075,1.769302325323786,50.0,0.36576923075,-0.20673076924999997,True
Monitor2026,primary,8,Strategy,8.0,8_AJ_Core1,,trade_weighted,False,0,,False,DESCRIPTIVE_ONLY,Q1,9.0,2.335714287,0.25952380966666666,4.546637743678978,77.77777777777779,0.42775510228571434,-0.3292857145,True
Monitor2026,primary,8,Strategy,8.0,8_AJ_Core1,,trade_weighted,False,0,,False,DESCRIPTIVE_ONLY,Q2,6.0,0.09000000000000008,0.015000000000000013,1.063380281690141,66.66666666666666,0.3775,-0.71,True
Monitor2026,primary,8,Strategy,8.0,8_AJ_Core1,,trade_weighted,False,0,,False,DESCRIPTIVE_ONLY,Q3,7.0,-1.6285714290000002,-0.2326530612857143,0.457142857,57.14285714285714,0.34285714275,-1.0,True
Monitor2026,primary,8,Strategy,8.0,8_AJ_Core1,,trade_weighted,False,0,,False,DESCRIPTIVE_ONLY,Q4,5.0,2.8557142850000004,0.5711428570000001,inf,100.0,0.5711428570000001,,True
Monitor2026,primary,8,Strategy,8.0,8_AJ_Core1,,trade_weighted,False,0,,False,DESCRIPTIVE_ONLY,Q5,9.0,-0.8671428580000002,-0.09634920644444447,0.8265714284,44.44444444444444,1.0332142855,-1.0,True
Monitor2026,primary,9,Strategy,9.0,9_AJ_Core2,,trade_weighted,False,0,,False,DESCRIPTIVE_ONLY,Q1,5.0,-3.0866666670000003,-0.6173333334000001,0.0749250749175899,20.0,0.25,-0.8341666667500001,True
Monitor2026,primary,9,Strategy,9.0,9_AJ_Core2,,trade_weighted,False,0,,False,DESCRIPTIVE_ONLY,Q2,1.0,-0.333333333,-0.333333333,0.0,0.0,,-0.333333333,True
Monitor2026,primary,9,Strategy,9.0,9_AJ_Core2,,trade_weighted,False,0,,False,DESCRIPTIVE_ONLY,Q3,2.0,0.413333333,0.2066666665,11.333333325,50.0,0.453333333,-0.04,True
Monitor2026,primary,9,Strategy,9.0,9_AJ_Core2,,trade_weighted,False,0,,False,DESCRIPTIVE_ONLY,Q4,7.0,-3.033333333,-0.4333333332857143,0.33479532171052634,28.57142857142857,0.7633333335000001,-0.9120000000000001,True
Monitor2026,primary,9,Strategy,9.0,9_AJ_Core2,,trade_weighted,False,0,,False,DESCRIPTIVE_ONLY,Q5,5.0,3.403333334,0.6806666668,2.701666667,60.0,1.8011111113333333,-1.0,True
Monitor2026,primary,10,Strategy,10.0,10_AJ_SatA,,trade_weighted,False,0,,False,DESCRIPTIVE_ONLY,Q1,6.0,0.308,0.051333333333333335,1.7738693467336684,50.0,0.23533333333333337,-0.199,True
Monitor2026,primary,10,Strategy,10.0,10_AJ_SatA,,trade_weighted,False,0,,False,DESCRIPTIVE_ONLY,Q2,3.0,0.044,0.014666666666666666,1.2135922330097089,66.66666666666666,0.125,-0.206,True
Monitor2026,primary,10,Strategy,10.0,10_AJ_SatA,,trade_weighted,False,0,,False,DESCRIPTIVE_ONLY,Q3,3.0,-0.17000000000000004,-0.05666666666666668,0.5595854922279793,33.33333333333333,0.216,-0.193,True
Monitor2026,primary,10,Strategy,10.0,10_AJ_SatA,,trade_weighted,False,0,,False,DESCRIPTIVE_ONLY,Q4,6.0,-0.11600000000000005,-0.01933333333333334,0.8461538461538461,50.0,0.21266666666666667,-0.25133333333333335,True
Monitor2026,primary,10,Strategy,10.0,10_AJ_SatA,,trade_weighted,False,0,,False,DESCRIPTIVE_ONLY,Q5,7.0,-1.006,-0.1437142857142857,0.4075382803297997,28.57142857142857,0.346,-0.3396,True
Monitor2026,primary,11,Strategy,11.0,11_AJ_SatB,,trade_weighted,False,0,,False,DESCRIPTIVE_ONLY,Q1,6.0,0.176363636,0.02939393933333333,1.1786372004176713,50.0,0.38787878766666667,-0.329090909,True
Monitor2026,primary,11,Strategy,11.0,11_AJ_SatB,,trade_weighted,False,0,,False,DESCRIPTIVE_ONLY,Q2,3.0,-0.37272727299999997,-0.12424242433333332,0.2023346310080395,33.33333333333333,0.094545455,-0.23363636399999999,True
Monitor2026,primary,11,Strategy,11.0,11_AJ_SatB,,trade_weighted,False,0,,False,DESCRIPTIVE_ONLY,Q3,3.0,-0.30363636399999994,-0.10121212133333331,0.7271241827466199,33.33333333333333,0.809090909,-0.5563636365,True
Monitor2026,primary,11,Strategy,11.0,11_AJ_SatB,,trade_weighted,False,0,,False,DESCRIPTIVE_ONLY,Q4,6.0,-3.5,-0.5833333333333334,0.0,0.0,,-0.5833333333333334,True
Monitor2026,primary,11,Strategy,11.0,11_AJ_SatB,,trade_weighted,False,0,,False,DESCRIPTIVE_ONLY,Q5,7.0,1.4545454549999999,0.20779220785714284,3.4024024049567587,57.14285714285714,0.515,-0.20181818166666665,True
Monitor2026,primary,12,Strategy,12.0,12_UJ_Short_Core,,trade_weighted,False,0,,True,DESCRIPTIVE_ONLY,Q1,20.0,-0.22500000000000003,-0.011250000000000001,0.9238578680203045,40.0,0.34125,-0.2686363636363637,False
Monitor2026,primary,12,Strategy,12.0,12_UJ_Short_Core,,trade_weighted,False,0,,True,DESCRIPTIVE_ONLY,Q2,6.0,-1.8060000000000003,-0.30100000000000005,0.2085889570552147,33.33333333333333,0.238,-0.5705,True
Monitor2026,primary,12,Strategy,12.0,12_UJ_Short_Core,,trade_weighted,False,0,,True,DESCRIPTIVE_ONLY,Q3,3.0,-0.822,-0.27399999999999997,0.45490716180371354,33.33333333333333,0.686,-0.754,True
Monitor2026,primary,12,Strategy,12.0,12_UJ_Short_Core,,trade_weighted,False,0,,True,DESCRIPTIVE_ONLY,Q4,4.0,-0.27200000000000013,-0.06800000000000003,0.864,50.0,0.864,-1.0,True
Monitor2026,primary,12,Strategy,12.0,12_UJ_Short_Core,,trade_weighted,False,0,,True,DESCRIPTIVE_ONLY,Q5,0.0,0.0,,,,,,True
Monitor2026,primary,13,Strategy,13.0,13_UJ_Fix_MidWeek,,trade_weighted,False,0,,False,DESCRIPTIVE_ONLY,Q1,7.0,-1.6905263160000001,-0.24150375942857144,0.20534388904515943,57.14285714285714,0.10921052625,-0.709122807,True
Monitor2026,primary,13,Strategy,13.0,13_UJ_Fix_MidWeek,,trade_weighted,False,0,,False,DESCRIPTIVE_ONLY,Q2,2.0,0.22842105199999999,0.11421052599999999,inf,100.0,0.11421052599999999,,True
Monitor2026,primary,13,Strategy,13.0,13_UJ_Fix_MidWeek,,trade_weighted,False,0,,False,DESCRIPTIVE_ONLY,Q3,4.0,0.423157894,0.1057894735,6.088607569972759,50.0,0.2531578945,-0.041578947500000005,True
Monitor2026,primary,13,Strategy,13.0,13_UJ_Fix_MidWeek,,trade_weighted,False,0,,False,DESCRIPTIVE_ONLY,Q4,2.0,0.510526316,0.255263158,inf,100.0,0.255263158,,True
Monitor2026,primary,13,Strategy,13.0,13_UJ_Fix_MidWeek,,trade_weighted,False,0,,False,DESCRIPTIVE_ONLY,Q5,0.0,0.0,,,,,,True
Monitor2026,primary,14,Strategy,14.0,14_UJ_Sat_3rd,,trade_weighted,False,0,,False,DESCRIPTIVE_ONLY,Q1,2.0,-1.051111111,-0.5255555555,0.0,0.0,,-0.5255555555,True
Monitor2026,primary,14,Strategy,14.0,14_UJ_Sat_3rd,,trade_weighted,False,0,,False,DESCRIPTIVE_ONLY,Q2,1.0,1.555555556,1.555555556,inf,100.0,1.555555556,,True
Monitor2026,primary,14,Strategy,14.0,14_UJ_Sat_3rd,,trade_weighted,False,0,,False,DESCRIPTIVE_ONLY,Q3,0.0,0.0,,,,,,True
Monitor2026,primary,14,Strategy,14.0,14_UJ_Sat_3rd,,trade_weighted,False,0,,False,DESCRIPTIVE_ONLY,Q4,3.0,0.131111111,0.04370370366666667,1.268181817893595,66.66666666666666,0.31,-0.488888889,True
Monitor2026,primary,14,Strategy,14.0,14_UJ_Sat_3rd,,trade_weighted,False,0,,False,DESCRIPTIVE_ONLY,Q5,0.0,0.0,,,,,,True
Monitor2026,primary,15,Strategy,15.0,15_UJ_Sat_Aug,,trade_weighted,False,0,,False,DESCRIPTIVE_ONLY,Q1,0.0,0.0,,,,,,True
Monitor2026,primary,15,Strategy,15.0,15_UJ_Sat_Aug,,trade_weighted,False,0,,False,DESCRIPTIVE_ONLY,Q2,0.0,0.0,,,,,,True
Monitor2026,primary,15,Strategy,15.0,15_UJ_Sat_Aug,,trade_weighted,False,0,,False,DESCRIPTIVE_ONLY,Q3,0.0,0.0,,,,,,True
Monitor2026,primary,15,Strategy,15.0,15_UJ_Sat_Aug,,trade_weighted,False,0,,False,DESCRIPTIVE_ONLY,Q4,2.0,3.5,1.75,inf,100.0,1.75,,True
Monitor2026,primary,15,Strategy,15.0,15_UJ_Sat_Aug,,trade_weighted,False,0,,False,DESCRIPTIVE_ONLY,Q5,3.0,2.5,0.8333333333333334,3.5,66.66666666666666,1.75,-1.0,True
Monitor2026,primary,16,Strategy,16.0,16_UJ_T10A,,trade_weighted,False,0,,False,DESCRIPTIVE_ONLY,Q1,1.0,-0.328888889,-0.328888889,0.0,0.0,,-0.328888889,True
Monitor2026,primary,16,Strategy,16.0,16_UJ_T10A,,trade_weighted,False,0,,False,DESCRIPTIVE_ONLY,Q2,1.0,0.928888889,0.928888889,inf,100.0,0.928888889,,True
Monitor2026,primary,16,Strategy,16.0,16_UJ_T10A,,trade_weighted,False,0,,False,DESCRIPTIVE_ONLY,Q3,1.0,-1.0,-1.0,0.0,0.0,,-1.0,True
Monitor2026,primary,16,Strategy,16.0,16_UJ_T10A,,trade_weighted,False,0,,False,DESCRIPTIVE_ONLY,Q4,0.0,0.0,,,,,,True
Monitor2026,primary,16,Strategy,16.0,16_UJ_T10A,,trade_weighted,False,0,,False,DESCRIPTIVE_ONLY,Q5,1.0,0.675555556,0.675555556,inf,100.0,0.675555556,,True
Monitor2026,primary,17,Strategy,17.0,17_EA_1B_Wed_Short,,trade_weighted,False,0,,False,DESCRIPTIVE_ONLY,Q1,9.0,-0.45571428599999997,-0.050634920666666666,0.6316397225902588,55.55555555555556,0.1562857142,-0.30928571424999995,True
Monitor2026,primary,17,Strategy,17.0,17_EA_1B_Wed_Short,,trade_weighted,False,0,,False,DESCRIPTIVE_ONLY,Q2,4.0,0.5885714280000001,0.14714285700000002,1.4624017952342985,50.0,0.9307142855,-0.6364285715,True
Monitor2026,primary,17,Strategy,17.0,17_EA_1B_Wed_Short,,trade_weighted,False,0,,False,DESCRIPTIVE_ONLY,Q3,0.0,0.0,,,,,,True
Monitor2026,primary,17,Strategy,17.0,17_EA_1B_Wed_Short,,trade_weighted,False,0,,False,DESCRIPTIVE_ONLY,Q4,3.0,0.749999999,0.24999999966666667,inf,100.0,0.24999999966666667,,True
Monitor2026,primary,17,Strategy,17.0,17_EA_1B_Wed_Short,,trade_weighted,False,0,,False,DESCRIPTIVE_ONLY,Q5,3.0,-1.2200000000000002,-0.40666666666666673,0.0,0.0,,-0.40666666666666673,True
Monitor2026,primary,18,Strategy,18.0,18_EA_2_MonWed_Short,,trade_weighted,False,0,,False,DESCRIPTIVE_ONLY,Q1,30.0,1.217777777,0.04059259256666667,1.2277166006751532,60.0,0.3647530864444445,-0.44564814825000004,False
Monitor2026,primary,18,Strategy,18.0,18_EA_2_MonWed_Short,,trade_weighted,False,0,,False,DESCRIPTIVE_ONLY,Q2,12.0,2.30111111,0.19175925916666667,2.4302486179951486,66.66666666666666,0.488749999875,-0.40222222225,True
Monitor2026,primary,18,Strategy,18.0,18_EA_2_MonWed_Short,,trade_weighted,False,0,,False,DESCRIPTIVE_ONLY,Q3,4.0,0.718888889,0.17972222225,1.3594444445,50.0,1.3594444445,-1.0,True
Monitor2026,primary,18,Strategy,18.0,18_EA_2_MonWed_Short,,trade_weighted,False,0,,False,DESCRIPTIVE_ONLY,Q4,4.0,0.941111112,0.235277778,1.7508865257316188,50.0,1.0972222225000001,-0.6266666665,True
Monitor2026,primary,18,Strategy,18.0,18_EA_2_MonWed_Short,,trade_weighted,False,0,,False,DESCRIPTIVE_ONLY,Q5,11.0,-0.253333333,-0.023030303,0.8621523580432326,45.45454545454545,0.3168888888,-0.30629629616666665,True
Monitor2026,primary,19,Strategy,19.0,19_EA_3_WedThu_Long,,trade_weighted,False,0,,False,DESCRIPTIVE_ONLY,Q1,22.0,-0.9833333349999999,-0.04469696977272727,0.6842668565615506,36.36363636363637,0.266388888875,-0.2224603175714286,False
Monitor2026,primary,19,Strategy,19.0,19_EA_3_WedThu_Long,,trade_weighted,False,0,,False,DESCRIPTIVE_ONLY,Q2,10.0,-1.0833333330000001,-0.10833333330000001,0.48872574743111036,30.0,0.34518518533333337,-0.3026984127142857,True
Monitor2026,primary,19,Strategy,19.0,19_EA_3_WedThu_Long,,trade_weighted,False,0,,False,DESCRIPTIVE_ONLY,Q3,1.0,-1.0,-1.0,0.0,0.0,,-1.0,True
Monitor2026,primary,19,Strategy,19.0,19_EA_3_WedThu_Long,,trade_weighted,False,0,,False,DESCRIPTIVE_ONLY,Q4,6.0,0.7799999999999999,0.12999999999999998,1.4775510205056228,66.66666666666666,0.60333333325,-0.8166666665,True
Monitor2026,primary,19,Strategy,19.0,19_EA_3_WedThu_Long,,trade_weighted,False,0,,False,DESCRIPTIVE_ONLY,Q5,5.0,1.432222222,0.2864444444,3.4505703394956555,40.0,1.0083333335,-0.194814815,True
Monitor2026,primary,20,Strategy,20.0,20_EA_1A_MonTue_Short,,trade_weighted,False,0,,False,DESCRIPTIVE_ONLY,Q1,29.0,-0.8320000000000001,-0.028689655172413796,0.8523775727466287,55.172413793103445,0.30025,-0.4335384615384616,False
Monitor2026,primary,20,Strategy,20.0,20_EA_1A_MonTue_Short,,trade_weighted,False,0,,False,DESCRIPTIVE_ONLY,Q2,11.0,0.4660000000000001,0.042363636363636374,1.4059233449477353,63.63636363636363,0.2305714285714286,-0.287,True
Monitor2026,primary,20,Strategy,20.0,20_EA_1A_MonTue_Short,,trade_weighted,False,0,,False,DESCRIPTIVE_ONLY,Q3,4.0,0.42000000000000004,0.10500000000000001,1.42,75.0,0.47333333333333333,-1.0,True
Monitor2026,primary,20,Strategy,20.0,20_EA_1A_MonTue_Short,,trade_weighted,False,0,,False,DESCRIPTIVE_ONLY,Q4,1.0,0.706,0.706,inf,100.0,0.706,,True
Monitor2026,primary,20,Strategy,20.0,20_EA_1A_MonTue_Short,,trade_weighted,False,0,,False,DESCRIPTIVE_ONLY,Q5,9.0,-1.952,-0.21688888888888888,0.4155688622754491,33.33333333333333,0.4626666666666666,-0.5566666666666666,True
Monitor2026,primary,21,Strategy,21.0,21_GA_B_3,,trade_weighted,False,0,,False,DESCRIPTIVE_ONLY,Q1,21.0,1.0168181829999998,0.04841991347619047,2.2111532250773798,61.904761904761905,0.14279720276923075,-0.10494318162499999,False
Monitor2026,primary,21,Strategy,21.0,21_GA_B_3,,trade_weighted,False,0,,False,DESCRIPTIVE_ONLY,Q2,7.0,0.233181819,0.03331168842857143,1.6286764743349915,57.14285714285714,0.15102272725000002,-0.12363636333333333,True
Monitor2026,primary,21,Strategy,21.0,21_GA_B_3,,trade_weighted,False,0,,False,DESCRIPTIVE_ONLY,Q3,0.0,0.0,,,,,,True
Monitor2026,primary,21,Strategy,21.0,21_GA_B_3,,trade_weighted,False,0,,False,DESCRIPTIVE_ONLY,Q4,2.0,-0.473181818,-0.236590909,0.0,0.0,,-0.236590909,True
Monitor2026,primary,21,Strategy,21.0,21_GA_B_3,,trade_weighted,False,0,,False,DESCRIPTIVE_ONLY,Q5,5.0,0.24772727300000003,0.049545454600000004,3.041198510235801,80.0,0.09227272724999999,-0.121363636,True
Monitor2026,primary,22,Strategy,22.0,22_GA_C_2,,trade_weighted,False,0,,False,DESCRIPTIVE_ONLY,Q1,15.0,-3.5742857159999994,-0.23828571439999996,0.25313432820065046,40.0,0.2019047618333333,-0.5317460318888889,True
Monitor2026,primary,22,Strategy,22.0,22_GA_C_2,,trade_weighted,False,0,,False,DESCRIPTIVE_ONLY,Q2,7.0,-2.207142857,-0.3153061224285714,0.39766081870547065,28.57142857142857,0.7285714285,-0.7328571428,True
Monitor2026,primary,22,Strategy,22.0,22_GA_C_2,,trade_weighted,False,0,,False,DESCRIPTIVE_ONLY,Q3,0.0,0.0,,,,,,True
Monitor2026,primary,22,Strategy,22.0,22_GA_C_2,,trade_weighted,False,0,,False,DESCRIPTIVE_ONLY,Q4,2.0,0.4900000000000001,0.24500000000000005,1.7505470457876267,50.0,1.142857143,-0.652857143,True
Monitor2026,primary,22,Strategy,22.0,22_GA_C_2,,trade_weighted,False,0,,False,DESCRIPTIVE_ONLY,Q5,5.0,3.008571429,0.6017142858,6.038277513884755,80.0,0.9014285715,-0.597142857,True
Monitor2026,primary,23,Strategy,23.0,23_GA_F_2,,trade_weighted,False,0,,True,DESCRIPTIVE_ONLY,Q1,16.0,0.387777779,0.0242361111875,1.2556776565959025,50.0,0.23805555562500003,-0.18958333324999999,True
Monitor2026,primary,23,Strategy,23.0,23_GA_F_2,,trade_weighted,False,0,,True,DESCRIPTIVE_ONLY,Q2,5.0,0.54,0.10800000000000001,3.103896101163771,40.0,0.3983333335,-0.08555555566666667,True
Monitor2026,primary,23,Strategy,23.0,23_GA_F_2,,trade_weighted,False,0,,True,DESCRIPTIVE_ONLY,Q3,1.0,-0.134444444,-0.134444444,0.0,0.0,,-0.134444444,True
Monitor2026,primary,23,Strategy,23.0,23_GA_F_2,,trade_weighted,False,0,,True,DESCRIPTIVE_ONLY,Q4,0.0,0.0,,,,,,True
Monitor2026,primary,23,Strategy,23.0,23_GA_F_2,,trade_weighted,False,0,,True,DESCRIPTIVE_ONLY,Q5,5.0,-0.43111111,-0.086222222,0.28148148213580243,20.0,0.168888889,-0.14999999975,True
Monitor2026,primary,24,Strategy,24.0,24_GA_D_1,,trade_weighted,False,0,,False,DESCRIPTIVE_ONLY,Q1,16.0,0.10555555500000005,0.006597222187500003,1.055072463468683,43.75,0.28888888885714287,-0.21296296299999998,True
Monitor2026,primary,24,Strategy,24.0,24_GA_D_1,,trade_weighted,False,0,,False,DESCRIPTIVE_ONLY,Q2,5.0,0.744444444,0.1488888888,4.602150529673952,60.0,0.317037037,-0.1033333335,True
Monitor2026,primary,24,Strategy,24.0,24_GA_D_1,,trade_weighted,False,0,,False,DESCRIPTIVE_ONLY,Q3,1.0,-1.0,-1.0,0.0,0.0,,-1.0,True
Monitor2026,primary,24,Strategy,24.0,24_GA_D_1,,trade_weighted,False,0,,False,DESCRIPTIVE_ONLY,Q4,0.0,0.0,,,,,,True
Monitor2026,primary,24,Strategy,24.0,24_GA_D_1,,trade_weighted,False,0,,False,DESCRIPTIVE_ONLY,Q5,5.0,0.938888889,0.1877777778,2.3265306138596102,60.0,0.5488888886666667,-0.3538888885,True
Monitor2026,primary,25,Strategy,25.0,25_AU_China_Demand,,trade_weighted,False,0,,False,DESCRIPTIVE_ONLY,Q1,10.0,-0.38,-0.038,0.7088122605363985,30.0,0.3083333333333333,-0.18642857142857142,True
Monitor2026,primary,25,Strategy,25.0,25_AU_China_Demand,,trade_weighted,False,0,,False,DESCRIPTIVE_ONLY,Q2,6.0,0.4375,0.07291666666666667,22.875,66.66666666666666,0.114375,-0.01,True
Monitor2026,primary,25,Strategy,25.0,25_AU_China_Demand,,trade_weighted,False,0,,False,DESCRIPTIVE_ONLY,Q3,9.0,1.4249999999999998,0.15833333333333333,3.394957983193277,66.66666666666666,0.33666666666666667,-0.19833333333333336,True
Monitor2026,primary,25,Strategy,25.0,25_AU_China_Demand,,trade_weighted,False,0,,False,DESCRIPTIVE_ONLY,Q4,15.0,-4.1850000000000005,-0.279,0.11662269129287599,20.0,0.18416666666666667,-0.39479166666666665,True
Monitor2026,primary,25,Strategy,25.0,25_AU_China_Demand,,trade_weighted,False,0,,False,DESCRIPTIVE_ONLY,Q5,21.0,2.309999999999999,0.10999999999999996,1.5559566787003614,61.904761904761905,0.49730769230769234,-0.5193749999999999,False
Monitor2026,primary,26,Strategy,26.0,26_AJ_China_Demand,,trade_weighted,False,0,,False,DESCRIPTIVE_ONLY,Q1,10.0,2.317777779,0.2317777779,4.672535213850799,80.0,0.36861111125,-0.3155555555,True
Monitor2026,primary,26,Strategy,26.0,26_AJ_China_Demand,,trade_weighted,False,0,,False,DESCRIPTIVE_ONLY,Q2,5.0,0.204444444,0.0408888888,1.317241378347206,60.0,0.282962963,-0.3222222225,True
Monitor2026,primary,26,Strategy,26.0,26_AJ_China_Demand,,trade_weighted,False,0,,False,DESCRIPTIVE_ONLY,Q3,4.0,1.12,0.28,inf,100.0,0.28,,True
Monitor2026,primary,26,Strategy,26.0,26_AJ_China_Demand,,trade_weighted,False,0,,False,DESCRIPTIVE_ONLY,Q4,6.0,-2.006666666,-0.33444444433333337,0.15686274537815129,33.33333333333333,0.186666667,-0.595,True
Monitor2026,primary,26,Strategy,26.0,26_AJ_China_Demand,,trade_weighted,False,0,,False,DESCRIPTIVE_ONLY,Q5,5.0,1.644444444,0.3288888888,1.822222222,60.0,1.2148148146666666,-1.0,True
Monitor2026,primary,27,Strategy,27.0,27_EA_China_Demand,,trade_weighted,False,0,,False,DESCRIPTIVE_ONLY,Q1,18.0,-0.9533333310000001,-0.052962962833333335,0.6989473690945152,44.44444444444444,0.27666666687499997,-0.3166666666,True
Monitor2026,primary,27,Strategy,27.0,27_EA_China_Demand,,trade_weighted,False,0,,False,DESCRIPTIVE_ONLY,Q2,5.0,0.7250000010000001,0.1450000002,2.166219842001308,60.0,0.44888888899999996,-0.310833333,True
Monitor2026,primary,27,Strategy,27.0,27_EA_China_Demand,,trade_weighted,False,0,,False,DESCRIPTIVE_ONLY,Q3,3.0,0.13666666699999996,0.04555555566666666,1.2603174609523808,33.33333333333333,0.661666667,-0.2625,True
Monitor2026,primary,27,Strategy,27.0,27_EA_China_Demand,,trade_weighted,False,0,,False,DESCRIPTIVE_ONLY,Q4,3.0,1.0,0.3333333333333333,2.0,66.66666666666666,1.0,-1.0,True
Monitor2026,primary,27,Strategy,27.0,27_EA_China_Demand,,trade_weighted,False,0,,False,DESCRIPTIVE_ONLY,Q5,6.0,-2.131666667,-0.35527777783333336,0.31931878655462276,16.666666666666664,1.0,-0.6263333334000001,True
Monitor2026,primary,28,Strategy,28.0,28_GA_China_Demand,,trade_weighted,False,0,,False,DESCRIPTIVE_ONLY,Q1,18.0,-1.0613333320000002,-0.0589629628888889,0.6147144243985272,38.88888888888889,0.24190476200000002,-0.2504242423636364,True
Monitor2026,primary,28,Strategy,28.0,28_GA_China_Demand,,trade_weighted,False,0,,False,DESCRIPTIVE_ONLY,Q2,7.0,-0.406666667,-0.05809523814285714,0.6971201587147169,42.857142857142854,0.312,-0.33566666675,True
Monitor2026,primary,28,Strategy,28.0,28_GA_China_Demand,,trade_weighted,False,0,,False,DESCRIPTIVE_ONLY,Q3,0.0,0.0,,,,,,True
Monitor2026,primary,28,Strategy,28.0,28_GA_China_Demand,,trade_weighted,False,0,,False,DESCRIPTIVE_ONLY,Q4,3.0,0.9266666670000001,0.30888888900000006,4.341346159064118,66.66666666666666,0.6020000000000001,-0.277333333,True
Monitor2026,primary,28,Strategy,28.0,28_GA_China_Demand,,trade_weighted,False,0,,False,DESCRIPTIVE_ONLY,Q5,7.0,0.10133333199999994,0.014476190285714277,1.0375494066159152,42.857142857142854,0.9333333329999999,-0.67466666675,True
Monitor2026,primary,Portfolio,Group,,,Portfolio,trade_weighted,False,0,,False,DESCRIPTIVE_ONLY,Q1,404.0,-11.517323742000002,-0.02850822708415842,0.8472069514793257,47.277227722772274,0.3343521513560209,-0.35724447701895734,False
Monitor2026,primary,Portfolio,Group,,,Portfolio,trade_weighted,False,0,,False,DESCRIPTIVE_ONLY,Q2,166.0,12.914020289,0.07779530294578313,1.464283592223413,59.036144578313255,0.4156016362244898,-0.4090432361911765,False
Monitor2026,primary,Portfolio,Group,,,Portfolio,trade_weighted,False,0,,False,DESCRIPTIVE_ONLY,Q3,92.0,-5.3892513619999995,-0.05857881915217391,0.7858510572800855,47.82608695652174,0.44946933863636357,-0.5242896304583333,False
Monitor2026,primary,Portfolio,Group,,,Portfolio,trade_weighted,False,0,,False,DESCRIPTIVE_ONLY,Q4,114.0,3.656503226999999,0.032074589710526305,1.125428937623519,53.50877192982456,0.5378441632459017,-0.5500375609622642,False
Monitor2026,primary,Portfolio,Group,,,Portfolio,trade_weighted,False,0,,False,DESCRIPTIVE_ONLY,Q5,219.0,20.154842937000005,0.09203124628767126,1.4034870037035099,53.88127853881278,0.5941228498220339,-0.49457082516831685,False
Monitor2026,primary,Portfolio,Group,,,Portfolio,strategy_equal_weighted,False,0,,False,DESCRIPTIVE_ONLY,Q1,,,,,,,,
Monitor2026,primary,Portfolio,Group,,,Portfolio,strategy_equal_weighted,False,0,,False,DESCRIPTIVE_ONLY,Q2,,,,,,,,
Monitor2026,primary,Portfolio,Group,,,Portfolio,strategy_equal_weighted,False,0,,False,DESCRIPTIVE_ONLY,Q3,,,,,,,,
Monitor2026,primary,Portfolio,Group,,,Portfolio,strategy_equal_weighted,False,0,,False,DESCRIPTIVE_ONLY,Q4,,,,,,,,
Monitor2026,primary,Portfolio,Group,,,Portfolio,strategy_equal_weighted,False,0,,False,DESCRIPTIVE_ONLY,Q5,,,,,,,,
Monitor2026,primary,JPY,Group,,,JPY,trade_weighted,False,0,,False,DESCRIPTIVE_ONLY,Q1,200.0,-6.005253035999999,-0.030026265179999997,0.8627630878221608,46.0,0.4103591318260869,-0.4128140864528302,False
Monitor2026,primary,JPY,Group,,,JPY,trade_weighted,False,0,,False,DESCRIPTIVE_ONLY,Q2,87.0,10.575354343999999,0.12155579705747126,1.6965056527717544,65.51724137931035,0.4519087370701755,-0.5061147889666666,False
Monitor2026,primary,JPY,Group,,,JPY,trade_weighted,False,0,,False,DESCRIPTIVE_ONLY,Q3,69.0,-5.955362473999999,-0.08630960107246376,0.6850923640412501,46.3768115942029,0.4048779795,-0.5111204815675675,False
Monitor2026,primary,JPY,Group,,,JPY,trade_weighted,False,0,,False,DESCRIPTIVE_ONLY,Q4,75.0,2.7209072670000003,0.03627876356,1.1422737393772477,57.333333333333336,0.5080316055348837,-0.59763911784375,False
Monitor2026,primary,JPY,Group,,,JPY,trade_weighted,False,0,,False,DESCRIPTIVE_ONLY,Q5,137.0,18.104210902,0.13214752483211678,1.5848026344644255,57.66423357664233,0.6210382837848102,-0.5337554054655173,False
Monitor2026,primary,JPY,Group,,,JPY,strategy_equal_weighted,False,0,,False,DESCRIPTIVE_ONLY,Q1,,,,,,,,
Monitor2026,primary,JPY,Group,,,JPY,strategy_equal_weighted,False,0,,False,DESCRIPTIVE_ONLY,Q2,,,,,,,,
Monitor2026,primary,JPY,Group,,,JPY,strategy_equal_weighted,False,0,,False,DESCRIPTIVE_ONLY,Q3,,,,,,,,
Monitor2026,primary,JPY,Group,,,JPY,strategy_equal_weighted,False,0,,False,DESCRIPTIVE_ONLY,Q4,,,,,,,,
Monitor2026,primary,JPY,Group,,,JPY,strategy_equal_weighted,False,0,,False,DESCRIPTIVE_ONLY,Q5,,,,,,,,
Monitor2026,primary,AUD_nonJPY,Group,,,AUD_nonJPY,trade_weighted,False,0,,False,DESCRIPTIVE_ONLY,Q1,204.0,-5.512070705999999,-0.02701995444117647,0.825679320247058,48.529411764705884,0.26371940182828285,-0.3011456332095238,False
Monitor2026,primary,AUD_nonJPY,Group,,,AUD_nonJPY,trade_weighted,False,0,,False,DESCRIPTIVE_ONLY,Q2,79.0,2.338665945,0.029603366392405062,1.185145597356238,51.89873417721519,0.3651259106585366,-0.3324077997894736,False
Monitor2026,primary,AUD_nonJPY,Group,,,AUD_nonJPY,trade_weighted,False,0,,False,DESCRIPTIVE_ONLY,Q3,23.0,0.566111112,0.02461352660869565,1.0905134128328666,52.17391304347826,0.5683796296666668,-0.5685858585454546,False
Monitor2026,primary,AUD_nonJPY,Group,,,AUD_nonJPY,trade_weighted,False,0,,False,DESCRIPTIVE_ONLY,Q4,39.0,0.9355959599999993,0.023989639999999982,1.0933026502048115,46.15384615384615,0.6090630511111111,-0.4775018552380952,False
Monitor2026,primary,AUD_nonJPY,Group,,,AUD_nonJPY,trade_weighted,False,0,,False,DESCRIPTIVE_ONLY,Q5,82.0,2.0506320349999996,0.025007707743902433,1.107963005579363,47.5609756097561,0.5396018425641025,-0.44171720523255803,False
Monitor2026,primary,AUD_nonJPY,Group,,,AUD_nonJPY,strategy_equal_weighted,False,0,,False,DESCRIPTIVE_ONLY,Q1,,,,,,,,
Monitor2026,primary,AUD_nonJPY,Group,,,AUD_nonJPY,strategy_equal_weighted,False,0,,False,DESCRIPTIVE_ONLY,Q2,,,,,,,,
Monitor2026,primary,AUD_nonJPY,Group,,,AUD_nonJPY,strategy_equal_weighted,False,0,,False,DESCRIPTIVE_ONLY,Q3,,,,,,,,
Monitor2026,primary,AUD_nonJPY,Group,,,AUD_nonJPY,strategy_equal_weighted,False,0,,False,DESCRIPTIVE_ONLY,Q4,,,,,,,,
Monitor2026,primary,AUD_nonJPY,Group,,,AUD_nonJPY,strategy_equal_weighted,False,0,,False,DESCRIPTIVE_ONLY,Q5,,,,,,,,
Monitor2026,primary,Long,Group,,,Long,trade_weighted,False,0,,False,DESCRIPTIVE_ONLY,Q1,217.0,-7.194306428999999,-0.03315348584792626,0.8158477667916595,47.465437788018434,0.3094452683398058,-0.3426944655087719,False
Monitor2026,primary,Long,Group,,,Long,trade_weighted,False,0,,False,DESCRIPTIVE_ONLY,Q2,96.0,9.581398355000001,0.09980623286458334,1.6284244416023737,63.541666666666664,0.40701799072131145,-0.4356199736857143,False
Monitor2026,primary,Long,Group,,,Long,trade_weighted,False,0,,False,DESCRIPTIVE_ONLY,Q3,60.0,-3.462503887999999,-0.05770839813333332,0.7813731922103186,51.66666666666667,0.39919369145161293,-0.5461209766551725,False
Monitor2026,primary,Long,Group,,,Long,trade_weighted,False,0,,False,DESCRIPTIVE_ONLY,Q4,66.0,4.190725448999999,0.06349584013636363,1.328009987316935,59.09090909090909,0.43504970264102566,-0.4731930723703703,False
Monitor2026,primary,Long,Group,,,Long,trade_weighted,False,0,,False,DESCRIPTIVE_ONLY,Q5,132.0,19.860853036,0.15046100784848487,1.864932714254095,62.878787878787875,0.5159417222409639,-0.4686185695918367,False
Monitor2026,primary,Long,Group,,,Long,strategy_equal_weighted,False,0,,False,DESCRIPTIVE_ONLY,Q1,,,,,,,,
Monitor2026,primary,Long,Group,,,Long,strategy_equal_weighted,False,0,,False,DESCRIPTIVE_ONLY,Q2,,,,,,,,
Monitor2026,primary,Long,Group,,,Long,strategy_equal_weighted,False,0,,False,DESCRIPTIVE_ONLY,Q3,,,,,,,,
Monitor2026,primary,Long,Group,,,Long,strategy_equal_weighted,False,0,,False,DESCRIPTIVE_ONLY,Q4,,,,,,,,
Monitor2026,primary,Long,Group,,,Long,strategy_equal_weighted,False,0,,False,DESCRIPTIVE_ONLY,Q5,,,,,,,,
Monitor2026,primary,Short,Group,,,Short,trade_weighted,False,0,,False,DESCRIPTIVE_ONLY,Q1,187.0,-4.3230173129999985,-0.02311773964171122,0.8809460539174376,47.05882352941176,0.36350452579545456,-0.37434449054639174,False
Monitor2026,primary,Short,Group,,,Short,trade_weighted,False,0,,False,DESCRIPTIVE_ONLY,Q2,70.0,3.3326219340000005,0.04760888477142858,1.2651621606215953,52.85714285714286,0.42975305178378376,-0.3808557873333333,False
Monitor2026,primary,Short,Group,,,Short,trade_weighted,False,0,,False,DESCRIPTIVE_ONLY,Q3,32.0,-1.926747474,-0.0602108585625,0.7934534619143081,40.625,0.5693574203846155,-0.49096810205263164,False
Monitor2026,primary,Short,Group,,,Short,trade_weighted,False,0,,False,DESCRIPTIVE_ONLY,Q4,48.0,-0.5342222220000006,-0.011129629625000012,0.9673772916758604,45.83333333333333,0.7200707070454546,-0.6298376068076923,False
Monitor2026,primary,Short,Group,,,Short,trade_weighted,False,0,,False,DESCRIPTIVE_ONLY,Q5,87.0,0.29398990100000055,0.0033791942643678226,1.0108928141116407,40.229885057471265,0.7795238095142858,-0.5190258352307692,False
Monitor2026,primary,Short,Group,,,Short,strategy_equal_weighted,False,0,,False,DESCRIPTIVE_ONLY,Q1,,,,,,,,
Monitor2026,primary,Short,Group,,,Short,strategy_equal_weighted,False,0,,False,DESCRIPTIVE_ONLY,Q2,,,,,,,,
Monitor2026,primary,Short,Group,,,Short,strategy_equal_weighted,False,0,,False,DESCRIPTIVE_ONLY,Q3,,,,,,,,
Monitor2026,primary,Short,Group,,,Short,strategy_equal_weighted,False,0,,False,DESCRIPTIVE_ONLY,Q4,,,,,,,,
Monitor2026,primary,Short,Group,,,Short,strategy_equal_weighted,False,0,,False,DESCRIPTIVE_ONLY,Q5,,,,,,,,
Monitor2026,robustness,1,Strategy,1.0,1_EJ_Log1,,trade_weighted,False,0,,True,DESCRIPTIVE_ONLY,Q1,13.0,-1.474285715,-0.11340659346153846,0.6753696129694409,53.84615384615385,0.4381632652857143,-0.756904762,True
Monitor2026,robustness,1,Strategy,1.0,1_EJ_Log1,,trade_weighted,False,0,,True,DESCRIPTIVE_ONLY,Q2,14.0,1.3285714279999998,0.09489795914285713,1.6114398419058884,71.42857142857143,0.3501428571,-0.54321428575,True
Monitor2026,robustness,1,Strategy,1.0,1_EJ_Log1,,trade_weighted,False,0,,True,DESCRIPTIVE_ONLY,Q3,3.0,-0.397142858,-0.13238095266666666,0.6062322939350288,33.33333333333333,0.611428571,-0.5042857145,True
Monitor2026,robustness,1,Strategy,1.0,1_EJ_Log1,,trade_weighted,False,0,,True,DESCRIPTIVE_ONLY,Q4,6.0,-3.461428572,-0.576904762,0.134642857,33.33333333333333,0.269285714,-1.0,True
Monitor2026,robustness,1,Strategy,1.0,1_EJ_Log1,,trade_weighted,False,0,,True,DESCRIPTIVE_ONLY,Q5,12.0,5.295714285000001,0.44130952375000004,3.6478571425,83.33333333333334,0.7295714285,-1.0,True
Monitor2026,robustness,2,Strategy,2.0,2_EJ_NightBlitz_20,,trade_weighted,False,0,,False,DESCRIPTIVE_ONLY,Q1,14.0,0.6177777779999998,0.04412698414285713,1.1941340782956797,42.857142857142854,0.6333333333333334,-0.39777777775,True
Monitor2026,robustness,2,Strategy,2.0,2_EJ_NightBlitz_20,,trade_weighted,False,0,,False,DESCRIPTIVE_ONLY,Q2,16.0,1.4888888889999998,0.09305555556249999,1.3931924882576416,62.5,0.5275555556,-0.6311111111666666,True
Monitor2026,robustness,2,Strategy,2.0,2_EJ_NightBlitz_20,,trade_weighted,False,0,,False,DESCRIPTIVE_ONLY,Q3,3.0,0.564444444,0.18814814800000002,inf,100.0,0.18814814800000002,,True
Monitor2026,robustness,2,Strategy,2.0,2_EJ_NightBlitz_20,,trade_weighted,False,0,,False,DESCRIPTIVE_ONLY,Q4,12.0,1.6688888899999998,0.13907407416666664,1.5457848842231285,58.333333333333336,0.6752380952857144,-0.6115555554000001,True
Monitor2026,robustness,2,Strategy,2.0,2_EJ_NightBlitz_20,,trade_weighted,False,0,,False,DESCRIPTIVE_ONLY,Q5,13.0,-1.4599999990000003,-0.11230769223076925,0.676354680016659,53.84615384615385,0.435873016,-0.7518518518333334,True
Monitor2026,robustness,3,Strategy,3.0,3_EJ_NightBlitz_21,,trade_weighted,False,0,,False,DESCRIPTIVE_ONLY,Q1,14.0,-0.741333335,-0.05295238107142857,0.7744421902537758,42.857142857142854,0.42422222216666666,-0.41083333350000006,True
Monitor2026,robustness,3,Strategy,3.0,3_EJ_NightBlitz_21,,trade_weighted,False,0,,False,DESCRIPTIVE_ONLY,Q2,16.0,1.158666667,0.0724166666875,1.853634578058358,56.25,0.27955555555555556,-0.19390476185714287,True
Monitor2026,robustness,3,Strategy,3.0,3_EJ_NightBlitz_21,,trade_weighted,False,0,,False,DESCRIPTIVE_ONLY,Q3,3.0,0.578666667,0.192888889,inf,100.0,0.192888889,,True
Monitor2026,robustness,3,Strategy,3.0,3_EJ_NightBlitz_21,,trade_weighted,False,0,,False,DESCRIPTIVE_ONLY,Q4,12.0,1.198666668,0.099888889,2.2935251822255576,50.0,0.3542222223333333,-0.15444444433333332,True
Monitor2026,robustness,3,Strategy,3.0,3_EJ_NightBlitz_21,,trade_weighted,False,0,,False,DESCRIPTIVE_ONLY,Q5,13.0,1.222666666,0.094051282,1.898139078404437,69.23076923076923,0.2871111111111111,-0.3403333335,True
Monitor2026,robustness,4,Strategy,4.0,4_GJ_Port_Log1,,trade_weighted,False,0,,False,DESCRIPTIVE_ONLY,Q1,18.0,0.2992307690000001,0.016623931611111118,1.193725099403953,27.77777777777778,0.3687692308,-0.11881656807692308,True
Monitor2026,robustness,4,Strategy,4.0,4_GJ_Port_Log1,,trade_weighted,False,0,,False,DESCRIPTIVE_ONLY,Q2,11.0,0.20230769199999998,0.01839160836363636,1.3913690462084574,45.45454545454545,0.143846154,-0.08615384633333334,True
Monitor2026,robustness,4,Strategy,4.0,4_GJ_Port_Log1,,trade_weighted,False,0,,False,DESCRIPTIVE_ONLY,Q3,12.0,1.077692308,0.08980769233333334,2.962184875334252,75.0,0.18076923077777782,-0.183076923,True
Monitor2026,robustness,4,Strategy,4.0,4_GJ_Port_Log1,,trade_weighted,False,0,,False,DESCRIPTIVE_ONLY,Q4,7.0,0.215384615,0.030769230714285715,1.3153153147877608,42.857142857142854,0.2994871793333333,-0.17076923075,True
Monitor2026,robustness,4,Strategy,4.0,4_GJ_Port_Log1,,trade_weighted,False,0,,False,DESCRIPTIVE_ONLY,Q5,14.0,1.5830769229999997,0.11307692307142855,2.5176991165374476,71.42857142857143,0.2626153845,-0.2607692305,True
Monitor2026,robustness,5,Strategy,5.0,5_GJ_Port_Log2,,trade_weighted,False,0,,False,DESCRIPTIVE_ONLY,Q1,24.0,-4.5488888890000005,-0.1895370370416667,0.4196200736452699,29.166666666666668,0.4698412697142857,-0.4610457515882353,False
Monitor2026,robustness,5,Strategy,5.0,5_GJ_Port_Log2,,trade_weighted,False,0,,False,DESCRIPTIVE_ONLY,Q2,14.0,5.49888889,0.39277777785714285,3.110447761260478,64.28571428571429,0.9004938273333332,-0.5211111112,True
Monitor2026,robustness,5,Strategy,5.0,5_GJ_Port_Log2,,trade_weighted,False,0,,False,DESCRIPTIVE_ONLY,Q3,15.0,-0.5199999999999998,-0.03466666666666665,0.8778705636520119,40.0,0.6229629628333333,-0.4730864196666666,True
Monitor2026,robustness,5,Strategy,5.0,5_GJ_Port_Log2,,trade_weighted,False,0,,False,DESCRIPTIVE_ONLY,Q4,11.0,0.881111111,0.08010101009090909,1.2287280069067628,45.45454545454545,0.9466666666,-0.6420370369999999,True
Monitor2026,robustness,5,Strategy,5.0,5_GJ_Port_Log2,,trade_weighted,False,0,,False,DESCRIPTIVE_ONLY,Q5,15.0,-3.9522222210000004,-0.26348148140000005,0.3846020762935849,33.33333333333333,0.49400000020000007,-0.6422222222,True
Monitor2026,robustness,6,Strategy,6.0,6_GJ_Old_Mon,,trade_weighted,False,0,,True,DESCRIPTIVE_ONLY,Q1,9.0,-3.7439999999999998,-0.416,0.2865853658536585,22.22222222222222,0.752,-0.7497142857142858,True
Monitor2026,robustness,6,Strategy,6.0,6_GJ_Old_Mon,,trade_weighted,False,0,,True,DESCRIPTIVE_ONLY,Q2,7.0,5.308,0.7582857142857142,16.797619047619047,85.71428571428571,0.9406666666666667,-0.336,True
Monitor2026,robustness,6,Strategy,6.0,6_GJ_Old_Mon,,trade_weighted,False,0,,True,DESCRIPTIVE_ONLY,Q3,3.0,1.0979999999999999,0.36599999999999994,2.098,66.66666666666666,1.049,-1.0,True
Monitor2026,robustness,6,Strategy,6.0,6_GJ_Old_Mon,,trade_weighted,False,0,,True,DESCRIPTIVE_ONLY,Q4,4.0,3.252,0.813,inf,100.0,0.813,,True
Monitor2026,robustness,6,Strategy,6.0,6_GJ_Old_Mon,,trade_weighted,False,0,,True,DESCRIPTIVE_ONLY,Q5,5.0,-0.2300000000000001,-0.04600000000000002,0.9233333333333333,40.0,1.385,-1.0,True
Monitor2026,robustness,7,Strategy,7.0,7_GJ_Mon_Blitz,,trade_weighted,False,0,,False,DESCRIPTIVE_ONLY,Q1,12.0,-0.29846153799999997,-0.024871794833333332,0.8006166497228877,58.333333333333336,0.17120879114285711,-0.29938461520000004,True
Monitor2026,robustness,7,Strategy,7.0,7_GJ_Mon_Blitz,,trade_weighted,False,0,,False,DESCRIPTIVE_ONLY,Q2,7.0,1.2415384610000002,0.1773626372857143,22.236841900450138,71.42857142857143,0.25999999999999995,-0.0292307695,True
Monitor2026,robustness,7,Strategy,7.0,7_GJ_Mon_Blitz,,trade_weighted,False,0,,False,DESCRIPTIVE_ONLY,Q3,5.0,0.39923077000000007,0.07984615400000002,3.790322587521679,80.0,0.13557692325,-0.143076923,True
Monitor2026,robustness,7,Strategy,7.0,7_GJ_Mon_Blitz,,trade_weighted,False,0,,False,DESCRIPTIVE_ONLY,Q4,6.0,0.076153846,0.012692307666666666,1.1742957742650888,66.66666666666666,0.12826923075,-0.2184615385,True
Monitor2026,robustness,7,Strategy,7.0,7_GJ_Mon_Blitz,,trade_weighted,False,0,,False,DESCRIPTIVE_ONLY,Q5,6.0,0.810769231,0.13512820516666665,2.0561122243262075,66.66666666666666,0.39461538475,-0.383846154,True
Monitor2026,robustness,8,Strategy,8.0,8_AJ_Core1,,trade_weighted,False,0,,False,DESCRIPTIVE_ONLY,Q1,9.0,2.7400000010000003,0.3044444445555556,10.04716981035511,88.88888888888889,0.380357143,-0.302857143,True
Monitor2026,robustness,8,Strategy,8.0,8_AJ_Core1,,trade_weighted,False,0,,False,DESCRIPTIVE_ONLY,Q2,9.0,0.922857142,0.10253968244444445,1.5197103775511327,66.66666666666666,0.4497619046666666,-0.591904762,True
Monitor2026,robustness,8,Strategy,8.0,8_AJ_Core1,,trade_weighted,False,0,,False,DESCRIPTIVE_ONLY,Q3,5.0,0.5299999999999999,0.10599999999999998,1.5299999999999998,80.0,0.38249999999999995,-1.0,True
Monitor2026,robustness,8,Strategy,8.0,8_AJ_Core1,,trade_weighted,False,0,,False,DESCRIPTIVE_ONLY,Q4,7.0,-2.797142858,-0.39959183685714283,0.4405714284,28.57142857142857,1.101428571,-1.0,True
Monitor2026,robustness,8,Strategy,8.0,8_AJ_Core1,,trade_weighted,False,0,,False,DESCRIPTIVE_ONLY,Q5,6.0,1.3900000000000001,0.2316666666666667,1.6949999999999998,66.66666666666666,0.8474999999999999,-1.0,True
Monitor2026,robustness,9,Strategy,9.0,9_AJ_Core2,,trade_weighted,False,0,,False,DESCRIPTIVE_ONLY,Q1,5.0,-1.5000000000000002,-0.30000000000000004,0.31921331305888245,40.0,0.3516666665,-0.7344444443333334,True
Monitor2026,robustness,9,Strategy,9.0,9_AJ_Core2,,trade_weighted,False,0,,False,DESCRIPTIVE_ONLY,Q2,5.0,0.02000000000000024,0.004000000000000048,1.0132743362802492,40.0,0.7633333335000001,-0.5022222223333334,True
Monitor2026,robustness,9,Strategy,9.0,9_AJ_Core2,,trade_weighted,False,0,,False,DESCRIPTIVE_ONLY,Q3,2.0,-2.0,-1.0,0.0,0.0,,-1.0,True
Monitor2026,robustness,9,Strategy,9.0,9_AJ_Core2,,trade_weighted,False,0,,False,DESCRIPTIVE_ONLY,Q4,3.0,2.613333334,0.8711111113333333,3.613333334,66.66666666666666,1.806666667,-1.0,True
Monitor2026,robustness,9,Strategy,9.0,9_AJ_Core2,,trade_weighted,False,0,,False,DESCRIPTIVE_ONLY,Q5,5.0,-1.77,-0.354,0.5028089887640449,20.0,1.79,-0.89,True
Monitor2026,robustness,10,Strategy,10.0,10_AJ_SatA,,trade_weighted,False,0,,False,DESCRIPTIVE_ONLY,Q1,7.0,0.502,0.07171428571428572,1.9507575757575757,57.14285714285714,0.2575,-0.264,True
Monitor2026,robustness,10,Strategy,10.0,10_AJ_SatA,,trade_weighted,False,0,,False,DESCRIPTIVE_ONLY,Q2,7.0,-0.5599999999999999,-0.07999999999999999,0.26121372031662277,42.857142857142854,0.066,-0.18949999999999997,True
Monitor2026,robustness,10,Strategy,10.0,10_AJ_SatA,,trade_weighted,False,0,,False,DESCRIPTIVE_ONLY,Q3,2.0,0.08,0.04,41.0,50.0,0.082,-0.002,True
Monitor2026,robustness,10,Strategy,10.0,10_AJ_SatA,,trade_weighted,False,0,,False,DESCRIPTIVE_ONLY,Q4,4.0,0.814,0.2035,5.376344086021505,50.0,0.5,-0.093,True
Monitor2026,robustness,10,Strategy,10.0,10_AJ_SatA,,trade_weighted,False,0,,False,DESCRIPTIVE_ONLY,Q5,5.0,-1.7760000000000002,-0.35520000000000007,0.0975609756097561,20.0,0.192,-0.492,True
Monitor2026,robustness,11,Strategy,11.0,11_AJ_SatB,,trade_weighted,False,0,,False,DESCRIPTIVE_ONLY,Q1,7.0,1.036363635,0.14805194785714287,2.115459880024012,42.857142857142854,0.655151515,-0.2322727275,True
Monitor2026,robustness,11,Strategy,11.0,11_AJ_SatB,,trade_weighted,False,0,,False,DESCRIPTIVE_ONLY,Q2,7.0,-2.441818182,-0.3488311688571429,0.040028591917079547,28.57142857142857,0.050909091000000004,-0.5087272728000001,True
Monitor2026,robustness,11,Strategy,11.0,11_AJ_SatB,,trade_weighted,False,0,,False,DESCRIPTIVE_ONLY,Q3,2.0,-0.392727272,-0.196363636,0.0,0.0,,-0.196363636,True
Monitor2026,robustness,11,Strategy,11.0,11_AJ_SatB,,trade_weighted,False,0,,False,DESCRIPTIVE_ONLY,Q4,4.0,-0.26363636400000007,-0.06590909100000002,0.8045822099598774,25.0,1.085454545,-0.44969696966666667,True
Monitor2026,robustness,11,Strategy,11.0,11_AJ_SatB,,trade_weighted,False,0,,False,DESCRIPTIVE_ONLY,Q5,5.0,-0.483636363,-0.0967272726,0.6683291774524102,60.0,0.324848485,-0.729090909,True
Monitor2026,robustness,12,Strategy,12.0,12_UJ_Short_Core,,trade_weighted,False,0,,True,DESCRIPTIVE_ONLY,Q1,20.0,-2.354,-0.1177,0.5274041357157198,30.0,0.4378333333333333,-0.38315384615384607,False
Monitor2026,robustness,12,Strategy,12.0,12_UJ_Short_Core,,trade_weighted,False,0,,True,DESCRIPTIVE_ONLY,Q2,6.0,-0.8140000000000003,-0.1356666666666667,0.6196261682242991,50.0,0.442,-0.7133333333333334,True
Monitor2026,robustness,12,Strategy,12.0,12_UJ_Short_Core,,trade_weighted,False,0,,True,DESCRIPTIVE_ONLY,Q3,5.0,0.357,0.07139999999999999,1.5721153846153846,60.0,0.327,-0.312,True
Monitor2026,robustness,12,Strategy,12.0,12_UJ_Short_Core,,trade_weighted,False,0,,True,DESCRIPTIVE_ONLY,Q4,2.0,-0.31399999999999995,-0.15699999999999997,0.686,50.0,0.686,-1.0,True
Monitor2026,robustness,12,Strategy,12.0,12_UJ_Short_Core,,trade_weighted,False,0,,True,DESCRIPTIVE_ONLY,Q5,0.0,0.0,,,,,,True
Monitor2026,robustness,13,Strategy,13.0,13_UJ_Fix_MidWeek,,trade_weighted,False,0,,False,DESCRIPTIVE_ONLY,Q1,7.0,-0.448421053,-0.06406015042857142,0.6022408960131765,71.42857142857143,0.1357894736,-0.5636842105,True
Monitor2026,robustness,13,Strategy,13.0,13_UJ_Fix_MidWeek,,trade_weighted,False,0,,False,DESCRIPTIVE_ONLY,Q2,4.0,-0.507368422,-0.1268421055,0.492631578,75.0,0.164210526,-1.0,True
Monitor2026,robustness,13,Strategy,13.0,13_UJ_Fix_MidWeek,,trade_weighted,False,0,,False,DESCRIPTIVE_ONLY,Q3,2.0,0.510526316,0.255263158,inf,100.0,0.255263158,,True
Monitor2026,robustness,13,Strategy,13.0,13_UJ_Fix_MidWeek,,trade_weighted,False,0,,False,DESCRIPTIVE_ONLY,Q4,2.0,-0.08315789500000001,-0.041578947500000005,0.0,0.0,,-0.041578947500000005,True
Monitor2026,robustness,13,Strategy,13.0,13_UJ_Fix_MidWeek,,trade_weighted,False,0,,False,DESCRIPTIVE_ONLY,Q5,0.0,0.0,,,,,,True
Monitor2026,robustness,14,Strategy,14.0,14_UJ_Sat_3rd,,trade_weighted,False,0,,False,DESCRIPTIVE_ONLY,Q1,2.0,-1.051111111,-0.5255555555,0.0,0.0,,-0.5255555555,True
Monitor2026,robustness,14,Strategy,14.0,14_UJ_Sat_3rd,,trade_weighted,False,0,,False,DESCRIPTIVE_ONLY,Q2,1.0,1.555555556,1.555555556,inf,100.0,1.555555556,,True
Monitor2026,robustness,14,Strategy,14.0,14_UJ_Sat_3rd,,trade_weighted,False,0,,False,DESCRIPTIVE_ONLY,Q3,1.0,0.106666667,0.106666667,inf,100.0,0.106666667,,True
Monitor2026,robustness,14,Strategy,14.0,14_UJ_Sat_3rd,,trade_weighted,False,0,,False,DESCRIPTIVE_ONLY,Q4,1.0,0.513333333,0.513333333,inf,100.0,0.513333333,,True
Monitor2026,robustness,14,Strategy,14.0,14_UJ_Sat_3rd,,trade_weighted,False,0,,False,DESCRIPTIVE_ONLY,Q5,1.0,-0.488888889,-0.488888889,0.0,0.0,,-0.488888889,True
Monitor2026,robustness,15,Strategy,15.0,15_UJ_Sat_Aug,,trade_weighted,False,0,,False,DESCRIPTIVE_ONLY,Q1,0.0,0.0,,,,,,True
Monitor2026,robustness,15,Strategy,15.0,15_UJ_Sat_Aug,,trade_weighted,False,0,,False,DESCRIPTIVE_ONLY,Q2,0.0,0.0,,,,,,True
Monitor2026,robustness,15,Strategy,15.0,15_UJ_Sat_Aug,,trade_weighted,False,0,,False,DESCRIPTIVE_ONLY,Q3,0.0,0.0,,,,,,True
Monitor2026,robustness,15,Strategy,15.0,15_UJ_Sat_Aug,,trade_weighted,False,0,,False,DESCRIPTIVE_ONLY,Q4,0.0,0.0,,,,,,True
Monitor2026,robustness,15,Strategy,15.0,15_UJ_Sat_Aug,,trade_weighted,False,0,,False,DESCRIPTIVE_ONLY,Q5,5.0,6.0,1.2,7.0,80.0,1.75,-1.0,True
Monitor2026,robustness,16,Strategy,16.0,16_UJ_T10A,,trade_weighted,False,0,,False,DESCRIPTIVE_ONLY,Q1,2.0,-1.328888889,-0.6644444445,0.0,0.0,,-0.6644444445,True
Monitor2026,robustness,16,Strategy,16.0,16_UJ_T10A,,trade_weighted,False,0,,False,DESCRIPTIVE_ONLY,Q2,1.0,0.928888889,0.928888889,inf,100.0,0.928888889,,True
Monitor2026,robustness,16,Strategy,16.0,16_UJ_T10A,,trade_weighted,False,0,,False,DESCRIPTIVE_ONLY,Q3,0.0,0.0,,,,,,True
Monitor2026,robustness,16,Strategy,16.0,16_UJ_T10A,,trade_weighted,False,0,,False,DESCRIPTIVE_ONLY,Q4,1.0,0.675555556,0.675555556,inf,100.0,0.675555556,,True
Monitor2026,robustness,16,Strategy,16.0,16_UJ_T10A,,trade_weighted,False,0,,False,DESCRIPTIVE_ONLY,Q5,0.0,0.0,,,,,,True
Monitor2026,robustness,17,Strategy,17.0,17_EA_1B_Wed_Short,,trade_weighted,False,0,,False,DESCRIPTIVE_ONLY,Q1,3.0,-0.108571429,-0.03619047633333333,0.6102564093175543,33.33333333333333,0.17,-0.1392857145,True
Monitor2026,robustness,17,Strategy,17.0,17_EA_1B_Wed_Short,,trade_weighted,False,0,,False,DESCRIPTIVE_ONLY,Q2,6.0,0.24428571400000001,0.04071428566666667,1.2548435169924552,66.66666666666666,0.3007142855,-0.479285714,True
Monitor2026,robustness,17,Strategy,17.0,17_EA_1B_Wed_Short,,trade_weighted,False,0,,False,DESCRIPTIVE_ONLY,Q3,2.0,-0.81,-0.405,0.19,50.0,0.19,-1.0,True
Monitor2026,robustness,17,Strategy,17.0,17_EA_1B_Wed_Short,,trade_weighted,False,0,,False,DESCRIPTIVE_ONLY,Q4,4.0,1.272857142,0.3182142855,5.664921460384858,75.0,0.5152380950000001,-0.272857143,True
Monitor2026,robustness,17,Strategy,17.0,17_EA_1B_Wed_Short,,trade_weighted,False,0,,False,DESCRIPTIVE_ONLY,Q5,4.0,-0.9357142860000002,-0.23392857150000004,0.23302107704918032,25.0,0.284285714,-0.40666666666666673,True
Monitor2026,robustness,18,Strategy,18.0,18_EA_2_MonWed_Short,,trade_weighted,False,0,,False,DESCRIPTIVE_ONLY,Q1,14.0,1.420000001,0.1014285715,1.5639894089970001,64.28571428571429,0.4375308643333333,-0.5035555556,True
Monitor2026,robustness,18,Strategy,18.0,18_EA_2_MonWed_Short,,trade_weighted,False,0,,False,DESCRIPTIVE_ONLY,Q2,12.0,0.7066666650000001,0.05888888875000001,1.569892471314603,58.333333333333336,0.278095238,-0.24800000019999996,True
Monitor2026,robustness,18,Strategy,18.0,18_EA_2_MonWed_Short,,trade_weighted,False,0,,False,DESCRIPTIVE_ONLY,Q3,10.0,2.337777777000001,0.23377777770000008,2.4480385408666314,70.0,0.5646031744285714,-0.538148148,True
Monitor2026,robustness,18,Strategy,18.0,18_EA_2_MonWed_Short,,trade_weighted,False,0,,False,DESCRIPTIVE_ONLY,Q4,17.0,1.0788888899999998,0.06346405235294117,1.2171773654566236,52.94117647058824,0.6718518520000001,-0.62097222225,True
Monitor2026,robustness,18,Strategy,18.0,18_EA_2_MonWed_Short,,trade_weighted,False,0,,False,DESCRIPTIVE_ONLY,Q5,8.0,-0.6177777779999999,-0.07722222224999999,0.6382563432314765,37.5,0.363333333,-0.3415555554,True
Monitor2026,robustness,19,Strategy,19.0,19_EA_3_WedThu_Long,,trade_weighted,False,0,,False,DESCRIPTIVE_ONLY,Q1,10.0,-0.4800000009999998,-0.04800000009999998,0.7369062114686644,40.0,0.336111111,-0.30407407416666665,True
Monitor2026,robustness,19,Strategy,19.0,19_EA_3_WedThu_Long,,trade_weighted,False,0,,False,DESCRIPTIVE_ONLY,Q2,15.0,-2.0211111109999997,-0.1347407407333333,0.28017411960584293,26.666666666666668,0.19666666675,-0.2552525252727273,True
Monitor2026,robustness,19,Strategy,19.0,19_EA_3_WedThu_Long,,trade_weighted,False,0,,False,DESCRIPTIVE_ONLY,Q3,3.0,-0.075555556,-0.025185185333333332,0.7597173134987326,33.33333333333333,0.238888889,-0.1572222225,True
Monitor2026,robustness,19,Strategy,19.0,19_EA_3_WedThu_Long,,trade_weighted,False,0,,False,DESCRIPTIVE_ONLY,Q4,8.0,0.03777777800000015,0.004722222250000019,1.0188993886593165,50.0,0.50916666675,-0.49972222224999996,True
Monitor2026,robustness,19,Strategy,19.0,19_EA_3_WedThu_Long,,trade_weighted,False,0,,False,DESCRIPTIVE_ONLY,Q5,8.0,1.6844444440000002,0.21055555550000002,2.1188191875664,50.0,0.7975,-0.376388889,True
Monitor2026,robustness,20,Strategy,20.0,20_EA_1A_MonTue_Short,,trade_weighted,False,0,,False,DESCRIPTIVE_ONLY,Q1,18.0,-1.8880000000000001,-0.10488888888888889,0.5972696245733788,44.44444444444444,0.35000000000000003,-0.46880000000000005,True
Monitor2026,robustness,20,Strategy,20.0,20_EA_1A_MonTue_Short,,trade_weighted,False,0,,False,DESCRIPTIVE_ONLY,Q2,8.0,0.862,0.10775,3.0922330097087376,75.0,0.21233333333333335,-0.20600000000000002,True
Monitor2026,robustness,20,Strategy,20.0,20_EA_1A_MonTue_Short,,trade_weighted,False,0,,False,DESCRIPTIVE_ONLY,Q3,10.0,2.13,0.213,3.925824175824176,80.0,0.35725,-0.364,True
Monitor2026,robustness,20,Strategy,20.0,20_EA_1A_MonTue_Short,,trade_weighted,False,0,,False,DESCRIPTIVE_ONLY,Q4,13.0,-1.2840000000000003,-0.09876923076923079,0.6051660516605165,46.15384615384615,0.32799999999999996,-0.4645714285714286,True
Monitor2026,robustness,20,Strategy,20.0,20_EA_1A_MonTue_Short,,trade_weighted,False,0,,False,DESCRIPTIVE_ONLY,Q5,5.0,-1.012,-0.2024,0.5048923679060665,40.0,0.516,-0.6813333333333333,True
Monitor2026,robustness,21,Strategy,21.0,21_GA_B_3,,trade_weighted,False,0,,False,DESCRIPTIVE_ONLY,Q1,15.0,0.39954545500000005,0.02663636366666667,1.7117408932269012,60.0,0.10676767666666667,-0.09356060583333332,True
Monitor2026,robustness,21,Strategy,21.0,21_GA_B_3,,trade_weighted,False,0,,False,DESCRIPTIVE_ONLY,Q2,7.0,0.17636363800000002,0.025194805428571432,1.2840409986589183,42.857142857142854,0.265757576,-0.15522727249999999,True
Monitor2026,robustness,21,Strategy,21.0,21_GA_B_3,,trade_weighted,False,0,,False,DESCRIPTIVE_ONLY,Q3,6.0,0.376818182,0.06280303033333333,2.6286836968623706,83.33333333333334,0.12163636359999999,-0.231363636,True
Monitor2026,robustness,21,Strategy,21.0,21_GA_B_3,,trade_weighted,False,0,,False,DESCRIPTIVE_ONLY,Q4,5.0,-0.14545454500000002,-0.029090909000000005,0.6283391413503733,40.0,0.12295454550000001,-0.13045454533333334,True
Monitor2026,robustness,21,Strategy,21.0,21_GA_B_3,,trade_weighted,False,0,,False,DESCRIPTIVE_ONLY,Q5,2.0,0.217272727,0.1086363635,inf,100.0,0.1086363635,,True
Monitor2026,robustness,22,Strategy,22.0,22_GA_C_2,,trade_weighted,False,0,,False,DESCRIPTIVE_ONLY,Q1,8.0,-1.445714287,-0.180714285875,0.40922358403646575,50.0,0.25035714275,-0.6117857145,True
Monitor2026,robustness,22,Strategy,22.0,22_GA_C_2,,trade_weighted,False,0,,False,DESCRIPTIVE_ONLY,Q2,8.0,-0.23571428599999977,-0.02946428574999997,0.8761261259852757,50.0,0.41678571425,-0.47571428575,True
Monitor2026,robustness,22,Strategy,22.0,22_GA_C_2,,trade_weighted,False,0,,False,DESCRIPTIVE_ONLY,Q3,4.0,-1.538571429,-0.38464285725,0.24314827812767753,25.0,0.494285714,-0.6776190476666667,True
Monitor2026,robustness,22,Strategy,22.0,22_GA_C_2,,trade_weighted,False,0,,False,DESCRIPTIVE_ONLY,Q4,6.0,-0.695714285,-0.11595238083333333,0.7388739948781634,33.33333333333333,0.9842857145,-0.6660714285,True
Monitor2026,robustness,22,Strategy,22.0,22_GA_C_2,,trade_weighted,False,0,,False,DESCRIPTIVE_ONLY,Q5,3.0,1.6328571430000003,0.5442857143333334,3.5010940915752533,66.66666666666666,1.142857143,-0.652857143,True
Monitor2026,robustness,23,Strategy,23.0,23_GA_F_2,,trade_weighted,False,0,,True,DESCRIPTIVE_ONLY,Q1,10.0,-0.45777777699999994,-0.045777777699999994,0.6704000005863681,40.0,0.23277777800000002,-0.2314814815,True
Monitor2026,robustness,23,Strategy,23.0,23_GA_F_2,,trade_weighted,False,0,,True,DESCRIPTIVE_ONLY,Q2,5.0,0.8144444449999999,0.16288888899999998,9.623529458228374,60.0,0.302962963,-0.047222222,True
Monitor2026,robustness,23,Strategy,23.0,23_GA_F_2,,trade_weighted,False,0,,True,DESCRIPTIVE_ONLY,Q3,6.0,-0.133333333,-0.022222222166666666,0.7757009349724867,33.33333333333333,0.23055555549999998,-0.148611111,True
Monitor2026,robustness,23,Strategy,23.0,23_GA_F_2,,trade_weighted,False,0,,True,DESCRIPTIVE_ONLY,Q4,3.0,0.07555555600000002,0.025185185333333342,1.2328767140176393,33.33333333333333,0.4,-0.162222222,True
Monitor2026,robustness,23,Strategy,23.0,23_GA_F_2,,trade_weighted,False,0,,True,DESCRIPTIVE_ONLY,Q5,3.0,0.06333333399999999,0.02111111133333333,1.6000000094736841,33.33333333333333,0.168888889,-0.0527777775,True
Monitor2026,robustness,24,Strategy,24.0,24_GA_D_1,,trade_weighted,False,0,,False,DESCRIPTIVE_ONLY,Q1,10.0,-0.644444444,-0.0644444444,0.5710059173921607,30.0,0.285925926,-0.21460317457142855,True
Monitor2026,robustness,24,Strategy,24.0,24_GA_D_1,,trade_weighted,False,0,,False,DESCRIPTIVE_ONLY,Q2,5.0,0.653333332,0.1306666664,3.3149606188170377,60.0,0.3118518516666667,-0.1411111115,True
Monitor2026,robustness,24,Strategy,24.0,24_GA_D_1,,trade_weighted,False,0,,False,DESCRIPTIVE_ONLY,Q3,6.0,0.3477777780000001,0.05796296300000001,1.428767123620379,66.66666666666666,0.28972222225,-0.4055555555,True
Monitor2026,robustness,24,Strategy,24.0,24_GA_D_1,,trade_weighted,False,0,,False,DESCRIPTIVE_ONLY,Q4,3.0,-0.9177777779999998,-0.30592592599999996,0.23589269169619734,33.33333333333333,0.283333333,-0.6005555555,True
Monitor2026,robustness,24,Strategy,24.0,24_GA_D_1,,trade_weighted,False,0,,False,DESCRIPTIVE_ONLY,Q5,3.0,1.35,0.45,40.19354889281999,66.66666666666666,0.692222222,-0.034444444,True
Monitor2026,robustness,25,Strategy,25.0,25_AU_China_Demand,,trade_weighted,False,0,,False,DESCRIPTIVE_ONLY,Q1,10.0,-0.28500000000000014,-0.028500000000000015,0.7649484536082475,30.0,0.30916666666666665,-0.1732142857142857,True
Monitor2026,robustness,25,Strategy,25.0,25_AU_China_Demand,,trade_weighted,False,0,,False,DESCRIPTIVE_ONLY,Q2,10.0,-0.06250000000000022,-0.006250000000000022,0.9630723781388478,50.0,0.32599999999999996,-0.33849999999999997,True
Monitor2026,robustness,25,Strategy,25.0,25_AU_China_Demand,,trade_weighted,False,0,,False,DESCRIPTIVE_ONLY,Q3,6.0,-0.605,-0.10083333333333333,0.4537246049661399,50.0,0.16749999999999998,-0.36916666666666664,True
Monitor2026,robustness,25,Strategy,25.0,25_AU_China_Demand,,trade_weighted,False,0,,False,DESCRIPTIVE_ONLY,Q4,20.0,-1.2850000000000001,-0.06425,0.7064534551684751,40.0,0.38656250000000003,-0.3647916666666667,False
Monitor2026,robustness,25,Strategy,25.0,25_AU_China_Demand,,trade_weighted,False,0,,False,DESCRIPTIVE_ONLY,Q5,15.0,1.8449999999999998,0.12299999999999998,1.7616099071207432,66.66666666666666,0.42675,-0.4845,True
Monitor2026,robustness,26,Strategy,26.0,26_AJ_China_Demand,,trade_weighted,False,0,,False,DESCRIPTIVE_ONLY,Q1,5.0,2.491111112,0.4982222224,inf,100.0,0.4982222224,,True
Monitor2026,robustness,26,Strategy,26.0,26_AJ_China_Demand,,trade_weighted,False,0,,False,DESCRIPTIVE_ONLY,Q2,18.0,-0.4755555549999998,-0.026419753055555543,0.8548168251553846,66.66666666666666,0.2333333334166667,-0.5459259259999999,True
Monitor2026,robustness,26,Strategy,26.0,26_AJ_China_Demand,,trade_weighted,False,0,,False,DESCRIPTIVE_ONLY,Q3,2.0,-0.38,-0.19,0.0,0.0,,-0.19,True
Monitor2026,robustness,26,Strategy,26.0,26_AJ_China_Demand,,trade_weighted,False,0,,False,DESCRIPTIVE_ONLY,Q4,1.0,0.704444444,0.704444444,inf,100.0,0.704444444,,True
Monitor2026,robustness,26,Strategy,26.0,26_AJ_China_Demand,,trade_weighted,False,0,,False,DESCRIPTIVE_ONLY,Q5,4.0,0.94,0.235,1.47,50.0,1.47,-1.0,True
Monitor2026,robustness,27,Strategy,27.0,27_EA_China_Demand,,trade_weighted,False,0,,False,DESCRIPTIVE_ONLY,Q1,10.0,0.13333333500000005,0.013333333500000006,1.0982800995568942,40.0,0.37250000024999996,-0.226111111,True
Monitor2026,robustness,27,Strategy,27.0,27_EA_China_Demand,,trade_weighted,False,0,,False,DESCRIPTIVE_ONLY,Q2,7.0,-0.05000000000000011,-0.007142857142857158,0.9590723056046185,57.14285714285714,0.29291666674999994,-0.40722222233333333,True
Monitor2026,robustness,27,Strategy,27.0,27_EA_China_Demand,,trade_weighted,False,0,,False,DESCRIPTIVE_ONLY,Q3,5.0,0.7016666680000001,0.14033333360000003,2.0604534035873585,60.0,0.45444444466666667,-0.330833333,True
Monitor2026,robustness,27,Strategy,27.0,27_EA_China_Demand,,trade_weighted,False,0,,False,DESCRIPTIVE_ONLY,Q4,11.0,-0.008333333000000082,-0.0007575757272727347,0.9973998960998439,36.36363636363637,0.79916666675,-0.4578571428571429,True
Monitor2026,robustness,27,Strategy,27.0,27_EA_China_Demand,,trade_weighted,False,0,,False,DESCRIPTIVE_ONLY,Q5,2.0,-2.0,-1.0,0.0,0.0,,-1.0,True
Monitor2026,robustness,28,Strategy,28.0,28_GA_China_Demand,,trade_weighted,False,0,,False,DESCRIPTIVE_ONLY,Q1,12.0,-0.28666666600000007,-0.02388888883333334,0.8281374904076738,41.66666666666667,0.2762666668,-0.2382857142857143,True
Monitor2026,robustness,28,Strategy,28.0,28_GA_China_Demand,,trade_weighted,False,0,,False,DESCRIPTIVE_ONLY,Q2,10.0,1.942666667,0.19426666669999998,3.4323873146347137,70.0,0.3916190475714285,-0.26622222199999995,True
Monitor2026,robustness,28,Strategy,28.0,28_GA_China_Demand,,trade_weighted,False,0,,False,DESCRIPTIVE_ONLY,Q3,6.0,-1.7373333339999997,-0.28955555566666663,0.27043673004747015,16.666666666666664,0.644,-0.47626666679999996,True
Monitor2026,robustness,28,Strategy,28.0,28_GA_China_Demand,,trade_weighted,False,0,,False,DESCRIPTIVE_ONLY,Q4,4.0,0.2759999999999999,0.06899999999999998,1.4198782963589645,25.0,0.933333333,-0.21911111100000003,True
Monitor2026,robustness,28,Strategy,28.0,28_GA_China_Demand,,trade_weighted,False,0,,False,DESCRIPTIVE_ONLY,Q5,3.0,-0.634666667,-0.21155555566666664,0.5952380950255102,33.33333333333333,0.933333333,-0.784,True
Monitor2026,robustness,Portfolio,Group,,,Portfolio,trade_weighted,False,0,,False,DESCRIPTIVE_ONLY,Q1,288.0,-13.446203047999997,-0.04668820502777777,0.7722328345909394,44.09722222222222,0.35896581402362193,-0.37128843666037736,False
Monitor2026,robustness,Portfolio,Group,,,Portfolio,trade_weighted,False,0,,False,DESCRIPTIVE_ONLY,Q2,236.0,17.885856519,0.07578752762288136,1.4986996705928612,58.05084745762712,0.3923419134890511,-0.36227258211111113,False
Monitor2026,robustness,Portfolio,Group,,,Portfolio,trade_weighted,False,0,,False,DESCRIPTIVE_ONLY,Q3,129.0,2.6066037950000007,0.020206230968992253,1.1141517509340064,58.139534883720934,0.33921537584,-0.4228620257962963,False
Monitor2026,robustness,Portfolio,Group,,,Portfolio,trade_weighted,False,0,,False,DESCRIPTIVE_ONLY,Q4,177.0,4.098305533,0.023154268548022595,1.0913017562960152,46.89265536723164,0.5901901572289157,-0.47752635656382986,False
Monitor2026,robustness,Portfolio,Group,,,Portfolio,trade_weighted,False,0,,False,DESCRIPTIVE_ONLY,Q5,165.0,8.674228550000002,0.052571082121212136,1.1934432868667173,54.54545454545454,0.5946158403222223,-0.59788262772,False
Monitor2026,robustness,Portfolio,Group,,,Portfolio,strategy_equal_weighted,False,0,,False,DESCRIPTIVE_ONLY,Q1,,,,,,,,
Monitor2026,robustness,Portfolio,Group,,,Portfolio,strategy_equal_weighted,False,0,,False,DESCRIPTIVE_ONLY,Q2,,,,,,,,
Monitor2026,robustness,Portfolio,Group,,,Portfolio,strategy_equal_weighted,False,0,,False,DESCRIPTIVE_ONLY,Q3,,,,,,,,
Monitor2026,robustness,Portfolio,Group,,,Portfolio,strategy_equal_weighted,False,0,,False,DESCRIPTIVE_ONLY,Q4,,,,,,,,
Monitor2026,robustness,Portfolio,Group,,,Portfolio,strategy_equal_weighted,False,0,,False,DESCRIPTIVE_ONLY,Q5,,,,,,,,
Monitor2026,robustness,JPY,Group,,,JPY,trade_weighted,False,0,,False,DESCRIPTIVE_ONLY,Q1,168.0,-9.802907235000001,-0.058350638303571435,0.7523848282511431,43.452380952380956,0.4080325516712329,-0.42569122050537633,False
Monitor2026,robustness,JPY,Group,,,JPY,trade_weighted,False,0,,False,DESCRIPTIVE_ONLY,Q2,143.0,14.855421454999998,0.10388406611888111,1.623303432842089,60.83916083916085,0.4446987545287357,-0.42559589623214283,False
Monitor2026,robustness,JPY,Group,,,JPY,trade_weighted,False,0,,False,DESCRIPTIVE_ONLY,Q3,65.0,1.6123570420000004,0.02480549295384616,1.1419655281415033,60.0,0.332557466974359,-0.43682246807692315,False
Monitor2026,robustness,JPY,Group,,,JPY,trade_weighted,False,0,,False,DESCRIPTIVE_ONLY,Q4,83.0,5.693506107999999,0.06859645913253011,1.263894712180019,50.602409638554214,0.6492481327857142,-0.5262174504634146,False
Monitor2026,robustness,JPY,Group,,,JPY,trade_weighted,False,0,,False,DESCRIPTIVE_ONLY,Q5,109.0,7.081479633000001,0.06496770305504587,1.2242357832253095,56.88073394495413,0.6235804231774194,-0.6719256724255319,False
Monitor2026,robustness,JPY,Group,,,JPY,strategy_equal_weighted,False,0,,False,DESCRIPTIVE_ONLY,Q1,,,,,,,,
Monitor2026,robustness,JPY,Group,,,JPY,strategy_equal_weighted,False,0,,False,DESCRIPTIVE_ONLY,Q2,,,,,,,,
Monitor2026,robustness,JPY,Group,,,JPY,strategy_equal_weighted,False,0,,False,DESCRIPTIVE_ONLY,Q3,,,,,,,,
Monitor2026,robustness,JPY,Group,,,JPY,strategy_equal_weighted,False,0,,False,DESCRIPTIVE_ONLY,Q4,,,,,,,,
Monitor2026,robustness,JPY,Group,,,JPY,strategy_equal_weighted,False,0,,False,DESCRIPTIVE_ONLY,Q5,,,,,,,,
Monitor2026,robustness,AUD_nonJPY,Group,,,AUD_nonJPY,trade_weighted,False,0,,False,DESCRIPTIVE_ONLY,Q1,120.0,-3.643295813,-0.030360798441666666,0.8126414227638812,45.0,0.29263485387037036,-0.29462996851515155,False
Monitor2026,robustness,AUD_nonJPY,Group,,,AUD_nonJPY,trade_weighted,False,0,,False,DESCRIPTIVE_ONLY,Q2,93.0,3.0304350640000006,0.03258532326881721,1.2518726665685387,53.76344086021505,0.30124101008000004,-0.2798050102325581,False
Monitor2026,robustness,AUD_nonJPY,Group,,,AUD_nonJPY,trade_weighted,False,0,,False,DESCRIPTIVE_ONLY,Q3,64.0,0.9942467530000001,0.015535105515625001,1.08662825128696,56.25,0.34642811044444444,-0.40989875796428565,False
Monitor2026,robustness,AUD_nonJPY,Group,,,AUD_nonJPY,trade_weighted,False,0,,False,DESCRIPTIVE_ONLY,Q4,94.0,-1.595200574999999,-0.016970218882978713,0.931573347806409,43.61702127659575,0.5296917432439024,-0.439859661283019,False
Monitor2026,robustness,AUD_nonJPY,Group,,,AUD_nonJPY,trade_weighted,False,0,,False,DESCRIPTIVE_ONLY,Q5,56.0,1.5927489169999998,0.028441944946428568,1.1201105568373504,50.0,0.5304799782857142,-0.47359608839285716,False
Monitor2026,robustness,AUD_nonJPY,Group,,,AUD_nonJPY,strategy_equal_weighted,False,0,,False,DESCRIPTIVE_ONLY,Q1,,,,,,,,
Monitor2026,robustness,AUD_nonJPY,Group,,,AUD_nonJPY,strategy_equal_weighted,False,0,,False,DESCRIPTIVE_ONLY,Q2,,,,,,,,
Monitor2026,robustness,AUD_nonJPY,Group,,,AUD_nonJPY,strategy_equal_weighted,False,0,,False,DESCRIPTIVE_ONLY,Q3,,,,,,,,
Monitor2026,robustness,AUD_nonJPY,Group,,,AUD_nonJPY,strategy_equal_weighted,False,0,,False,DESCRIPTIVE_ONLY,Q4,,,,,,,,
Monitor2026,robustness,AUD_nonJPY,Group,,,AUD_nonJPY,strategy_equal_weighted,False,0,,False,DESCRIPTIVE_ONLY,Q5,,,,,,,,
Monitor2026,robustness,Long,Group,,,Long,trade_weighted,False,0,,False,DESCRIPTIVE_ONLY,Q1,156.0,-4.3428841469999995,-0.02783900094230769,0.8533138637711735,47.43589743589743,0.34140215390540535,-0.3610566284878049,False
Monitor2026,robustness,Long,Group,,,Long,trade_weighted,False,0,,False,DESCRIPTIVE_ONLY,Q2,148.0,10.107166764,0.06829166732432433,1.4682326873180187,58.108108108108105,0.368522611627907,-0.348157707032258,False
Monitor2026,robustness,Long,Group,,,Long,trade_weighted,False,0,,False,DESCRIPTIVE_ONLY,Q3,63.0,2.486886622,0.039474390825396825,1.289909250858883,66.66666666666666,0.2634533828095238,-0.4084835931428571,False
Monitor2026,robustness,Long,Group,,,Long,trade_weighted,False,0,,False,DESCRIPTIVE_ONLY,Q4,100.0,-1.5568041360000004,-0.015568041360000005,0.9372781229364355,47.0,0.4949776074893618,-0.4683160695849057,False
Monitor2026,robustness,Long,Group,,,Long,trade_weighted,False,0,,False,DESCRIPTIVE_ONLY,Q5,104.0,16.28180142,0.15655578288461539,1.7644551157507626,65.38461538461539,0.5526525329117647,-0.5916269671666666,False
Monitor2026,robustness,Long,Group,,,Long,strategy_equal_weighted,False,0,,False,DESCRIPTIVE_ONLY,Q1,,,,,,,,
Monitor2026,robustness,Long,Group,,,Long,strategy_equal_weighted,False,0,,False,DESCRIPTIVE_ONLY,Q2,,,,,,,,
Monitor2026,robustness,Long,Group,,,Long,strategy_equal_weighted,False,0,,False,DESCRIPTIVE_ONLY,Q3,,,,,,,,
Monitor2026,robustness,Long,Group,,,Long,strategy_equal_weighted,False,0,,False,DESCRIPTIVE_ONLY,Q4,,,,,,,,
Monitor2026,robustness,Long,Group,,,Long,strategy_equal_weighted,False,0,,False,DESCRIPTIVE_ONLY,Q5,,,,,,,,
Monitor2026,robustness,Short,Group,,,Short,trade_weighted,False,0,,False,DESCRIPTIVE_ONLY,Q1,132.0,-9.103318901,-0.06896453712878788,0.6906602046342268,40.15151515151515,0.38348866022641503,-0.382184647961039,False
Monitor2026,robustness,Short,Group,,,Short,trade_weighted,False,0,,False,DESCRIPTIVE_ONLY,Q2,88.0,7.778689755,0.08839420176136364,1.544756394595875,57.95454545454546,0.4325077950588236,-0.3859245349459459,False
Monitor2026,robustness,Short,Group,,,Short,trade_weighted,False,0,,False,DESCRIPTIVE_ONLY,Q3,66.0,0.11971717300000023,0.0018138965606060641,1.008397437215122,50.0,0.43563973060606065,-0.43201193748484845,False
Monitor2026,robustness,Short,Group,,,Short,trade_weighted,False,0,,False,DESCRIPTIVE_ONLY,Q4,77.0,5.655109668999998,0.07344298271428569,1.281815265588936,46.75324675324675,0.7144954305,-0.48943233729268293,False
Monitor2026,robustness,Short,Group,,,Short,trade_weighted,False,0,,False,DESCRIPTIVE_ONLY,Q5,61.0,-7.607572869999999,-0.12471430934426228,0.6768596338547636,36.0655737704918,0.7243206086818182,-0.6036570836153847,False
Monitor2026,robustness,Short,Group,,,Short,strategy_equal_weighted,False,0,,False,DESCRIPTIVE_ONLY,Q1,,,,,,,,
Monitor2026,robustness,Short,Group,,,Short,strategy_equal_weighted,False,0,,False,DESCRIPTIVE_ONLY,Q2,,,,,,,,
Monitor2026,robustness,Short,Group,,,Short,strategy_equal_weighted,False,0,,False,DESCRIPTIVE_ONLY,Q3,,,,,,,,
Monitor2026,robustness,Short,Group,,,Short,strategy_equal_weighted,False,0,,False,DESCRIPTIVE_ONLY,Q4,,,,,,,,
Monitor2026,robustness,Short,Group,,,Short,strategy_equal_weighted,False,0,,False,DESCRIPTIVE_ONLY,Q5,,,,,,,,
