Period,Method,Scope,Quintile,Trades,TotalTrades,CoveragePct
FULL,primary,Portfolio,Q1,4785,16298,29.359430604982208
FULL,primary,Portfolio,Q2,2626,16298,16.112406430236838
FULL,primary,Portfolio,Q3,2510,16298,15.400662657994847
FULL,primary,Portfolio,Q4,2195,16298,13.467910173027365
FULL,primary,Portfolio,Q5,2966,16298,18.198551969566818
FULL,primary,Portfolio,INSUFFICIENT_VOL_HISTORY,1216,16298,7.461038164191926
FULL,primary,JPY,Q1,2665,9420,28.290870488322717
FULL,primary,JPY,Q2,1492,9420,15.83864118895966
FULL,primary,JPY,Q3,1432,9420,15.201698513800425
FULL,primary,JPY,Q4,1369,9420,14.532908704883226
FULL,primary,JPY,Q5,1760,9420,18.683651804670912
FULL,primary,JPY,INSUFFICIENT_VOL_HISTORY,702,9420,7.452229299363057
FULL,primary,AUD_nonJPY,Q1,2120,6878,30.822913637685375
FULL,primary,AUD_nonJPY,Q2,1134,6878,16.487350974120385
FULL,primary,AUD_nonJPY,Q3,1078,6878,15.673160802558883
FULL,primary,AUD_nonJPY,Q4,826,6878,12.009305030532131
FULL,primary,AUD_nonJPY,Q5,1206,6878,17.534166908985167
FULL,primary,AUD_nonJPY,INSUFFICIENT_VOL_HISTORY,514,6878,7.473102646118058
FULL,primary,Long,Q1,2896,9540,30.356394129979037
FULL,primary,Long,Q2,1523,9540,15.964360587002096
FULL,primary,Long,Q3,1348,9540,14.129979035639412
FULL,primary,Long,Q4,1292,9540,13.542976939203355
FULL,primary,Long,Q5,1766,9540,18.51153039832285
FULL,primary,Long,INSUFFICIENT_VOL_HISTORY,715,9540,7.49475890985325
FULL,primary,Short,Q1,1889,6758,27.952056821544836
FULL,primary,Short,Q2,1103,6758,16.32139686297721
FULL,primary,Short,Q3,1162,6758,17.194436223734833
FULL,primary,Short,Q4,903,6758,13.361941402781888
FULL,primary,Short,Q5,1200,6758,17.756732761171946
FULL,primary,Short,INSUFFICIENT_VOL_HISTORY,501,6758,7.413435927789287
FULL,primary,1,Q1,261,852,30.633802816901408
FULL,primary,1,Q2,151,852,17.72300469483568
FULL,primary,1,Q3,101,852,11.854460093896714
FULL,primary,1,Q4,120,852,14.084507042253522
FULL,primary,1,Q5,158,852,18.544600938967136
FULL,primary,1,INSUFFICIENT_VOL_HISTORY,61,852,7.159624413145541
FULL,primary,2,Q1,322,1029,31.292517006802722
FULL,primary,2,Q2,175,1029,17.006802721088434
FULL,primary,2,Q3,114,1029,11.078717201166182
FULL,primary,2,Q4,151,1029,14.674441205053451
FULL,primary,2,Q5,192,1029,18.658892128279884
FULL,primary,2,INSUFFICIENT_VOL_HISTORY,75,1029,7.288629737609329
FULL,primary,3,Q1,322,1029,31.292517006802722
FULL,primary,3,Q2,174,1029,16.909620991253643
FULL,primary,3,Q3,114,1029,11.078717201166182
FULL,primary,3,Q4,151,1029,14.674441205053451
FULL,primary,3,Q5,193,1029,18.756073858114675
FULL,primary,3,INSUFFICIENT_VOL_HISTORY,75,1029,7.288629737609329
FULL,primary,4,Q1,271,956,28.34728033472803
FULL,primary,4,Q2,138,956,14.435146443514643
FULL,primary,4,Q3,140,956,14.644351464435147
FULL,primary,4,Q4,150,956,15.690376569037657
FULL,primary,4,Q5,178,956,18.619246861924683
FULL,primary,4,INSUFFICIENT_VOL_HISTORY,79,956,8.263598326359832
FULL,primary,5,Q1,342,1252,27.316293929712458
FULL,primary,5,Q2,190,1252,15.175718849840255
FULL,primary,5,Q3,209,1252,16.69329073482428
FULL,primary,5,Q4,182,1252,14.536741214057509
FULL,primary,5,Q5,238,1252,19.009584664536742
FULL,primary,5,INSUFFICIENT_VOL_HISTORY,91,1252,7.268370607028754
FULL,primary,6,Q1,149,491,30.346232179226067
FULL,primary,6,Q2,70,491,14.25661914460285
FULL,primary,6,Q3,82,491,16.700610997963338
FULL,primary,6,Q4,71,491,14.460285132382891
FULL,primary,6,Q5,83,491,16.90427698574338
FULL,primary,6,INSUFFICIENT_VOL_HISTORY,36,491,7.3319755600814664
FULL,primary,7,Q1,175,589,29.711375212224105
FULL,primary,7,Q2,84,589,14.261460101867574
FULL,primary,7,Q3,99,589,16.808149405772497
FULL,primary,7,Q4,84,589,14.261460101867574
FULL,primary,7,Q5,103,589,17.487266553480477
FULL,primary,7,INSUFFICIENT_VOL_HISTORY,44,589,7.470288624787775
FULL,primary,8,Q1,167,590,28.30508474576271
FULL,primary,8,Q2,96,590,16.271186440677965
FULL,primary,8,Q3,97,590,16.440677966101696
FULL,primary,8,Q4,75,590,12.711864406779661
FULL,primary,8,Q5,110,590,18.64406779661017
FULL,primary,8,INSUFFICIENT_VOL_HISTORY,45,590,7.627118644067797
FULL,primary,9,Q1,79,340,23.235294117647058
FULL,primary,9,Q2,52,340,15.294117647058824
FULL,primary,9,Q3,60,340,17.647058823529413
FULL,primary,9,Q4,54,340,15.88235294117647
FULL,primary,9,Q5,71,340,20.88235294117647
FULL,primary,9,INSUFFICIENT_VOL_HISTORY,24,340,7.0588235294117645
FULL,primary,10,Q1,87,403,21.588089330024815
FULL,primary,10,Q2,68,403,16.87344913151365
FULL,primary,10,Q3,85,403,21.09181141439206
FULL,primary,10,Q4,58,403,14.392059553349876
FULL,primary,10,Q5,76,403,18.858560794044664
FULL,primary,10,INSUFFICIENT_VOL_HISTORY,29,403,7.196029776674938
FULL,primary,11,Q1,88,403,21.83622828784119
FULL,primary,11,Q2,68,403,16.87344913151365
FULL,primary,11,Q3,85,403,21.09181141439206
FULL,primary,11,Q4,58,403,14.392059553349876
FULL,primary,11,Q5,76,403,18.858560794044664
FULL,primary,11,INSUFFICIENT_VOL_HISTORY,28,403,6.9478908188585615
FULL,primary,12,Q1,150,546,27.472527472527474
FULL,primary,12,Q2,87,546,15.934065934065933
FULL,primary,12,Q3,81,546,14.835164835164836
FULL,primary,12,Q4,83,546,15.2014652014652
FULL,primary,12,Q5,102,546,18.681318681318682
FULL,primary,12,INSUFFICIENT_VOL_HISTORY,43,546,7.875457875457875
FULL,primary,13,Q1,62,223,27.802690582959645
FULL,primary,13,Q2,32,223,14.349775784753364
FULL,primary,13,Q3,43,223,19.282511210762333
FULL,primary,13,Q4,27,223,12.10762331838565
FULL,primary,13,Q5,43,223,19.282511210762333
FULL,primary,13,INSUFFICIENT_VOL_HISTORY,16,223,7.174887892376682
FULL,primary,14,Q1,22,73,30.136986301369863
FULL,primary,14,Q2,12,73,16.43835616438356
FULL,primary,14,Q3,10,73,13.698630136986301
FULL,primary,14,Q4,11,73,15.068493150684931
FULL,primary,14,Q5,11,73,15.068493150684931
FULL,primary,14,INSUFFICIENT_VOL_HISTORY,7,73,9.58904109589041
FULL,primary,15,Q1,7,70,10.0
FULL,primary,15,Q2,13,70,18.571428571428573
FULL,primary,15,Q3,10,70,14.285714285714285
FULL,primary,15,Q4,13,70,18.571428571428573
FULL,primary,15,Q5,22,70,31.428571428571427
FULL,primary,15,INSUFFICIENT_VOL_HISTORY,5,70,7.142857142857142
FULL,primary,16,Q1,14,60,23.333333333333332
FULL,primary,16,Q2,9,60,15.0
FULL,primary,16,Q3,10,60,16.666666666666664
FULL,primary,16,Q4,9,60,15.0
FULL,primary,16,Q5,12,60,20.0
FULL,primary,16,INSUFFICIENT_VOL_HISTORY,6,60,10.0
FULL,primary,17,Q1,105,351,29.914529914529915
FULL,primary,17,Q2,57,351,16.23931623931624
FULL,primary,17,Q3,60,351,17.094017094017094
FULL,primary,17,Q4,46,351,13.105413105413104
FULL,primary,17,Q5,57,351,16.23931623931624
FULL,primary,17,INSUFFICIENT_VOL_HISTORY,26,351,7.4074074074074066
FULL,primary,18,Q1,311,953,32.633788037775446
FULL,primary,18,Q2,140,953,14.690451206715634
FULL,primary,18,Q3,170,953,17.83840503672613
FULL,primary,18,Q4,120,953,12.591815320041972
FULL,primary,18,Q5,142,953,14.900314795383002
FULL,primary,18,INSUFFICIENT_VOL_HISTORY,70,953,7.345225603357817
FULL,primary,19,Q1,198,703,28.165007112375534
FULL,primary,19,Q2,126,703,17.923186344238974
FULL,primary,19,Q3,118,703,16.78520625889047
FULL,primary,19,Q4,86,703,12.233285917496444
FULL,primary,19,Q5,119,703,16.927453769559033
FULL,primary,19,INSUFFICIENT_VOL_HISTORY,56,703,7.965860597439544
FULL,primary,20,Q1,259,770,33.63636363636363
FULL,primary,20,Q2,120,770,15.584415584415584
FULL,primary,20,Q3,135,770,17.532467532467532
FULL,primary,20,Q4,88,770,11.428571428571429
FULL,primary,20,Q5,111,770,14.415584415584416
FULL,primary,20,INSUFFICIENT_VOL_HISTORY,57,770,7.402597402597403
FULL,primary,21,Q1,203,587,34.582623509369675
FULL,primary,21,Q2,100,587,17.035775127768314
FULL,primary,21,Q3,73,587,12.43611584327087
FULL,primary,21,Q4,69,587,11.754684838160136
FULL,primary,21,Q5,98,587,16.695059625212945
FULL,primary,21,INSUFFICIENT_VOL_HISTORY,44,587,7.495741056218058
FULL,primary,22,Q1,128,461,27.765726681127983
FULL,primary,22,Q2,92,461,19.95661605206074
FULL,primary,22,Q3,53,461,11.496746203904555
FULL,primary,22,Q4,63,461,13.665943600867678
FULL,primary,22,Q5,95,461,20.607375271149674
FULL,primary,22,INSUFFICIENT_VOL_HISTORY,30,461,6.507592190889371
FULL,primary,23,Q1,113,434,26.036866359447004
FULL,primary,23,Q2,83,434,19.12442396313364
FULL,primary,23,Q3,58,434,13.36405529953917
FULL,primary,23,Q4,55,434,12.672811059907835
FULL,primary,23,Q5,94,434,21.658986175115206
FULL,primary,23,INSUFFICIENT_VOL_HISTORY,31,434,7.142857142857142
FULL,primary,24,Q1,113,434,26.036866359447004
FULL,primary,24,Q2,83,434,19.12442396313364
FULL,primary,24,Q3,58,434,13.36405529953917
FULL,primary,24,Q4,55,434,12.672811059907835
FULL,primary,24,Q5,94,434,21.658986175115206
FULL,primary,24,INSUFFICIENT_VOL_HISTORY,31,434,7.142857142857142
FULL,primary,25,Q1,364,1022,35.61643835616438
FULL,primary,25,Q2,120,1022,11.741682974559687
FULL,primary,25,Q3,154,1022,15.068493150684931
FULL,primary,25,Q4,109,1022,10.665362035225048
FULL,primary,25,Q5,196,1022,19.17808219178082
FULL,primary,25,INSUFFICIENT_VOL_HISTORY,79,1022,7.729941291585127
FULL,primary,26,Q1,147,514,28.599221789883266
FULL,primary,26,Q2,73,514,14.202334630350194
FULL,primary,26,Q3,92,514,17.898832684824903
FULL,primary,26,Q4,72,514,14.007782101167315
FULL,primary,26,Q5,92,514,17.898832684824903
FULL,primary,26,INSUFFICIENT_VOL_HISTORY,38,514,7.392996108949417
FULL,primary,27,Q1,163,583,27.958833619210978
FULL,primary,27,Q2,107,583,18.353344768439108
FULL,primary,27,Q3,102,583,17.495711835334475
FULL,primary,27,Q4,76,583,13.036020583190394
FULL,primary,27,Q5,90,583,15.437392795883362
FULL,primary,27,INSUFFICIENT_VOL_HISTORY,45,583,7.718696397941681
FULL,primary,28,Q1,163,580,28.10344827586207
FULL,primary,28,Q2,106,580,18.275862068965516
FULL,primary,28,Q3,97,580,16.724137931034484
FULL,primary,28,Q4,59,580,10.172413793103448
FULL,primary,28,Q5,110,580,18.96551724137931
FULL,primary,28,INSUFFICIENT_VOL_HISTORY,45,580,7.758620689655173
FULL,robustness,Portfolio,Q1,4099,16298,25.150325193275247
FULL,robustness,Portfolio,Q2,2919,16298,17.91017302736532
FULL,robustness,Portfolio,Q3,2660,16298,16.321020984169838
FULL,robustness,Portfolio,Q4,2386,16298,14.639833108356854
FULL,robustness,Portfolio,Q5,3009,16298,18.462388023070314
FULL,robustness,Portfolio,INSUFFICIENT_VOL_HISTORY,1225,16298,7.516259663762424
FULL,robustness,JPY,Q1,2347,9420,24.91507430997877
FULL,robustness,JPY,Q2,1655,9420,17.569002123142248
FULL,robustness,JPY,Q3,1523,9420,16.16772823779193
FULL,robustness,JPY,Q4,1478,9420,15.690021231422504
FULL,robustness,JPY,Q5,1709,9420,18.14225053078556
FULL,robustness,JPY,INSUFFICIENT_VOL_HISTORY,708,9420,7.515923566878981
FULL,robustness,AUD_nonJPY,Q1,1752,6878,25.472521081709797
FULL,robustness,AUD_nonJPY,Q2,1264,6878,18.377435300959583
FULL,robustness,AUD_nonJPY,Q3,1137,6878,16.530968304739748
FULL,robustness,AUD_nonJPY,Q4,908,6878,13.20151206746147
FULL,robustness,AUD_nonJPY,Q5,1300,6878,18.900843268391974
FULL,robustness,AUD_nonJPY,INSUFFICIENT_VOL_HISTORY,517,6878,7.5167199767374235
FULL,robustness,Long,Q1,2470,9540,25.89098532494759
FULL,robustness,Long,Q2,1722,9540,18.050314465408803
FULL,robustness,Long,Q3,1469,9540,15.39832285115304
FULL,robustness,Long,Q4,1405,9540,14.727463312368974
FULL,robustness,Long,Q5,1752,9540,18.364779874213834
FULL,robustness,Long,INSUFFICIENT_VOL_HISTORY,722,9540,7.568134171907757
FULL,robustness,Short,Q1,1629,6758,24.104764723290913
FULL,robustness,Short,Q2,1197,6758,17.712340929269015
FULL,robustness,Short,Q3,1191,6758,17.623557265463155
FULL,robustness,Short,Q4,981,6758,14.516129032258066
FULL,robustness,Short,Q5,1257,6758,18.60017756732761
FULL,robustness,Short,INSUFFICIENT_VOL_HISTORY,503,6758,7.44303048239124
FULL,robustness,1,Q1,219,852,25.704225352112676
FULL,robustness,1,Q2,160,852,18.779342723004692
FULL,robustness,1,Q3,136,852,15.96244131455399
FULL,robustness,1,Q4,122,852,14.319248826291082
FULL,robustness,1,Q5,153,852,17.95774647887324
FULL,robustness,1,INSUFFICIENT_VOL_HISTORY,62,852,7.276995305164319
FULL,robustness,2,Q1,265,1029,25.75315840621963
FULL,robustness,2,Q2,194,1029,18.853255587949466
FULL,robustness,2,Q3,160,1029,15.54907677356657
FULL,robustness,2,Q4,148,1029,14.382896015549077
FULL,robustness,2,Q5,186,1029,18.075801749271136
FULL,robustness,2,INSUFFICIENT_VOL_HISTORY,76,1029,7.38581146744412
FULL,robustness,3,Q1,264,1029,25.65597667638484
FULL,robustness,3,Q2,194,1029,18.853255587949466
FULL,robustness,3,Q3,160,1029,15.54907677356657
FULL,robustness,3,Q4,149,1029,14.480077745383868
FULL,robustness,3,Q5,186,1029,18.075801749271136
FULL,robustness,3,INSUFFICIENT_VOL_HISTORY,76,1029,7.38581146744412
FULL,robustness,4,Q1,239,956,25.0
FULL,robustness,4,Q2,161,956,16.84100418410042
FULL,robustness,4,Q3,158,956,16.527196652719663
FULL,robustness,4,Q4,147,956,15.376569037656903
FULL,robustness,4,Q5,172,956,17.99163179916318
FULL,robustness,4,INSUFFICIENT_VOL_HISTORY,79,956,8.263598326359832
FULL,robustness,5,Q1,296,1252,23.642172523961662
FULL,robustness,5,Q2,213,1252,17.012779552715653
FULL,robustness,5,Q3,230,1252,18.370607028753994
FULL,robustness,5,Q4,205,1252,16.373801916932905
FULL,robustness,5,Q5,217,1252,17.33226837060703
FULL,robustness,5,INSUFFICIENT_VOL_HISTORY,91,1252,7.268370607028754
FULL,robustness,6,Q1,136,491,27.698574338085542
FULL,robustness,6,Q2,85,491,17.311608961303463
FULL,robustness,6,Q3,78,491,15.885947046843176
FULL,robustness,6,Q4,74,491,15.071283095723015
FULL,robustness,6,Q5,81,491,16.4969450101833
FULL,robustness,6,INSUFFICIENT_VOL_HISTORY,37,491,7.535641547861507
FULL,robustness,7,Q1,155,589,26.31578947368421
FULL,robustness,7,Q2,105,589,17.826825127334462
FULL,robustness,7,Q3,94,589,15.959252971137522
FULL,robustness,7,Q4,91,589,15.449915110356535
FULL,robustness,7,Q5,99,589,16.808149405772497
FULL,robustness,7,INSUFFICIENT_VOL_HISTORY,45,589,7.6400679117147705
FULL,robustness,8,Q1,150,590,25.423728813559322
FULL,robustness,8,Q2,108,590,18.305084745762713
FULL,robustness,8,Q3,80,590,13.559322033898304
FULL,robustness,8,Q4,103,590,17.457627118644066
FULL,robustness,8,Q5,103,590,17.457627118644066
FULL,robustness,8,INSUFFICIENT_VOL_HISTORY,46,590,7.796610169491526
FULL,robustness,9,Q1,68,340,20.0
FULL,robustness,9,Q2,57,340,16.76470588235294
FULL,robustness,9,Q3,59,340,17.352941176470587
FULL,robustness,9,Q4,55,340,16.176470588235293
FULL,robustness,9,Q5,77,340,22.647058823529413
FULL,robustness,9,INSUFFICIENT_VOL_HISTORY,24,340,7.0588235294117645
FULL,robustness,10,Q1,88,403,21.83622828784119
FULL,robustness,10,Q2,69,403,17.121588089330025
FULL,robustness,10,Q3,72,403,17.866004962779154
FULL,robustness,10,Q4,71,403,17.617866004962778
FULL,robustness,10,Q5,74,403,18.36228287841191
FULL,robustness,10,INSUFFICIENT_VOL_HISTORY,29,403,7.196029776674938
FULL,robustness,11,Q1,89,403,22.084367245657567
FULL,robustness,11,Q2,69,403,17.121588089330025
FULL,robustness,11,Q3,72,403,17.866004962779154
FULL,robustness,11,Q4,71,403,17.617866004962778
FULL,robustness,11,Q5,74,403,18.36228287841191
FULL,robustness,11,INSUFFICIENT_VOL_HISTORY,28,403,6.9478908188585615
FULL,robustness,12,Q1,140,546,25.64102564102564
FULL,robustness,12,Q2,90,546,16.483516483516482
FULL,robustness,12,Q3,90,546,16.483516483516482
FULL,robustness,12,Q4,90,546,16.483516483516482
FULL,robustness,12,Q5,93,546,17.032967032967033
FULL,robustness,12,INSUFFICIENT_VOL_HISTORY,43,546,7.875457875457875
FULL,robustness,13,Q1,60,223,26.905829596412556
FULL,robustness,13,Q2,35,223,15.695067264573993
FULL,robustness,13,Q3,42,223,18.83408071748879
FULL,robustness,13,Q4,30,223,13.452914798206278
FULL,robustness,13,Q5,40,223,17.937219730941703
FULL,robustness,13,INSUFFICIENT_VOL_HISTORY,16,223,7.174887892376682
FULL,robustness,14,Q1,23,73,31.506849315068493
FULL,robustness,14,Q2,11,73,15.068493150684931
FULL,robustness,14,Q3,9,73,12.32876712328767
FULL,robustness,14,Q4,12,73,16.43835616438356
FULL,robustness,14,Q5,11,73,15.068493150684931
FULL,robustness,14,INSUFFICIENT_VOL_HISTORY,7,73,9.58904109589041
FULL,robustness,15,Q1,8,70,11.428571428571429
FULL,robustness,15,Q2,3,70,4.285714285714286
FULL,robustness,15,Q3,12,70,17.142857142857142
FULL,robustness,15,Q4,13,70,18.571428571428573
FULL,robustness,15,Q5,29,70,41.42857142857143
FULL,robustness,15,INSUFFICIENT_VOL_HISTORY,5,70,7.142857142857142
FULL,robustness,16,Q1,10,60,16.666666666666664
FULL,robustness,16,Q2,16,60,26.666666666666668
FULL,robustness,16,Q3,5,60,8.333333333333332
FULL,robustness,16,Q4,10,60,16.666666666666664
FULL,robustness,16,Q5,13,60,21.666666666666668
FULL,robustness,16,INSUFFICIENT_VOL_HISTORY,6,60,10.0
FULL,robustness,17,Q1,81,351,23.076923076923077
FULL,robustness,17,Q2,75,351,21.367521367521366
FULL,robustness,17,Q3,59,351,16.80911680911681
FULL,robustness,17,Q4,44,351,12.535612535612536
FULL,robustness,17,Q5,66,351,18.803418803418804
FULL,robustness,17,INSUFFICIENT_VOL_HISTORY,26,351,7.4074074074074066
FULL,robustness,18,Q1,253,953,26.547743966421827
FULL,robustness,18,Q2,171,953,17.94333683105981
FULL,robustness,18,Q3,176,953,18.467995802728225
FULL,robustness,18,Q4,115,953,12.067156348373558
FULL,robustness,18,Q5,167,953,17.523609653725078
FULL,robustness,18,INSUFFICIENT_VOL_HISTORY,71,953,7.450157397691501
FULL,robustness,19,Q1,162,703,23.044096728307252
FULL,robustness,19,Q2,156,703,22.190611664295876
FULL,robustness,19,Q3,112,703,15.931721194879088
FULL,robustness,19,Q4,82,703,11.66429587482219
FULL,robustness,19,Q5,135,703,19.203413940256045
FULL,robustness,19,INSUFFICIENT_VOL_HISTORY,56,703,7.965860597439544
FULL,robustness,20,Q1,213,770,27.66233766233766
FULL,robustness,20,Q2,137,770,17.792207792207794
FULL,robustness,20,Q3,145,770,18.83116883116883
FULL,robustness,20,Q4,85,770,11.03896103896104
FULL,robustness,20,Q5,132,770,17.142857142857142
FULL,robustness,20,INSUFFICIENT_VOL_HISTORY,58,770,7.532467532467532
FULL,robustness,21,Q1,165,587,28.109028960817717
FULL,robustness,21,Q2,107,587,18.228279386712096
FULL,robustness,21,Q3,86,587,14.65076660988075
FULL,robustness,21,Q4,81,587,13.798977853492334
FULL,robustness,21,Q5,103,587,17.54684838160136
FULL,robustness,21,INSUFFICIENT_VOL_HISTORY,45,587,7.666098807495741
FULL,robustness,22,Q1,104,461,22.559652928416483
FULL,robustness,22,Q2,95,461,20.607375271149674
FULL,robustness,22,Q3,73,461,15.835140997830802
FULL,robustness,22,Q4,73,461,15.835140997830802
FULL,robustness,22,Q5,86,461,18.655097613882862
FULL,robustness,22,INSUFFICIENT_VOL_HISTORY,30,461,6.507592190889371
FULL,robustness,23,Q1,109,434,25.115207373271893
FULL,robustness,23,Q2,78,434,17.972350230414747
FULL,robustness,23,Q3,62,434,14.285714285714285
FULL,robustness,23,Q4,62,434,14.285714285714285
FULL,robustness,23,Q5,92,434,21.19815668202765
FULL,robustness,23,INSUFFICIENT_VOL_HISTORY,31,434,7.142857142857142
FULL,robustness,24,Q1,109,434,25.115207373271893
FULL,robustness,24,Q2,78,434,17.972350230414747
FULL,robustness,24,Q3,62,434,14.285714285714285
FULL,robustness,24,Q4,62,434,14.285714285714285
FULL,robustness,24,Q5,92,434,21.19815668202765
FULL,robustness,24,INSUFFICIENT_VOL_HISTORY,31,434,7.142857142857142
FULL,robustness,25,Q1,295,1022,28.864970645792564
FULL,robustness,25,Q2,143,1022,13.992172211350292
FULL,robustness,25,Q3,157,1022,15.362035225048922
FULL,robustness,25,Q4,146,1022,14.285714285714285
FULL,robustness,25,Q5,202,1022,19.765166340508806
FULL,robustness,25,INSUFFICIENT_VOL_HISTORY,79,1022,7.729941291585127
FULL,robustness,26,Q1,137,514,26.653696498054476
FULL,robustness,26,Q2,85,514,16.536964980544745
FULL,robustness,26,Q3,66,514,12.840466926070038
FULL,robustness,26,Q4,87,514,16.926070038910506
FULL,robustness,26,Q5,101,514,19.64980544747082
FULL,robustness,26,INSUFFICIENT_VOL_HISTORY,38,514,7.392996108949417
FULL,robustness,27,Q1,138,583,23.67066895368782
FULL,robustness,27,Q2,104,583,17.83876500857633
FULL,robustness,27,Q3,118,583,20.240137221269297
FULL,robustness,27,Q4,69,583,11.83533447684391
FULL,robustness,27,Q5,109,583,18.69639794168096
FULL,robustness,27,INSUFFICIENT_VOL_HISTORY,45,583,7.718696397941681
FULL,robustness,28,Q1,123,580,21.20689655172414
FULL,robustness,28,Q2,120,580,20.689655172413794
FULL,robustness,28,Q3,87,580,15.0
FULL,robustness,28,Q4,89,580,15.344827586206897
FULL,robustness,28,Q5,116,580,20.0
FULL,robustness,28,INSUFFICIENT_VOL_HISTORY,45,580,7.758620689655173
Historical,primary,Portfolio,Q1,2732,9756,28.003280032800326
Historical,primary,Portfolio,Q2,1708,9756,17.507175071750716
Historical,primary,Portfolio,Q3,1509,9756,15.467404674046739
Historical,primary,Portfolio,Q4,1237,9756,12.679376793767938
Historical,primary,Portfolio,Q5,1354,9756,13.878638786387864
Historical,primary,Portfolio,INSUFFICIENT_VOL_HISTORY,1216,9756,12.464124641246412
Historical,primary,JPY,Q1,1522,5641,26.981031731962418
Historical,primary,JPY,Q2,980,5641,17.372806240028364
Historical,primary,JPY,Q3,854,5641,15.139159723453288
Historical,primary,JPY,Q4,790,5641,14.004609111859601
Historical,primary,JPY,Q5,793,5641,14.057791171778053
Historical,primary,JPY,INSUFFICIENT_VOL_HISTORY,702,5641,12.444602020918277
Historical,primary,AUD_nonJPY,Q1,1210,4115,29.404617253948967
Historical,primary,AUD_nonJPY,Q2,728,4115,17.691373025516405
Historical,primary,AUD_nonJPY,Q3,655,4115,15.91737545565006
Historical,primary,AUD_nonJPY,Q4,447,4115,10.86269744835966
Historical,primary,AUD_nonJPY,Q5,561,4115,13.633049817739975
Historical,primary,AUD_nonJPY,INSUFFICIENT_VOL_HISTORY,514,4115,12.490886998784934
Historical,primary,Long,Q1,1691,5726,29.531959483059726
Historical,primary,Long,Q2,991,5726,17.307020607754104
Historical,primary,Long,Q3,818,5726,14.285714285714285
Historical,primary,Long,Q4,708,5726,12.364652462451973
Historical,primary,Long,Q5,803,5726,14.02375130981488
Historical,primary,Long,INSUFFICIENT_VOL_HISTORY,715,5726,12.48690185120503
Historical,primary,Short,Q1,1041,4030,25.831265508684865
Historical,primary,Short,Q2,717,4030,17.791563275434243
Historical,primary,Short,Q3,691,4030,17.146401985111662
Historical,primary,Short,Q4,529,4030,13.126550868486353
Historical,primary,Short,Q5,551,4030,13.672456575682382
Historical,primary,Short,INSUFFICIENT_VOL_HISTORY,501,4030,12.431761786600497
Historical,primary,1,Q1,154,510,30.19607843137255
Historical,primary,1,Q2,101,510,19.80392156862745
Historical,primary,1,Q3,58,510,11.372549019607844
Historical,primary,1,Q4,67,510,13.137254901960786
Historical,primary,1,Q5,69,510,13.529411764705882
Historical,primary,1,INSUFFICIENT_VOL_HISTORY,61,510,11.96078431372549
Historical,primary,2,Q1,195,622,31.350482315112536
Historical,primary,2,Q2,114,622,18.327974276527332
Historical,primary,2,Q3,69,622,11.093247588424438
Historical,primary,2,Q4,85,622,13.665594855305466
Historical,primary,2,Q5,84,622,13.504823151125404
Historical,primary,2,INSUFFICIENT_VOL_HISTORY,75,622,12.057877813504824
Historical,primary,3,Q1,195,621,31.40096618357488
Historical,primary,3,Q2,113,621,18.19645732689211
Historical,primary,3,Q3,69,621,11.11111111111111
Historical,primary,3,Q4,85,621,13.687600644122384
Historical,primary,3,Q5,84,621,13.526570048309178
Historical,primary,3,INSUFFICIENT_VOL_HISTORY,75,621,12.077294685990339
Historical,primary,4,Q1,145,572,25.34965034965035
Historical,primary,4,Q2,100,572,17.482517482517483
Historical,primary,4,Q3,84,572,14.685314685314685
Historical,primary,4,Q4,83,572,14.51048951048951
Historical,primary,4,Q5,81,572,14.160839160839162
Historical,primary,4,INSUFFICIENT_VOL_HISTORY,79,572,13.81118881118881
Historical,primary,5,Q1,180,743,24.226110363391655
Historical,primary,5,Q2,128,743,17.227456258411845
Historical,primary,5,Q3,127,743,17.092866756393
Historical,primary,5,Q4,109,743,14.670255720053834
Historical,primary,5,Q5,108,743,14.535666218034994
Historical,primary,5,INSUFFICIENT_VOL_HISTORY,91,743,12.24764468371467
Historical,primary,6,Q1,83,295,28.135593220338983
Historical,primary,6,Q2,46,295,15.593220338983052
Historical,primary,6,Q3,54,295,18.305084745762713
Historical,primary,6,Q4,43,295,14.576271186440678
Historical,primary,6,Q5,33,295,11.186440677966102
Historical,primary,6,INSUFFICIENT_VOL_HISTORY,36,295,12.203389830508476
Historical,primary,7,Q1,97,352,27.556818181818183
Historical,primary,7,Q2,55,352,15.625
Historical,primary,7,Q3,61,352,17.329545454545457
Historical,primary,7,Q4,47,352,13.352272727272727
Historical,primary,7,Q5,48,352,13.636363636363635
Historical,primary,7,INSUFFICIENT_VOL_HISTORY,44,352,12.5
Historical,primary,8,Q1,98,354,27.683615819209038
Historical,primary,8,Q2,61,354,17.231638418079097
Historical,primary,8,Q3,54,354,15.254237288135593
Historical,primary,8,Q4,44,354,12.429378531073446
Historical,primary,8,Q5,52,354,14.689265536723164
Historical,primary,8,INSUFFICIENT_VOL_HISTORY,45,354,12.711864406779661
Historical,primary,9,Q1,46,206,22.330097087378643
Historical,primary,9,Q2,34,206,16.50485436893204
Historical,primary,9,Q3,37,206,17.96116504854369
Historical,primary,9,Q4,27,206,13.106796116504855
Historical,primary,9,Q5,38,206,18.446601941747574
Historical,primary,9,INSUFFICIENT_VOL_HISTORY,24,206,11.650485436893204
Historical,primary,10,Q1,45,239,18.828451882845187
Historical,primary,10,Q2,45,239,18.828451882845187
Historical,primary,10,Q3,52,239,21.75732217573222
Historical,primary,10,Q4,33,239,13.807531380753138
Historical,primary,10,Q5,35,239,14.644351464435147
Historical,primary,10,INSUFFICIENT_VOL_HISTORY,29,239,12.133891213389122
Historical,primary,11,Q1,45,238,18.907563025210084
Historical,primary,11,Q2,45,238,18.907563025210084
Historical,primary,11,Q3,52,238,21.84873949579832
Historical,primary,11,Q4,33,238,13.865546218487395
Historical,primary,11,Q5,35,238,14.705882352941178
Historical,primary,11,INSUFFICIENT_VOL_HISTORY,28,238,11.76470588235294
Historical,primary,12,Q1,86,327,26.299694189602445
Historical,primary,12,Q2,56,327,17.12538226299694
Historical,primary,12,Q3,45,327,13.761467889908257
Historical,primary,12,Q4,49,327,14.984709480122325
Historical,primary,12,Q5,48,327,14.678899082568808
Historical,primary,12,INSUFFICIENT_VOL_HISTORY,43,327,13.149847094801222
Historical,primary,13,Q1,34,132,25.757575757575758
Historical,primary,13,Q2,23,132,17.424242424242426
Historical,primary,13,Q3,25,132,18.939393939393938
Historical,primary,13,Q4,16,132,12.121212121212121
Historical,primary,13,Q5,18,132,13.636363636363635
Historical,primary,13,INSUFFICIENT_VOL_HISTORY,16,132,12.121212121212121
Historical,primary,14,Q1,13,43,30.23255813953488
Historical,primary,14,Q2,8,43,18.6046511627907
Historical,primary,14,Q3,6,43,13.953488372093023
Historical,primary,14,Q4,5,43,11.627906976744185
Historical,primary,14,Q5,4,43,9.30232558139535
Historical,primary,14,INSUFFICIENT_VOL_HISTORY,7,43,16.27906976744186
Historical,primary,15,Q1,7,42,16.666666666666664
Historical,primary,15,Q2,8,42,19.047619047619047
Historical,primary,15,Q3,4,42,9.523809523809524
Historical,primary,15,Q4,11,42,26.190476190476193
Historical,primary,15,Q5,7,42,16.666666666666664
Historical,primary,15,INSUFFICIENT_VOL_HISTORY,5,42,11.904761904761903
Historical,primary,16,Q1,10,37,27.027027027027028
Historical,primary,16,Q2,5,37,13.513513513513514
Historical,primary,16,Q3,7,37,18.91891891891892
Historical,primary,16,Q4,5,37,13.513513513513514
Historical,primary,16,Q5,4,37,10.81081081081081
Historical,primary,16,INSUFFICIENT_VOL_HISTORY,6,37,16.216216216216218
Historical,primary,17,Q1,60,215,27.906976744186046
Historical,primary,17,Q2,37,215,17.209302325581397
Historical,primary,17,Q3,40,215,18.6046511627907
Historical,primary,17,Q4,27,215,12.558139534883722
Historical,primary,17,Q5,25,215,11.627906976744185
Historical,primary,17,INSUFFICIENT_VOL_HISTORY,26,215,12.093023255813954
Historical,primary,18,Q1,177,573,30.89005235602094
Historical,primary,18,Q2,91,573,15.881326352530541
Historical,primary,18,Q3,106,573,18.49912739965096
Historical,primary,18,Q4,70,573,12.216404886561955
Historical,primary,18,Q5,59,573,10.296684118673648
Historical,primary,18,INSUFFICIENT_VOL_HISTORY,70,573,12.216404886561955
Historical,primary,19,Q1,124,432,28.703703703703702
Historical,primary,19,Q2,70,432,16.203703703703702
Historical,primary,19,Q3,75,432,17.36111111111111
Historical,primary,19,Q4,49,432,11.342592592592593
Historical,primary,19,Q5,58,432,13.425925925925927
Historical,primary,19,INSUFFICIENT_VOL_HISTORY,56,432,12.962962962962962
Historical,primary,20,Q1,145,455,31.868131868131865
Historical,primary,20,Q2,72,455,15.824175824175823
Historical,primary,20,Q3,79,455,17.36263736263736
Historical,primary,20,Q4,52,455,11.428571428571429
Historical,primary,20,Q5,50,455,10.989010989010989
Historical,primary,20,INSUFFICIENT_VOL_HISTORY,57,455,12.527472527472527
Historical,primary,21,Q1,120,351,34.18803418803419
Historical,primary,21,Q2,64,351,18.233618233618234
Historical,primary,21,Q3,43,351,12.250712250712251
Historical,primary,21,Q4,32,351,9.116809116809117
Historical,primary,21,Q5,48,351,13.675213675213676
Historical,primary,21,INSUFFICIENT_VOL_HISTORY,44,351,12.535612535612536
Historical,primary,22,Q1,74,274,27.00729927007299
Historical,primary,22,Q2,66,274,24.087591240875913
Historical,primary,22,Q3,28,274,10.218978102189782
Historical,primary,22,Q4,29,274,10.583941605839415
Historical,primary,22,Q5,47,274,17.153284671532848
Historical,primary,22,INSUFFICIENT_VOL_HISTORY,30,274,10.948905109489052
Historical,primary,23,Q1,62,252,24.6031746031746
Historical,primary,23,Q2,52,252,20.634920634920633
Historical,primary,23,Q3,36,252,14.285714285714285
Historical,primary,23,Q4,26,252,10.317460317460316
Historical,primary,23,Q5,45,252,17.857142857142858
Historical,primary,23,INSUFFICIENT_VOL_HISTORY,31,252,12.3015873015873
Historical,primary,24,Q1,62,252,24.6031746031746
Historical,primary,24,Q2,52,252,20.634920634920633
Historical,primary,24,Q3,36,252,14.285714285714285
Historical,primary,24,Q4,26,252,10.317460317460316
Historical,primary,24,Q5,45,252,17.857142857142858
Historical,primary,24,INSUFFICIENT_VOL_HISTORY,31,252,12.3015873015873
Historical,primary,25,Q1,211,614,34.36482084690554
Historical,primary,25,Q2,83,614,13.517915309446254
Historical,primary,25,Q3,105,614,17.100977198697066
Historical,primary,25,Q4,49,614,7.980456026058631
Historical,primary,25,Q5,87,614,14.169381107491857
Historical,primary,25,INSUFFICIENT_VOL_HISTORY,79,614,12.866449511400651
Historical,primary,26,Q1,89,308,28.8961038961039
Historical,primary,26,Q2,38,308,12.337662337662337
Historical,primary,26,Q3,50,308,16.233766233766232
Historical,primary,26,Q4,48,308,15.584415584415584
Historical,primary,26,Q5,45,308,14.61038961038961
Historical,primary,26,INSUFFICIENT_VOL_HISTORY,38,308,12.337662337662337
Historical,primary,27,Q1,89,350,25.428571428571427
Historical,primary,27,Q2,71,350,20.285714285714285
Historical,primary,27,Q3,51,350,14.571428571428571
Historical,primary,27,Q4,55,350,15.714285714285714
Historical,primary,27,Q5,39,350,11.142857142857142
Historical,primary,27,INSUFFICIENT_VOL_HISTORY,45,350,12.857142857142856
Historical,primary,28,Q1,86,347,24.78386167146974
Historical,primary,28,Q2,70,347,20.172910662824208
Historical,primary,28,Q3,56,347,16.138328530259365
Historical,primary,28,Q4,32,347,9.221902017291066
Historical,primary,28,Q5,58,347,16.714697406340058
Historical,primary,28,INSUFFICIENT_VOL_HISTORY,45,347,12.968299711815561
Historical,robustness,Portfolio,Q1,2328,9756,23.862238622386222
Historical,robustness,Portfolio,Q2,1707,9756,17.49692496924969
Historical,robustness,Portfolio,Q3,1586,9756,16.256662566625664
Historical,robustness,Portfolio,Q4,1309,9756,13.417384173841738
Historical,robustness,Portfolio,Q5,1601,9756,16.41041410414104
Historical,robustness,Portfolio,INSUFFICIENT_VOL_HISTORY,1225,9756,12.556375563755637
Historical,robustness,JPY,Q1,1289,5641,22.850558411629144
Historical,robustness,JPY,Q2,980,5641,17.372806240028364
Historical,robustness,JPY,Q3,924,5641,16.380074454883886
Historical,robustness,JPY,Q4,844,5641,14.961886190391773
Historical,robustness,JPY,Q5,896,5641,15.883708562311647
Historical,robustness,JPY,INSUFFICIENT_VOL_HISTORY,708,5641,12.550966140755184
Historical,robustness,AUD_nonJPY,Q1,1039,4115,25.24908869987849
Historical,robustness,AUD_nonJPY,Q2,727,4115,17.667071688942894
Historical,robustness,AUD_nonJPY,Q3,662,4115,16.08748481166464
Historical,robustness,AUD_nonJPY,Q4,465,4115,11.300121506682867
Historical,robustness,AUD_nonJPY,Q5,705,4115,17.132442284325638
Historical,robustness,AUD_nonJPY,INSUFFICIENT_VOL_HISTORY,517,4115,12.563791008505468
Historical,robustness,Long,Q1,1409,5726,24.60705553615089
Historical,robustness,Long,Q2,1011,5726,17.65630457561998
Historical,robustness,Long,Q3,888,5726,15.508208173244848
Historical,robustness,Long,Q4,792,5726,13.831645127488649
Historical,robustness,Long,Q5,904,5726,15.787635347537549
Historical,robustness,Long,INSUFFICIENT_VOL_HISTORY,722,5726,12.609151239958086
Historical,robustness,Short,Q1,919,4030,22.803970223325063
Historical,robustness,Short,Q2,696,4030,17.270471464019852
Historical,robustness,Short,Q3,698,4030,17.320099255583127
Historical,robustness,Short,Q4,517,4030,12.8287841191067
Historical,robustness,Short,Q5,697,4030,17.295285359801486
Historical,robustness,Short,INSUFFICIENT_VOL_HISTORY,503,4030,12.481389578163773
Historical,robustness,1,Q1,125,510,24.509803921568626
Historical,robustness,1,Q2,88,510,17.254901960784313
Historical,robustness,1,Q3,87,510,17.058823529411764
Historical,robustness,1,Q4,73,510,14.313725490196077
Historical,robustness,1,Q5,75,510,14.705882352941178
Historical,robustness,1,INSUFFICIENT_VOL_HISTORY,62,510,12.156862745098039
Historical,robustness,2,Q1,153,622,24.59807073954984
Historical,robustness,2,Q2,109,622,17.524115755627008
Historical,robustness,2,Q3,106,622,17.041800643086816
Historical,robustness,2,Q4,90,622,14.469453376205788
Historical,robustness,2,Q5,88,622,14.14790996784566
Historical,robustness,2,INSUFFICIENT_VOL_HISTORY,76,622,12.218649517684888
Historical,robustness,3,Q1,152,621,24.476650563607087
Historical,robustness,3,Q2,109,621,17.55233494363929
Historical,robustness,3,Q3,106,621,17.06924315619968
Historical,robustness,3,Q4,90,621,14.492753623188406
Historical,robustness,3,Q5,88,621,14.170692431561996
Historical,robustness,3,INSUFFICIENT_VOL_HISTORY,76,621,12.238325281803544
Historical,robustness,4,Q1,129,572,22.552447552447553
Historical,robustness,4,Q2,98,572,17.132867132867133
Historical,robustness,4,Q3,86,572,15.034965034965033
Historical,robustness,4,Q4,84,572,14.685314685314685
Historical,robustness,4,Q5,96,572,16.783216783216783
Historical,robustness,4,INSUFFICIENT_VOL_HISTORY,79,572,13.81118881118881
Historical,robustness,5,Q1,155,743,20.861372812920592
Historical,robustness,5,Q2,120,743,16.1507402422611
Historical,robustness,5,Q3,145,743,19.515477792732167
Historical,robustness,5,Q4,109,743,14.670255720053834
Historical,robustness,5,Q5,123,743,16.55450874831763
Historical,robustness,5,INSUFFICIENT_VOL_HISTORY,91,743,12.24764468371467
Historical,robustness,6,Q1,69,295,23.389830508474578
Historical,robustness,6,Q2,51,295,17.28813559322034
Historical,robustness,6,Q3,54,295,18.305084745762713
Historical,robustness,6,Q4,41,295,13.898305084745763
Historical,robustness,6,Q5,43,295,14.576271186440678
Historical,robustness,6,INSUFFICIENT_VOL_HISTORY,37,295,12.54237288135593
Historical,robustness,7,Q1,80,352,22.727272727272727
Historical,robustness,7,Q2,64,352,18.181818181818183
Historical,robustness,7,Q3,59,352,16.761363636363637
Historical,robustness,7,Q4,47,352,13.352272727272727
Historical,robustness,7,Q5,57,352,16.193181818181817
Historical,robustness,7,INSUFFICIENT_VOL_HISTORY,45,352,12.784090909090908
Historical,robustness,8,Q1,83,354,23.44632768361582
Historical,robustness,8,Q2,71,354,20.056497175141246
Historical,robustness,8,Q3,38,354,10.734463276836157
Historical,robustness,8,Q4,60,354,16.94915254237288
Historical,robustness,8,Q5,56,354,15.819209039548024
Historical,robustness,8,INSUFFICIENT_VOL_HISTORY,46,354,12.994350282485875
Historical,robustness,9,Q1,41,206,19.902912621359224
Historical,robustness,9,Q2,36,206,17.475728155339805
Historical,robustness,9,Q3,33,206,16.019417475728158
Historical,robustness,9,Q4,30,206,14.563106796116504
Historical,robustness,9,Q5,42,206,20.388349514563107
Historical,robustness,9,INSUFFICIENT_VOL_HISTORY,24,206,11.650485436893204
Historical,robustness,10,Q1,47,239,19.665271966527197
Historical,robustness,10,Q2,44,239,18.410041841004183
Historical,robustness,10,Q3,43,239,17.99163179916318
Historical,robustness,10,Q4,39,239,16.317991631799163
Historical,robustness,10,Q5,37,239,15.481171548117153
Historical,robustness,10,INSUFFICIENT_VOL_HISTORY,29,239,12.133891213389122
Historical,robustness,11,Q1,47,238,19.747899159663866
Historical,robustness,11,Q2,44,238,18.487394957983195
Historical,robustness,11,Q3,43,238,18.067226890756302
Historical,robustness,11,Q4,39,238,16.386554621848738
Historical,robustness,11,Q5,37,238,15.546218487394958
Historical,robustness,11,INSUFFICIENT_VOL_HISTORY,28,238,11.76470588235294
Historical,robustness,12,Q1,69,327,21.100917431192663
Historical,robustness,12,Q2,63,327,19.26605504587156
Historical,robustness,12,Q3,55,327,16.819571865443425
Historical,robustness,12,Q4,51,327,15.59633027522936
Historical,robustness,12,Q5,46,327,14.067278287461773
Historical,robustness,12,INSUFFICIENT_VOL_HISTORY,43,327,13.149847094801222
Historical,robustness,13,Q1,29,132,21.96969696969697
Historical,robustness,13,Q2,25,132,18.939393939393938
Historical,robustness,13,Q3,24,132,18.181818181818183
Historical,robustness,13,Q4,16,132,12.121212121212121
Historical,robustness,13,Q5,22,132,16.666666666666664
Historical,robustness,13,INSUFFICIENT_VOL_HISTORY,16,132,12.121212121212121
Historical,robustness,14,Q1,13,43,30.23255813953488
Historical,robustness,14,Q2,7,43,16.27906976744186
Historical,robustness,14,Q3,4,43,9.30232558139535
Historical,robustness,14,Q4,6,43,13.953488372093023
Historical,robustness,14,Q5,6,43,13.953488372093023
Historical,robustness,14,INSUFFICIENT_VOL_HISTORY,7,43,16.27906976744186
Historical,robustness,15,Q1,8,42,19.047619047619047
Historical,robustness,15,Q2,0,42,0.0
Historical,robustness,15,Q3,4,42,9.523809523809524
Historical,robustness,15,Q4,13,42,30.952380952380953
Historical,robustness,15,Q5,12,42,28.57142857142857
Historical,robustness,15,INSUFFICIENT_VOL_HISTORY,5,42,11.904761904761903
Historical,robustness,16,Q1,7,37,18.91891891891892
Historical,robustness,16,Q2,9,37,24.324324324324326
Historical,robustness,16,Q3,3,37,8.108108108108109
Historical,robustness,16,Q4,5,37,13.513513513513514
Historical,robustness,16,Q5,7,37,18.91891891891892
Historical,robustness,16,INSUFFICIENT_VOL_HISTORY,6,37,16.216216216216218
Historical,robustness,17,Q1,54,215,25.116279069767444
Historical,robustness,17,Q2,39,215,18.13953488372093
Historical,robustness,17,Q3,37,215,17.209302325581397
Historical,robustness,17,Q4,20,215,9.30232558139535
Historical,robustness,17,Q5,39,215,18.13953488372093
Historical,robustness,17,INSUFFICIENT_VOL_HISTORY,26,215,12.093023255813954
Historical,robustness,18,Q1,155,573,27.05061082024433
Historical,robustness,18,Q2,93,573,16.230366492146597
Historical,robustness,18,Q3,100,573,17.452006980802793
Historical,robustness,18,Q4,54,573,9.424083769633508
Historical,robustness,18,Q5,100,573,17.452006980802793
Historical,robustness,18,INSUFFICIENT_VOL_HISTORY,71,573,12.390924956369982
Historical,robustness,19,Q1,110,432,25.462962962962965
Historical,robustness,19,Q2,78,432,18.055555555555554
Historical,robustness,19,Q3,68,432,15.74074074074074
Historical,robustness,19,Q4,44,432,10.185185185185185
Historical,robustness,19,Q5,76,432,17.59259259259259
Historical,robustness,19,INSUFFICIENT_VOL_HISTORY,56,432,12.962962962962962
Historical,robustness,20,Q1,119,455,26.153846153846157
Historical,robustness,20,Q2,75,455,16.483516483516482
Historical,robustness,20,Q3,84,455,18.461538461538463
Historical,robustness,20,Q4,40,455,8.791208791208792
Historical,robustness,20,Q5,79,455,17.36263736263736
Historical,robustness,20,INSUFFICIENT_VOL_HISTORY,58,455,12.747252747252746
Historical,robustness,21,Q1,96,351,27.350427350427353
Historical,robustness,21,Q2,63,351,17.94871794871795
Historical,robustness,21,Q3,49,351,13.96011396011396
Historical,robustness,21,Q4,46,351,13.105413105413104
Historical,robustness,21,Q5,52,351,14.814814814814813
Historical,robustness,21,INSUFFICIENT_VOL_HISTORY,45,351,12.82051282051282
Historical,robustness,22,Q1,63,274,22.99270072992701
Historical,robustness,22,Q2,58,274,21.16788321167883
Historical,robustness,22,Q3,41,274,14.963503649635038
Historical,robustness,22,Q4,39,274,14.233576642335766
Historical,robustness,22,Q5,43,274,15.693430656934307
Historical,robustness,22,INSUFFICIENT_VOL_HISTORY,30,274,10.948905109489052
Historical,robustness,23,Q1,60,252,23.809523809523807
Historical,robustness,23,Q2,47,252,18.650793650793652
Historical,robustness,23,Q3,36,252,14.285714285714285
Historical,robustness,23,Q4,32,252,12.698412698412698
Historical,robustness,23,Q5,46,252,18.253968253968253
Historical,robustness,23,INSUFFICIENT_VOL_HISTORY,31,252,12.3015873015873
Historical,robustness,24,Q1,60,252,23.809523809523807
Historical,robustness,24,Q2,47,252,18.650793650793652
Historical,robustness,24,Q3,36,252,14.285714285714285
Historical,robustness,24,Q4,32,252,12.698412698412698
Historical,robustness,24,Q5,46,252,18.253968253968253
Historical,robustness,24,INSUFFICIENT_VOL_HISTORY,31,252,12.3015873015873
Historical,robustness,25,Q1,171,614,27.850162866449512
Historical,robustness,25,Q2,99,614,16.123778501628664
Historical,robustness,25,Q3,97,614,15.798045602605862
Historical,robustness,25,Q4,74,614,12.052117263843648
Historical,robustness,25,Q5,94,614,15.309446254071663
Historical,robustness,25,INSUFFICIENT_VOL_HISTORY,79,614,12.866449511400651
Historical,robustness,26,Q1,82,308,26.623376623376622
Historical,robustness,26,Q2,42,308,13.636363636363635
Historical,robustness,26,Q3,34,308,11.03896103896104
Historical,robustness,26,Q4,51,308,16.558441558441558
Historical,robustness,26,Q5,61,308,19.805194805194805
Historical,robustness,26,INSUFFICIENT_VOL_HISTORY,38,308,12.337662337662337
Historical,robustness,27,Q1,85,350,24.285714285714285
Historical,robustness,27,Q2,55,350,15.714285714285714
Historical,robustness,27,Q3,64,350,18.285714285714285
Historical,robustness,27,Q4,36,350,10.285714285714285
Historical,robustness,27,Q5,65,350,18.571428571428573
Historical,robustness,27,INSUFFICIENT_VOL_HISTORY,45,350,12.857142857142856
Historical,robustness,28,Q1,66,347,19.020172910662826
Historical,robustness,28,Q2,73,347,21.037463976945244
Historical,robustness,28,Q3,50,347,14.409221902017292
Historical,robustness,28,Q4,48,347,13.8328530259366
Historical,robustness,28,Q5,65,347,18.73198847262248
Historical,robustness,28,INSUFFICIENT_VOL_HISTORY,45,347,12.968299711815561
RecentA,primary,Portfolio,Q1,684,2767,24.719913263462235
RecentA,primary,Portfolio,Q2,410,2767,14.817491868449583
RecentA,primary,Portfolio,Q3,443,2767,16.010119262739426
RecentA,primary,Portfolio,Q4,398,2767,14.383809179616913
RecentA,primary,Portfolio,Q5,832,2767,30.068666425731838
RecentA,primary,Portfolio,INSUFFICIENT_VOL_HISTORY,0,2767,0.0
RecentA,primary,JPY,Q1,398,1606,24.78206724782067
RecentA,primary,JPY,Q2,221,1606,13.760896637608965
RecentA,primary,JPY,Q3,237,1606,14.757160647571608
RecentA,primary,JPY,Q4,222,1606,13.823163138231632
RecentA,primary,JPY,Q5,528,1606,32.87671232876712
RecentA,primary,JPY,INSUFFICIENT_VOL_HISTORY,0,1606,0.0
RecentA,primary,AUD_nonJPY,Q1,286,1161,24.63393626184324
RecentA,primary,AUD_nonJPY,Q2,189,1161,16.27906976744186
RecentA,primary,AUD_nonJPY,Q3,206,1161,17.743324720068905
RecentA,primary,AUD_nonJPY,Q4,176,1161,15.15934539190353
RecentA,primary,AUD_nonJPY,Q5,304,1161,26.184323858742463
RecentA,primary,AUD_nonJPY,INSUFFICIENT_VOL_HISTORY,0,1161,0.0
RecentA,primary,Long,Q1,418,1632,25.612745098039213
RecentA,primary,Long,Q2,231,1632,14.154411764705882
RecentA,primary,Long,Q3,232,1632,14.215686274509803
RecentA,primary,Long,Q4,240,1632,14.705882352941178
RecentA,primary,Long,Q5,511,1632,31.311274509803923
RecentA,primary,Long,INSUFFICIENT_VOL_HISTORY,0,1632,0.0
RecentA,primary,Short,Q1,266,1135,23.43612334801762
RecentA,primary,Short,Q2,179,1135,15.770925110132158
RecentA,primary,Short,Q3,211,1135,18.590308370044053
RecentA,primary,Short,Q4,158,1135,13.920704845814976
RecentA,primary,Short,Q5,321,1135,28.28193832599119
RecentA,primary,Short,INSUFFICIENT_VOL_HISTORY,0,1135,0.0
RecentA,primary,1,Q1,37,147,25.170068027210885
RecentA,primary,1,Q2,20,147,13.60544217687075
RecentA,primary,1,Q3,18,147,12.244897959183673
RecentA,primary,1,Q4,20,147,13.60544217687075
RecentA,primary,1,Q5,52,147,35.374149659863946
RecentA,primary,1,INSUFFICIENT_VOL_HISTORY,0,147,0.0
RecentA,primary,2,Q1,45,177,25.423728813559322
RecentA,primary,2,Q2,23,177,12.994350282485875
RecentA,primary,2,Q3,19,177,10.734463276836157
RecentA,primary,2,Q4,27,177,15.254237288135593
RecentA,primary,2,Q5,63,177,35.59322033898305
RecentA,primary,2,INSUFFICIENT_VOL_HISTORY,0,177,0.0
RecentA,primary,3,Q1,45,177,25.423728813559322
RecentA,primary,3,Q2,23,177,12.994350282485875
RecentA,primary,3,Q3,19,177,10.734463276836157
RecentA,primary,3,Q4,27,177,15.254237288135593
RecentA,primary,3,Q5,63,177,35.59322033898305
RecentA,primary,3,INSUFFICIENT_VOL_HISTORY,0,177,0.0
RecentA,primary,4,Q1,43,161,26.70807453416149
RecentA,primary,4,Q2,20,161,12.422360248447205
RecentA,primary,4,Q3,25,161,15.527950310559005
RecentA,primary,4,Q4,24,161,14.906832298136646
RecentA,primary,4,Q5,49,161,30.434782608695656
RecentA,primary,4,INSUFFICIENT_VOL_HISTORY,0,161,0.0
RecentA,primary,5,Q1,50,211,23.696682464454977
RecentA,primary,5,Q2,31,211,14.691943127962084
RecentA,primary,5,Q3,39,211,18.48341232227488
RecentA,primary,5,Q4,27,211,12.796208530805686
RecentA,primary,5,Q5,64,211,30.33175355450237
RecentA,primary,5,INSUFFICIENT_VOL_HISTORY,0,211,0.0
RecentA,primary,6,Q1,23,84,27.380952380952383
RecentA,primary,6,Q2,11,84,13.095238095238097
RecentA,primary,6,Q3,12,84,14.285714285714285
RecentA,primary,6,Q4,9,84,10.714285714285714
RecentA,primary,6,Q5,29,84,34.523809523809526
RecentA,primary,6,INSUFFICIENT_VOL_HISTORY,0,84,0.0
RecentA,primary,7,Q1,26,100,26.0
RecentA,primary,7,Q2,13,100,13.0
RecentA,primary,7,Q3,18,100,18.0
RecentA,primary,7,Q4,14,100,14.000000000000002
RecentA,primary,7,Q5,29,100,28.999999999999996
RecentA,primary,7,INSUFFICIENT_VOL_HISTORY,0,100,0.0
RecentA,primary,8,Q1,27,100,27.0
RecentA,primary,8,Q2,16,100,16.0
RecentA,primary,8,Q3,16,100,16.0
RecentA,primary,8,Q4,14,100,14.000000000000002
RecentA,primary,8,Q5,27,100,27.0
RecentA,primary,8,INSUFFICIENT_VOL_HISTORY,0,100,0.0
RecentA,primary,9,Q1,11,57,19.298245614035086
RecentA,primary,9,Q2,11,57,19.298245614035086
RecentA,primary,9,Q3,9,57,15.789473684210526
RecentA,primary,9,Q4,11,57,19.298245614035086
RecentA,primary,9,Q5,15,57,26.31578947368421
RecentA,primary,9,INSUFFICIENT_VOL_HISTORY,0,57,0.0
RecentA,primary,10,Q1,14,70,20.0
RecentA,primary,10,Q2,12,70,17.142857142857142
RecentA,primary,10,Q3,15,70,21.428571428571427
RecentA,primary,10,Q4,9,70,12.857142857142856
RecentA,primary,10,Q5,20,70,28.57142857142857
RecentA,primary,10,INSUFFICIENT_VOL_HISTORY,0,70,0.0
RecentA,primary,11,Q1,14,70,20.0
RecentA,primary,11,Q2,12,70,17.142857142857142
RecentA,primary,11,Q3,15,70,21.428571428571427
RecentA,primary,11,Q4,9,70,12.857142857142856
RecentA,primary,11,Q5,20,70,28.57142857142857
RecentA,primary,11,INSUFFICIENT_VOL_HISTORY,0,70,0.0
RecentA,primary,12,Q1,24,92,26.08695652173913
RecentA,primary,12,Q2,10,92,10.869565217391305
RecentA,primary,12,Q3,5,92,5.434782608695652
RecentA,primary,12,Q4,13,92,14.130434782608695
RecentA,primary,12,Q5,40,92,43.47826086956522
RecentA,primary,12,INSUFFICIENT_VOL_HISTORY,0,92,0.0
RecentA,primary,13,Q1,12,38,31.57894736842105
RecentA,primary,13,Q2,1,38,2.631578947368421
RecentA,primary,13,Q3,3,38,7.894736842105263
RecentA,primary,13,Q4,3,38,7.894736842105263
RecentA,primary,13,Q5,19,38,50.0
RecentA,primary,13,INSUFFICIENT_VOL_HISTORY,0,38,0.0
RecentA,primary,14,Q1,2,11,18.181818181818183
RecentA,primary,14,Q2,1,11,9.090909090909092
RecentA,primary,14,Q3,1,11,9.090909090909092
RecentA,primary,14,Q4,2,11,18.181818181818183
RecentA,primary,14,Q5,5,11,45.45454545454545
RecentA,primary,14,INSUFFICIENT_VOL_HISTORY,0,11,0.0
RecentA,primary,15,Q1,0,12,0.0
RecentA,primary,15,Q2,0,12,0.0
RecentA,primary,15,Q3,6,12,50.0
RecentA,primary,15,Q4,0,12,0.0
RecentA,primary,15,Q5,6,12,50.0
RecentA,primary,15,INSUFFICIENT_VOL_HISTORY,0,12,0.0
RecentA,primary,16,Q1,2,10,20.0
RecentA,primary,16,Q2,0,10,0.0
RecentA,primary,16,Q3,2,10,20.0
RecentA,primary,16,Q4,3,10,30.0
RecentA,primary,16,Q5,3,10,30.0
RecentA,primary,16,INSUFFICIENT_VOL_HISTORY,0,10,0.0
RecentA,primary,17,Q1,16,63,25.396825396825395
RecentA,primary,17,Q2,9,63,14.285714285714285
RecentA,primary,17,Q3,11,63,17.46031746031746
RecentA,primary,17,Q4,7,63,11.11111111111111
RecentA,primary,17,Q5,20,63,31.746031746031743
RecentA,primary,17,INSUFFICIENT_VOL_HISTORY,0,63,0.0
RecentA,primary,18,Q1,44,152,28.947368421052634
RecentA,primary,18,Q2,21,152,13.815789473684212
RecentA,primary,18,Q3,28,152,18.421052631578945
RecentA,primary,18,Q4,19,152,12.5
RecentA,primary,18,Q5,40,152,26.31578947368421
RecentA,primary,18,INSUFFICIENT_VOL_HISTORY,0,152,0.0
RecentA,primary,19,Q1,21,120,17.5
RecentA,primary,19,Q2,23,120,19.166666666666668
RecentA,primary,19,Q3,25,120,20.833333333333336
RecentA,primary,19,Q4,18,120,15.0
RecentA,primary,19,Q5,33,120,27.500000000000004
RecentA,primary,19,INSUFFICIENT_VOL_HISTORY,0,120,0.0
RecentA,primary,20,Q1,36,120,30.0
RecentA,primary,20,Q2,16,120,13.333333333333334
RecentA,primary,20,Q3,25,120,20.833333333333336
RecentA,primary,20,Q4,17,120,14.166666666666666
RecentA,primary,20,Q5,26,120,21.666666666666668
RecentA,primary,20,INSUFFICIENT_VOL_HISTORY,0,120,0.0
RecentA,primary,21,Q1,26,99,26.262626262626267
RecentA,primary,21,Q2,20,99,20.2020202020202
RecentA,primary,21,Q3,14,99,14.14141414141414
RecentA,primary,21,Q4,16,99,16.161616161616163
RecentA,primary,21,Q5,23,99,23.232323232323232
RecentA,primary,21,INSUFFICIENT_VOL_HISTORY,0,99,0.0
RecentA,primary,22,Q1,14,79,17.72151898734177
RecentA,primary,22,Q2,12,79,15.18987341772152
RecentA,primary,22,Q3,16,79,20.253164556962027
RecentA,primary,22,Q4,15,79,18.9873417721519
RecentA,primary,22,Q5,22,79,27.848101265822784
RecentA,primary,22,INSUFFICIENT_VOL_HISTORY,0,79,0.0
RecentA,primary,23,Q1,10,77,12.987012987012985
RecentA,primary,23,Q2,19,77,24.675324675324674
RecentA,primary,23,Q3,11,77,14.285714285714285
RecentA,primary,23,Q4,15,77,19.480519480519483
RecentA,primary,23,Q5,22,77,28.57142857142857
RecentA,primary,23,INSUFFICIENT_VOL_HISTORY,0,77,0.0
RecentA,primary,24,Q1,10,77,12.987012987012985
RecentA,primary,24,Q2,19,77,24.675324675324674
RecentA,primary,24,Q3,11,77,14.285714285714285
RecentA,primary,24,Q4,15,77,19.480519480519483
RecentA,primary,24,Q5,22,77,28.57142857142857
RecentA,primary,24,INSUFFICIENT_VOL_HISTORY,0,77,0.0
RecentA,primary,25,Q1,64,174,36.7816091954023
RecentA,primary,25,Q2,13,174,7.471264367816093
RecentA,primary,25,Q3,19,174,10.919540229885058
RecentA,primary,25,Q4,25,174,14.367816091954023
RecentA,primary,25,Q5,53,174,30.45977011494253
RecentA,primary,25,INSUFFICIENT_VOL_HISTORY,0,174,0.0
RecentA,primary,26,Q1,23,89,25.842696629213485
RecentA,primary,26,Q2,17,89,19.101123595505616
RecentA,primary,26,Q3,15,89,16.853932584269664
RecentA,primary,26,Q4,10,89,11.235955056179774
RecentA,primary,26,Q5,24,89,26.96629213483146
RecentA,primary,26,INSUFFICIENT_VOL_HISTORY,0,89,0.0
RecentA,primary,27,Q1,21,100,21.0
RecentA,primary,27,Q2,19,100,19.0
RecentA,primary,27,Q3,22,100,22.0
RecentA,primary,27,Q4,17,100,17.0
RecentA,primary,27,Q5,21,100,21.0
RecentA,primary,27,INSUFFICIENT_VOL_HISTORY,0,100,0.0
RecentA,primary,28,Q1,24,100,24.0
RecentA,primary,28,Q2,18,100,18.0
RecentA,primary,28,Q3,24,100,24.0
RecentA,primary,28,Q4,12,100,12.0
RecentA,primary,28,Q5,22,100,22.0
RecentA,primary,28,INSUFFICIENT_VOL_HISTORY,0,100,0.0
RecentA,robustness,Portfolio,Q1,632,2767,22.840621611853994
RecentA,robustness,Portfolio,Q2,474,2767,17.130466208890496
RecentA,robustness,Portfolio,Q3,496,2767,17.92555113841706
RecentA,robustness,Portfolio,Q4,431,2767,15.576436573906758
RecentA,robustness,Portfolio,Q5,734,2767,26.526924466931696
RecentA,robustness,Portfolio,INSUFFICIENT_VOL_HISTORY,0,2767,0.0
RecentA,robustness,JPY,Q1,409,1606,25.46699875466999
RecentA,robustness,JPY,Q2,261,1606,16.25155666251557
RecentA,robustness,JPY,Q3,242,1606,15.068493150684931
RecentA,robustness,JPY,Q4,260,1606,16.189290161892902
RecentA,robustness,JPY,Q5,434,1606,27.023661270236616
RecentA,robustness,JPY,INSUFFICIENT_VOL_HISTORY,0,1606,0.0
RecentA,robustness,AUD_nonJPY,Q1,223,1161,19.20757967269595
RecentA,robustness,AUD_nonJPY,Q2,213,1161,18.34625322997416
RecentA,robustness,AUD_nonJPY,Q3,254,1161,21.877691645133506
RecentA,robustness,AUD_nonJPY,Q4,171,1161,14.728682170542637
RecentA,robustness,AUD_nonJPY,Q5,300,1161,25.839793281653744
RecentA,robustness,AUD_nonJPY,INSUFFICIENT_VOL_HISTORY,0,1161,0.0
RecentA,robustness,Long,Q1,399,1632,24.448529411764707
RecentA,robustness,Long,Q2,275,1632,16.850490196078432
RecentA,robustness,Long,Q3,241,1632,14.767156862745098
RecentA,robustness,Long,Q4,257,1632,15.747549019607842
RecentA,robustness,Long,Q5,460,1632,28.186274509803923
RecentA,robustness,Long,INSUFFICIENT_VOL_HISTORY,0,1632,0.0
RecentA,robustness,Short,Q1,233,1135,20.52863436123348
RecentA,robustness,Short,Q2,199,1135,17.53303964757709
RecentA,robustness,Short,Q3,255,1135,22.46696035242291
RecentA,robustness,Short,Q4,174,1135,15.330396475770925
RecentA,robustness,Short,Q5,274,1135,24.140969162995596
RecentA,robustness,Short,INSUFFICIENT_VOL_HISTORY,0,1135,0.0
RecentA,robustness,1,Q1,39,147,26.53061224489796
RecentA,robustness,1,Q2,26,147,17.687074829931973
RecentA,robustness,1,Q3,15,147,10.204081632653061
RecentA,robustness,1,Q4,22,147,14.965986394557824
RecentA,robustness,1,Q5,45,147,30.612244897959183
RecentA,robustness,1,INSUFFICIENT_VOL_HISTORY,0,147,0.0
RecentA,robustness,2,Q1,46,177,25.98870056497175
RecentA,robustness,2,Q2,32,177,18.07909604519774
RecentA,robustness,2,Q3,17,177,9.6045197740113
RecentA,robustness,2,Q4,25,177,14.124293785310735
RecentA,robustness,2,Q5,57,177,32.20338983050847
RecentA,robustness,2,INSUFFICIENT_VOL_HISTORY,0,177,0.0
RecentA,robustness,3,Q1,46,177,25.98870056497175
RecentA,robustness,3,Q2,32,177,18.07909604519774
RecentA,robustness,3,Q3,17,177,9.6045197740113
RecentA,robustness,3,Q4,25,177,14.124293785310735
RecentA,robustness,3,Q5,57,177,32.20338983050847
RecentA,robustness,3,INSUFFICIENT_VOL_HISTORY,0,177,0.0
RecentA,robustness,4,Q1,37,161,22.981366459627328
RecentA,robustness,4,Q2,32,161,19.875776397515526
RecentA,robustness,4,Q3,29,161,18.012422360248447
RecentA,robustness,4,Q4,24,161,14.906832298136646
RecentA,robustness,4,Q5,39,161,24.22360248447205
RecentA,robustness,4,INSUFFICIENT_VOL_HISTORY,0,161,0.0
RecentA,robustness,5,Q1,46,211,21.80094786729858
RecentA,robustness,5,Q2,47,211,22.274881516587676
RecentA,robustness,5,Q3,37,211,17.535545023696685
RecentA,robustness,5,Q4,36,211,17.061611374407583
RecentA,robustness,5,Q5,45,211,21.32701421800948
RecentA,robustness,5,INSUFFICIENT_VOL_HISTORY,0,211,0.0
RecentA,robustness,6,Q1,23,84,27.380952380952383
RecentA,robustness,6,Q2,18,84,21.428571428571427
RecentA,robustness,6,Q3,11,84,13.095238095238097
RecentA,robustness,6,Q4,12,84,14.285714285714285
RecentA,robustness,6,Q5,20,84,23.809523809523807
RecentA,robustness,6,INSUFFICIENT_VOL_HISTORY,0,84,0.0
RecentA,robustness,7,Q1,25,100,25.0
RecentA,robustness,7,Q2,21,100,21.0
RecentA,robustness,7,Q3,17,100,17.0
RecentA,robustness,7,Q4,16,100,16.0
RecentA,robustness,7,Q5,21,100,21.0
RecentA,robustness,7,INSUFFICIENT_VOL_HISTORY,0,100,0.0
RecentA,robustness,8,Q1,30,100,30.0
RecentA,robustness,8,Q2,11,100,11.0
RecentA,robustness,8,Q3,19,100,19.0
RecentA,robustness,8,Q4,18,100,18.0
RecentA,robustness,8,Q5,22,100,22.0
RecentA,robustness,8,INSUFFICIENT_VOL_HISTORY,0,100,0.0
RecentA,robustness,9,Q1,11,57,19.298245614035086
RecentA,robustness,9,Q2,6,57,10.526315789473683
RecentA,robustness,9,Q3,12,57,21.052631578947366
RecentA,robustness,9,Q4,13,57,22.807017543859647
RecentA,robustness,9,Q5,15,57,26.31578947368421
RecentA,robustness,9,INSUFFICIENT_VOL_HISTORY,0,57,0.0
RecentA,robustness,10,Q1,18,70,25.71428571428571
RecentA,robustness,10,Q2,6,70,8.571428571428571
RecentA,robustness,10,Q3,15,70,21.428571428571427
RecentA,robustness,10,Q4,14,70,20.0
RecentA,robustness,10,Q5,17,70,24.285714285714285
RecentA,robustness,10,INSUFFICIENT_VOL_HISTORY,0,70,0.0
RecentA,robustness,11,Q1,18,70,25.71428571428571
RecentA,robustness,11,Q2,6,70,8.571428571428571
RecentA,robustness,11,Q3,15,70,21.428571428571427
RecentA,robustness,11,Q4,14,70,20.0
RecentA,robustness,11,Q5,17,70,24.285714285714285
RecentA,robustness,11,INSUFFICIENT_VOL_HISTORY,0,70,0.0
RecentA,robustness,12,Q1,25,92,27.173913043478258
RecentA,robustness,12,Q2,9,92,9.782608695652174
RecentA,robustness,12,Q3,13,92,14.130434782608695
RecentA,robustness,12,Q4,12,92,13.043478260869565
RecentA,robustness,12,Q5,33,92,35.869565217391305
RecentA,robustness,12,INSUFFICIENT_VOL_HISTORY,0,92,0.0
RecentA,robustness,13,Q1,12,38,31.57894736842105
RecentA,robustness,13,Q2,1,38,2.631578947368421
RecentA,robustness,13,Q3,7,38,18.421052631578945
RecentA,robustness,13,Q4,4,38,10.526315789473683
RecentA,robustness,13,Q5,14,38,36.84210526315789
RecentA,robustness,13,INSUFFICIENT_VOL_HISTORY,0,38,0.0
RecentA,robustness,14,Q1,3,11,27.27272727272727
RecentA,robustness,14,Q2,0,11,0.0
RecentA,robustness,14,Q3,3,11,27.27272727272727
RecentA,robustness,14,Q4,2,11,18.181818181818183
RecentA,robustness,14,Q5,3,11,27.27272727272727
RecentA,robustness,14,INSUFFICIENT_VOL_HISTORY,0,11,0.0
RecentA,robustness,15,Q1,0,12,0.0
RecentA,robustness,15,Q2,3,12,25.0
RecentA,robustness,15,Q3,3,12,25.0
RecentA,robustness,15,Q4,0,12,0.0
RecentA,robustness,15,Q5,6,12,50.0
RecentA,robustness,15,INSUFFICIENT_VOL_HISTORY,0,12,0.0
RecentA,robustness,16,Q1,1,10,10.0
RecentA,robustness,16,Q2,4,10,40.0
RecentA,robustness,16,Q3,0,10,0.0
RecentA,robustness,16,Q4,2,10,20.0
RecentA,robustness,16,Q5,3,10,30.0
RecentA,robustness,16,INSUFFICIENT_VOL_HISTORY,0,10,0.0
RecentA,robustness,17,Q1,10,63,15.873015873015872
RecentA,robustness,17,Q2,12,63,19.047619047619047
RecentA,robustness,17,Q3,17,63,26.984126984126984
RecentA,robustness,17,Q4,10,63,15.873015873015872
RecentA,robustness,17,Q5,14,63,22.22222222222222
RecentA,robustness,17,INSUFFICIENT_VOL_HISTORY,0,63,0.0
RecentA,robustness,18,Q1,34,152,22.36842105263158
RecentA,robustness,18,Q2,27,152,17.763157894736842
RecentA,robustness,18,Q3,44,152,28.947368421052634
RecentA,robustness,18,Q4,19,152,12.5
RecentA,robustness,18,Q5,28,152,18.421052631578945
RecentA,robustness,18,INSUFFICIENT_VOL_HISTORY,0,152,0.0
RecentA,robustness,19,Q1,17,120,14.166666666666666
RecentA,robustness,19,Q2,27,120,22.5
RecentA,robustness,19,Q3,31,120,25.833333333333336
RecentA,robustness,19,Q4,17,120,14.166666666666666
RecentA,robustness,19,Q5,28,120,23.333333333333332
RecentA,robustness,19,INSUFFICIENT_VOL_HISTORY,0,120,0.0
RecentA,robustness,20,Q1,28,120,23.333333333333332
RecentA,robustness,20,Q2,22,120,18.333333333333332
RecentA,robustness,20,Q3,32,120,26.666666666666668
RecentA,robustness,20,Q4,14,120,11.666666666666666
RecentA,robustness,20,Q5,24,120,20.0
RecentA,robustness,20,INSUFFICIENT_VOL_HISTORY,0,120,0.0
RecentA,robustness,21,Q1,23,99,23.232323232323232
RecentA,robustness,21,Q2,19,99,19.19191919191919
RecentA,robustness,21,Q3,14,99,14.14141414141414
RecentA,robustness,21,Q4,15,99,15.151515151515152
RecentA,robustness,21,Q5,28,99,28.28282828282828
RecentA,robustness,21,INSUFFICIENT_VOL_HISTORY,0,99,0.0
RecentA,robustness,22,Q1,12,79,15.18987341772152
RecentA,robustness,22,Q2,17,79,21.518987341772153
RecentA,robustness,22,Q3,14,79,17.72151898734177
RecentA,robustness,22,Q4,14,79,17.72151898734177
RecentA,robustness,22,Q5,22,79,27.848101265822784
RecentA,robustness,22,INSUFFICIENT_VOL_HISTORY,0,79,0.0
RecentA,robustness,23,Q1,16,77,20.77922077922078
RecentA,robustness,23,Q2,13,77,16.883116883116884
RecentA,robustness,23,Q3,12,77,15.584415584415584
RecentA,robustness,23,Q4,10,77,12.987012987012985
RecentA,robustness,23,Q5,26,77,33.76623376623377
RecentA,robustness,23,INSUFFICIENT_VOL_HISTORY,0,77,0.0
RecentA,robustness,24,Q1,16,77,20.77922077922078
RecentA,robustness,24,Q2,13,77,16.883116883116884
RecentA,robustness,24,Q3,12,77,15.584415584415584
RecentA,robustness,24,Q4,10,77,12.987012987012985
RecentA,robustness,24,Q5,26,77,33.76623376623377
RecentA,robustness,24,INSUFFICIENT_VOL_HISTORY,0,77,0.0
RecentA,robustness,25,Q1,43,174,24.71264367816092
RecentA,robustness,25,Q2,15,174,8.620689655172415
RecentA,robustness,25,Q3,26,174,14.942528735632186
RecentA,robustness,25,Q4,32,174,18.39080459770115
RecentA,robustness,25,Q5,58,174,33.33333333333333
RecentA,robustness,25,INSUFFICIENT_VOL_HISTORY,0,174,0.0
RecentA,robustness,26,Q1,29,89,32.58426966292135
RecentA,robustness,26,Q2,7,89,7.865168539325842
RecentA,robustness,26,Q3,12,89,13.48314606741573
RecentA,robustness,26,Q4,21,89,23.595505617977526
RecentA,robustness,26,Q5,20,89,22.47191011235955
RecentA,robustness,26,INSUFFICIENT_VOL_HISTORY,0,89,0.0
RecentA,robustness,27,Q1,13,100,13.0
RecentA,robustness,27,Q2,17,100,17.0
RecentA,robustness,27,Q3,35,100,35.0
RecentA,robustness,27,Q4,12,100,12.0
RecentA,robustness,27,Q5,23,100,23.0
RecentA,robustness,27,INSUFFICIENT_VOL_HISTORY,0,100,0.0
RecentA,robustness,28,Q1,11,100,11.0
RecentA,robustness,28,Q2,31,100,31.0
RecentA,robustness,28,Q3,17,100,17.0
RecentA,robustness,28,Q4,18,100,18.0
RecentA,robustness,28,Q5,23,100,23.0
RecentA,robustness,28,INSUFFICIENT_VOL_HISTORY,0,100,0.0
RecentB,primary,Portfolio,Q1,965,2780,34.71223021582734
RecentB,primary,Portfolio,Q2,342,2780,12.302158273381295
RecentB,primary,Portfolio,Q3,466,2780,16.762589928057555
RecentB,primary,Portfolio,Q4,446,2780,16.0431654676259
RecentB,primary,Portfolio,Q5,561,2780,20.179856115107913
RecentB,primary,Portfolio,INSUFFICIENT_VOL_HISTORY,0,2780,0.0
RecentB,primary,JPY,Q1,545,1605,33.95638629283489
RecentB,primary,JPY,Q2,204,1605,12.710280373831775
RecentB,primary,JPY,Q3,272,1605,16.947040498442366
RecentB,primary,JPY,Q4,282,1605,17.570093457943926
RecentB,primary,JPY,Q5,302,1605,18.81619937694704
RecentB,primary,JPY,INSUFFICIENT_VOL_HISTORY,0,1605,0.0
RecentB,primary,AUD_nonJPY,Q1,420,1175,35.74468085106383
RecentB,primary,AUD_nonJPY,Q2,138,1175,11.74468085106383
RecentB,primary,AUD_nonJPY,Q3,194,1175,16.51063829787234
RecentB,primary,AUD_nonJPY,Q4,164,1175,13.957446808510637
RecentB,primary,AUD_nonJPY,Q5,259,1175,22.04255319148936
RecentB,primary,AUD_nonJPY,INSUFFICIENT_VOL_HISTORY,0,1175,0.0
RecentB,primary,Long,Q1,570,1611,35.38175046554935
RecentB,primary,Long,Q2,205,1611,12.725015518311608
RecentB,primary,Long,Q3,238,1611,14.773432650527624
RecentB,primary,Long,Q4,278,1611,17.256362507759157
RecentB,primary,Long,Q5,320,1611,19.863438857852266
RecentB,primary,Long,INSUFFICIENT_VOL_HISTORY,0,1611,0.0
RecentB,primary,Short,Q1,395,1169,33.78956372968349
RecentB,primary,Short,Q2,137,1169,11.719418306244654
RecentB,primary,Short,Q3,228,1169,19.503849443969205
RecentB,primary,Short,Q4,168,1169,14.37125748502994
RecentB,primary,Short,Q5,241,1169,20.615911035072713
RecentB,primary,Short,INSUFFICIENT_VOL_HISTORY,0,1169,0.0
RecentB,primary,1,Q1,49,147,33.33333333333333
RecentB,primary,1,Q2,22,147,14.965986394557824
RecentB,primary,1,Q3,20,147,13.60544217687075
RecentB,primary,1,Q4,29,147,19.727891156462583
RecentB,primary,1,Q5,27,147,18.367346938775512
RecentB,primary,1,INSUFFICIENT_VOL_HISTORY,0,147,0.0
RecentB,primary,2,Q1,60,172,34.883720930232556
RecentB,primary,2,Q2,28,172,16.27906976744186
RecentB,primary,2,Q3,21,172,12.209302325581394
RecentB,primary,2,Q4,35,172,20.348837209302324
RecentB,primary,2,Q5,28,172,16.27906976744186
RecentB,primary,2,INSUFFICIENT_VOL_HISTORY,0,172,0.0
RecentB,primary,3,Q1,60,173,34.68208092485549
RecentB,primary,3,Q2,28,173,16.184971098265898
RecentB,primary,3,Q3,21,173,12.138728323699421
RecentB,primary,3,Q4,35,173,20.23121387283237
RecentB,primary,3,Q5,29,173,16.76300578034682
RecentB,primary,3,INSUFFICIENT_VOL_HISTORY,0,173,0.0
RecentB,primary,4,Q1,63,161,39.130434782608695
RecentB,primary,4,Q2,12,161,7.453416149068323
RecentB,primary,4,Q3,21,161,13.043478260869565
RecentB,primary,4,Q4,37,161,22.981366459627328
RecentB,primary,4,Q5,28,161,17.391304347826086
RecentB,primary,4,INSUFFICIENT_VOL_HISTORY,0,161,0.0
RecentB,primary,5,Q1,84,219,38.35616438356164
RecentB,primary,5,Q2,19,219,8.67579908675799
RecentB,primary,5,Q3,34,219,15.52511415525114
RecentB,primary,5,Q4,40,219,18.2648401826484
RecentB,primary,5,Q5,42,219,19.17808219178082
RecentB,primary,5,INSUFFICIENT_VOL_HISTORY,0,219,0.0
RecentB,primary,6,Q1,34,84,40.476190476190474
RecentB,primary,6,Q2,7,84,8.333333333333332
RecentB,primary,6,Q3,12,84,14.285714285714285
RecentB,primary,6,Q4,14,84,16.666666666666664
RecentB,primary,6,Q5,17,84,20.238095238095237
RecentB,primary,6,INSUFFICIENT_VOL_HISTORY,0,84,0.0
RecentB,primary,7,Q1,40,101,39.603960396039604
RecentB,primary,7,Q2,9,101,8.91089108910891
RecentB,primary,7,Q3,16,101,15.841584158415841
RecentB,primary,7,Q4,18,101,17.82178217821782
RecentB,primary,7,Q5,18,101,17.82178217821782
RecentB,primary,7,INSUFFICIENT_VOL_HISTORY,0,101,0.0
RecentB,primary,8,Q1,33,100,33.0
RecentB,primary,8,Q2,13,100,13.0
RecentB,primary,8,Q3,20,100,20.0
RecentB,primary,8,Q4,12,100,12.0
RecentB,primary,8,Q5,22,100,22.0
RecentB,primary,8,INSUFFICIENT_VOL_HISTORY,0,100,0.0
RecentB,primary,9,Q1,17,57,29.82456140350877
RecentB,primary,9,Q2,6,57,10.526315789473683
RecentB,primary,9,Q3,12,57,21.052631578947366
RecentB,primary,9,Q4,9,57,15.789473684210526
RecentB,primary,9,Q5,13,57,22.807017543859647
RecentB,primary,9,INSUFFICIENT_VOL_HISTORY,0,57,0.0
RecentB,primary,10,Q1,22,69,31.88405797101449
RecentB,primary,10,Q2,8,69,11.594202898550725
RecentB,primary,10,Q3,15,69,21.73913043478261
RecentB,primary,10,Q4,10,69,14.492753623188406
RecentB,primary,10,Q5,14,69,20.28985507246377
RecentB,primary,10,INSUFFICIENT_VOL_HISTORY,0,69,0.0
RecentB,primary,11,Q1,23,70,32.857142857142854
RecentB,primary,11,Q2,8,70,11.428571428571429
RecentB,primary,11,Q3,15,70,21.428571428571427
RecentB,primary,11,Q4,10,70,14.285714285714285
RecentB,primary,11,Q5,14,70,20.0
RecentB,primary,11,INSUFFICIENT_VOL_HISTORY,0,70,0.0
RecentB,primary,12,Q1,20,94,21.27659574468085
RecentB,primary,12,Q2,15,94,15.957446808510639
RecentB,primary,12,Q3,28,94,29.78723404255319
RecentB,primary,12,Q4,17,94,18.085106382978726
RecentB,primary,12,Q5,14,94,14.893617021276595
RecentB,primary,12,INSUFFICIENT_VOL_HISTORY,0,94,0.0
RecentB,primary,13,Q1,9,38,23.684210526315788
RecentB,primary,13,Q2,6,38,15.789473684210526
RecentB,primary,13,Q3,11,38,28.947368421052634
RecentB,primary,13,Q4,6,38,15.789473684210526
RecentB,primary,13,Q5,6,38,15.789473684210526
RecentB,primary,13,INSUFFICIENT_VOL_HISTORY,0,38,0.0
RecentB,primary,14,Q1,5,13,38.46153846153847
RecentB,primary,14,Q2,2,13,15.384615384615385
RecentB,primary,14,Q3,3,13,23.076923076923077
RecentB,primary,14,Q4,1,13,7.6923076923076925
RecentB,primary,14,Q5,2,13,15.384615384615385
RecentB,primary,14,INSUFFICIENT_VOL_HISTORY,0,13,0.0
RecentB,primary,15,Q1,0,11,0.0
RecentB,primary,15,Q2,5,11,45.45454545454545
RecentB,primary,15,Q3,0,11,0.0
RecentB,primary,15,Q4,0,11,0.0
RecentB,primary,15,Q5,6,11,54.54545454545454
RecentB,primary,15,INSUFFICIENT_VOL_HISTORY,0,11,0.0
RecentB,primary,16,Q1,1,9,11.11111111111111
RecentB,primary,16,Q2,3,9,33.33333333333333
RecentB,primary,16,Q3,0,9,0.0
RecentB,primary,16,Q4,1,9,11.11111111111111
RecentB,primary,16,Q5,4,9,44.44444444444444
RecentB,primary,16,INSUFFICIENT_VOL_HISTORY,0,9,0.0
RecentB,primary,17,Q1,20,54,37.03703703703704
RecentB,primary,17,Q2,7,54,12.962962962962962
RecentB,primary,17,Q3,9,54,16.666666666666664
RecentB,primary,17,Q4,9,54,16.666666666666664
RecentB,primary,17,Q5,9,54,16.666666666666664
RecentB,primary,17,INSUFFICIENT_VOL_HISTORY,0,54,0.0
RecentB,primary,18,Q1,60,167,35.92814371257485
RecentB,primary,18,Q2,16,167,9.580838323353294
RecentB,primary,18,Q3,32,167,19.16167664670659
RecentB,primary,18,Q4,27,167,16.16766467065868
RecentB,primary,18,Q5,32,167,19.16167664670659
RecentB,primary,18,INSUFFICIENT_VOL_HISTORY,0,167,0.0
RecentB,primary,19,Q1,31,107,28.971962616822427
RecentB,primary,19,Q2,23,107,21.49532710280374
RecentB,primary,19,Q3,17,107,15.887850467289718
RecentB,primary,19,Q4,13,107,12.149532710280374
RecentB,primary,19,Q5,23,107,21.49532710280374
RecentB,primary,19,INSUFFICIENT_VOL_HISTORY,0,107,0.0
RecentB,primary,20,Q1,49,141,34.751773049645394
RecentB,primary,20,Q2,21,141,14.893617021276595
RecentB,primary,20,Q3,27,141,19.148936170212767
RecentB,primary,20,Q4,18,141,12.76595744680851
RecentB,primary,20,Q5,26,141,18.439716312056735
RecentB,primary,20,INSUFFICIENT_VOL_HISTORY,0,141,0.0
RecentB,primary,21,Q1,36,102,35.294117647058826
RecentB,primary,21,Q2,9,102,8.823529411764707
RecentB,primary,21,Q3,16,102,15.686274509803921
RecentB,primary,21,Q4,19,102,18.627450980392158
RecentB,primary,21,Q5,22,102,21.568627450980394
RecentB,primary,21,INSUFFICIENT_VOL_HISTORY,0,102,0.0
RecentB,primary,22,Q1,25,79,31.645569620253166
RecentB,primary,22,Q2,7,79,8.860759493670885
RecentB,primary,22,Q3,9,79,11.39240506329114
RecentB,primary,22,Q4,17,79,21.518987341772153
RecentB,primary,22,Q5,21,79,26.582278481012654
RecentB,primary,22,INSUFFICIENT_VOL_HISTORY,0,79,0.0
RecentB,primary,23,Q1,25,78,32.05128205128205
RecentB,primary,23,Q2,7,78,8.974358974358974
RecentB,primary,23,Q3,10,78,12.82051282051282
RecentB,primary,23,Q4,14,78,17.94871794871795
RecentB,primary,23,Q5,22,78,28.205128205128204
RecentB,primary,23,INSUFFICIENT_VOL_HISTORY,0,78,0.0
RecentB,primary,24,Q1,25,78,32.05128205128205
RecentB,primary,24,Q2,7,78,8.974358974358974
RecentB,primary,24,Q3,10,78,12.82051282051282
RecentB,primary,24,Q4,14,78,17.94871794871795
RecentB,primary,24,Q5,22,78,28.205128205128204
RecentB,primary,24,INSUFFICIENT_VOL_HISTORY,0,78,0.0
RecentB,primary,25,Q1,79,173,45.664739884393065
RecentB,primary,25,Q2,18,173,10.404624277456648
RecentB,primary,25,Q3,21,173,12.138728323699421
RecentB,primary,25,Q4,20,173,11.560693641618498
RecentB,primary,25,Q5,35,173,20.23121387283237
RecentB,primary,25,INSUFFICIENT_VOL_HISTORY,0,173,0.0
RecentB,primary,26,Q1,25,87,28.735632183908045
RecentB,primary,26,Q2,13,87,14.942528735632186
RecentB,primary,26,Q3,23,87,26.436781609195403
RecentB,primary,26,Q4,8,87,9.195402298850574
RecentB,primary,26,Q5,18,87,20.689655172413794
RecentB,primary,26,INSUFFICIENT_VOL_HISTORY,0,87,0.0
RecentB,primary,27,Q1,35,98,35.714285714285715
RecentB,primary,27,Q2,12,98,12.244897959183673
RecentB,primary,27,Q3,26,98,26.53061224489796
RecentB,primary,27,Q4,1,98,1.0204081632653061
RecentB,primary,27,Q5,24,98,24.489795918367346
RecentB,primary,27,INSUFFICIENT_VOL_HISTORY,0,98,0.0
RecentB,primary,28,Q1,35,98,35.714285714285715
RecentB,primary,28,Q2,11,98,11.224489795918368
RecentB,primary,28,Q3,17,98,17.346938775510203
RecentB,primary,28,Q4,12,98,12.244897959183673
RecentB,primary,28,Q5,23,98,23.46938775510204
RecentB,primary,28,INSUFFICIENT_VOL_HISTORY,0,98,0.0
RecentB,robustness,Portfolio,Q1,851,2780,30.611510791366907
RecentB,robustness,Portfolio,Q2,502,2780,18.057553956834532
RecentB,robustness,Portfolio,Q3,449,2780,16.151079136690647
RecentB,robustness,Portfolio,Q4,469,2780,16.8705035971223
RecentB,robustness,Portfolio,Q5,509,2780,18.309352517985612
RecentB,robustness,Portfolio,INSUFFICIENT_VOL_HISTORY,0,2780,0.0
RecentB,robustness,JPY,Q1,481,1605,29.968847352024923
RecentB,robustness,JPY,Q2,271,1605,16.884735202492212
RecentB,robustness,JPY,Q3,292,1605,18.193146417445483
RecentB,robustness,JPY,Q4,291,1605,18.13084112149533
RecentB,robustness,JPY,Q5,270,1605,16.822429906542055
RecentB,robustness,JPY,INSUFFICIENT_VOL_HISTORY,0,1605,0.0
RecentB,robustness,AUD_nonJPY,Q1,370,1175,31.48936170212766
RecentB,robustness,AUD_nonJPY,Q2,231,1175,19.659574468085104
RecentB,robustness,AUD_nonJPY,Q3,157,1175,13.361702127659575
RecentB,robustness,AUD_nonJPY,Q4,178,1175,15.148936170212766
RecentB,robustness,AUD_nonJPY,Q5,239,1175,20.340425531914892
RecentB,robustness,AUD_nonJPY,INSUFFICIENT_VOL_HISTORY,0,1175,0.0
RecentB,robustness,Long,Q1,506,1611,31.409062693978896
RecentB,robustness,Long,Q2,288,1611,17.877094972067038
RecentB,robustness,Long,Q3,277,1611,17.194289261328368
RecentB,robustness,Long,Q4,256,1611,15.890751086281812
RecentB,robustness,Long,Q5,284,1611,17.628801986343888
RecentB,robustness,Long,INSUFFICIENT_VOL_HISTORY,0,1611,0.0
RecentB,robustness,Short,Q1,345,1169,29.512403763900767
RecentB,robustness,Short,Q2,214,1169,18.306244653550046
RecentB,robustness,Short,Q3,172,1169,14.713430282292558
RecentB,robustness,Short,Q4,213,1169,18.22070145423439
RecentB,robustness,Short,Q5,225,1169,19.24721984602224
RecentB,robustness,Short,INSUFFICIENT_VOL_HISTORY,0,1169,0.0
RecentB,robustness,1,Q1,42,147,28.57142857142857
RecentB,robustness,1,Q2,32,147,21.768707482993197
RecentB,robustness,1,Q3,31,147,21.08843537414966
RecentB,robustness,1,Q4,21,147,14.285714285714285
RecentB,robustness,1,Q5,21,147,14.285714285714285
RecentB,robustness,1,INSUFFICIENT_VOL_HISTORY,0,147,0.0
RecentB,robustness,2,Q1,52,172,30.23255813953488
RecentB,robustness,2,Q2,37,172,21.511627906976745
RecentB,robustness,2,Q3,34,172,19.767441860465116
RecentB,robustness,2,Q4,21,172,12.209302325581394
RecentB,robustness,2,Q5,28,172,16.27906976744186
RecentB,robustness,2,INSUFFICIENT_VOL_HISTORY,0,172,0.0
RecentB,robustness,3,Q1,52,173,30.057803468208093
RecentB,robustness,3,Q2,37,173,21.38728323699422
RecentB,robustness,3,Q3,34,173,19.653179190751445
RecentB,robustness,3,Q4,22,173,12.716763005780345
RecentB,robustness,3,Q5,28,173,16.184971098265898
RecentB,robustness,3,INSUFFICIENT_VOL_HISTORY,0,173,0.0
RecentB,robustness,4,Q1,55,161,34.161490683229815
RecentB,robustness,4,Q2,20,161,12.422360248447205
RecentB,robustness,4,Q3,31,161,19.25465838509317
RecentB,robustness,4,Q4,32,161,19.875776397515526
RecentB,robustness,4,Q5,23,161,14.285714285714285
RecentB,robustness,4,INSUFFICIENT_VOL_HISTORY,0,161,0.0
RecentB,robustness,5,Q1,71,219,32.42009132420091
RecentB,robustness,5,Q2,32,219,14.61187214611872
RecentB,robustness,5,Q3,33,219,15.068493150684931
RecentB,robustness,5,Q4,49,219,22.37442922374429
RecentB,robustness,5,Q5,34,219,15.52511415525114
RecentB,robustness,5,INSUFFICIENT_VOL_HISTORY,0,219,0.0
RecentB,robustness,6,Q1,35,84,41.66666666666667
RecentB,robustness,6,Q2,9,84,10.714285714285714
RecentB,robustness,6,Q3,10,84,11.904761904761903
RecentB,robustness,6,Q4,17,84,20.238095238095237
RecentB,robustness,6,Q5,13,84,15.476190476190476
RecentB,robustness,6,INSUFFICIENT_VOL_HISTORY,0,84,0.0
RecentB,robustness,7,Q1,38,101,37.62376237623762
RecentB,robustness,7,Q2,13,101,12.871287128712872
RecentB,robustness,7,Q3,13,101,12.871287128712872
RecentB,robustness,7,Q4,22,101,21.782178217821784
RecentB,robustness,7,Q5,15,101,14.85148514851485
RecentB,robustness,7,INSUFFICIENT_VOL_HISTORY,0,101,0.0
RecentB,robustness,8,Q1,28,100,28.000000000000004
RecentB,robustness,8,Q2,17,100,17.0
RecentB,robustness,8,Q3,18,100,18.0
RecentB,robustness,8,Q4,18,100,18.0
RecentB,robustness,8,Q5,19,100,19.0
RecentB,robustness,8,INSUFFICIENT_VOL_HISTORY,0,100,0.0
RecentB,robustness,9,Q1,11,57,19.298245614035086
RecentB,robustness,9,Q2,10,57,17.543859649122805
RecentB,robustness,9,Q3,12,57,21.052631578947366
RecentB,robustness,9,Q4,9,57,15.789473684210526
RecentB,robustness,9,Q5,15,57,26.31578947368421
RecentB,robustness,9,INSUFFICIENT_VOL_HISTORY,0,57,0.0
RecentB,robustness,10,Q1,16,69,23.18840579710145
RecentB,robustness,10,Q2,12,69,17.391304347826086
RecentB,robustness,10,Q3,12,69,17.391304347826086
RecentB,robustness,10,Q4,14,69,20.28985507246377
RecentB,robustness,10,Q5,15,69,21.73913043478261
RecentB,robustness,10,INSUFFICIENT_VOL_HISTORY,0,69,0.0
RecentB,robustness,11,Q1,17,70,24.285714285714285
RecentB,robustness,11,Q2,12,70,17.142857142857142
RecentB,robustness,11,Q3,12,70,17.142857142857142
RecentB,robustness,11,Q4,14,70,20.0
RecentB,robustness,11,Q5,15,70,21.428571428571427
RecentB,robustness,11,INSUFFICIENT_VOL_HISTORY,0,70,0.0
RecentB,robustness,12,Q1,26,94,27.659574468085108
RecentB,robustness,12,Q2,12,94,12.76595744680851
RecentB,robustness,12,Q3,17,94,18.085106382978726
RecentB,robustness,12,Q4,25,94,26.595744680851062
RecentB,robustness,12,Q5,14,94,14.893617021276595
RecentB,robustness,12,INSUFFICIENT_VOL_HISTORY,0,94,0.0
RecentB,robustness,13,Q1,12,38,31.57894736842105
RecentB,robustness,13,Q2,5,38,13.157894736842104
RecentB,robustness,13,Q3,9,38,23.684210526315788
RecentB,robustness,13,Q4,8,38,21.052631578947366
RecentB,robustness,13,Q5,4,38,10.526315789473683
RecentB,robustness,13,INSUFFICIENT_VOL_HISTORY,0,38,0.0
RecentB,robustness,14,Q1,5,13,38.46153846153847
RecentB,robustness,14,Q2,3,13,23.076923076923077
RecentB,robustness,14,Q3,1,13,7.6923076923076925
RecentB,robustness,14,Q4,3,13,23.076923076923077
RecentB,robustness,14,Q5,1,13,7.6923076923076925
RecentB,robustness,14,INSUFFICIENT_VOL_HISTORY,0,13,0.0
RecentB,robustness,15,Q1,0,11,0.0
RecentB,robustness,15,Q2,0,11,0.0
RecentB,robustness,15,Q3,5,11,45.45454545454545
RecentB,robustness,15,Q4,0,11,0.0
RecentB,robustness,15,Q5,6,11,54.54545454545454
RecentB,robustness,15,INSUFFICIENT_VOL_HISTORY,0,11,0.0
RecentB,robustness,16,Q1,0,9,0.0
RecentB,robustness,16,Q2,2,9,22.22222222222222
RecentB,robustness,16,Q3,2,9,22.22222222222222
RecentB,robustness,16,Q4,2,9,22.22222222222222
RecentB,robustness,16,Q5,3,9,33.33333333333333
RecentB,robustness,16,INSUFFICIENT_VOL_HISTORY,0,9,0.0
RecentB,robustness,17,Q1,14,54,25.925925925925924
RecentB,robustness,17,Q2,18,54,33.33333333333333
RecentB,robustness,17,Q3,3,54,5.555555555555555
RecentB,robustness,17,Q4,10,54,18.51851851851852
RecentB,robustness,17,Q5,9,54,16.666666666666664
RecentB,robustness,17,INSUFFICIENT_VOL_HISTORY,0,54,0.0
RecentB,robustness,18,Q1,50,167,29.94011976047904
RecentB,robustness,18,Q2,39,167,23.353293413173652
RecentB,robustness,18,Q3,22,167,13.17365269461078
RecentB,robustness,18,Q4,25,167,14.97005988023952
RecentB,robustness,18,Q5,31,167,18.562874251497004
RecentB,robustness,18,INSUFFICIENT_VOL_HISTORY,0,167,0.0
RecentB,robustness,19,Q1,25,107,23.364485981308412
RecentB,robustness,19,Q2,36,107,33.64485981308411
RecentB,robustness,19,Q3,10,107,9.345794392523365
RecentB,robustness,19,Q4,13,107,12.149532710280374
RecentB,robustness,19,Q5,23,107,21.49532710280374
RecentB,robustness,19,INSUFFICIENT_VOL_HISTORY,0,107,0.0
RecentB,robustness,20,Q1,48,141,34.04255319148936
RecentB,robustness,20,Q2,32,141,22.69503546099291
RecentB,robustness,20,Q3,19,141,13.47517730496454
RecentB,robustness,20,Q4,18,141,12.76595744680851
RecentB,robustness,20,Q5,24,141,17.02127659574468
RecentB,robustness,20,INSUFFICIENT_VOL_HISTORY,0,141,0.0
RecentB,robustness,21,Q1,31,102,30.392156862745097
RecentB,robustness,21,Q2,18,102,17.647058823529413
RecentB,robustness,21,Q3,17,102,16.666666666666664
RecentB,robustness,21,Q4,15,102,14.705882352941178
RecentB,robustness,21,Q5,21,102,20.588235294117645
RecentB,robustness,21,INSUFFICIENT_VOL_HISTORY,0,102,0.0
RecentB,robustness,22,Q1,21,79,26.582278481012654
RecentB,robustness,22,Q2,12,79,15.18987341772152
RecentB,robustness,22,Q3,14,79,17.72151898734177
RecentB,robustness,22,Q4,14,79,17.72151898734177
RecentB,robustness,22,Q5,18,79,22.78481012658228
RecentB,robustness,22,INSUFFICIENT_VOL_HISTORY,0,79,0.0
RecentB,robustness,23,Q1,23,78,29.48717948717949
RecentB,robustness,23,Q2,13,78,16.666666666666664
RecentB,robustness,23,Q3,8,78,10.256410256410255
RecentB,robustness,23,Q4,17,78,21.794871794871796
RecentB,robustness,23,Q5,17,78,21.794871794871796
RecentB,robustness,23,INSUFFICIENT_VOL_HISTORY,0,78,0.0
RecentB,robustness,24,Q1,23,78,29.48717948717949
RecentB,robustness,24,Q2,13,78,16.666666666666664
RecentB,robustness,24,Q3,8,78,10.256410256410255
RecentB,robustness,24,Q4,17,78,21.794871794871796
RecentB,robustness,24,Q5,17,78,21.794871794871796
RecentB,robustness,24,INSUFFICIENT_VOL_HISTORY,0,78,0.0
RecentB,robustness,25,Q1,71,173,41.040462427745666
RecentB,robustness,25,Q2,19,173,10.982658959537572
RecentB,robustness,25,Q3,28,173,16.184971098265898
RecentB,robustness,25,Q4,20,173,11.560693641618498
RecentB,robustness,25,Q5,35,173,20.23121387283237
RecentB,robustness,25,INSUFFICIENT_VOL_HISTORY,0,173,0.0
RecentB,robustness,26,Q1,21,87,24.137931034482758
RecentB,robustness,26,Q2,18,87,20.689655172413794
RecentB,robustness,26,Q3,18,87,20.689655172413794
RecentB,robustness,26,Q4,14,87,16.091954022988507
RecentB,robustness,26,Q5,16,87,18.39080459770115
RecentB,robustness,26,INSUFFICIENT_VOL_HISTORY,0,87,0.0
RecentB,robustness,27,Q1,30,98,30.612244897959183
RecentB,robustness,27,Q2,25,98,25.510204081632654
RecentB,robustness,27,Q3,14,98,14.285714285714285
RecentB,robustness,27,Q4,10,98,10.204081632653061
RecentB,robustness,27,Q5,19,98,19.387755102040817
RecentB,robustness,27,INSUFFICIENT_VOL_HISTORY,0,98,0.0
RecentB,robustness,28,Q1,34,98,34.69387755102041
RecentB,robustness,28,Q2,6,98,6.122448979591836
RecentB,robustness,28,Q3,14,98,14.285714285714285
RecentB,robustness,28,Q4,19,98,19.387755102040817
RecentB,robustness,28,Q5,25,98,25.510204081632654
RecentB,robustness,28,INSUFFICIENT_VOL_HISTORY,0,98,0.0
Monitor2026,primary,Portfolio,Q1,404,995,40.60301507537689
Monitor2026,primary,Portfolio,Q2,166,995,16.683417085427134
Monitor2026,primary,Portfolio,Q3,92,995,9.246231155778894
Monitor2026,primary,Portfolio,Q4,114,995,11.457286432160805
Monitor2026,primary,Portfolio,Q5,219,995,22.01005025125628
Monitor2026,primary,Portfolio,INSUFFICIENT_VOL_HISTORY,0,995,0.0
Monitor2026,primary,JPY,Q1,200,568,35.2112676056338
Monitor2026,primary,JPY,Q2,87,568,15.316901408450704
Monitor2026,primary,JPY,Q3,69,568,12.147887323943662
Monitor2026,primary,JPY,Q4,75,568,13.204225352112676
Monitor2026,primary,JPY,Q5,137,568,24.119718309859156
Monitor2026,primary,JPY,INSUFFICIENT_VOL_HISTORY,0,568,0.0
Monitor2026,primary,AUD_nonJPY,Q1,204,427,47.7751756440281
Monitor2026,primary,AUD_nonJPY,Q2,79,427,18.501170960187356
Monitor2026,primary,AUD_nonJPY,Q3,23,427,5.386416861826698
Monitor2026,primary,AUD_nonJPY,Q4,39,427,9.133489461358314
Monitor2026,primary,AUD_nonJPY,Q5,82,427,19.20374707259953
Monitor2026,primary,AUD_nonJPY,INSUFFICIENT_VOL_HISTORY,0,427,0.0
Monitor2026,primary,Long,Q1,217,571,38.003502626970224
Monitor2026,primary,Long,Q2,96,571,16.81260945709282
Monitor2026,primary,Long,Q3,60,571,10.507880910683012
Monitor2026,primary,Long,Q4,66,571,11.558669001751314
Monitor2026,primary,Long,Q5,132,571,23.117338003502628
Monitor2026,primary,Long,INSUFFICIENT_VOL_HISTORY,0,571,0.0
Monitor2026,primary,Short,Q1,187,424,44.10377358490566
Monitor2026,primary,Short,Q2,70,424,16.50943396226415
Monitor2026,primary,Short,Q3,32,424,7.547169811320755
Monitor2026,primary,Short,Q4,48,424,11.320754716981133
Monitor2026,primary,Short,Q5,87,424,20.5188679245283
Monitor2026,primary,Short,INSUFFICIENT_VOL_HISTORY,0,424,0.0
Monitor2026,primary,1,Q1,21,48,43.75
Monitor2026,primary,1,Q2,8,48,16.666666666666664
Monitor2026,primary,1,Q3,5,48,10.416666666666668
Monitor2026,primary,1,Q4,4,48,8.333333333333332
Monitor2026,primary,1,Q5,10,48,20.833333333333336
Monitor2026,primary,1,INSUFFICIENT_VOL_HISTORY,0,48,0.0
Monitor2026,primary,2,Q1,22,58,37.93103448275862
Monitor2026,primary,2,Q2,10,58,17.24137931034483
Monitor2026,primary,2,Q3,5,58,8.620689655172415
Monitor2026,primary,2,Q4,4,58,6.896551724137931
Monitor2026,primary,2,Q5,17,58,29.310344827586203
Monitor2026,primary,2,INSUFFICIENT_VOL_HISTORY,0,58,0.0
Monitor2026,primary,3,Q1,22,58,37.93103448275862
Monitor2026,primary,3,Q2,10,58,17.24137931034483
Monitor2026,primary,3,Q3,5,58,8.620689655172415
Monitor2026,primary,3,Q4,4,58,6.896551724137931
Monitor2026,primary,3,Q5,17,58,29.310344827586203
Monitor2026,primary,3,INSUFFICIENT_VOL_HISTORY,0,58,0.0
Monitor2026,primary,4,Q1,20,62,32.25806451612903
Monitor2026,primary,4,Q2,6,62,9.67741935483871
Monitor2026,primary,4,Q3,10,62,16.129032258064516
Monitor2026,primary,4,Q4,6,62,9.67741935483871
Monitor2026,primary,4,Q5,20,62,32.25806451612903
Monitor2026,primary,4,INSUFFICIENT_VOL_HISTORY,0,62,0.0
Monitor2026,primary,5,Q1,28,79,35.44303797468354
Monitor2026,primary,5,Q2,12,79,15.18987341772152
Monitor2026,primary,5,Q3,9,79,11.39240506329114
Monitor2026,primary,5,Q4,6,79,7.59493670886076
Monitor2026,primary,5,Q5,24,79,30.37974683544304
Monitor2026,primary,5,INSUFFICIENT_VOL_HISTORY,0,79,0.0
Monitor2026,primary,6,Q1,9,28,32.142857142857146
Monitor2026,primary,6,Q2,6,28,21.428571428571427
Monitor2026,primary,6,Q3,4,28,14.285714285714285
Monitor2026,primary,6,Q4,5,28,17.857142857142858
Monitor2026,primary,6,Q5,4,28,14.285714285714285
Monitor2026,primary,6,INSUFFICIENT_VOL_HISTORY,0,28,0.0
Monitor2026,primary,7,Q1,12,36,33.33333333333333
Monitor2026,primary,7,Q2,7,36,19.444444444444446
Monitor2026,primary,7,Q3,4,36,11.11111111111111
Monitor2026,primary,7,Q4,5,36,13.88888888888889
Monitor2026,primary,7,Q5,8,36,22.22222222222222
Monitor2026,primary,7,INSUFFICIENT_VOL_HISTORY,0,36,0.0
Monitor2026,primary,8,Q1,9,36,25.0
Monitor2026,primary,8,Q2,6,36,16.666666666666664
Monitor2026,primary,8,Q3,7,36,19.444444444444446
Monitor2026,primary,8,Q4,5,36,13.88888888888889
Monitor2026,primary,8,Q5,9,36,25.0
Monitor2026,primary,8,INSUFFICIENT_VOL_HISTORY,0,36,0.0
Monitor2026,primary,9,Q1,5,20,25.0
Monitor2026,primary,9,Q2,1,20,5.0
Monitor2026,primary,9,Q3,2,20,10.0
Monitor2026,primary,9,Q4,7,20,35.0
Monitor2026,primary,9,Q5,5,20,25.0
Monitor2026,primary,9,INSUFFICIENT_VOL_HISTORY,0,20,0.0
Monitor2026,primary,10,Q1,6,25,24.0
Monitor2026,primary,10,Q2,3,25,12.0
Monitor2026,primary,10,Q3,3,25,12.0
Monitor2026,primary,10,Q4,6,25,24.0
Monitor2026,primary,10,Q5,7,25,28.000000000000004
Monitor2026,primary,10,INSUFFICIENT_VOL_HISTORY,0,25,0.0
Monitor2026,primary,11,Q1,6,25,24.0
Monitor2026,primary,11,Q2,3,25,12.0
Monitor2026,primary,11,Q3,3,25,12.0
Monitor2026,primary,11,Q4,6,25,24.0
Monitor2026,primary,11,Q5,7,25,28.000000000000004
Monitor2026,primary,11,INSUFFICIENT_VOL_HISTORY,0,25,0.0
Monitor2026,primary,12,Q1,20,33,60.60606060606061
Monitor2026,primary,12,Q2,6,33,18.181818181818183
Monitor2026,primary,12,Q3,3,33,9.090909090909092
Monitor2026,primary,12,Q4,4,33,12.121212121212121
Monitor2026,primary,12,Q5,0,33,0.0
Monitor2026,primary,12,INSUFFICIENT_VOL_HISTORY,0,33,0.0
Monitor2026,primary,13,Q1,7,15,46.666666666666664
Monitor2026,primary,13,Q2,2,15,13.333333333333334
Monitor2026,primary,13,Q3,4,15,26.666666666666668
Monitor2026,primary,13,Q4,2,15,13.333333333333334
Monitor2026,primary,13,Q5,0,15,0.0
Monitor2026,primary,13,INSUFFICIENT_VOL_HISTORY,0,15,0.0
Monitor2026,primary,14,Q1,2,6,33.33333333333333
Monitor2026,primary,14,Q2,1,6,16.666666666666664
Monitor2026,primary,14,Q3,0,6,0.0
Monitor2026,primary,14,Q4,3,6,50.0
Monitor2026,primary,14,Q5,0,6,0.0
Monitor2026,primary,14,INSUFFICIENT_VOL_HISTORY,0,6,0.0
Monitor2026,primary,15,Q1,0,5,0.0
Monitor2026,primary,15,Q2,0,5,0.0
Monitor2026,primary,15,Q3,0,5,0.0
Monitor2026,primary,15,Q4,2,5,40.0
Monitor2026,primary,15,Q5,3,5,60.0
Monitor2026,primary,15,INSUFFICIENT_VOL_HISTORY,0,5,0.0
Monitor2026,primary,16,Q1,1,4,25.0
Monitor2026,primary,16,Q2,1,4,25.0
Monitor2026,primary,16,Q3,1,4,25.0
Monitor2026,primary,16,Q4,0,4,0.0
Monitor2026,primary,16,Q5,1,4,25.0
Monitor2026,primary,16,INSUFFICIENT_VOL_HISTORY,0,4,0.0
Monitor2026,primary,17,Q1,9,19,47.368421052631575
Monitor2026,primary,17,Q2,4,19,21.052631578947366
Monitor2026,primary,17,Q3,0,19,0.0
Monitor2026,primary,17,Q4,3,19,15.789473684210526
Monitor2026,primary,17,Q5,3,19,15.789473684210526
Monitor2026,primary,17,INSUFFICIENT_VOL_HISTORY,0,19,0.0
Monitor2026,primary,18,Q1,30,61,49.18032786885246
Monitor2026,primary,18,Q2,12,61,19.672131147540984
Monitor2026,primary,18,Q3,4,61,6.557377049180328
Monitor2026,primary,18,Q4,4,61,6.557377049180328
Monitor2026,primary,18,Q5,11,61,18.0327868852459
Monitor2026,primary,18,INSUFFICIENT_VOL_HISTORY,0,61,0.0
Monitor2026,primary,19,Q1,22,44,50.0
Monitor2026,primary,19,Q2,10,44,22.727272727272727
Monitor2026,primary,19,Q3,1,44,2.272727272727273
Monitor2026,primary,19,Q4,6,44,13.636363636363635
Monitor2026,primary,19,Q5,5,44,11.363636363636363
Monitor2026,primary,19,INSUFFICIENT_VOL_HISTORY,0,44,0.0
Monitor2026,primary,20,Q1,29,54,53.70370370370371
Monitor2026,primary,20,Q2,11,54,20.37037037037037
Monitor2026,primary,20,Q3,4,54,7.4074074074074066
Monitor2026,primary,20,Q4,1,54,1.8518518518518516
Monitor2026,primary,20,Q5,9,54,16.666666666666664
Monitor2026,primary,20,INSUFFICIENT_VOL_HISTORY,0,54,0.0
Monitor2026,primary,21,Q1,21,35,60.0
Monitor2026,primary,21,Q2,7,35,20.0
Monitor2026,primary,21,Q3,0,35,0.0
Monitor2026,primary,21,Q4,2,35,5.714285714285714
Monitor2026,primary,21,Q5,5,35,14.285714285714285
Monitor2026,primary,21,INSUFFICIENT_VOL_HISTORY,0,35,0.0
Monitor2026,primary,22,Q1,15,29,51.724137931034484
Monitor2026,primary,22,Q2,7,29,24.137931034482758
Monitor2026,primary,22,Q3,0,29,0.0
Monitor2026,primary,22,Q4,2,29,6.896551724137931
Monitor2026,primary,22,Q5,5,29,17.24137931034483
Monitor2026,primary,22,INSUFFICIENT_VOL_HISTORY,0,29,0.0
Monitor2026,primary,23,Q1,16,27,59.25925925925925
Monitor2026,primary,23,Q2,5,27,18.51851851851852
Monitor2026,primary,23,Q3,1,27,3.7037037037037033
Monitor2026,primary,23,Q4,0,27,0.0
Monitor2026,primary,23,Q5,5,27,18.51851851851852
Monitor2026,primary,23,INSUFFICIENT_VOL_HISTORY,0,27,0.0
Monitor2026,primary,24,Q1,16,27,59.25925925925925
Monitor2026,primary,24,Q2,5,27,18.51851851851852
Monitor2026,primary,24,Q3,1,27,3.7037037037037033
Monitor2026,primary,24,Q4,0,27,0.0
Monitor2026,primary,24,Q5,5,27,18.51851851851852
Monitor2026,primary,24,INSUFFICIENT_VOL_HISTORY,0,27,0.0
Monitor2026,primary,25,Q1,10,61,16.39344262295082
Monitor2026,primary,25,Q2,6,61,9.836065573770492
Monitor2026,primary,25,Q3,9,61,14.754098360655737
Monitor2026,primary,25,Q4,15,61,24.59016393442623
Monitor2026,primary,25,Q5,21,61,34.42622950819672
Monitor2026,primary,25,INSUFFICIENT_VOL_HISTORY,0,61,0.0
Monitor2026,primary,26,Q1,10,30,33.33333333333333
Monitor2026,primary,26,Q2,5,30,16.666666666666664
Monitor2026,primary,26,Q3,4,30,13.333333333333334
Monitor2026,primary,26,Q4,6,30,20.0
Monitor2026,primary,26,Q5,5,30,16.666666666666664
Monitor2026,primary,26,INSUFFICIENT_VOL_HISTORY,0,30,0.0
Monitor2026,primary,27,Q1,18,35,51.42857142857142
Monitor2026,primary,27,Q2,5,35,14.285714285714285
Monitor2026,primary,27,Q3,3,35,8.571428571428571
Monitor2026,primary,27,Q4,3,35,8.571428571428571
Monitor2026,primary,27,Q5,6,35,17.142857142857142
Monitor2026,primary,27,INSUFFICIENT_VOL_HISTORY,0,35,0.0
Monitor2026,primary,28,Q1,18,35,51.42857142857142
Monitor2026,primary,28,Q2,7,35,20.0
Monitor2026,primary,28,Q3,0,35,0.0
Monitor2026,primary,28,Q4,3,35,8.571428571428571
Monitor2026,primary,28,Q5,7,35,20.0
Monitor2026,primary,28,INSUFFICIENT_VOL_HISTORY,0,35,0.0
Monitor2026,robustness,Portfolio,Q1,288,995,28.94472361809045
Monitor2026,robustness,Portfolio,Q2,236,995,23.71859296482412
Monitor2026,robustness,Portfolio,Q3,129,995,12.964824120603016
Monitor2026,robustness,Portfolio,Q4,177,995,17.78894472361809
Monitor2026,robustness,Portfolio,Q5,165,995,16.582914572864322
Monitor2026,robustness,Portfolio,INSUFFICIENT_VOL_HISTORY,0,995,0.0
Monitor2026,robustness,JPY,Q1,168,568,29.577464788732392
Monitor2026,robustness,JPY,Q2,143,568,25.176056338028168
Monitor2026,robustness,JPY,Q3,65,568,11.443661971830986
Monitor2026,robustness,JPY,Q4,83,568,14.612676056338028
Monitor2026,robustness,JPY,Q5,109,568,19.19014084507042
Monitor2026,robustness,JPY,INSUFFICIENT_VOL_HISTORY,0,568,0.0
Monitor2026,robustness,AUD_nonJPY,Q1,120,427,28.10304449648712
Monitor2026,robustness,AUD_nonJPY,Q2,93,427,21.779859484777518
Monitor2026,robustness,AUD_nonJPY,Q3,64,427,14.988290398126464
Monitor2026,robustness,AUD_nonJPY,Q4,94,427,22.01405152224824
Monitor2026,robustness,AUD_nonJPY,Q5,56,427,13.114754098360656
Monitor2026,robustness,AUD_nonJPY,INSUFFICIENT_VOL_HISTORY,0,427,0.0
Monitor2026,robustness,Long,Q1,156,571,27.32049036777583
Monitor2026,robustness,Long,Q2,148,571,25.91943957968476
Monitor2026,robustness,Long,Q3,63,571,11.033274956217163
Monitor2026,robustness,Long,Q4,100,571,17.513134851138354
Monitor2026,robustness,Long,Q5,104,571,18.21366024518389
Monitor2026,robustness,Long,INSUFFICIENT_VOL_HISTORY,0,571,0.0
Monitor2026,robustness,Short,Q1,132,424,31.132075471698112
Monitor2026,robustness,Short,Q2,88,424,20.754716981132077
Monitor2026,robustness,Short,Q3,66,424,15.566037735849056
Monitor2026,robustness,Short,Q4,77,424,18.160377358490564
Monitor2026,robustness,Short,Q5,61,424,14.38679245283019
Monitor2026,robustness,Short,INSUFFICIENT_VOL_HISTORY,0,424,0.0
Monitor2026,robustness,1,Q1,13,48,27.083333333333332
Monitor2026,robustness,1,Q2,14,48,29.166666666666668
Monitor2026,robustness,1,Q3,3,48,6.25
Monitor2026,robustness,1,Q4,6,48,12.5
Monitor2026,robustness,1,Q5,12,48,25.0
Monitor2026,robustness,1,INSUFFICIENT_VOL_HISTORY,0,48,0.0
Monitor2026,robustness,2,Q1,14,58,24.137931034482758
Monitor2026,robustness,2,Q2,16,58,27.586206896551722
Monitor2026,robustness,2,Q3,3,58,5.172413793103448
Monitor2026,robustness,2,Q4,12,58,20.689655172413794
Monitor2026,robustness,2,Q5,13,58,22.413793103448278
Monitor2026,robustness,2,INSUFFICIENT_VOL_HISTORY,0,58,0.0
Monitor2026,robustness,3,Q1,14,58,24.137931034482758
Monitor2026,robustness,3,Q2,16,58,27.586206896551722
Monitor2026,robustness,3,Q3,3,58,5.172413793103448
Monitor2026,robustness,3,Q4,12,58,20.689655172413794
Monitor2026,robustness,3,Q5,13,58,22.413793103448278
Monitor2026,robustness,3,INSUFFICIENT_VOL_HISTORY,0,58,0.0
Monitor2026,robustness,4,Q1,18,62,29.03225806451613
Monitor2026,robustness,4,Q2,11,62,17.741935483870968
Monitor2026,robustness,4,Q3,12,62,19.35483870967742
Monitor2026,robustness,4,Q4,7,62,11.29032258064516
Monitor2026,robustness,4,Q5,14,62,22.58064516129032
Monitor2026,robustness,4,INSUFFICIENT_VOL_HISTORY,0,62,0.0
Monitor2026,robustness,5,Q1,24,79,30.37974683544304
Monitor2026,robustness,5,Q2,14,79,17.72151898734177
Monitor2026,robustness,5,Q3,15,79,18.9873417721519
Monitor2026,robustness,5,Q4,11,79,13.924050632911392
Monitor2026,robustness,5,Q5,15,79,18.9873417721519
Monitor2026,robustness,5,INSUFFICIENT_VOL_HISTORY,0,79,0.0
Monitor2026,robustness,6,Q1,9,28,32.142857142857146
Monitor2026,robustness,6,Q2,7,28,25.0
Monitor2026,robustness,6,Q3,3,28,10.714285714285714
Monitor2026,robustness,6,Q4,4,28,14.285714285714285
Monitor2026,robustness,6,Q5,5,28,17.857142857142858
Monitor2026,robustness,6,INSUFFICIENT_VOL_HISTORY,0,28,0.0
Monitor2026,robustness,7,Q1,12,36,33.33333333333333
Monitor2026,robustness,7,Q2,7,36,19.444444444444446
Monitor2026,robustness,7,Q3,5,36,13.88888888888889
Monitor2026,robustness,7,Q4,6,36,16.666666666666664
Monitor2026,robustness,7,Q5,6,36,16.666666666666664
Monitor2026,robustness,7,INSUFFICIENT_VOL_HISTORY,0,36,0.0
Monitor2026,robustness,8,Q1,9,36,25.0
Monitor2026,robustness,8,Q2,9,36,25.0
Monitor2026,robustness,8,Q3,5,36,13.88888888888889
Monitor2026,robustness,8,Q4,7,36,19.444444444444446
Monitor2026,robustness,8,Q5,6,36,16.666666666666664
Monitor2026,robustness,8,INSUFFICIENT_VOL_HISTORY,0,36,0.0
Monitor2026,robustness,9,Q1,5,20,25.0
Monitor2026,robustness,9,Q2,5,20,25.0
Monitor2026,robustness,9,Q3,2,20,10.0
Monitor2026,robustness,9,Q4,3,20,15.0
Monitor2026,robustness,9,Q5,5,20,25.0
Monitor2026,robustness,9,INSUFFICIENT_VOL_HISTORY,0,20,0.0
Monitor2026,robustness,10,Q1,7,25,28.000000000000004
Monitor2026,robustness,10,Q2,7,25,28.000000000000004
Monitor2026,robustness,10,Q3,2,25,8.0
Monitor2026,robustness,10,Q4,4,25,16.0
Monitor2026,robustness,10,Q5,5,25,20.0
Monitor2026,robustness,10,INSUFFICIENT_VOL_HISTORY,0,25,0.0
Monitor2026,robustness,11,Q1,7,25,28.000000000000004
Monitor2026,robustness,11,Q2,7,25,28.000000000000004
Monitor2026,robustness,11,Q3,2,25,8.0
Monitor2026,robustness,11,Q4,4,25,16.0
Monitor2026,robustness,11,Q5,5,25,20.0
Monitor2026,robustness,11,INSUFFICIENT_VOL_HISTORY,0,25,0.0
Monitor2026,robustness,12,Q1,20,33,60.60606060606061
Monitor2026,robustness,12,Q2,6,33,18.181818181818183
Monitor2026,robustness,12,Q3,5,33,15.151515151515152
Monitor2026,robustness,12,Q4,2,33,6.0606060606060606
Monitor2026,robustness,12,Q5,0,33,0.0
Monitor2026,robustness,12,INSUFFICIENT_VOL_HISTORY,0,33,0.0
Monitor2026,robustness,13,Q1,7,15,46.666666666666664
Monitor2026,robustness,13,Q2,4,15,26.666666666666668
Monitor2026,robustness,13,Q3,2,15,13.333333333333334
Monitor2026,robustness,13,Q4,2,15,13.333333333333334
Monitor2026,robustness,13,Q5,0,15,0.0
Monitor2026,robustness,13,INSUFFICIENT_VOL_HISTORY,0,15,0.0
Monitor2026,robustness,14,Q1,2,6,33.33333333333333
Monitor2026,robustness,14,Q2,1,6,16.666666666666664
Monitor2026,robustness,14,Q3,1,6,16.666666666666664
Monitor2026,robustness,14,Q4,1,6,16.666666666666664
Monitor2026,robustness,14,Q5,1,6,16.666666666666664
Monitor2026,robustness,14,INSUFFICIENT_VOL_HISTORY,0,6,0.0
Monitor2026,robustness,15,Q1,0,5,0.0
Monitor2026,robustness,15,Q2,0,5,0.0
Monitor2026,robustness,15,Q3,0,5,0.0
Monitor2026,robustness,15,Q4,0,5,0.0
Monitor2026,robustness,15,Q5,5,5,100.0
Monitor2026,robustness,15,INSUFFICIENT_VOL_HISTORY,0,5,0.0
Monitor2026,robustness,16,Q1,2,4,50.0
Monitor2026,robustness,16,Q2,1,4,25.0
Monitor2026,robustness,16,Q3,0,4,0.0
Monitor2026,robustness,16,Q4,1,4,25.0
Monitor2026,robustness,16,Q5,0,4,0.0
Monitor2026,robustness,16,INSUFFICIENT_VOL_HISTORY,0,4,0.0
Monitor2026,robustness,17,Q1,3,19,15.789473684210526
Monitor2026,robustness,17,Q2,6,19,31.57894736842105
Monitor2026,robustness,17,Q3,2,19,10.526315789473683
Monitor2026,robustness,17,Q4,4,19,21.052631578947366
Monitor2026,robustness,17,Q5,4,19,21.052631578947366
Monitor2026,robustness,17,INSUFFICIENT_VOL_HISTORY,0,19,0.0
Monitor2026,robustness,18,Q1,14,61,22.950819672131146
Monitor2026,robustness,18,Q2,12,61,19.672131147540984
Monitor2026,robustness,18,Q3,10,61,16.39344262295082
Monitor2026,robustness,18,Q4,17,61,27.86885245901639
Monitor2026,robustness,18,Q5,8,61,13.114754098360656
Monitor2026,robustness,18,INSUFFICIENT_VOL_HISTORY,0,61,0.0
Monitor2026,robustness,19,Q1,10,44,22.727272727272727
Monitor2026,robustness,19,Q2,15,44,34.090909090909086
Monitor2026,robustness,19,Q3,3,44,6.8181818181818175
Monitor2026,robustness,19,Q4,8,44,18.181818181818183
Monitor2026,robustness,19,Q5,8,44,18.181818181818183
Monitor2026,robustness,19,INSUFFICIENT_VOL_HISTORY,0,44,0.0
Monitor2026,robustness,20,Q1,18,54,33.33333333333333
Monitor2026,robustness,20,Q2,8,54,14.814814814814813
Monitor2026,robustness,20,Q3,10,54,18.51851851851852
Monitor2026,robustness,20,Q4,13,54,24.074074074074073
Monitor2026,robustness,20,Q5,5,54,9.25925925925926
Monitor2026,robustness,20,INSUFFICIENT_VOL_HISTORY,0,54,0.0
Monitor2026,robustness,21,Q1,15,35,42.857142857142854
Monitor2026,robustness,21,Q2,7,35,20.0
Monitor2026,robustness,21,Q3,6,35,17.142857142857142
Monitor2026,robustness,21,Q4,5,35,14.285714285714285
Monitor2026,robustness,21,Q5,2,35,5.714285714285714
Monitor2026,robustness,21,INSUFFICIENT_VOL_HISTORY,0,35,0.0
Monitor2026,robustness,22,Q1,8,29,27.586206896551722
Monitor2026,robustness,22,Q2,8,29,27.586206896551722
Monitor2026,robustness,22,Q3,4,29,13.793103448275861
Monitor2026,robustness,22,Q4,6,29,20.689655172413794
Monitor2026,robustness,22,Q5,3,29,10.344827586206897
Monitor2026,robustness,22,INSUFFICIENT_VOL_HISTORY,0,29,0.0
Monitor2026,robustness,23,Q1,10,27,37.03703703703704
Monitor2026,robustness,23,Q2,5,27,18.51851851851852
Monitor2026,robustness,23,Q3,6,27,22.22222222222222
Monitor2026,robustness,23,Q4,3,27,11.11111111111111
Monitor2026,robustness,23,Q5,3,27,11.11111111111111
Monitor2026,robustness,23,INSUFFICIENT_VOL_HISTORY,0,27,0.0
Monitor2026,robustness,24,Q1,10,27,37.03703703703704
Monitor2026,robustness,24,Q2,5,27,18.51851851851852
Monitor2026,robustness,24,Q3,6,27,22.22222222222222
Monitor2026,robustness,24,Q4,3,27,11.11111111111111
Monitor2026,robustness,24,Q5,3,27,11.11111111111111
Monitor2026,robustness,24,INSUFFICIENT_VOL_HISTORY,0,27,0.0
Monitor2026,robustness,25,Q1,10,61,16.39344262295082
Monitor2026,robustness,25,Q2,10,61,16.39344262295082
Monitor2026,robustness,25,Q3,6,61,9.836065573770492
Monitor2026,robustness,25,Q4,20,61,32.78688524590164
Monitor2026,robustness,25,Q5,15,61,24.59016393442623
Monitor2026,robustness,25,INSUFFICIENT_VOL_HISTORY,0,61,0.0
Monitor2026,robustness,26,Q1,5,30,16.666666666666664
Monitor2026,robustness,26,Q2,18,30,60.0
Monitor2026,robustness,26,Q3,2,30,6.666666666666667
Monitor2026,robustness,26,Q4,1,30,3.3333333333333335
Monitor2026,robustness,26,Q5,4,30,13.333333333333334
Monitor2026,robustness,26,INSUFFICIENT_VOL_HISTORY,0,30,0.0
Monitor2026,robustness,27,Q1,10,35,28.57142857142857
Monitor2026,robustness,27,Q2,7,35,20.0
Monitor2026,robustness,27,Q3,5,35,14.285714285714285
Monitor2026,robustness,27,Q4,11,35,31.428571428571427
Monitor2026,robustness,27,Q5,2,35,5.714285714285714
Monitor2026,robustness,27,INSUFFICIENT_VOL_HISTORY,0,35,0.0
Monitor2026,robustness,28,Q1,12,35,34.285714285714285
Monitor2026,robustness,28,Q2,10,35,28.57142857142857
Monitor2026,robustness,28,Q3,6,35,17.142857142857142
Monitor2026,robustness,28,Q4,4,35,11.428571428571429
Monitor2026,robustness,28,Q5,3,35,8.571428571428571
Monitor2026,robustness,28,INSUFFICIENT_VOL_HISTORY,0,35,0.0
