Period,Method,Scope,ScopeType,StrategyNo,Strategy,Group,Aggregation,Eligible,EligibleStrategies,EligibleIDs,PrespecifiedSubgroup,Support,Q1AvgR,Q2AvgR,Q3AvgR,Q4AvgR,Q5AvgR,Q5MinusQ1AvgR,Q2MinusQ1AvgR,Q3MinusQ2AvgR,Q4MinusQ3AvgR,Q5MinusQ4AvgR,Spearman,AdjacentIncreases,StrictlyIncreasing,Nondecreasing,Complete,CILow,CIHigh,ValidBootstraps,CombinedConclusion
FULL,primary,1,Strategy,1.0,1_EJ_Log1,,trade_weighted,True,1,1,True,ORDERED_POSITIVE_SUPPORTED,0.08712096332183906,0.10574266788741722,0.13786421502970297,0.13616666665000002,0.3217811934873418,0.23466023016550275,0.018621704565578157,0.03212154714228575,-0.0016975483797029567,0.18561452683734178,0.8999999999999998,3.0,False,False,True,0.046650252704020664,0.42193608226038865,5000,BOTH_SUPPORTED
FULL,primary,2,Strategy,2.0,2_EJ_NightBlitz_20,,trade_weighted,True,1,2,False,ORDERED_POSITIVE_SUPPORTED,0.056942719152173915,0.13663492070285718,0.22346978565789472,0.059220014701986755,0.13130787043229167,0.07436515128011775,0.07969220155068327,0.08683486495503753,-0.16424977095590795,0.0720878557303049,0.19999999999999998,3.0,False,False,True,-0.07744884545649919,0.22787825356267294,5000,PRIMARY_ONLY
FULL,primary,3,Strategy,3.0,3_EJ_NightBlitz_21,,trade_weighted,True,1,3,False,ORDERED_POSITIVE_SUPPORTED,0.0561697722484472,0.06266666666091954,0.11031578950000001,0.013262693139072844,0.10826252150777203,0.05209274925932483,0.006496894412472337,0.047649122839080474,-0.09705309636092717,0.09499982836869919,0.19999999999999998,3.0,False,False,True,-0.04311789648650308,0.14717617706388206,5000,BOTH_SUPPORTED
FULL,primary,4,Strategy,4.0,4_GJ_Port_Log1,,trade_weighted,True,1,4,False,ORDERED_POSITIVE_SUPPORTED,0.02149872266051661,0.030172798195652172,0.030038461535714284,0.054271794826666664,0.07663353496067415,0.05513481230015754,0.00867407553513556,-0.00013433665993788785,0.02423333329095238,0.02236174013400749,0.8999999999999998,3.0,False,False,True,-0.01160488897076781,0.11874860038944753,5000,BOTH_SUPPORTED
FULL,primary,5,Strategy,5.0,5_GJ_Port_Log2,,trade_weighted,True,1,5,False,ORDERED_POSITIVE_SUPPORTED,0.038450292403508765,0.053894736810526304,0.10759702287559811,0.1405555555384615,0.11360410832773109,0.07515381592422232,0.01544444440701754,0.053702286065071804,0.03295853266286339,-0.02695144721073041,0.8999999999999998,3.0,False,False,True,-0.10782846810510403,0.26491542230217335,5000,PRIMARY_ONLY
FULL,primary,6,Strategy,6.0,6_GJ_Old_Mon,,trade_weighted,True,1,6,True,ORDERED_POSITIVE_SUPPORTED,-0.03699328859060403,0.22245714285714288,0.30956097560975615,0.3539436619718311,0.265566265060241,0.302559553650845,0.25945043144774693,0.08710383275261327,0.04438268636207493,-0.08837739691159008,0.7,3.0,False,False,True,0.008967937215021851,0.6173640873015871,5000,PRIMARY_ONLY
FULL,primary,7,Strategy,7.0,7_GJ_Mon_Blitz,,trade_weighted,True,1,7,False,NOT_SUPPORTED,0.009960439548571426,0.03728937725,0.09462315463636366,0.09065934060714285,0.07061239729126215,0.06065195774269072,0.027328937701428573,0.05733377738636366,-0.003963814029220802,-0.020046943315880708,0.6,2.0,False,False,True,-0.04287542439953611,0.16003818188276972,5000,ROBUSTNESS_ONLY
FULL,primary,8,Strategy,8.0,8_AJ_Core1,,trade_weighted,True,1,8,False,NOT_SUPPORTED,0.040051325910179646,0.11017857143750003,0.018335787927835044,0.21243809521333334,0.16349350644545457,0.12344218053527492,0.07012724552732039,-0.09184278350966499,0.1941023072854983,-0.04894458876787877,0.6,2.0,False,False,True,-0.05404111668950698,0.2941989014340046,5000,ROBUSTNESS_ONLY
FULL,primary,9,Strategy,9.0,9_AJ_Core2,,trade_weighted,True,1,9,False,NOT_SUPPORTED,0.1083122363164557,0.3673076922692309,0.2075555556,0.1999382716296296,0.19760563384507043,0.08929339752861473,0.2589954559527752,-0.15975213666923088,-0.007617283970370398,-0.002332637784559166,0.0,1.0,False,False,True,-0.2820475540824456,0.46386477748953286,5000,NOT_SUPPORTED
FULL,primary,10,Strategy,10.0,10_AJ_SatA,,trade_weighted,True,1,10,False,NOT_SUPPORTED,-0.020781609195402298,0.035,0.016282352941176463,-0.005172413793103453,-0.013157894736842103,0.007623714458560195,0.0557816091954023,-0.01871764705882354,-0.021454766734279915,-0.00798548094373865,0.0,1.0,False,False,True,-0.09502814499103131,0.10445578362983124,5000,NOT_SUPPORTED
FULL,primary,11,Strategy,11.0,11_AJ_SatB,,trade_weighted,True,1,11,False,NOT_SUPPORTED,0.04685950409090909,0.050427807485294115,0.045090909082352935,0.02573667703448275,0.08858851668421053,0.04172901259330144,0.0035683033943850265,-0.00533689840294118,-0.019354232047870186,0.06285183964972778,0.09999999999999999,2.0,False,False,True,-0.16348669125871848,0.24710857990093565,5000,NOT_SUPPORTED
FULL,primary,12,Strategy,12.0,12_UJ_Short_Core,,trade_weighted,True,1,12,True,ORDERED_POSITIVE_SUPPORTED,0.10336666666666665,0.23975862068965514,0.10140740740740742,0.42118072289156633,0.42426470588235293,0.32089803921568627,0.13639195402298848,-0.13835121328224773,0.3197733154841589,0.0030839829907866045,0.7,3.0,False,False,True,0.0812126660319086,0.577866858030206,5000,BOTH_SUPPORTED
FULL,primary,13,Strategy,13.0,13_UJ_Fix_MidWeek,,trade_weighted,True,1,13,False,NOT_SUPPORTED,0.060288624806451606,0.07779605259375,0.06895960827906976,0.0463157894074074,0.14548347609302326,0.08519485128657164,0.017507427787298392,-0.008836444314680239,-0.022643818871662356,0.09916768668561585,0.3,2.0,False,False,True,-0.03532048723633451,0.21908083405303955,5000,NOT_SUPPORTED
FULL,primary,14,Strategy,14.0,14_UJ_Sat_3rd,,trade_weighted,False,0,,False,LOW_SAMPLE,0.36080808095454553,0.5362962964166667,0.0860000001,0.35939393936363634,0.6189898992727273,0.25818181831818177,0.17548821546212112,-0.4502962963166667,0.2733939392636363,0.25959595990909096,0.19999999999999998,3.0,False,False,True,-0.3962802831577083,0.8847658732176777,5000,UNDETERMINED
FULL,primary,15,Strategy,15.0,15_UJ_Sat_Aug,,trade_weighted,False,0,,False,LOW_SAMPLE,0.07785714285714285,0.20384615384615387,0.079,0.7065384615384614,0.3820454545454545,0.3041883116883117,0.12598901098901102,-0.12484615384615387,0.6275384615384615,-0.3244930069930069,0.7999999999999999,2.0,False,False,True,,,4728,UNDETERMINED
FULL,primary,16,Strategy,16.0,16_UJ_T10A,,trade_weighted,False,0,,False,LOW_SAMPLE,0.14523809521428568,0.292345679,-0.1782222221,0.42864197533333337,0.46092592583333336,0.3156878306190477,0.14710758378571434,-0.4705679011,0.6068641974333333,0.03228395049999999,0.7,3.0,False,False,True,-0.3062477192776899,1.0030813972112873,5000,UNDETERMINED
FULL,primary,17,Strategy,17.0,17_EA_1B_Wed_Short,,trade_weighted,True,1,17,False,NOT_SUPPORTED,0.1948435374190476,0.0067669172631579025,0.22473809523333335,0.006925465782608711,0.29120300754385964,0.09635947012481202,-0.18807662015588972,0.21797117797017546,-0.21781262945072463,0.2842775417612509,0.49999999999999994,2.0,False,False,True,-0.15849353820855952,0.3587551083492431,5000,NOT_SUPPORTED
FULL,primary,18,Strategy,18.0,18_EA_2_MonWed_Short,,trade_weighted,True,1,18,False,NOT_SUPPORTED,0.03076455878778135,-0.08480158732142856,0.13129411766470586,0.034537037075,0.13090766823943661,0.10014310945165526,-0.11556614610920991,0.21609570498613442,-0.09675708058970586,0.09637063116443662,0.6,2.0,False,False,True,-0.07369400371222007,0.2830927753858227,5000,NOT_SUPPORTED
FULL,primary,19,Strategy,19.0,19_EA_3_WedThu_Long,,trade_weighted,True,1,19,False,ORDERED_POSITIVE_SUPPORTED,0.06808080809090908,0.01062610232539683,0.07803201510169493,0.1366020672441861,0.15910364145378147,0.0910228333628724,-0.057454705765512246,0.0674059127762981,0.05857005214249118,0.022501574209595365,0.8999999999999998,3.0,False,False,True,-0.09095880600546086,0.2843883777973414,5000,BOTH_SUPPORTED
FULL,primary,20,Strategy,20.0,20_EA_1A_MonTue_Short,,trade_weighted,True,1,20,False,ORDERED_POSITIVE_SUPPORTED,-0.027791505791505806,0.01588333333333334,0.06251851851851853,-0.01013636363636365,0.1939099099099099,0.2217014157014157,0.043674839124839146,0.04663518518518519,-0.07265488215488218,0.20404627354627353,0.7,3.0,False,False,True,0.030040570783469136,0.43003489219040514,5000,PRIMARY_ONLY
FULL,primary,21,Strategy,21.0,21_GA_B_3,,trade_weighted,True,1,21,False,ORDERED_POSITIVE_SUPPORTED,0.004626063630541873,0.01205,-0.02400996261643835,-0.0018313570289855156,0.03205473109183673,0.027428667461294857,0.007423936369458127,-0.03605996261643835,0.022178605587452837,0.03388608812082224,0.19999999999999998,3.0,False,False,True,-0.04186538395790941,0.09558311409523738,5000,PRIMARY_ONLY
FULL,primary,22,Strategy,22.0,22_GA_C_2,,trade_weighted,True,1,22,False,NOT_SUPPORTED,0.02856026786718751,0.15597826091304354,0.013180593056603787,-0.046417233539682516,0.11075187976842109,0.08219161190123359,0.12741799304585602,-0.14279766785643974,-0.059597826596286305,0.1571691133081036,-0.19999999999999998,2.0,False,False,True,-0.13561735785477494,0.3038963319750713,5000,NOT_SUPPORTED
FULL,primary,23,Strategy,23.0,23_GA_F_2,,trade_weighted,True,1,23,True,ORDERED_POSITIVE_SUPPORTED,-0.046381514292035395,0.04633199465060241,0.0642911877758621,0.13208080809090908,0.08360520093617022,0.1299867152282056,0.0927135089426378,0.01795919312525969,0.06778962031504698,-0.048475607154738865,0.8999999999999998,3.0,False,False,True,0.00764929499601887,0.2552843457912227,5000,BOTH_SUPPORTED
FULL,primary,24,Strategy,24.0,24_GA_D_1,,trade_weighted,True,1,24,False,NOT_SUPPORTED,0.05151425760176991,0.09323962518072287,-0.0044252873620689685,0.09494949492727278,0.0798581560106383,0.028343898408868383,0.04172536757895296,-0.09766491254279185,0.09937478228934175,-0.015091338916634486,0.3,2.0,False,False,True,-0.1391782187560503,0.19769364014609483,5000,NOT_SUPPORTED
FULL,primary,25,Strategy,25.0,25_AU_China_Demand,,trade_weighted,True,1,25,False,ORDERED_POSITIVE_SUPPORTED,0.030487637362637363,0.12079166666666666,0.029561688311688313,0.035642201834862386,0.0914795918367347,0.06099195447409733,0.0903040293040293,-0.09122997835497834,0.006080513523174073,0.05583739000187231,0.19999999999999998,3.0,False,False,True,-0.029592702054494446,0.1512224239062739,5000,BOTH_SUPPORTED
FULL,primary,26,Strategy,26.0,26_AJ_China_Demand,,trade_weighted,True,1,26,False,ORDERED_POSITIVE_SUPPORTED,0.12937263797278908,0.0500456620821918,0.08091787436956521,0.10018518522222221,0.18521739129347828,0.055844753320689194,-0.07932697589059728,0.030872212287373413,0.019267310852656996,0.08503220607125607,0.39999999999999997,3.0,False,False,True,-0.12451363788673186,0.24221460485939117,5000,BOTH_SUPPORTED
FULL,primary,27,Strategy,27.0,27_EA_China_Demand,,trade_weighted,True,1,27,False,NOT_SUPPORTED,0.10893660532515338,0.07593457942990654,0.1352450980392157,0.06923245611842105,0.06850000001111109,-0.04043660531404229,-0.03300202589524684,0.05931051860930915,-0.06601264192079465,-0.0007324561073099589,-0.7,1.0,False,False,True,-0.20161462771068597,0.12041884290966987,5000,NOT_SUPPORTED
FULL,primary,28,Strategy,28.0,28_GA_China_Demand,,trade_weighted,True,1,28,False,ORDERED_POSITIVE_SUPPORTED,0.016932515343558288,0.056025157235849055,0.14881099650515464,0.18790960442372884,0.04663030299090911,0.029697787647350822,0.039092641892290766,0.09278583926930559,0.039098607918574196,-0.14127930143281972,0.39999999999999997,3.0,False,False,True,-0.11473567136915407,0.17555169516778324,5000,PRIMARY_ONLY
FULL,primary,Portfolio,Group,,,Portfolio,trade_weighted,True,25,1|2|3|4|5|6|7|8|9|10|11|12|13|17|18|19|20|21|22|23|24|25|26|27|28,False,ORDERED_POSITIVE_SUPPORTED,0.044681923425914316,0.07827555495925362,0.09562275296852589,0.10345353984738041,0.1435944394757249,0.09891251604981058,0.0335936315333393,0.01734719800927227,0.007830786878854523,0.04014089962834448,0.9999999999999999,4.0,True,True,True,0.051353089886463046,0.14628064786997166,5000,BOTH_SUPPORTED
FULL,primary,Portfolio,Group,,,Portfolio,strategy_equal_weighted,True,25,1|2|3|4|5|6|7|8|9|10|11|12|13|17|18|19|20|21|22|23|24|25|26|27|28,False,ORDERED_POSITIVE_SUPPORTED,0.0464476895463019,0.0835279506639755,0.09645023842722827,0.0995278494533063,0.14269069265467482,0.09624300310837292,0.0370802611176736,0.012922287763252771,0.0030776110260780226,0.043162843201368525,0.9999999999999999,4.0,True,True,True,,,0,BOTH_SUPPORTED
FULL,primary,JPY,Group,,,JPY,trade_weighted,True,14,1|2|3|4|5|6|7|8|9|10|11|12|13|26,False,ORDERED_POSITIVE_SUPPORTED,0.05279762946041276,0.1059618734953083,0.10569889204329609,0.13301123130971512,0.16591115495681819,0.11311352549640542,0.053164244034895544,-0.0002629814520122148,0.02731233926641903,0.03289992364710306,0.8999999999999998,3.0,False,False,True,0.05380005307299981,0.17231329743735466,5000,BOTH_SUPPORTED
FULL,primary,JPY,Group,,,JPY,strategy_equal_weighted,True,14,1|2|3|4|5|6|7|8|9|10|11|12|13|26,False,ORDERED_POSITIVE_SUPPORTED,0.050044214808035885,0.1128123369230098,0.11085849288945979,0.1320501467886214,0.16280451618386158,0.11276030137582568,0.06276812211497393,-0.00195384403355002,0.02119165389916161,0.030754369395240178,0.8999999999999998,3.0,False,False,True,,,0,BOTH_SUPPORTED
FULL,primary,AUD_nonJPY,Group,,,AUD_nonJPY,trade_weighted,True,11,17|18|19|20|21|22|23|24|25|27|28,False,ORDERED_POSITIVE_SUPPORTED,0.03447986843443396,0.04184875843738977,0.08223775189703156,0.05446506574092011,0.11102609847512439,0.07654623004069043,0.007368890002955812,0.04038899345964179,-0.027772686156111448,0.05656103273420428,0.8999999999999998,3.0,False,False,True,0.010742481188190356,0.14636668255791171,5000,PRIMARY_ONLY
FULL,primary,AUD_nonJPY,Group,,,AUD_nonJPY,strategy_equal_weighted,True,11,17|18|19|20|21|22|23|24|25|27|28,False,ORDERED_POSITIVE_SUPPORTED,0.041870293758640466,0.046256913607022776,0.0781124600207518,0.0581358346629052,0.11709128089025535,0.07522098713161487,0.00438661984838231,0.03185554641372902,-0.019976625357846597,0.05895544622735015,0.8999999999999998,3.0,False,False,True,,,0,PRIMARY_ONLY
FULL,primary,Long,Group,,,Long,trade_weighted,True,14,1|2|3|4|6|7|8|13|19|21|22|24|25|26,False,ORDERED_POSITIVE_SUPPORTED,0.04409151174551105,0.08675590714642155,0.08441278211572699,0.08841322596130032,0.13858835277576445,0.09449684103025341,0.0426643954009105,-0.0023431250306945595,0.004000443845573326,0.050175126814464135,0.8999999999999998,3.0,False,False,True,0.0390006296634226,0.1494636392107971,5000,BOTH_SUPPORTED
FULL,primary,Long,Group,,,Long,strategy_equal_weighted,True,14,1|2|3|4|6|7|8|13|19|21|22|24|25|26,False,ORDERED_POSITIVE_SUPPORTED,0.04340578225595788,0.08754782248237578,0.08331604993124153,0.09181488679837975,0.13868615405235366,0.09528037179639579,0.0441420402264179,-0.004231772551134244,0.008498836867138218,0.046871267253973906,0.8999999999999998,3.0,False,False,True,,,0,BOTH_SUPPORTED
FULL,primary,Short,Group,,,Short,trade_weighted,True,11,5|9|10|11|12|17|18|20|23|27|28,False,ORDERED_POSITIVE_SUPPORTED,0.04558707547803071,0.06656605688032638,0.10862709092857144,0.12497301442192692,0.1509617304025,0.10537465492446929,0.02097898140229567,0.04206103404824506,0.01634592349335548,0.025988715980573077,0.9999999999999999,4.0,True,True,True,0.034099771170840794,0.18052959720251677,5000,PRIMARY_ONLY
FULL,primary,Short,Group,,,Short,strategy_equal_weighted,True,11,5|9|10|11|12|17|18|20|23|27|28,False,ORDERED_POSITIVE_SUPPORTED,0.050319207915830666,0.07841175016782974,0.11316647833121136,0.10934434737775822,0.14778737814853815,0.09746817023270749,0.028092542251999073,0.034754728163381626,-0.003822130953453143,0.03844303077077993,0.8999999999999998,3.0,False,False,True,,,0,PRIMARY_ONLY
FULL,robustness,1,Strategy,1.0,1_EJ_Log1,,trade_weighted,True,1,1,True,ORDERED_POSITIVE_SUPPORTED,0.040019569442922384,0.19667857141249998,0.10865546219117647,0.16544496490983604,0.288888888869281,0.2488693194263586,0.1566590019695776,-0.0880231092213235,0.05678950271865957,0.12344392395944495,0.7,3.0,False,False,True,0.0728495656271426,0.42967240718272176,5000,BOTH_SUPPORTED
FULL,robustness,2,Strategy,2.0,2_EJ_NightBlitz_20,,trade_weighted,True,1,2,False,NOT_SUPPORTED,0.030532494815094333,0.17056128296907216,0.08841666669375,0.20908408411486487,0.0892712067526882,0.05873871193759386,0.14002878815397785,-0.08214461627532216,0.12066741742111486,-0.11981287736217668,0.49999999999999994,2.0,False,False,True,-0.09802433041299252,0.2148614038744494,5000,PRIMARY_ONLY
FULL,robustness,3,Strategy,3.0,3_EJ_NightBlitz_21,,trade_weighted,True,1,3,False,ORDERED_POSITIVE_SUPPORTED,0.01938888888257576,0.10714776632474227,0.05335833332500001,0.07898881430872483,0.10139784938172045,0.08200896049914469,0.08775887744216651,-0.05378943299974226,0.02563048098372482,0.022409035072995617,0.39999999999999997,3.0,False,False,True,-0.017224052935935853,0.1762093725322263,5000,BOTH_SUPPORTED
FULL,robustness,4,Strategy,4.0,4_GJ_Port_Log1,,trade_weighted,True,1,4,False,ORDERED_POSITIVE_SUPPORTED,-0.004496298698744772,0.04236024844099379,0.05518987338607596,0.07618001042857142,0.0599597495116279,0.06445604821037267,0.046856547139738566,0.01282962494508217,0.020990137042495458,-0.01622026091694352,0.8999999999999998,3.0,False,False,True,0.0002913955463954145,0.1260489998775388,5000,BOTH_SUPPORTED
FULL,robustness,5,Strategy,5.0,5_GJ_Port_Log2,,trade_weighted,True,1,5,False,NOT_SUPPORTED,0.03846846846621622,0.0013093374976525859,0.1264685990347826,0.21519783195609757,0.06280081928571431,0.02433235081949809,-0.03715913096856363,0.12515926153713003,0.08872923292131496,-0.15239701267038325,0.6,2.0,False,False,True,-0.15086743606053452,0.22746173245736123,5000,PRIMARY_ONLY
FULL,robustness,6,Strategy,6.0,6_GJ_Old_Mon,,trade_weighted,True,1,6,True,NOT_SUPPORTED,0.04526470588235293,0.10447058823529412,0.3110769230769231,0.28835135135135137,0.2551851851851851,0.2099204793028322,0.05920588235294119,0.20660633484162896,-0.022725571725571714,-0.033166166166166244,0.6,2.0,False,False,True,-0.11693358778625952,0.5500885854166102,5000,PRIMARY_ONLY
FULL,robustness,7,Strategy,7.0,7_GJ_Mon_Blitz,,trade_weighted,True,1,7,False,ORDERED_POSITIVE_SUPPORTED,0.024431761787096773,0.03062271059047618,0.08728314238297873,0.06416737105494505,0.0804195803838384,0.05598781859674162,0.006190948803379406,0.05666043179250255,-0.023115771328033677,0.016252209328893347,0.7,3.0,False,False,True,-0.05084342965034554,0.16467516934596074,5000,ROBUSTNESS_ONLY
FULL,robustness,8,Strategy,8.0,8_AJ_Core1,,trade_weighted,True,1,8,False,ORDERED_POSITIVE_SUPPORTED,0.04561904758666668,0.06972222218518517,0.077517857175,0.14811373091262137,0.16413314840776697,0.11851410082110028,0.02410317459851849,0.007795634989814823,0.07059587373762137,0.0160194174951456,0.9999999999999999,4.0,True,True,True,-0.06310577247075115,0.2930519028112327,5000,ROBUSTNESS_ONLY
FULL,robustness,9,Strategy,9.0,9_AJ_Core2,,trade_weighted,True,1,9,False,NOT_SUPPORTED,0.18210784317647058,0.11719298243859647,0.33937853113559324,0.4266060606181819,0.030995671012986985,-0.1511121721634836,-0.06491486073787411,0.22218554869699678,0.08722752948258866,-0.3956103896051949,-0.09999999999999999,2.0,False,False,True,-0.4950801269261694,0.21600600602355458,5000,NOT_SUPPORTED
FULL,robustness,10,Strategy,10.0,10_AJ_SatA,,trade_weighted,True,1,10,False,NOT_SUPPORTED,-0.011613636363636364,0.03771014492753623,0.06361111111111112,-0.058676056338028186,-0.01808108108108108,-0.0064674447174447175,0.0493237812911726,0.02590096618357489,-0.12228716744913931,0.04059497525694711,-0.49999999999999994,3.0,False,False,True,-0.11310390617197641,0.09889867896107514,5000,NOT_SUPPORTED
FULL,robustness,11,Strategy,11.0,11_AJ_SatB,,trade_weighted,True,1,11,False,NOT_SUPPORTED,0.008028600573033697,0.08677206853623189,0.04724747473611109,0.07971830977464789,0.051990171918918936,0.04396157134588524,0.07874346796319819,-0.03952459380012079,0.032470835038536795,-0.027728137855728953,0.3,2.0,False,False,True,-0.16910145271427496,0.2545124208281884,5000,NOT_SUPPORTED
FULL,robustness,12,Strategy,12.0,12_UJ_Short_Core,,trade_weighted,True,1,12,True,ORDERED_POSITIVE_SUPPORTED,0.06786428571428571,0.18037777777777775,0.42806666666666665,0.06108888888888888,0.5704516129032258,0.5025873271889401,0.11251349206349204,0.2476888888888889,-0.3669777777777778,0.5093627240143369,0.39999999999999997,3.0,False,False,True,0.23640845468648522,0.7765022651711133,5000,BOTH_SUPPORTED
FULL,robustness,13,Strategy,13.0,13_UJ_Fix_MidWeek,,trade_weighted,True,1,13,False,NOT_SUPPORTED,0.058070175450000004,0.11690225559999998,0.11548872176190475,0.001754385933333335,0.10549999995,0.0474298245,0.05883208014999997,-0.0014135338380952267,-0.11373433582857141,0.10374561401666667,-0.19999999999999998,2.0,False,False,True,-0.06863107481320677,0.1740674150895455,5000,NOT_SUPPORTED
FULL,robustness,14,Strategy,14.0,14_UJ_Sat_3rd,,trade_weighted,False,0,,False,LOW_SAMPLE,0.5493719808695652,0.29555555563636365,0.4160493827777778,0.4490740741666667,0.0886868688181818,-0.4606851120513834,-0.2538164252332015,0.12049382714141416,0.033024691388888916,-0.3603872053484849,-0.6,2.0,False,False,True,-1.0230902959986363,0.10544823234943144,5000,UNDETERMINED
FULL,robustness,15,Strategy,15.0,15_UJ_Sat_Aug,,trade_weighted,False,0,,False,LOW_SAMPLE,0.286875,-0.08333333333333333,-0.06041666666666665,0.515,0.4675862068965517,0.18071120689655173,-0.3702083333333333,0.022916666666666675,0.5754166666666667,-0.04741379310344829,0.6,2.0,False,False,True,,,4727,UNDETERMINED
FULL,robustness,16,Strategy,16.0,16_UJ_T10A,,trade_weighted,False,0,,False,LOW_SAMPLE,0.11400000000000002,0.1805555555625,0.17733333339999996,0.30444444439999996,0.33162393161538467,0.21762393161538465,0.06655555556249998,-0.003222222162500038,0.127111111,0.027179487215384712,0.8999999999999998,3.0,False,False,True,-0.3577339957397529,0.8820333332286364,4999,UNDETERMINED
FULL,robustness,17,Strategy,17.0,17_EA_1B_Wed_Short,,trade_weighted,True,1,17,False,NOT_SUPPORTED,0.24231040562962966,0.14369523809333332,0.06399515738983053,0.024155844113636346,0.24246753246969696,0.00015712684006730093,-0.09861516753629634,-0.07970008070350279,-0.03983931327619418,0.21831168835606063,0.0,1.0,False,False,True,-0.2591221744072123,0.25675744929723654,5000,NOT_SUPPORTED
FULL,robustness,18,Strategy,18.0,18_EA_2_MonWed_Short,,trade_weighted,True,1,18,False,NOT_SUPPORTED,0.06574879230039526,0.017205977888888887,0.03808080810227273,-0.03204830917391305,0.11793745843113775,0.05218866613074248,-0.048542814411506374,0.020874830213383846,-0.07012911727618579,0.14998576760505078,0.09999999999999999,2.0,False,False,True,-0.10657680782622278,0.21535374896065176,5000,NOT_SUPPORTED
FULL,robustness,19,Strategy,19.0,19_EA_3_WedThu_Long,,trade_weighted,True,1,19,False,ORDERED_POSITIVE_SUPPORTED,-0.006776406024691364,0.1469017094679487,0.012767857133928561,0.07960704608536585,0.18467489714074073,0.1914513031654321,0.15367811549264007,-0.13413385233402014,0.0668391889514373,0.10506785105537488,0.7,3.0,False,False,True,0.02225906480449772,0.37331094990661917,5000,BOTH_SUPPORTED
FULL,robustness,20,Strategy,20.0,20_EA_1A_MonTue_Short,,trade_weighted,True,1,20,False,NOT_SUPPORTED,-0.011061032863849749,-0.01360583941605839,0.0836551724137931,0.16119999999999998,0.013863636363636357,0.024924669227486106,-0.002544806552208642,0.09726101182985149,0.07754482758620689,-0.14733636363636363,0.6,2.0,False,False,True,-0.14458857883457207,0.20465465396820512,5000,PRIMARY_ONLY
FULL,robustness,21,Strategy,21.0,21_GA_B_3,,trade_weighted,True,1,21,False,NOT_SUPPORTED,-0.002661156987878787,-0.006172472336448597,0.006522198732558138,-0.009691358049382719,0.0444483672815534,0.047109524269432185,-0.0035113153485698103,0.012694671069006735,-0.016213556781940856,0.05413972533093612,0.3,2.0,False,False,True,-0.024273277727859966,0.11372859249255882,5000,PRIMARY_ONLY
FULL,robustness,22,Strategy,22.0,22_GA_C_2,,trade_weighted,True,1,22,False,NOT_SUPPORTED,0.0687087912019231,0.06305263165263163,0.018336594945205474,0.01849315073972605,0.1218272425697675,0.053118451367844405,-0.005656159549291467,-0.04471603670742615,0.000156555794520577,0.10333409183004144,0.09999999999999999,2.0,False,False,True,-0.18356783780516692,0.2883489154219687,5000,NOT_SUPPORTED
FULL,robustness,23,Strategy,23.0,23_GA_F_2,,trade_weighted,True,1,23,True,ORDERED_POSITIVE_SUPPORTED,-0.00408766566055045,0.006994301974358983,-0.03338709672580646,0.11127240143548386,0.1361714975652174,0.14025916322576784,0.011081967634909432,-0.040381398700165445,0.1446594981612903,0.02489909612973354,0.7,3.0,False,False,True,0.006123965838952079,0.2743305141914415,5000,BOTH_SUPPORTED
FULL,robustness,24,Strategy,24.0,24_GA_D_1,,trade_weighted,True,1,24,False,NOT_SUPPORTED,0.05200815495412843,0.029544159538461543,0.037186379919354834,0.0011290322258064615,0.1704710144673913,0.11846285951326287,-0.022463995415666887,0.007642220380893291,-0.036057347693548375,0.16934198224158484,0.09999999999999999,2.0,False,False,True,-0.04927434328846242,0.2907404693066646,5000,NOT_SUPPORTED
FULL,robustness,25,Strategy,25.0,25_AU_China_Demand,,trade_weighted,True,1,25,False,ORDERED_POSITIVE_SUPPORTED,0.031745762711864405,0.06463286713286713,0.06515923566878981,0.058767123287671225,0.07199257425742575,0.040246811545561346,0.032887104421002726,0.0005263685359226805,-0.0063921123811185865,0.013225450969754526,0.7,3.0,False,False,True,-0.05156410102642606,0.13294469900903105,5000,BOTH_SUPPORTED
FULL,robustness,26,Strategy,26.0,26_AJ_China_Demand,,trade_weighted,True,1,26,False,ORDERED_POSITIVE_SUPPORTED,0.13124087594160586,0.04640522876470589,0.05905723906060606,0.11346104721839081,0.18490649065346537,0.053665614711859516,-0.08483564717689997,0.01265201029590017,0.054403808157784755,0.07144544343507456,0.39999999999999997,3.0,False,False,True,-0.10960514911802662,0.22442125851332448,5000,BOTH_SUPPORTED
FULL,robustness,27,Strategy,27.0,27_EA_China_Demand,,trade_weighted,True,1,27,False,NOT_SUPPORTED,0.12600241546376814,0.11693910253846153,0.099745762720339,0.0242028985652174,0.07443425076146787,-0.05156816470230027,-0.009063312925306613,-0.01719333981812253,-0.0755428641551216,0.05023135219625047,-0.8999999999999998,1.0,False,False,True,-0.2043358541021619,0.096599800092245,5000,NOT_SUPPORTED
FULL,robustness,28,Strategy,28.0,28_GA_China_Demand,,trade_weighted,True,1,28,False,NOT_SUPPORTED,0.0825799458211382,0.026255555508333323,0.11892720301149427,0.07161048685393258,0.08035632181034483,-0.0022236240107933736,-0.05632439031280488,0.09267164750316095,-0.047316716157561695,0.008745834956412249,-0.09999999999999999,2.0,False,False,True,-0.13460772128154483,0.12699055800721906,5000,PRIMARY_ONLY
FULL,robustness,Portfolio,Group,,,Portfolio,trade_weighted,True,25,1|2|3|4|5|6|7|8|9|10|11|12|13|17|18|19|20|21|22|23|24|25|26|27|28,False,ORDERED_POSITIVE_SUPPORTED,0.04631177672261527,0.07708259922781774,0.09460307164210525,0.10809586612196144,0.12845990022299766,0.08214812350038239,0.030770822505202466,0.017520472414287516,0.013492794479856185,0.020364034101036224,0.9999999999999999,4.0,True,True,True,0.03723487378657589,0.12637018897501268,5000,BOTH_SUPPORTED
FULL,robustness,Portfolio,Group,,,Portfolio,strategy_equal_weighted,True,25,1|2|3|4|5|6|7|8|9|10|11|12|13|17|18|19|20|21|22|23|24|25|26|27|28,False,ORDERED_POSITIVE_SUPPORTED,0.05277779156807266,0.0761470567097417,0.09887223500197759,0.09512716444863883,0.13145856345014872,0.07868077188207606,0.023369265141669038,0.022725178292235887,-0.003745070553338753,0.03633139900150989,0.8999999999999998,3.0,False,False,True,,,0,BOTH_SUPPORTED
FULL,robustness,JPY,Group,,,JPY,trade_weighted,True,14,1|2|3|4|5|6|7|8|9|10|11|12|13|26,False,ORDERED_POSITIVE_SUPPORTED,0.046094392786109925,0.09516477136132931,0.1268053390111622,0.14624657305953992,0.1456013537126975,0.09950696092658758,0.049070378575219384,0.03164056764983289,0.01944123404837772,-0.0006452193468424183,0.8999999999999998,3.0,False,False,True,0.041511504536843165,0.15526209986908368,5000,BOTH_SUPPORTED
FULL,robustness,JPY,Group,,,JPY,strategy_equal_weighted,True,14,1|2|3|4|5|6|7|8|9|10|11|12|13|26,False,ORDERED_POSITIVE_SUPPORTED,0.0482090559039957,0.09344522755005459,0.14005832869554855,0.1335343425094591,0.14484423522395273,0.09663517931995703,0.04523617164605889,0.046613101145493954,-0.006523986186089459,0.011309892714493647,0.8999999999999998,3.0,False,False,True,,,0,BOTH_SUPPORTED
FULL,robustness,AUD_nonJPY,Group,,,AUD_nonJPY,trade_weighted,True,11,17|18|19|20|21|22|23|24|25|27|28,False,NOT_SUPPORTED,0.0466029868247717,0.05340697036629747,0.05146846020580475,0.04599592685572688,0.10592548175076924,0.05932249492599754,0.006803983541525768,-0.0019385101604927207,-0.005472533350077871,0.05992955489504236,0.3,2.0,False,False,True,-0.0006015307429887891,0.12135664913011858,5000,PRIMARY_ONLY
FULL,robustness,AUD_nonJPY,Group,,,AUD_nonJPY,strategy_equal_weighted,True,11,17|18|19|20|21|22|23|24|25|27|28,False,NOT_SUPPORTED,0.05859254604962517,0.054131202912979834,0.04645357030106909,0.04624530146214036,0.11442225391985272,0.055829707870227556,-0.0044613431366453335,-0.007677632611910741,-0.0002082688389287296,0.06817695245771235,0.0,1.0,False,False,True,,,0,PRIMARY_ONLY
FULL,robustness,Long,Group,,,Long,trade_weighted,True,14,1|2|3|4|6|7|8|13|19|21|22|24|25|26,False,ORDERED_POSITIVE_SUPPORTED,0.03276606208582996,0.09437141722648083,0.07511994121783526,0.10337397508327402,0.1329530307642694,0.10018696867843943,0.06160535514065087,-0.019251476008645574,0.02825403386543876,0.029579055680995378,0.8999999999999998,3.0,False,False,True,0.04596440243802784,0.15461536472980833,5000,BOTH_SUPPORTED
FULL,robustness,Long,Group,,,Long,strategy_equal_weighted,True,14,1|2|3|4|6|7|8|13|19|21|22|24|25|26,False,ORDERED_POSITIVE_SUPPORTED,0.038078311924636836,0.08448784071274498,0.07828689181808943,0.09241791103727329,0.1373625853437466,0.09928427341910975,0.04640952878810815,-0.006200948894655556,0.01413101921918386,0.04494467430647331,0.8999999999999998,3.0,False,False,True,,,0,BOTH_SUPPORTED
FULL,robustness,Short,Group,,,Short,trade_weighted,True,11,5|9|10|11|12|17|18|20|23|27|28,False,NOT_SUPPORTED,0.06685070560712092,0.05221096631746031,0.1186339016952141,0.11485861526503569,0.12219739846618935,0.05534669285906843,-0.014639739289660607,0.06642293537775379,-0.0037752864301784095,0.007338783201153665,0.7999999999999999,2.0,False,False,True,-0.010772348748087432,0.12599569444217731,5000,PRIMARY_ONLY
FULL,robustness,Short,Group,,,Short,strategy_equal_weighted,True,11,5|9|10|11|12|17|18|20|23|27|28,False,NOT_SUPPORTED,0.0714862202051728,0.06553151343319205,0.12507176269056253,0.0985753051540132,0.12394435376738783,0.05245813356221503,-0.005954706771980747,0.059540249257370476,-0.02649645753654932,0.02536904861337462,0.6,2.0,False,False,True,,,0,PRIMARY_ONLY
Historical,primary,1,Strategy,1.0,1_EJ_Log1,,trade_weighted,True,1,1,True,DESCRIPTIVE_ONLY,0.0767625232012987,0.07489391790099009,0.15729064041379312,-0.02083155650746267,0.2890269151449275,0.2122643919436288,-0.0018686053003086067,0.08239672251280303,-0.1781221969212558,0.30985847165239017,0.3,2.0,False,False,True,,,0,DESCRIPTIVE_ONLY
Historical,primary,2,Strategy,2.0,2_EJ_NightBlitz_20,,trade_weighted,True,1,2,False,DESCRIPTIVE_ONLY,0.045823361866666655,0.05947368425438598,0.22244766514492756,0.021071895352941163,0.17060846564285712,0.12478510377619045,0.013650322387719328,0.16297398089054158,-0.2013757697919864,0.14953657028991596,0.19999999999999998,3.0,False,False,True,,,0,DESCRIPTIVE_ONLY
Historical,primary,3,Strategy,3.0,3_EJ_NightBlitz_21,,trade_weighted,True,1,3,False,DESCRIPTIVE_ONLY,0.03817435896410257,0.015162241893805313,0.08745893724637681,0.005709803905882355,0.09596825388095238,0.05779389491684982,-0.023012117070297253,0.0722966953525715,-0.08174913334049445,0.09025844997507003,0.3,2.0,False,False,True,,,0,DESCRIPTIVE_ONLY
Historical,primary,4,Strategy,4.0,4_GJ_Port_Log1,,trade_weighted,True,1,4,False,DESCRIPTIVE_ONLY,0.024063660468965516,0.01110769229,0.01988095241666666,0.03950880440963855,0.05794871790123458,0.033885057432269064,-0.012955968178965516,0.00877326012666666,0.019627851992971887,0.01843991349159603,0.7,3.0,False,False,True,,,0,DESCRIPTIVE_ONLY
Historical,primary,5,Strategy,5.0,5_GJ_Port_Log2,,trade_weighted,True,1,5,False,DESCRIPTIVE_ONLY,0.020925925916666675,0.070616319421875,0.1492825896771654,0.10384301730275228,0.20370370374074073,0.18277777782407406,0.04969039350520833,0.0786662702552904,-0.04543957237441312,0.09986068643798846,0.8999999999999998,3.0,False,False,True,,,0,DESCRIPTIVE_ONLY
Historical,primary,6,Strategy,6.0,6_GJ_Old_Mon,,trade_weighted,True,1,6,True,DESCRIPTIVE_ONLY,-0.07609638554216867,0.1348695652173913,0.4157777777777778,0.12362790697674417,-0.19521212121212123,-0.11911573566995255,0.21096595075955998,0.2809082125603865,-0.2921498708010336,-0.31884002818886537,-0.3,2.0,False,False,True,,,0,DESCRIPTIVE_ONLY
Historical,primary,7,Strategy,7.0,7_GJ_Mon_Blitz,,trade_weighted,True,1,7,False,DESCRIPTIVE_ONLY,0.004607454391752575,0.02577622370909091,0.07160151324590165,0.09999999991489364,-0.01500000006249999,-0.019607454454252566,0.021168769317338333,0.04582528953681074,0.028398486668991987,-0.11499999997739363,0.0,3.0,False,False,True,,,0,DESCRIPTIVE_ONLY
Historical,primary,8,Strategy,8.0,8_AJ_Core1,,trade_weighted,True,1,8,False,DESCRIPTIVE_ONLY,0.015612244897959187,0.04608899296721314,0.025105820092592594,0.07087662338636364,0.19321428563461543,0.17760204073665625,0.03047674806925395,-0.020983172874620544,0.04577080329377104,0.1223376622482518,0.8999999999999998,3.0,False,False,True,,,0,DESCRIPTIVE_ONLY
Historical,primary,9,Strategy,9.0,9_AJ_Core2,,trade_weighted,True,1,9,False,DESCRIPTIVE_ONLY,0.14065217395652174,0.39813725485294116,0.17279279286486487,0.31827160492592593,0.20859649128947366,0.06794431733295192,0.2574850808964194,-0.22534446198807628,0.14547881206106106,-0.10967511363645227,0.3,2.0,False,False,True,,,0,DESCRIPTIVE_ONLY
Historical,primary,10,Strategy,10.0,10_AJ_SatA,,trade_weighted,True,1,10,False,DESCRIPTIVE_ONLY,-0.03568888888888889,0.03857777777777778,0.0005769230769230754,-0.048606060606060604,-0.0348,0.0008888888888888904,0.07426666666666668,-0.03800085470085471,-0.049182983682983676,0.013806060606060606,-0.19999999999999998,2.0,False,False,True,,,0,DESCRIPTIVE_ONLY
Historical,primary,11,Strategy,11.0,11_AJ_SatB,,trade_weighted,True,1,11,False,DESCRIPTIVE_ONLY,0.08561616157777777,0.09955555555555556,-0.07664335667307692,0.09019283733333333,0.1849870129142857,0.09937085133650794,0.013939393977777798,-0.1761989122286325,0.16683619400641025,0.09479417558095238,0.49999999999999994,3.0,False,False,True,,,0,DESCRIPTIVE_ONLY
Historical,primary,12,Strategy,12.0,12_UJ_Short_Core,,trade_weighted,True,1,12,True,DESCRIPTIVE_ONLY,0.10773255813953485,0.14639285714285716,0.0661111111111111,0.26877551020408164,0.42091666666666666,0.3131841085271318,0.03866029900332231,-0.08028174603174605,0.20266439909297052,0.15214115646258503,0.7,3.0,False,False,True,,,0,DESCRIPTIVE_ONLY
Historical,primary,13,Strategy,13.0,13_UJ_Fix_MidWeek,,trade_weighted,False,0,,False,DESCRIPTIVE_ONLY,0.09845201244117645,0.04137299773913044,0.05170526316,0.0394078946875,0.07163742688888888,-0.026814585552287565,-0.05707901470204601,0.010332265420869562,-0.0122973684725,0.03222953220138888,-0.3,2.0,False,False,True,,,0,DESCRIPTIVE_ONLY
Historical,primary,14,Strategy,14.0,14_UJ_Sat_3rd,,trade_weighted,False,0,,False,DESCRIPTIVE_ONLY,0.13914529923076926,0.17277777774999997,-0.04185185183333332,0.05155555540000001,0.7566666670000001,0.6175213677692308,0.03363247851923071,-0.2146296295833333,0.09340740723333332,0.7051111116000001,0.19999999999999998,3.0,False,False,True,,,0,DESCRIPTIVE_ONLY
Historical,primary,15,Strategy,15.0,15_UJ_Sat_Aug,,trade_weighted,False,0,,False,DESCRIPTIVE_ONLY,0.07785714285714285,0.26875,0.3225,0.5168181818181817,0.2007142857142857,0.12285714285714286,0.19089285714285714,0.05375000000000002,0.19431818181818172,-0.316103896103896,0.39999999999999997,3.0,False,False,True,,,0,DESCRIPTIVE_ONLY
Historical,primary,16,Strategy,16.0,16_UJ_T10A,,trade_weighted,False,0,,False,DESCRIPTIVE_ONLY,0.25199999999999995,0.248,-0.21999999985714289,0.38622222219999996,0.50444444425,0.25244444425000007,-0.003999999999999948,-0.4679999998571429,0.6062222220571428,0.11822222205000005,0.6,2.0,False,False,True,,,0,DESCRIPTIVE_ONLY
Historical,primary,17,Strategy,17.0,17_EA_1B_Wed_Short,,trade_weighted,True,1,17,False,DESCRIPTIVE_ONLY,0.33533333335000004,-0.06822393824324328,0.10139285707500001,0.021322751296296304,0.47451428576,0.13918095240999995,-0.40355727159324334,0.1696167953182433,-0.0800701057787037,0.4531915344637037,0.3,2.0,False,False,True,,,0,DESCRIPTIVE_ONLY
Historical,primary,18,Strategy,18.0,18_EA_2_MonWed_Short,,trade_weighted,True,1,18,False,DESCRIPTIVE_ONLY,0.11037664785310734,-0.09799755801098901,0.13986373167924526,0.11780952382857142,0.1483050847118644,0.03792843685875706,-0.20837420586409636,0.2378612896902343,-0.022054207850673843,0.030495560883292985,0.7999999999999999,2.0,False,False,True,,,0,DESCRIPTIVE_ONLY
Historical,primary,19,Strategy,19.0,19_EA_3_WedThu_Long,,trade_weighted,True,1,19,False,DESCRIPTIVE_ONLY,0.06563620073387096,0.015492063514285715,0.07062222228000002,0.11126984130612247,0.16429118774137927,0.09865498700750831,-0.050144137219585244,0.05513015876571431,0.04064761902612245,0.0530213464352568,0.8999999999999998,3.0,False,False,True,,,0,DESCRIPTIVE_ONLY
Historical,primary,20,Strategy,20.0,20_EA_1A_MonTue_Short,,trade_weighted,True,1,20,False,DESCRIPTIVE_ONLY,0.028979310344827574,0.07436111111111111,0.06660759493670886,-0.014961538461538483,0.1814,0.15242068965517244,0.04538180076628354,-0.0077535161744022585,-0.08156913339824734,0.19636153846153848,0.3,2.0,False,False,True,,,0,DESCRIPTIVE_ONLY
Historical,primary,21,Strategy,21.0,21_GA_B_3,,trade_weighted,True,1,21,False,DESCRIPTIVE_ONLY,-0.005310606024999999,-0.003643465921875002,-0.061131078209302324,0.05125000003125,0.036410984999999986,0.041721591024999984,0.0016671401031249974,-0.057487612287427325,0.11238107824055232,-0.014839015031250014,0.6,2.0,False,False,True,,,0,DESCRIPTIVE_ONLY
Historical,primary,22,Strategy,22.0,22_GA_C_2,,trade_weighted,True,1,22,False,DESCRIPTIVE_ONLY,0.22449806955405405,0.1488311688636364,0.12882653071428576,-0.15113300489655168,0.21285714293617028,-0.011640926617883768,-0.07566690069041765,-0.020004638149350634,-0.2799595356108374,0.363990147832722,-0.39999999999999997,1.0,False,False,True,,,0,DESCRIPTIVE_ONLY
Historical,primary,23,Strategy,23.0,23_GA_F_2,,trade_weighted,True,1,23,True,DESCRIPTIVE_ONLY,-0.07069892474193548,0.05173076923076922,0.15709876550000001,0.24615384623076922,0.13780246911111113,0.2085013938530466,0.1224296939727047,0.1053679962692308,0.0890550807307692,-0.10835137711965809,0.7,3.0,False,False,True,,,0,DESCRIPTIVE_ONLY
Historical,primary,24,Strategy,24.0,24_GA_D_1,,trade_weighted,True,1,24,False,DESCRIPTIVE_ONLY,0.06827956990322581,0.1332264957307692,0.04472222222222222,0.06525641026923078,0.06355555551111108,-0.004724014392114728,0.06494692582754338,-0.08850427350854698,0.02053418804700856,-0.0017008547581196937,-0.6,2.0,False,False,True,,,0,DESCRIPTIVE_ONLY
Historical,primary,25,Strategy,25.0,25_AU_China_Demand,,trade_weighted,True,1,25,False,DESCRIPTIVE_ONLY,0.04255924170616114,0.10623493975903613,0.03571428571428571,0.1489285714285714,0.07339080459770114,0.03083156289154,0.06367569805287498,-0.07052065404475041,0.1132142857142857,-0.07553776683087027,0.3,2.0,False,False,True,,,0,DESCRIPTIVE_ONLY
Historical,primary,26,Strategy,26.0,26_AJ_China_Demand,,trade_weighted,True,1,26,False,DESCRIPTIVE_ONLY,0.03081148568539327,0.1300584795526316,0.07951111114,0.12361111116666663,0.13555555553333334,0.10474406984794007,0.09924699386723834,-0.05054736841263162,0.04410000002666664,0.01194444436666671,0.7,3.0,False,False,True,,,0,DESCRIPTIVE_ONLY
Historical,primary,27,Strategy,27.0,27_EA_China_Demand,,trade_weighted,True,1,27,False,DESCRIPTIVE_ONLY,0.1106928838764045,0.06338028166197184,0.14215686270588235,0.08066666665454543,0.09162393161538461,-0.019068952261019886,-0.04731260221443266,0.07877658104391051,-0.06149019605133692,0.01095726496083918,-0.09999999999999999,2.0,False,False,True,,,0,DESCRIPTIVE_ONLY
Historical,primary,28,Strategy,28.0,28_GA_China_Demand,,trade_weighted,True,1,28,False,DESCRIPTIVE_ONLY,-0.02910077517441859,0.07476190475714284,0.17590476182142858,0.14849999990624996,-0.00567816091379311,0.02342261426062548,0.10386267993156142,0.10114285706428575,-0.027404761915178627,-0.15417816082004307,0.3,2.0,False,False,True,,,0,DESCRIPTIVE_ONLY
Historical,primary,Portfolio,Group,,,Portfolio,trade_weighted,True,24,1|2|3|4|5|6|7|8|9|10|11|12|17|18|19|20|21|22|23|24|25|26|27|28,False,DESCRIPTIVE_ONLY,0.05278739071815519,0.06323873271779859,0.09809498226375081,0.08207230889248181,0.13943448373338257,0.08664709301522738,0.010451341999643399,0.03485624954595222,-0.016022673371269003,0.05736217484090077,0.8999999999999998,3.0,False,False,True,,,0,DESCRIPTIVE_ONLY
Historical,primary,Portfolio,Group,,,Portfolio,strategy_equal_weighted,True,24,1|2|3|4|5|6|7|8|9|10|11|12|17|18|19|20|21|22|23|24|25|26|27|28,False,DESCRIPTIVE_ONLY,0.05667673275066163,0.07286934729121376,0.0997072180822825,0.08421310688996737,0.13724946804772478,0.08057273529706316,0.016192614540552132,0.026837870791068738,-0.015494111192315127,0.05303636115775741,0.8999999999999998,3.0,False,False,True,,,0,DESCRIPTIVE_ONLY
Historical,primary,JPY,Group,,,JPY,trade_weighted,True,13,1|2|3|4|5|6|7|8|9|10|11|12|26,False,DESCRIPTIVE_ONLY,0.03946321383442839,0.07679294703571429,0.1047900035234192,0.08378084396455696,0.15024012716015134,0.11077691332572295,0.0373297332012859,0.02799705648770491,-0.021009159558862248,0.06645928319559438,0.8999999999999998,3.0,False,False,True,,,0,DESCRIPTIVE_ONLY
Historical,primary,JPY,Group,,,JPY,strategy_equal_weighted,True,13,1|2|3|4|5|6|7|8|9|10|11|12|26,False,DESCRIPTIVE_ONLY,0.036845894971967844,0.09620850481050117,0.10701495981038645,0.09200396136659231,0.13196261131342046,0.09511671634145262,0.05936260983853332,0.010806454999885279,-0.015010998443794138,0.039958649946828156,0.7,3.0,False,False,True,,,0,DESCRIPTIVE_ONLY
Historical,primary,AUD_nonJPY,Group,,,AUD_nonJPY,trade_weighted,True,11,17|18|19|20|21|22|23|24|25|27|28,False,DESCRIPTIVE_ONLY,0.06954722312892561,0.044992674982142856,0.08936590110992366,0.0790527502639821,0.12416019632263817,0.054612973193712555,-0.024554548146782755,0.04437322612778081,-0.01031315084594156,0.04510744605865606,0.7999999999999999,2.0,False,False,True,,,0,DESCRIPTIVE_ONLY
Historical,primary,AUD_nonJPY,Group,,,AUD_nonJPY,strategy_equal_weighted,True,11,17|18|19|20|21|22|23|24|25|27|28,False,DESCRIPTIVE_ONLY,0.08011317739820885,0.04528670658660138,0.09107079603997786,0.07500573341759244,0.14349757146099354,0.06338439406278469,-0.03482647081160747,0.04578408945337648,-0.016065062622385426,0.0684918380434011,0.49999999999999994,2.0,False,False,True,,,0,DESCRIPTIVE_ONLY
Historical,primary,Long,Group,,,Long,trade_weighted,True,13,1|2|3|4|6|7|8|19|21|22|24|25|26,False,DESCRIPTIVE_ONLY,0.04334035202661147,0.06171009876084763,0.09256134426650367,0.05295626391807911,0.1118897184682441,0.06854936644163262,0.018369746734236164,0.030851245505656037,-0.03960508034842456,0.058933454550164986,0.7,3.0,False,False,True,,,0,DESCRIPTIVE_ONLY
Historical,primary,Long,Group,,,Long,strategy_equal_weighted,True,13,1|2|3|4|6|7|8|19|21|22|24|25|26,False,DESCRIPTIVE_ONLY,0.042724706138944746,0.06904399997933544,0.09983296924611751,0.053011262057253115,0.09866274986535856,0.05593804372641381,0.026319293840390695,0.030788969266782068,-0.046821707188864393,0.04565148780810544,0.49999999999999994,3.0,False,False,True,,,0,DESCRIPTIVE_ONLY
Historical,primary,Short,Group,,,Short,trade_weighted,True,11,5|9|10|11|12|17|18|20|23|27|28,False,DESCRIPTIVE_ONLY,0.06813315673871276,0.06535153083682008,0.10464565647756874,0.12104047494517958,0.17957685489110708,0.11144369815239433,-0.0027816259018926814,0.03929412564074866,0.016394818467610844,0.0585363799459275,0.8999999999999998,3.0,False,False,True,,,0,DESCRIPTIVE_ONLY
Historical,primary,Short,Group,,,Short,strategy_equal_weighted,True,11,5|9|10|11|12|17|18|20|23|27|28,False,DESCRIPTIVE_ONLY,0.07316549147359977,0.07739021229616086,0.09955860307047751,0.12108801441953877,0.18285195317233943,0.10968646169873966,0.00422472082256109,0.02216839077431665,0.021529411349061264,0.06176393875280066,0.9999999999999999,4.0,True,True,True,,,0,DESCRIPTIVE_ONLY
Historical,robustness,1,Strategy,1.0,1_EJ_Log1,,trade_weighted,True,1,1,True,DESCRIPTIVE_ONLY,-0.0022971428799999924,0.11076298698863636,0.1489983579770115,0.08358121334246575,0.24152380951999997,0.24382095239999996,0.11306012986863635,0.038235370988375136,-0.06541714463454575,0.1579425961775342,0.7,3.0,False,False,True,,,0,DESCRIPTIVE_ONLY
Historical,robustness,2,Strategy,2.0,2_EJ_NightBlitz_20,,trade_weighted,True,1,2,False,DESCRIPTIVE_ONLY,-0.01660130714379085,0.09125382266972477,0.13981132078301883,0.14148148145555556,0.15030303035227274,0.1669043374960636,0.10785512981351562,0.04855749811329406,0.0016701606725367246,0.008821548896717185,0.9999999999999999,4.0,True,True,True,,,0,DESCRIPTIVE_ONLY
Historical,robustness,3,Strategy,3.0,3_EJ_NightBlitz_21,,trade_weighted,True,1,3,False,DESCRIPTIVE_ONLY,-0.025070175447368424,0.06582262996330275,0.05447798744339623,0.04712592592222222,0.12462121204545454,0.14969138749282296,0.09089280541067117,-0.011344642519906523,-0.007352061521174007,0.07749528612323231,0.6,2.0,False,False,True,,,0,DESCRIPTIVE_ONLY
Historical,robustness,4,Strategy,4.0,4_GJ_Port_Log1,,trade_weighted,True,1,4,False,DESCRIPTIVE_ONLY,-0.016153846170542635,0.036020408173469375,0.027665474058139537,0.07760989008333334,0.040608974322916665,0.0567628204934593,0.05217425434401201,-0.008354934115329837,0.049944416025193804,-0.037000915760416676,0.7999999999999999,2.0,False,False,True,,,0,DESCRIPTIVE_ONLY
Historical,robustness,5,Strategy,5.0,5_GJ_Port_Log2,,trade_weighted,True,1,5,False,DESCRIPTIVE_ONLY,0.05015770607741935,0.003305555549999991,0.10694252872413791,0.20084607541284408,0.1586449864796748,0.10848728040225544,-0.04685215052741936,0.10363697317413792,0.09390354668870617,-0.04220108893316929,0.7999999999999999,2.0,False,False,True,,,0,DESCRIPTIVE_ONLY
Historical,robustness,6,Strategy,6.0,6_GJ_Old_Mon,,trade_weighted,True,1,6,True,DESCRIPTIVE_ONLY,0.026173913043478256,0.008039215686274496,0.25374074074074077,0.09726829268292685,-4.486075593688859e-17,-0.0261739130434783,-0.018134697357203758,0.24570152505446627,-0.1564724480578139,-0.09726829268292689,-0.19999999999999998,1.0,False,False,True,,,0,DESCRIPTIVE_ONLY
Historical,robustness,7,Strategy,7.0,7_GJ_Mon_Blitz,,trade_weighted,True,1,7,False,DESCRIPTIVE_ONLY,0.02234615385,-0.040721153890625014,0.08301173398305084,0.06654664482978724,0.050553306245614035,0.028207152395614034,-0.06306730774062502,0.12373288787367585,-0.0164650891532636,-0.015993338584173206,0.49999999999999994,1.0,False,False,True,,,0,DESCRIPTIVE_ONLY
Historical,robustness,8,Strategy,8.0,8_AJ_Core1,,trade_weighted,True,1,8,False,DESCRIPTIVE_ONLY,-0.050912220337349406,0.08563380278873241,0.04342105268421052,0.13938095235,0.12089285712499998,0.17180507746234938,0.13654602312608183,-0.042212750104521884,0.09595989966578948,-0.01848809522500003,0.7999999999999999,2.0,False,False,True,,,0,DESCRIPTIVE_ONLY
Historical,robustness,9,Strategy,9.0,9_AJ_Core2,,trade_weighted,True,1,9,False,DESCRIPTIVE_ONLY,0.20065040653658536,0.20638888888888887,0.3073737374242424,0.4096666666666666,0.11500000004761905,-0.08565040648896631,0.005738482352303509,0.10098484853535353,0.10229292924242422,-0.29466666661904756,0.0,3.0,False,False,True,,,0,DESCRIPTIVE_ONLY
Historical,robustness,10,Strategy,10.0,10_AJ_SatA,,trade_weighted,True,1,10,False,DESCRIPTIVE_ONLY,-0.03327659574468085,0.044409090909090905,0.057395348837209294,-0.08882051282051283,-0.05556756756756758,-0.02229097182288673,0.07768568665377176,0.012986257928118389,-0.14621586165772213,0.03325294525294525,-0.49999999999999994,3.0,False,False,True,,,0,DESCRIPTIVE_ONLY
Historical,robustness,11,Strategy,11.0,11_AJ_SatB,,trade_weighted,True,1,11,False,DESCRIPTIVE_ONLY,0.08603481623404254,0.11673553722727274,-0.02980972523255815,0.004522144410256408,0.15469287459459458,0.06865805836055204,0.030700720993230207,-0.1465452624598309,0.03433186964281456,0.15017073018433816,0.19999999999999998,3.0,False,False,True,,,0,DESCRIPTIVE_ONLY
Historical,robustness,12,Strategy,12.0,12_UJ_Short_Core,,trade_weighted,True,1,12,True,DESCRIPTIVE_ONLY,0.05579710144927536,0.18033333333333335,0.21572727272727274,0.08329411764705881,0.4888695652173913,0.4330724637681159,0.12453623188405799,0.035393939393939394,-0.13243315508021392,0.4055754475703325,0.7,3.0,False,False,True,,,0,DESCRIPTIVE_ONLY
Historical,robustness,13,Strategy,13.0,13_UJ_Fix_MidWeek,,trade_weighted,False,0,,False,DESCRIPTIVE_ONLY,0.08918330317241378,0.08631578944000001,0.03267543858333333,0.0524342105625,0.05200956936363637,-0.037173733808777414,-0.0028675137324137706,-0.053640350856666685,0.019758771979166673,-0.00042464119886363033,-0.7,1.0,False,False,True,,,0,DESCRIPTIVE_ONLY
Historical,robustness,14,Strategy,14.0,14_UJ_Sat_3rd,,trade_weighted,False,0,,False,DESCRIPTIVE_ONLY,0.3540170941538462,-0.0593650794285714,0.008888888750000004,-0.05777777783333332,0.3914814816666667,0.037464387512820496,-0.4133821735824176,0.0682539681785714,-0.06666666658333333,0.4492592595,0.3,2.0,False,False,True,,,0,DESCRIPTIVE_ONLY
Historical,robustness,15,Strategy,15.0,15_UJ_Sat_Aug,,trade_weighted,False,0,,False,DESCRIPTIVE_ONLY,0.286875,,-0.24375000000000002,0.515,0.255,-0.03187499999999999,,,0.75875,-0.26,,,False,False,False,,,0,DESCRIPTIVE_ONLY
Historical,robustness,16,Strategy,16.0,16_UJ_T10A,,trade_weighted,False,0,,False,DESCRIPTIVE_ONLY,0.3158730158571429,-0.07234567900000001,0.19481481499999997,0.4044444444,0.286031746,-0.029841269857142916,-0.3882186948571429,0.26716049399999997,0.20962962940000002,-0.11841269840000002,0.19999999999999998,2.0,False,False,True,,,0,DESCRIPTIVE_ONLY
Historical,robustness,17,Strategy,17.0,17_EA_1B_Wed_Short,,trade_weighted,True,1,17,False,DESCRIPTIVE_ONLY,0.30804232801851855,0.19003663002564103,0.03146718145945946,-0.042785714250000016,0.24963369961538462,-0.05840862840313393,-0.11800569799287752,-0.15856944856618158,-0.07425289570945948,0.2924194138653846,-0.39999999999999997,1.0,False,False,True,,,0,DESCRIPTIVE_ONLY
Historical,robustness,18,Strategy,18.0,18_EA_2_MonWed_Short,,trade_weighted,True,1,18,False,DESCRIPTIVE_ONLY,0.12128315414838708,0.08658303463440861,0.058944444459999995,-0.05203703703703705,0.12045555555,-0.0008275985983870887,-0.03470011951397847,-0.027638590174408617,-0.11098148149703704,0.17249259258703703,-0.39999999999999997,1.0,False,False,True,,,0,DESCRIPTIVE_ONLY
Historical,robustness,19,Strategy,19.0,19_EA_3_WedThu_Long,,trade_weighted,True,1,19,False,DESCRIPTIVE_ONLY,-0.00011111109090909607,0.16977207984615383,-0.008022875823529414,0.1259848485227273,0.14833333334210527,0.14844444443301436,0.16988319093706292,-0.17779495566968326,0.1340077243462567,0.022348484819377984,0.19999999999999998,3.0,False,False,True,,,0,DESCRIPTIVE_ONLY
Historical,robustness,20,Strategy,20.0,20_EA_1A_MonTue_Short,,trade_weighted,True,1,20,False,DESCRIPTIVE_ONLY,0.08818487394957983,-0.006266666666666659,0.07304761904761904,0.15109999999999998,0.007189873417721523,-0.0809950005318583,-0.09445154061624648,0.0793142857142857,0.07805238095238094,-0.14391012658227847,0.0,2.0,False,False,True,,,0,DESCRIPTIVE_ONLY
Historical,robustness,21,Strategy,21.0,21_GA_B_3,,trade_weighted,True,1,21,False,DESCRIPTIVE_ONLY,-0.015691287854166666,0.0013347763809523883,-0.015148422979591831,-0.0442687747173913,0.07572552459615384,0.0914168124503205,0.017026064235119053,-0.01648319936054422,-0.02912035173779947,0.11999429931354513,0.3,2.0,False,False,True,,,0,DESCRIPTIVE_ONLY
Historical,robustness,22,Strategy,22.0,22_GA_C_2,,trade_weighted,True,1,22,False,DESCRIPTIVE_ONLY,0.19231292520634924,0.08453201979310349,0.13564459936585369,0.04937728941025643,0.25950166118604656,0.06718873597969732,-0.10778090541324575,0.0511125795727502,-0.08626730995559725,0.21012437177579013,0.09999999999999999,2.0,False,False,True,,,0,DESCRIPTIVE_ONLY
Historical,robustness,23,Strategy,23.0,23_GA_F_2,,trade_weighted,True,1,23,True,DESCRIPTIVE_ONLY,-0.004833333316666655,0.008345153617021284,-0.02950617272222223,0.22694444443749998,0.22306763284782608,0.22790096616449274,0.01317848693368794,-0.03785132633924351,0.2564506171597222,-0.003876811589673901,0.6,2.0,False,False,True,,,0,DESCRIPTIVE_ONLY
Historical,robustness,24,Strategy,24.0,24_GA_D_1,,trade_weighted,True,1,24,False,DESCRIPTIVE_ONLY,0.049592592583333324,0.05612293148936171,0.08790123461111109,0.05378472212499999,0.14845410626086955,0.09886151367753623,0.006530338906028388,0.031778303121749375,-0.0341165124861111,0.09466938413586956,0.7,3.0,False,False,True,,,0,DESCRIPTIVE_ONLY
Historical,robustness,25,Strategy,25.0,25_AU_China_Demand,,trade_weighted,True,1,25,False,DESCRIPTIVE_ONLY,0.059824561403508766,0.07419191919191918,0.11335051546391754,0.02337837837837838,0.052446808510638286,-0.00737775289287048,0.014367357788410418,0.03915859627199836,-0.08997213708553917,0.029068430132259907,-0.49999999999999994,3.0,False,False,True,,,0,DESCRIPTIVE_ONLY
Historical,robustness,26,Strategy,26.0,26_AJ_China_Demand,,trade_weighted,True,1,26,False,DESCRIPTIVE_ONLY,0.039349593536585355,0.03592592595238096,0.10307189549999998,0.1525925925882353,0.12575591986885246,0.08640632633226711,-0.0034236675842043915,0.06714596954761902,0.04952069708823531,-0.026836672719382837,0.7999999999999999,2.0,False,False,True,,,0,DESCRIPTIVE_ONLY
Historical,robustness,27,Strategy,27.0,27_EA_China_Demand,,trade_weighted,True,1,27,False,DESCRIPTIVE_ONLY,0.13278431368235294,0.08981818179999998,0.11593749998437498,-0.06476851852777778,0.12764102563076926,-0.005143288051583678,-0.04296613188235296,0.026119318184375004,-0.18070601851215276,0.19240954415854705,-0.3,2.0,False,False,True,,,0,DESCRIPTIVE_ONLY
Historical,robustness,28,Strategy,28.0,28_GA_China_Demand,,trade_weighted,True,1,28,False,DESCRIPTIVE_ONLY,0.10238383842424241,-0.015214611917808239,0.16933333326000002,-0.04269444452083334,0.07600000003076923,-0.026383838393473177,-0.11759845034205064,0.18454794517780826,-0.21202777778083337,0.11869444455160258,-0.3,2.0,False,False,True,,,0,DESCRIPTIVE_ONLY
Historical,robustness,Portfolio,Group,,,Portfolio,trade_weighted,True,24,1|2|3|4|5|6|7|8|9|10|11|12|17|18|19|20|21|22|23|24|25|26|27|28,False,DESCRIPTIVE_ONLY,0.049562819676975955,0.06478478266783831,0.0915974167856242,0.08506607293888463,0.1290184822204872,0.07945566254351125,0.015221962990862356,0.026812634117785894,-0.006531343846739576,0.04395240928160257,0.8999999999999998,3.0,False,False,True,,,0,DESCRIPTIVE_ONLY
Historical,robustness,Portfolio,Group,,,Portfolio,strategy_equal_weighted,True,24,1|2|3|4|5|6|7|8|9|10|11|12|17|18|19|20|21|22|23|24|25|26|27|28,False,DESCRIPTIVE_ONLY,0.057082135756591,0.07013189551810703,0.09353236174070269,0.07496294493298591,0.13351450788500444,0.07643237212841344,0.013049759761516032,0.02340046622259566,-0.018569416807716774,0.05855156295201852,0.8999999999999998,3.0,False,False,True,,,0,DESCRIPTIVE_ONLY
Historical,robustness,JPY,Group,,,JPY,trade_weighted,True,13,1|2|3|4|5|6|7|8|9|10|11|12|26,False,DESCRIPTIVE_ONLY,0.02164343336927851,0.06444945878061224,0.1069494412121212,0.11517557636374408,0.13681140790625,0.11516797453697147,0.04280602541133373,0.04249998243150896,0.008226135151622876,0.02163583154250591,0.9999999999999999,4.0,True,True,True,,,0,DESCRIPTIVE_ONLY
Historical,robustness,JPY,Group,,,JPY,strategy_equal_weighted,True,13,1|2|3|4|5|6|7|8|9|10|11|12|26,False,DESCRIPTIVE_ONLY,0.025861415615665698,0.07260846494157554,0.11629444043460557,0.10885349881314146,0.13199222832706328,0.10613081271139758,0.04674704932590984,0.043685975493030035,-0.007440941621464109,0.02313872951392182,0.8999999999999998,3.0,False,False,True,,,0,DESCRIPTIVE_ONLY
Historical,robustness,AUD_nonJPY,Group,,,AUD_nonJPY,trade_weighted,True,11,17|18|19|20|21|22|23|24|25|27|28,False,DESCRIPTIVE_ONLY,0.08420005639557265,0.0652368011127923,0.0701695156223565,0.030415705432258064,0.11911428163262412,0.03491422523705147,-0.018963255282780353,0.004932714509564201,-0.03975381019009844,0.08869857620036606,0.09999999999999999,2.0,False,False,True,,,0,DESCRIPTIVE_ONLY
Historical,robustness,AUD_nonJPY,Group,,,AUD_nonJPY,strategy_equal_weighted,True,11,17|18|19|20|21|22|23|24|25|27|28,False,DESCRIPTIVE_ONLY,0.0939793504685936,0.06720504074491697,0.06663172328427204,0.03491047216552933,0.13531356554438945,0.04133421507579585,-0.02677430972367663,-0.0005733174606449287,-0.03172125111874271,0.10040309337886011,0.0,1.0,False,False,True,,,0,DESCRIPTIVE_ONLY
Historical,robustness,Long,Group,,,Long,trade_weighted,True,13,1|2|3|4|6|7|8|19|21|22|24|25|26,False,DESCRIPTIVE_ONLY,0.015949680557132716,0.06479717401088034,0.0895186836126126,0.0815669979280303,0.11593327856969028,0.09998359801255757,0.04884749345374762,0.024721509601732264,-0.007951685684582308,0.03436628064165999,0.8999999999999998,3.0,False,False,True,,,0,DESCRIPTIVE_ONLY
Historical,robustness,Long,Group,,,Long,strategy_equal_weighted,True,13,1|2|3|4|6|7|8|19|21|22|24|25|26,False,DESCRIPTIVE_ONLY,0.02021251143839445,0.059899335771798984,0.08984027798517918,0.07798795822873054,0.11836311872122492,0.09815060728283047,0.039686824333404536,0.0299409422133802,-0.01185231975644864,0.04037516049249437,0.8999999999999998,3.0,False,False,True,,,0,DESCRIPTIVE_ONLY
Historical,robustness,Short,Group,,,Short,trade_weighted,True,11,5|9|10|11|12|17|18|20|23|27|28,False,DESCRIPTIVE_ONLY,0.10109808955712732,0.06476678317385058,0.0942419942320917,0.09042635806189554,0.14598982239311334,0.04489173283598602,-0.03633130638327674,0.02947521105824112,-0.00381563617019616,0.055563464331217796,0.3,2.0,False,False,True,,,0,DESCRIPTIVE_ONLY
Historical,robustness,Short,Group,,,Short,strategy_equal_weighted,True,11,5|9|10|11|12|17|18|20|23|27|28,False,DESCRIPTIVE_ONLY,0.10065532813264144,0.08222492067283471,0.09789573345177596,0.07138792921983317,0.15142069507856207,0.050765366945920626,-0.01843040745980673,0.01567081277894125,-0.026507804231942794,0.0800327658587289,0.09999999999999999,2.0,False,False,True,,,0,DESCRIPTIVE_ONLY
RecentA,primary,1,Strategy,1.0,1_EJ_Log1,,trade_weighted,False,0,,True,DESCRIPTIVE_ONLY,0.19440154435135137,0.37335714280000004,0.1904761906111111,0.31492857139999997,0.3718681318461539,0.17746658749480254,0.17895559844864867,-0.18288095218888895,0.12445238078888887,0.05693956044615395,0.19999999999999998,3.0,False,False,True,,,0,DESCRIPTIVE_ONLY
RecentA,primary,2,Strategy,2.0,2_EJ_NightBlitz_20,,trade_weighted,False,0,,False,DESCRIPTIVE_ONLY,0.018666666711111092,0.5769082126956522,0.08970760247368421,0.3253497943333334,0.07693121700000004,0.058264550288888946,0.5582415459845411,-0.487200610221968,0.23564219185964919,-0.24841857733333333,0.09999999999999999,2.0,False,False,True,,,0,DESCRIPTIVE_ONLY
RecentA,primary,3,Strategy,3.0,3_EJ_NightBlitz_21,,trade_weighted,False,0,,False,DESCRIPTIVE_ONLY,0.09964444444444447,0.23576811582608692,0.06996491231578948,0.18192592585185188,0.0501798941111111,-0.049464550333333364,0.13612367138164244,-0.16580320351029743,0.1119610135360624,-0.1317460317407408,-0.49999999999999994,2.0,False,False,True,,,0,DESCRIPTIVE_ONLY
RecentA,primary,4,Strategy,4.0,4_GJ_Port_Log1,,trade_weighted,True,1,4,False,DESCRIPTIVE_ONLY,0.041914132279069774,0.05969230765,0.05849230768,0.048397435916666655,0.09226059653061222,0.05034646425154245,0.017778175370930224,-0.0011999999699999972,-0.010094871763333346,0.043863160613945566,0.6,2.0,False,False,True,,,0,DESCRIPTIVE_ONLY
RecentA,primary,5,Strategy,5.0,5_GJ_Port_Log2,,trade_weighted,True,1,5,False,DESCRIPTIVE_ONLY,0.13026666668000003,0.08491039412903226,0.03800569805128205,0.14411522633333337,0.15460069445312502,0.02433402777312499,-0.045356272550967774,-0.046904696077750205,0.10610952828205132,0.010485468119791647,0.6,2.0,False,False,True,,,0,DESCRIPTIVE_ONLY
RecentA,primary,6,Strategy,6.0,6_GJ_Old_Mon,,trade_weighted,False,0,,True,DESCRIPTIVE_ONLY,-0.11399999999999996,0.24418181818181814,0.32416666666666666,0.9033333333333332,0.36820689655172417,0.4822068965517241,0.3581818181818181,0.07998484848484852,0.5791666666666666,-0.5351264367816091,0.8999999999999998,3.0,False,False,True,,,0,DESCRIPTIVE_ONLY
RecentA,primary,7,Strategy,7.0,7_GJ_Mon_Blitz,,trade_weighted,False,0,,False,DESCRIPTIVE_ONLY,-0.013668639000000012,0.11473372784615386,0.12017094022222222,0.1533516482857143,0.009814323586206888,0.0234829625862069,0.1284023668461539,0.005437212376068354,0.033180708063492076,-0.14353732469950742,0.39999999999999997,3.0,False,False,True,,,0,DESCRIPTIVE_ONLY
RecentA,primary,8,Strategy,8.0,8_AJ_Core1,,trade_weighted,False,0,,False,DESCRIPTIVE_ONLY,0.023121693074074058,0.15633928581249998,0.11214285712499998,0.6590816325714286,0.06968253962962963,0.04656084655555557,0.13321759273842593,-0.0441964286875,0.5469387754464287,-0.5893990929417989,0.3,2.0,False,False,True,,,0,DESCRIPTIVE_ONLY
RecentA,primary,9,Strategy,9.0,9_AJ_Core2,,trade_weighted,False,0,,False,DESCRIPTIVE_ONLY,0.5715151515454544,0.578181818181818,0.4211111111111111,-0.0036363636363636446,0.3613333333333333,-0.21018181821212112,0.006666666636363616,-0.15707070707070692,-0.42474747474747476,0.36496969696969694,-0.7999999999999999,2.0,False,False,True,,,0,DESCRIPTIVE_ONLY
RecentA,primary,10,Strategy,10.0,10_AJ_SatA,,trade_weighted,False,0,,False,DESCRIPTIVE_ONLY,0.00500000000000002,0.015500000000000009,0.02239999999999999,0.11155555555555556,0.0719,0.06689999999999999,0.010499999999999989,0.006899999999999981,0.08915555555555557,-0.039655555555555555,0.8999999999999998,3.0,False,False,True,,,0,DESCRIPTIVE_ONLY
RecentA,primary,11,Strategy,11.0,11_AJ_SatB,,trade_weighted,False,0,,False,DESCRIPTIVE_ONLY,-0.03545454557142856,0.010757575833333338,0.23648484839999995,0.36626262633333334,-0.03554545459999999,-9.090902857143007e-05,0.0462121214047619,0.2257272725666666,0.1297777779333334,-0.4018080809333333,0.0,3.0,False,False,True,,,0,DESCRIPTIVE_ONLY
RecentA,primary,12,Strategy,12.0,12_UJ_Short_Core,,trade_weighted,False,0,,True,DESCRIPTIVE_ONLY,0.08204166666666667,0.6563,0.538,0.7346153846153846,0.5740999999999999,0.49205833333333326,0.5742583333333333,-0.11829999999999996,0.19661538461538453,-0.16051538461538462,0.49999999999999994,2.0,False,False,True,,,0,DESCRIPTIVE_ONLY
RecentA,primary,13,Strategy,13.0,13_UJ_Fix_MidWeek,,trade_weighted,False,0,,False,DESCRIPTIVE_ONLY,0.03149122808333334,0.416842105,0.40807017533333334,0.04807017533333333,0.13972299163157895,0.1082317635482456,0.3853508769166667,-0.008771929666666678,-0.36,0.09165281629824562,0.09999999999999999,2.0,False,False,True,,,0,DESCRIPTIVE_ONLY
RecentA,primary,14,Strategy,14.0,14_UJ_Sat_3rd,,trade_weighted,False,0,,False,DESCRIPTIVE_ONLY,1.555555556,0.386666667,1.555555556,1.0044444445,0.381777778,-1.173777778,-1.168888889,1.168888889,-0.5511111115,-0.6226666665,-0.6155870112510925,1.0,False,False,True,,,0,DESCRIPTIVE_ONLY
RecentA,primary,15,Strategy,15.0,15_UJ_Sat_Aug,,trade_weighted,False,0,,False,DESCRIPTIVE_ONLY,,,-0.08333333333333333,,-0.08333333333333333,,,,,,,,False,False,False,,,0,DESCRIPTIVE_ONLY
RecentA,primary,16,Strategy,16.0,16_UJ_T10A,,trade_weighted,False,0,,False,DESCRIPTIVE_ONLY,0.421111111,,0.37888888899999995,0.6355555556666667,-0.23629629633333338,-0.6574074073333334,,,0.2566666666666667,-0.871851852,,,False,False,False,,,0,DESCRIPTIVE_ONLY
RecentA,primary,17,Strategy,17.0,17_EA_1B_Wed_Short,,trade_weighted,False,0,,False,DESCRIPTIVE_ONLY,-0.07160714293749999,-0.03492063488888887,0.6423376624545455,-0.24081632657142857,0.40157142855000005,0.47317857148750003,0.03668650804861112,0.6772582973434343,-0.8831539890259741,0.6423877551214286,0.19999999999999998,3.0,False,False,True,,,0,DESCRIPTIVE_ONLY
RecentA,primary,18,Strategy,18.0,18_EA_2_MonWed_Short,,trade_weighted,False,0,,False,DESCRIPTIVE_ONLY,-0.22209595959090914,-0.1638624338571429,0.14515873017857142,-0.2573099414210526,0.01430555560000002,0.23640151519090916,0.05823352573376625,0.30902116403571434,-0.4024686715996241,0.27161549702105264,0.19999999999999998,3.0,False,False,True,,,0,DESCRIPTIVE_ONLY
RecentA,primary,19,Strategy,19.0,19_EA_3_WedThu_Long,,trade_weighted,False,0,,False,DESCRIPTIVE_ONLY,0.13052910061904766,0.055458937304347825,0.22053333336000003,0.18962962977777778,0.1358585858181818,0.0053294851991341485,-0.07507016331469983,0.16507439605565222,-0.030903703582222247,-0.05377104395959598,0.49999999999999994,1.0,False,False,True,,,0,DESCRIPTIVE_ONLY
RecentA,primary,20,Strategy,20.0,20_EA_1A_MonTue_Short,,trade_weighted,False,0,,False,DESCRIPTIVE_ONLY,-0.08288888888888889,-0.16550000000000004,0.32328,-0.18011764705882355,0.1583076923076923,0.24119658119658116,-0.08261111111111115,0.48878000000000005,-0.5033976470588235,0.33842533936651586,0.09999999999999999,2.0,False,False,True,,,0,DESCRIPTIVE_ONLY
RecentA,primary,21,Strategy,21.0,21_GA_B_3,,trade_weighted,False,0,,False,DESCRIPTIVE_ONLY,-0.025367132807692302,0.0317272728,0.03951298692857143,-0.013181818187499993,0.04824110682608695,0.07360823963377924,0.0570944056076923,0.00778571412857143,-0.05269480511607142,0.06142292501358694,0.7,3.0,False,False,True,,,0,DESCRIPTIVE_ONLY
RecentA,primary,22,Strategy,22.0,22_GA_C_2,,trade_weighted,False,0,,False,DESCRIPTIVE_ONLY,-0.32275510199999996,0.3295238095833334,-0.10249999993749999,0.24142857140000004,-0.16948051945454543,0.15327458254545454,0.6522789115833334,-0.43202380952083336,0.34392857133750004,-0.41090909085454547,0.09999999999999999,2.0,False,False,True,,,0,DESCRIPTIVE_ONLY
RecentA,primary,23,Strategy,23.0,23_GA_F_2,,trade_weighted,False,0,,True,DESCRIPTIVE_ONLY,-0.1367777779,-0.042397660789473685,-0.21363636372727274,0.023925925866666673,0.025,0.1617777779,0.09438011711052632,-0.17123870293779905,0.2375622895939394,0.0010740741333333283,0.7,3.0,False,False,True,,,0,DESCRIPTIVE_ONLY
RecentA,primary,24,Strategy,24.0,24_GA_D_1,,trade_weighted,False,0,,False,DESCRIPTIVE_ONLY,0.0551111109,-0.051228070105263146,-0.026868686909090913,0.31637037033333343,0.23207070704545457,0.17695959614545456,-0.10633918100526316,0.024359383196172233,0.3432390572424243,-0.08429966328787886,0.6,2.0,False,False,True,,,0,DESCRIPTIVE_ONLY
RecentA,primary,25,Strategy,25.0,25_AU_China_Demand,,trade_weighted,False,0,,False,DESCRIPTIVE_ONLY,0.0629296875,0.22076923076923077,-0.027105263157894754,-0.0404,0.08773584905660378,0.024806161556603784,0.15783954326923078,-0.24787449392712552,-0.013294736842105245,0.12813584905660377,-0.19999999999999998,2.0,False,False,True,,,0,DESCRIPTIVE_ONLY
RecentA,primary,26,Strategy,26.0,26_AJ_China_Demand,,trade_weighted,False,0,,False,DESCRIPTIVE_ONLY,0.34840579721739134,-0.05150326805882353,0.014666666533333324,0.17266666660000002,0.3065740740833333,-0.04183172313405803,-0.3999090652762149,0.06616993459215685,0.1580000000666667,0.1339074074833333,0.0,3.0,False,False,True,,,0,DESCRIPTIVE_ONLY
RecentA,primary,27,Strategy,27.0,27_EA_China_Demand,,trade_weighted,False,0,,False,DESCRIPTIVE_ONLY,0.21666666671428575,0.04271929826315789,0.18416666668181822,-0.04872549023529411,-0.0765079364761905,-0.2931746031904763,-0.17394736845112785,0.14144736841866035,-0.23289215691711232,-0.027782446240896395,-0.8999999999999998,1.0,False,False,True,,,0,DESCRIPTIVE_ONLY
RecentA,primary,28,Strategy,28.0,28_GA_China_Demand,,trade_weighted,False,0,,False,DESCRIPTIVE_ONLY,0.12849999995833333,0.034518518555555544,0.04805555549999999,0.22944444425000002,-0.07369696968181817,-0.2021969696401515,-0.09398148140277779,0.013537036944444449,0.18138888875000003,-0.3031414139318182,-0.3,2.0,False,False,True,,,0,DESCRIPTIVE_ONLY
RecentA,primary,Portfolio,Group,,,Portfolio,trade_weighted,True,2,4|5,False,DESCRIPTIVE_ONLY,0.04847829642251463,0.12637775356341466,0.12767082771106095,0.1692342257437186,0.13953067274639425,0.09105237632387961,0.07789945714090002,0.0012930741476462893,0.041563398032657656,-0.029703552997324356,0.8999999999999998,3.0,False,False,True,,,0,DESCRIPTIVE_ONLY
RecentA,primary,Portfolio,Group,,,Portfolio,strategy_equal_weighted,True,2,4|5,False,DESCRIPTIVE_ONLY,0.0860903994795349,0.07230135088951613,0.04824900286564103,0.09625633112500001,0.12343064549186862,0.037340246012333725,-0.013789048590018768,-0.024052348023875098,0.04800732825935898,0.02717431436686861,0.6,2.0,False,False,True,,,0,DESCRIPTIVE_ONLY
RecentA,primary,JPY,Group,,,JPY,trade_weighted,True,2,4|5,False,DESCRIPTIVE_ONLY,0.09711875301507539,0.22547410833936649,0.13027450780590716,0.2889573322657658,0.17884092047916667,0.08172216746409128,0.1283553553242911,-0.09519960053345933,0.15868282445985865,-0.11011641178659914,0.49999999999999994,2.0,False,False,True,,,0,DESCRIPTIVE_ONLY
RecentA,primary,JPY,Group,,,JPY,strategy_equal_weighted,True,2,4|5,False,DESCRIPTIVE_ONLY,0.0860903994795349,0.07230135088951613,0.04824900286564103,0.09625633112500001,0.12343064549186862,0.037340246012333725,-0.013789048590018768,-0.024052348023875098,0.04800732825935898,0.02717431436686861,0.6,2.0,False,False,True,,,0,DESCRIPTIVE_ONLY
RecentA,primary,AUD_nonJPY,Group,,,AUD_nonJPY,trade_weighted,False,0,,False,DESCRIPTIVE_ONLY,-0.019210171143356644,0.010503179989418,0.12467533167961167,0.018219852744318178,0.07125497931578946,0.0904651504591461,0.029713351132774644,0.11417215169019368,-0.1064554789352935,0.05303512657147128,0.7,3.0,False,False,True,,,0,DESCRIPTIVE_ONLY
RecentA,primary,AUD_nonJPY,Group,,,AUD_nonJPY,strategy_equal_weighted,False,0,,False,DESCRIPTIVE_ONLY,,,,,,,,,,,,,False,False,False,,,0,DESCRIPTIVE_ONLY
RecentA,primary,Long,Group,,,Long,trade_weighted,True,1,4,False,DESCRIPTIVE_ONLY,0.05584000374641147,0.17893442227272727,0.09306020448275862,0.22915655207083335,0.12844118333855187,0.0726011795921404,0.1230944185263158,-0.08587421778996865,0.13609634758807473,-0.10071536873228149,0.49999999999999994,2.0,False,False,True,,,0,DESCRIPTIVE_ONLY
RecentA,primary,Long,Group,,,Long,strategy_equal_weighted,True,1,4,False,DESCRIPTIVE_ONLY,0.041914132279069774,0.05969230765,0.05849230768,0.048397435916666655,0.09226059653061222,0.05034646425154245,0.017778175370930224,-0.0011999999699999972,-0.010094871763333346,0.043863160613945566,0.6,2.0,False,False,True,,,0,DESCRIPTIVE_ONLY
RecentA,primary,Short,Group,,,Short,trade_weighted,True,1,5,False,DESCRIPTIVE_ONLY,0.03690989919924812,0.058553225787709516,0.16572611012322275,0.07821297056329114,0.1571840343894081,0.12027413519015998,0.021643326588461395,0.10717288433551322,-0.0875131395599316,0.07897106382611695,0.7,3.0,False,False,True,,,0,DESCRIPTIVE_ONLY
RecentA,primary,Short,Group,,,Short,strategy_equal_weighted,True,1,5,False,DESCRIPTIVE_ONLY,0.13026666668000003,0.08491039412903226,0.03800569805128205,0.14411522633333337,0.15460069445312502,0.02433402777312499,-0.045356272550967774,-0.046904696077750205,0.10610952828205132,0.010485468119791647,0.6,2.0,False,False,True,,,0,DESCRIPTIVE_ONLY
RecentA,robustness,1,Strategy,1.0,1_EJ_Log1,,trade_weighted,False,0,,True,DESCRIPTIVE_ONLY,0.1617582416923077,0.42175824173076926,-0.08504761899999999,0.3733766234545455,0.43358730155555564,0.2718290598632479,0.2600000000384616,-0.5068058607307693,0.4584242424545455,0.06021067810101016,0.49999999999999994,3.0,False,False,True,,,0,DESCRIPTIVE_ONLY
RecentA,robustness,2,Strategy,2.0,2_EJ_NightBlitz_20,,trade_weighted,False,0,,False,DESCRIPTIVE_ONLY,0.022657004913043476,0.47958333340625003,-0.16431372541176467,0.45466666675999995,0.07863547766666668,0.0559784727536232,0.4569263284932066,-0.6438970588180147,0.6189803921717646,-0.3760311890933333,0.09999999999999999,2.0,False,False,True,,,0,DESCRIPTIVE_ONLY
RecentA,robustness,3,Strategy,3.0,3_EJ_NightBlitz_21,,trade_weighted,False,0,,False,DESCRIPTIVE_ONLY,0.04681159419565217,0.26575000000000004,0.0396862744117647,0.20495999991999997,0.05005847945614035,0.0032468852604881776,0.21893840580434787,-0.22606372558823534,0.16527372550823527,-0.15490152046385963,0.09999999999999999,2.0,False,False,True,,,0,DESCRIPTIVE_ONLY
RecentA,robustness,4,Strategy,4.0,4_GJ_Port_Log1,,trade_weighted,True,1,4,False,DESCRIPTIVE_ONLY,0.022390852324324327,0.0968509615,0.05103448272413793,0.07804487179166668,0.0733333333076923,0.050942480983367976,0.07446010917567567,-0.04581647877586207,0.02701038906752875,-0.004711538483974376,0.3,2.0,False,False,True,,,0,DESCRIPTIVE_ONLY
RecentA,robustness,5,Strategy,5.0,5_GJ_Port_Log2,,trade_weighted,True,1,5,False,DESCRIPTIVE_ONLY,0.13499999997826087,-0.05683215134042554,0.26768768772972973,0.2971604937777778,0.006049382755555562,-0.12895061722270532,-0.19183215131868642,0.32451983907015525,0.029472806048048084,-0.29111111102222226,0.19999999999999998,2.0,False,False,True,,,0,DESCRIPTIVE_ONLY
RecentA,robustness,6,Strategy,6.0,6_GJ_Old_Mon,,trade_weighted,False,0,,True,DESCRIPTIVE_ONLY,0.13869565217391305,-0.014555555555555556,0.7210909090909091,0.523,0.2813,0.14260434782608694,-0.1532512077294686,0.7356464646464647,-0.1980909090909091,-0.24170000000000003,0.49999999999999994,1.0,False,False,True,,,0,DESCRIPTIVE_ONLY
RecentA,robustness,7,Strategy,7.0,7_GJ_Mon_Blitz,,trade_weighted,False,0,,False,DESCRIPTIVE_ONLY,0.0183076924,0.09249084252380953,0.19018099552941178,0.01697115368749999,-0.008278388285714285,-0.026586080685714282,0.07418315012380952,0.09769015300560226,-0.1732098418419118,-0.025249541973214273,-0.6,2.0,False,False,True,,,0,DESCRIPTIVE_ONLY
RecentA,robustness,8,Strategy,8.0,8_AJ_Core1,,trade_weighted,False,0,,False,DESCRIPTIVE_ONLY,0.06580952373333335,0.19779220772727274,0.18639097747368422,0.30436507933333334,0.12993506495454546,0.06412554122121211,0.1319826839939394,-0.011401230253588523,0.11797410185964913,-0.17443001437878788,0.3,2.0,False,False,True,,,0,DESCRIPTIVE_ONLY
RecentA,robustness,9,Strategy,9.0,9_AJ_Core2,,trade_weighted,False,0,,False,DESCRIPTIVE_ONLY,0.31121212127272724,0.5788888888333333,0.59166666675,0.20435897430769223,0.3442222221999999,0.03301010092727269,0.2676767675606061,0.012777777916666677,-0.3873076924423078,0.1398632478923077,-0.09999999999999999,3.0,False,False,True,,,0,DESCRIPTIVE_ONLY
RecentA,robustness,10,Strategy,10.0,10_AJ_SatA,,trade_weighted,False,0,,False,DESCRIPTIVE_ONLY,0.007999999999999998,0.054333333333333324,0.08666666666666667,-0.06857142857142859,0.1308235294117647,0.1228235294117647,0.046333333333333324,0.032333333333333346,-0.15523809523809526,0.1993949579831933,0.39999999999999997,3.0,False,False,True,,,0,DESCRIPTIVE_ONLY
RecentA,robustness,11,Strategy,11.0,11_AJ_SatB,,trade_weighted,False,0,,False,DESCRIPTIVE_ONLY,-0.06434343444444443,0.4687878788333333,0.05042424246666669,0.3001298700714285,-0.049839572235294116,0.014503862209150314,0.5331313132777777,-0.41836363636666657,0.2497056276047618,-0.3499694423067226,0.09999999999999999,2.0,False,False,True,,,0,DESCRIPTIVE_ONLY
RecentA,robustness,12,Strategy,12.0,12_UJ_Short_Core,,trade_weighted,False,0,,True,DESCRIPTIVE_ONLY,0.06955999999999998,0.3836666666666667,1.1772307692307693,0.34,0.5806060606060606,0.5110460606060606,0.31410666666666676,0.7935641025641026,-0.8372307692307692,0.24060606060606055,0.49999999999999994,3.0,False,False,True,,,0,DESCRIPTIVE_ONLY
RecentA,robustness,13,Strategy,13.0,13_UJ_Fix_MidWeek,,trade_weighted,False,0,,False,DESCRIPTIVE_ONLY,0.03149122808333334,0.493684211,0.4803007518571429,-0.083157895,0.06548872171428574,0.0339974936309524,0.46219298291666666,-0.013383459142857101,-0.5634586468571429,0.14864661671428575,-0.19999999999999998,2.0,False,False,True,,,0,DESCRIPTIVE_ONLY
RecentA,robustness,14,Strategy,14.0,14_UJ_Sat_3rd,,trade_weighted,False,0,,False,DESCRIPTIVE_ONLY,1.1659259263333335,,1.1881481483333334,1.555555556,-0.4007407406666667,-1.5666666670000002,,,0.3674074076666667,-1.9562962966666668,,,False,False,False,,,0,DESCRIPTIVE_ONLY
RecentA,robustness,15,Strategy,15.0,15_UJ_Sat_Aug,,trade_weighted,False,0,,False,DESCRIPTIVE_ONLY,,-0.08333333333333333,-0.08333333333333333,,-0.08333333333333333,,,0.0,,,,,False,False,False,,,0,DESCRIPTIVE_ONLY
RecentA,robustness,16,Strategy,16.0,16_UJ_T10A,,trade_weighted,False,0,,False,DESCRIPTIVE_ONLY,0.257777778,0.5655555555,,0.201111111,-0.04148148133333337,-0.29925925933333336,0.3077777775,,,-0.24259259233333338,,,False,False,False,,,0,DESCRIPTIVE_ONLY
RecentA,robustness,17,Strategy,17.0,17_EA_1B_Wed_Short,,trade_weighted,False,0,,False,DESCRIPTIVE_ONLY,0.049,0.014880952333333345,0.1531932773529412,0.17985714269999997,0.4914285715,0.44242857150000003,-0.03411904766666666,0.13831232501960786,0.02666386534705878,0.31157142880000005,0.8999999999999998,3.0,False,False,True,,,0,DESCRIPTIVE_ONLY
RecentA,robustness,18,Strategy,18.0,18_EA_2_MonWed_Short,,trade_weighted,False,0,,False,DESCRIPTIVE_ONLY,-0.15797385620588233,-0.15917695474074076,0.004444444500000008,-0.24204678363157897,0.021666666750000004,0.17964052295588234,-0.0012030985348584211,0.16362139924074076,-0.24649122813157898,0.26371345038157895,0.3,2.0,False,False,True,,,0,DESCRIPTIVE_ONLY
RecentA,robustness,19,Strategy,19.0,19_EA_3_WedThu_Long,,trade_weighted,False,0,,False,DESCRIPTIVE_ONLY,0.014313725529411772,0.20938271618518517,0.061899641580645176,0.10071895429411765,0.28210317464285717,0.2677894491134454,0.1950689906557734,-0.14748307460454,0.03881931271347247,0.18138422034873952,0.7,3.0,False,False,True,,,0,DESCRIPTIVE_ONLY
RecentA,robustness,20,Strategy,20.0,20_EA_1A_MonTue_Short,,trade_weighted,False,0,,False,DESCRIPTIVE_ONLY,-0.10492857142857145,0.08563636363636366,0.127125,0.3585714285714286,-0.18874999999999997,-0.08382142857142852,0.1905649350649351,0.041488636363636325,0.2314464285714286,-0.5473214285714285,0.0,3.0,False,False,True,,,0,DESCRIPTIVE_ONLY
RecentA,robustness,21,Strategy,21.0,21_GA_B_3,,trade_weighted,False,0,,False,DESCRIPTIVE_ONLY,-0.01021739117391304,0.020765550263157892,-0.02801948064285714,0.07754545446666668,0.017727272857142862,0.027944664031055902,0.03098294143707093,-0.048785030906015034,0.10556493510952382,-0.05981818160952382,0.3,2.0,False,False,True,,,0,DESCRIPTIVE_ONLY
RecentA,robustness,22,Strategy,22.0,22_GA_C_2,,trade_weighted,False,0,,False,DESCRIPTIVE_ONLY,-0.10178571424999995,0.0331092437647059,-0.2131632652857143,0.07214285721428573,0.014610389590909099,0.11639610384090905,0.13489495801470586,-0.2462725090504202,0.28530612250000004,-0.05753246762337663,0.3,2.0,False,False,True,,,0,DESCRIPTIVE_ONLY
RecentA,robustness,23,Strategy,23.0,23_GA_F_2,,trade_weighted,False,0,,True,DESCRIPTIVE_ONLY,-0.11347222231249998,0.017521367538461556,-0.08046296308333332,-0.1301111109,0.00923076915384616,0.12270299146634614,0.13099358985096154,-0.09798433062179487,-0.04964814781666667,0.13934188005384615,0.0,2.0,False,False,True,,,0,DESCRIPTIVE_ONLY
RecentA,robustness,24,Strategy,24.0,24_GA_D_1,,trade_weighted,False,0,,False,DESCRIPTIVE_ONLY,-0.04236111112500001,-0.022564102615384593,0.0028703703333333324,0.0367777778,0.3731623931153847,0.4155235042403847,0.019797008509615417,0.025434472948717927,0.03390740746666667,0.33638461531538466,0.9999999999999999,4.0,True,True,True,,,0,DESCRIPTIVE_ONLY
RecentA,robustness,25,Strategy,25.0,25_AU_China_Demand,,trade_weighted,False,0,,False,DESCRIPTIVE_ONLY,0.0322093023255814,0.026833333333333338,-0.06990384615384614,0.18312499999999998,0.07228448275862069,0.040075180433039294,-0.00537596899224806,-0.09673717948717947,0.25302884615384613,-0.11084051724137929,0.49999999999999994,1.0,False,False,True,,,0,DESCRIPTIVE_ONLY
RecentA,robustness,26,Strategy,26.0,26_AJ_China_Demand,,trade_weighted,False,0,,False,DESCRIPTIVE_ONLY,0.2835249043103449,-0.05269841271428571,-0.10111111124999998,0.14624338619047622,0.33655555550000005,0.053030651189655165,-0.3362233170246306,-0.048412698535714276,0.24735449744047622,0.19031216930952383,0.3,2.0,False,False,True,,,0,DESCRIPTIVE_ONLY
RecentA,robustness,27,Strategy,27.0,27_EA_China_Demand,,trade_weighted,False,0,,False,DESCRIPTIVE_ONLY,0.1262820513846154,0.17892156864705883,0.09795238094285715,0.16694444449999998,-0.13637681160869566,-0.2626588629933111,0.052639517262443425,-0.08096918770420168,0.06899206355714284,-0.30332125610869565,-0.49999999999999994,2.0,False,False,True,,,0,DESCRIPTIVE_ONLY
RecentA,robustness,28,Strategy,28.0,28_GA_China_Demand,,trade_weighted,False,0,,False,DESCRIPTIVE_ONLY,0.012727272727272728,0.017204301,0.09435294117647058,0.25140740744444445,-0.035304347913043495,-0.04803162064031622,0.004477028272727274,0.07714864017647058,0.15705446626797387,-0.28671175535748794,0.0,3.0,False,False,True,,,0,DESCRIPTIVE_ONLY
RecentA,robustness,Portfolio,Group,,,Portfolio,trade_weighted,True,2,4|5,False,DESCRIPTIVE_ONLY,0.047958097409810135,0.12571745731012657,0.12160089302217743,0.19279033548955918,0.12489193746321524,0.0769338400534051,0.07775935990031643,-0.00411656428794914,0.07118944246738175,-0.06789839802634394,0.49999999999999994,2.0,False,False,True,,,0,DESCRIPTIVE_ONLY
RecentA,robustness,Portfolio,Group,,,Portfolio,strategy_equal_weighted,True,2,4|5,False,DESCRIPTIVE_ONLY,0.0786954261512926,0.02000940507978723,0.15936108522693382,0.18760268278472225,0.039691358031623936,-0.03900406811966867,-0.058686021071505376,0.13935168014714658,0.028241597557788434,-0.14791132475309832,0.19999999999999998,2.0,False,False,True,,,0,DESCRIPTIVE_ONLY
RecentA,robustness,JPY,Group,,,JPY,trade_weighted,True,2,4|5,False,DESCRIPTIVE_ONLY,0.09454374223716382,0.19656168864750959,0.21743863223140494,0.25204697953846156,0.16085548105299538,0.06631173881583156,0.10201794641034577,0.020876943583895358,0.034608347307056614,-0.09119149848546618,0.39999999999999997,3.0,False,False,True,,,0,DESCRIPTIVE_ONLY
RecentA,robustness,JPY,Group,,,JPY,strategy_equal_weighted,True,2,4|5,False,DESCRIPTIVE_ONLY,0.0786954261512926,0.02000940507978723,0.15936108522693382,0.18760268278472225,0.039691358031623936,-0.03900406811966867,-0.058686021071505376,0.13935168014714658,0.028241597557788434,-0.14791132475309832,0.19999999999999998,2.0,False,False,True,,,0,DESCRIPTIVE_ONLY
RecentA,robustness,AUD_nonJPY,Group,,,AUD_nonJPY,trade_weighted,False,0,,False,DESCRIPTIVE_ONLY,-0.037483735479820625,0.03890832876995306,0.030290921019685026,0.10269251412865497,0.07286467773666666,0.11034841321648728,0.07639206424977368,-0.008617407750268032,0.07240159310896994,-0.029827836391988313,0.7999999999999999,2.0,False,False,True,,,0,DESCRIPTIVE_ONLY
RecentA,robustness,AUD_nonJPY,Group,,,AUD_nonJPY,strategy_equal_weighted,False,0,,False,DESCRIPTIVE_ONLY,,,,,,,,,,,,,False,False,False,,,0,DESCRIPTIVE_ONLY
RecentA,robustness,Long,Group,,,Long,trade_weighted,True,1,4,False,DESCRIPTIVE_ONLY,0.06091876759649124,0.18501292307636363,0.04854842888381742,0.20178218974319065,0.14815787280869566,0.08723910521220443,0.1240941554798724,-0.13646449419254622,0.15323376085937324,-0.05362431693449499,0.3,2.0,False,False,True,,,0,DESCRIPTIVE_ONLY
RecentA,robustness,Long,Group,,,Long,strategy_equal_weighted,True,1,4,False,DESCRIPTIVE_ONLY,0.022390852324324327,0.0968509615,0.05103448272413793,0.07804487179166668,0.0733333333076923,0.050942480983367976,0.07446010917567567,-0.04581647877586207,0.02701038906752875,-0.004711538483974376,0.3,2.0,False,False,True,,,0,DESCRIPTIVE_ONLY
RecentA,robustness,Short,Group,,,Short,trade_weighted,True,1,5,False,DESCRIPTIVE_ONLY,0.02576364503004292,0.04377648703015076,0.19064263363921566,0.17950926340229884,0.0858323379781022,0.060068692948059284,0.01801284200010784,0.14686614660906488,-0.011133370236916823,-0.09367692542419663,0.6,2.0,False,False,True,,,0,DESCRIPTIVE_ONLY
RecentA,robustness,Short,Group,,,Short,strategy_equal_weighted,True,1,5,False,DESCRIPTIVE_ONLY,0.13499999997826087,-0.05683215134042554,0.26768768772972973,0.2971604937777778,0.006049382755555562,-0.12895061722270532,-0.19183215131868642,0.32451983907015525,0.029472806048048084,-0.29111111102222226,0.19999999999999998,2.0,False,False,True,,,0,DESCRIPTIVE_ONLY
RecentB,primary,1,Strategy,1.0,1_EJ_Log1,,trade_weighted,True,1,1,True,DESCRIPTIVE_ONLY,0.15134110787755103,-0.05259740254545457,0.26542857145,0.3019704433448276,0.27465608462962965,0.12331497675207861,-0.2039385104230056,0.31802597399545457,0.036541871894827604,-0.02731435871519794,0.7999999999999999,2.0,False,False,True,,,0,DESCRIPTIVE_ONLY
RecentB,primary,2,Strategy,2.0,2_EJ_NightBlitz_20,,trade_weighted,True,1,2,False,DESCRIPTIVE_ONLY,0.12603703706666666,0.1087301588214286,0.31259259261904765,-0.027619047571428565,0.22000000010714288,0.09396296304047622,-0.017306878245238064,0.20386243379761904,-0.3402116401904762,0.24761904767857146,0.09999999999999999,2.0,False,False,True,,,0,DESCRIPTIVE_ONLY
RecentB,primary,3,Strategy,3.0,3_EJ_NightBlitz_21,,trade_weighted,True,1,3,False,DESCRIPTIVE_ONLY,0.10066666668333332,0.1064761905,0.24419047614285713,-0.10464761905714283,0.2590344826206897,0.15836781593735635,0.005809523816666676,0.13771428564285715,-0.3488380952,0.3636821016778325,0.39999999999999997,3.0,False,False,True,,,0,DESCRIPTIVE_ONLY
RecentB,primary,4,Strategy,4.0,4_GJ_Port_Log1,,trade_weighted,False,0,,False,DESCRIPTIVE_ONLY,0.0026251526349206356,0.11858974358333335,0.05142857123809524,0.08259875251351351,0.08895604385714287,0.08633089122222223,0.11596459094841272,-0.06716117234523811,0.03117018127541827,0.006357291343629362,0.39999999999999997,3.0,False,False,True,,,0,DESCRIPTIVE_ONLY
RecentB,primary,5,Strategy,5.0,5_GJ_Port_Log2,,trade_weighted,False,0,,False,DESCRIPTIVE_ONLY,0.019259259297619048,-0.07695906431578947,0.12447712420588232,0.29847222222500003,-0.11156084659523809,-0.13082010589285714,-0.09621832361340851,0.20143618852167178,0.17399509801911772,-0.4100330688202381,-0.09999999999999999,2.0,False,False,True,,,0,DESCRIPTIVE_ONLY
RecentB,primary,6,Strategy,6.0,6_GJ_Old_Mon,,trade_weighted,False,0,,True,DESCRIPTIVE_ONLY,0.22288235294117645,0.2074285714285715,-0.05716666666666667,0.609,0.946235294117647,0.7233529411764705,-0.015453781512604958,-0.26459523809523816,0.6661666666666667,0.33723529411764697,0.6,2.0,False,False,True,,,0,DESCRIPTIVE_ONLY
RecentB,primary,7,Strategy,7.0,7_GJ_Mon_Blitz,,trade_weighted,False,0,,False,DESCRIPTIVE_ONLY,0.032673076849999996,-0.04649572655555555,0.14788461537499997,0.035128205166666655,0.392905983,0.36023290615000003,-0.07916880340555554,0.19438034193055553,-0.11275641020833332,0.35777777783333337,0.7999999999999999,2.0,False,False,True,,,0,DESCRIPTIVE_ONLY
RecentB,primary,8,Strategy,8.0,8_AJ_Core1,,trade_weighted,False,0,,False,DESCRIPTIVE_ONLY,0.06662337657575756,0.39802197800000005,0.012857142950000022,0.06095238091666666,0.3146753247272727,0.24805194815151516,0.3313986014242425,-0.38516483505000004,0.048095237966666635,0.25372294381060606,-0.09999999999999999,3.0,False,False,True,,,0,DESCRIPTIVE_ONLY
RecentB,primary,9,Strategy,9.0,9_AJ_Core2,,trade_weighted,False,0,,False,DESCRIPTIVE_ONLY,-0.06549019605882352,-0.07722222233333334,0.15472222225,0.5862962964444444,-0.20923076923076925,-0.14374057317194572,-0.011732026274509824,0.23194444458333335,0.4315740741944444,-0.7955270656752136,-0.09999999999999999,2.0,False,False,True,,,0,DESCRIPTIVE_ONLY
RecentB,primary,10,Strategy,10.0,10_AJ_SatA,,trade_weighted,False,0,,False,DESCRIPTIVE_ONLY,-0.02636363636363637,0.051750000000000004,0.0792,0.0416,-0.01528571428571428,0.011077922077922091,0.07811363636363637,0.027450000000000002,-0.03760000000000001,-0.056885714285714276,0.09999999999999999,2.0,False,False,True,,,0,DESCRIPTIVE_ONLY
RecentB,primary,11,Strategy,11.0,11_AJ_SatB,,trade_weighted,False,0,,False,DESCRIPTIVE_ONLY,0.025691699608695658,-0.100909091,0.3049696971333333,-0.1280000001,-0.03467532478571429,-0.060367024394409954,-0.12660079060869567,0.4058787881333333,-0.4329696972333333,0.09332467531428572,-0.3,2.0,False,False,True,,,0,DESCRIPTIVE_ONLY
RecentB,primary,12,Strategy,12.0,12_UJ_Short_Core,,trade_weighted,False,0,,True,DESCRIPTIVE_ONLY,0.22479999999999997,0.5269333333333334,0.1203928571428571,0.7358823529411765,0.00764285714285715,-0.21715714285714283,0.30213333333333336,-0.4065404761904763,0.6154894957983195,-0.7282394957983194,-0.3,2.0,False,False,True,,,0,DESCRIPTIVE_ONLY
RecentB,primary,13,Strategy,13.0,13_UJ_Fix_MidWeek,,trade_weighted,False,0,,False,DESCRIPTIVE_ONLY,0.18923976599999998,0.14877192966666664,0.0022966506363636344,-0.005789473833333318,0.38526315783333326,0.19602339183333328,-0.04046783633333334,-0.146475279030303,-0.008086124469696952,0.3910526316666666,0.0,1.0,False,False,True,,,0,DESCRIPTIVE_ONLY
RecentB,primary,14,Strategy,14.0,14_UJ_Sat_3rd,,trade_weighted,False,0,,False,DESCRIPTIVE_ONLY,0.8137777780000001,1.555555556,-0.14814814799999998,1.555555556,0.936666667,0.12288888899999995,0.741777778,-1.703703704,1.703703704,-0.618888889,0.20519567041703085,2.0,False,False,True,,,0,DESCRIPTIVE_ONLY
RecentB,primary,15,Strategy,15.0,15_UJ_Sat_Aug,,trade_weighted,False,0,,False,DESCRIPTIVE_ONLY,,0.1,,,0.8333333333333334,,,,,,,,False,False,False,,,0,DESCRIPTIVE_ONLY
RecentB,primary,16,Strategy,16.0,16_UJ_T10A,,trade_weighted,False,0,,False,DESCRIPTIVE_ONLY,-1.0,0.15407407399999998,,0.02,0.8866666665,1.8866666665,1.154074074,,,0.8666666665,,,False,False,False,,,0,DESCRIPTIVE_ONLY
RecentB,primary,17,Strategy,17.0,17_EA_1B_Wed_Short,,trade_weighted,False,0,,False,DESCRIPTIVE_ONLY,0.09700000005000001,0.3765306121428571,0.2625396826666667,0.07539682533333333,-0.23063492055555557,-0.32763492060555555,0.2795306120928571,-0.11399092947619038,-0.18714285733333338,-0.30603174588888893,-0.7,1.0,False,False,True,,,0,DESCRIPTIVE_ONLY
RecentB,primary,18,Strategy,18.0,18_EA_2_MonWed_Short,,trade_weighted,False,0,,False,DESCRIPTIVE_ONLY,-0.023574074033333333,-0.11340277781250001,0.08472222221874999,-0.005720164592592585,0.29750000003125,0.3210740740645833,-0.08982870377916667,0.19812500003125,-0.09044238681134258,0.30322016462384255,0.7999999999999999,2.0,False,False,True,,,0,DESCRIPTIVE_ONLY
RecentB,primary,19,Strategy,19.0,19_EA_3_WedThu_Long,,trade_weighted,False,0,,False,DESCRIPTIVE_ONLY,0.1155913978387097,0.0027053139999999973,-0.03542483664705881,0.16170940176923077,0.15169082130434788,0.036099423465638186,-0.1128860838387097,-0.03813015064705881,0.19713423841628958,-0.010018580464882881,0.49999999999999994,1.0,False,False,True,,,0,DESCRIPTIVE_ONLY
RecentB,primary,20,Strategy,20.0,20_EA_1A_MonTue_Short,,trade_weighted,False,0,,False,DESCRIPTIVE_ONLY,-0.15477551020408162,-0.06028571428571429,-0.19718518518518519,0.12455555555555556,0.39576923076923076,0.5505447409733124,0.09448979591836733,-0.1368994708994709,0.32174074074074077,0.27121367521367523,0.7,3.0,False,False,True,,,0,DESCRIPTIVE_ONLY
RecentB,primary,21,Strategy,21.0,21_GA_B_3,,trade_weighted,False,0,,False,DESCRIPTIVE_ONLY,0.03386363638888889,0.06338383822222221,0.020170454687500002,-0.056961722473684216,0.0016528925909090923,-0.03221074379797979,0.029520201833333322,-0.043213383534722205,-0.07713217716118421,0.05861461506459331,-0.7999999999999999,2.0,False,False,True,,,0,DESCRIPTIVE_ONLY
RecentB,primary,22,Strategy,22.0,22_GA_C_2,,trade_weighted,False,0,,False,DESCRIPTIVE_ONLY,-0.19457142864000004,0.39714285728571436,-0.140952381,-0.15605042011764705,0.05891156471428575,0.2534829933542858,0.5917142859257144,-0.5380952382857144,-0.015098039117647066,0.2149619848319328,0.3,2.0,False,False,True,,,0,DESCRIPTIVE_ONLY
RecentB,primary,23,Strategy,23.0,23_GA_F_2,,trade_weighted,False,0,,True,DESCRIPTIVE_ONLY,0.004888888760000002,0.20301587299999999,0.055777777800000004,0.03611111107142857,0.06994949490909091,0.06506060614909091,0.19812698423999997,-0.14723809519999997,-0.01966666672857143,0.03383838383766234,0.3,2.0,False,False,True,,,0,DESCRIPTIVE_ONLY
RecentB,primary,24,Strategy,24.0,24_GA_D_1,,trade_weighted,False,0,,False,DESCRIPTIVE_ONLY,0.03724444444,0.14857142857142858,-0.0571111111,-0.0871428572142857,-0.0635353535,-0.10077979794,0.11132698413142858,-0.20568253967142858,-0.030031746114285704,0.023607503714285702,-0.7999999999999999,2.0,False,False,True,,,0,DESCRIPTIVE_ONLY
RecentB,primary,25,Strategy,25.0,25_AU_China_Demand,,trade_weighted,False,0,,False,DESCRIPTIVE_ONLY,-0.019367088607594937,0.13166666666666668,-0.005119047619047617,0.08912499999999998,0.13099999999999998,0.1503670886075949,0.1510337552742616,-0.1367857142857143,0.0942440476190476,0.041874999999999996,0.39999999999999997,3.0,False,False,True,,,0,DESCRIPTIVE_ONLY
RecentB,primary,26,Strategy,26.0,26_AJ_China_Demand,,trade_weighted,False,0,,False,DESCRIPTIVE_ONLY,0.23777777763999997,-0.04752136753846153,0.09256038639130437,0.19500000000000003,0.10765432099999998,-0.13012345663999997,-0.2852991451784615,0.1400817539297659,0.10243961360869566,-0.08734567900000005,-0.09999999999999999,2.0,False,False,True,,,0,DESCRIPTIVE_ONLY
RecentB,primary,27,Strategy,27.0,27_EA_China_Demand,,trade_weighted,False,0,,False,DESCRIPTIVE_ONLY,0.12309523808571424,0.17402777775000003,0.09064102569230771,0.653333333,0.26375000004166665,0.14065476195595242,0.05093253966428579,-0.08338675205769232,0.5626923073076923,-0.3895833329583333,0.6,2.0,False,False,True,,,0,DESCRIPTIVE_ONLY
RecentB,primary,28,Strategy,28.0,28_GA_China_Demand,,trade_weighted,False,0,,False,DESCRIPTIVE_ONLY,0.09257142854285715,0.04460606063636364,0.2018039215882353,0.22122222216666665,0.3034202896956522,0.21084886115279505,-0.04796536790649351,0.15719786095187166,0.019418300578431358,0.08219806752898556,0.8999999999999998,3.0,False,False,True,,,0,DESCRIPTIVE_ONLY
RecentB,primary,Portfolio,Group,,,Portfolio,trade_weighted,True,3,1|2|3,False,DESCRIPTIVE_ONLY,0.049684996,0.09593845786842106,0.08759411244849785,0.12229898832286995,0.17979047031729056,0.13010547431729055,0.04625346186842106,-0.00834434541992321,0.0347048758743721,0.05749148199442061,0.8999999999999998,3.0,False,False,True,,,0,DESCRIPTIVE_ONLY
RecentB,primary,Portfolio,Group,,,Portfolio,strategy_equal_weighted,True,3,1|2|3,False,DESCRIPTIVE_ONLY,0.12601493720918366,0.054202982258658015,0.2740705467373016,0.0565679255720854,0.25123018911915407,0.1252152519099704,-0.07181195495052564,0.21986756447864356,-0.21750262116521618,0.19466226354706867,0.3,2.0,False,False,True,,,0,DESCRIPTIVE_ONLY
RecentB,primary,JPY,Group,,,JPY,trade_weighted,True,3,1|2|3,False,DESCRIPTIVE_ONLY,0.08806359704954128,0.10996517094607844,0.13584725926838234,0.17388678688297873,0.19977150652649006,0.11170790947694878,0.021901573896537158,0.025882088322303903,0.03803952761459639,0.025884719643511328,0.9999999999999999,4.0,True,True,True,,,0,DESCRIPTIVE_ONLY
RecentB,primary,JPY,Group,,,JPY,strategy_equal_weighted,True,3,1|2|3,False,DESCRIPTIVE_ONLY,0.12601493720918366,0.054202982258658015,0.2740705467373016,0.0565679255720854,0.25123018911915407,0.1252152519099704,-0.07181195495052564,0.21986756447864356,-0.21750262116521618,0.19466226354706867,0.3,2.0,False,False,True,,,0,DESCRIPTIVE_ONLY
RecentB,primary,AUD_nonJPY,Group,,,AUD_nonJPY,trade_weighted,False,0,,False,DESCRIPTIVE_ONLY,-0.00011580774285714727,0.07520331679710145,0.019940215876288657,0.033593139579268294,0.15649211921621622,0.15660792695907338,0.07531912453995859,-0.05526310092081279,0.013652923702979637,0.12289897963694793,0.7,3.0,False,False,True,,,0,DESCRIPTIVE_ONLY
RecentB,primary,AUD_nonJPY,Group,,,AUD_nonJPY,strategy_equal_weighted,False,0,,False,DESCRIPTIVE_ONLY,,,,,,,,,,,,,False,False,False,,,0,DESCRIPTIVE_ONLY
RecentB,primary,Long,Group,,,Long,trade_weighted,True,3,1|2|3,False,DESCRIPTIVE_ONLY,0.06711169754561402,0.09785018932682926,0.08380582827731092,0.06312429907194245,0.21689152921875002,0.149779831673136,0.030738491781215238,-0.014044361049518339,-0.020681529205368476,0.15376723014680757,0.3,2.0,False,False,True,,,0,DESCRIPTIVE_ONLY
RecentB,primary,Long,Group,,,Long,strategy_equal_weighted,True,3,1|2|3,False,DESCRIPTIVE_ONLY,0.12601493720918366,0.054202982258658015,0.2740705467373016,0.0565679255720854,0.25123018911915407,0.1252152519099704,-0.07181195495052564,0.21986756447864356,-0.21750262116521618,0.19466226354706867,0.3,2.0,False,False,True,,,0,DESCRIPTIVE_ONLY
RecentB,primary,Short,Group,,,Short,trade_weighted,False,0,,False,DESCRIPTIVE_ONLY,0.024537603896202523,0.09307783780291969,0.09154854943421052,0.22021900982142853,0.1305276535186722,0.10599004962246969,0.06854023390671717,-0.001529288368709164,0.12867046038721802,-0.08969135630275632,0.7999999999999999,2.0,False,False,True,,,0,DESCRIPTIVE_ONLY
RecentB,primary,Short,Group,,,Short,strategy_equal_weighted,False,0,,False,DESCRIPTIVE_ONLY,,,,,,,,,,,,,False,False,False,,,0,DESCRIPTIVE_ONLY
RecentB,robustness,1,Strategy,1.0,1_EJ_Log1,,trade_weighted,True,1,1,True,DESCRIPTIVE_ONLY,0.10040816326190474,0.2945982143125,0.11248847925806456,0.44428571433333325,0.06088435371428572,-0.03952380954761902,0.19419005105059525,-0.18210973505443545,0.3317972350752687,-0.3834013606190475,-0.09999999999999999,2.0,False,False,True,,,0,DESCRIPTIVE_ONLY
RecentB,robustness,2,Strategy,2.0,2_EJ_NightBlitz_20,,trade_weighted,True,1,2,False,DESCRIPTIVE_ONLY,0.17252136759615386,0.17045045045945947,0.04575163400000002,0.24645502661904758,0.012698412750000023,-0.15982295484615383,-0.0020709171366943835,-0.12469881645945946,0.20070339261904757,-0.23375661386904756,-0.39999999999999997,1.0,False,False,True,,,0,DESCRIPTIVE_ONLY
RecentB,robustness,3,Strategy,3.0,3_EJ_NightBlitz_21,,trade_weighted,True,1,3,False,DESCRIPTIVE_ONLY,0.14456410259615385,0.10673873875675673,0.044392156794117635,0.054787878772727276,0.1363333332142857,-0.008230769381868147,-0.03782536383939712,-0.06234658196263909,0.010395721978609641,0.08154545444155842,-0.3,2.0,False,False,True,,,0,DESCRIPTIVE_ONLY
RecentB,robustness,4,Strategy,4.0,4_GJ_Port_Log1,,trade_weighted,True,1,4,False,DESCRIPTIVE_ONLY,-0.002153846145454547,-0.0005769231000000104,0.12203473932258063,0.080961538375,0.08571906343478262,0.08787290958023718,0.0015769230454545364,0.12261166242258065,-0.04107320094758063,0.004757525059782622,0.7,3.0,False,False,True,,,0,DESCRIPTIVE_ONLY
RecentB,robustness,5,Strategy,5.0,5_GJ_Port_Log2,,trade_weighted,True,1,5,False,DESCRIPTIVE_ONLY,0.027480438225352108,-0.09204861112500003,0.12717171718181816,0.2172335600816326,-0.06486928102941178,-0.09234971925476389,-0.11952904935035213,0.2192203283068182,0.09006184289981445,-0.2821028411110444,0.19999999999999998,2.0,False,False,True,,,0,DESCRIPTIVE_ONLY
RecentB,robustness,6,Strategy,6.0,6_GJ_Old_Mon,,trade_weighted,False,0,,True,DESCRIPTIVE_ONLY,0.14011428571428572,0.3804444444444445,0.1532,0.4601176470588235,1.174923076923077,1.0348087912087913,0.24033015873015875,-0.22724444444444447,0.3069176470588235,0.7148054298642534,0.8999999999999998,3.0,False,False,True,,,0,DESCRIPTIVE_ONLY
RecentB,robustness,7,Strategy,7.0,7_GJ_Mon_Blitz,,trade_weighted,False,0,,False,DESCRIPTIVE_ONLY,0.048421052552631585,0.20289940823076918,-0.025029585769230762,0.10744755245454543,0.2962051283333334,0.24778407578070183,0.1544783556781376,-0.22792899399999994,0.1324771382237762,0.18875757587878797,0.49999999999999994,3.0,False,False,True,,,0,DESCRIPTIVE_ONLY
RecentB,robustness,8,Strategy,8.0,8_AJ_Core1,,trade_weighted,False,0,,False,DESCRIPTIVE_ONLY,0.22693877546428573,-0.09697478994117646,0.026666666666666665,0.23396825405555552,0.3098496241052632,0.08291084864097745,-0.3239135654054622,0.12364145660784312,0.20730158738888885,0.07588137004970766,0.7,3.0,False,False,True,,,0,DESCRIPTIVE_ONLY
RecentB,robustness,9,Strategy,9.0,9_AJ_Core2,,trade_weighted,False,0,,False,DESCRIPTIVE_ONLY,0.2030303030909091,-0.4243333334,0.3983333334166666,0.655925926,-0.3891111111333333,-0.5921414142242424,-0.6273636364909091,0.8226666668166667,0.2575925925833334,-1.0450370371333333,0.19999999999999998,2.0,False,False,True,,,0,DESCRIPTIVE_ONLY
RecentB,robustness,10,Strategy,10.0,10_AJ_SatA,,trade_weighted,False,0,,False,DESCRIPTIVE_ONLY,-0.006499999999999995,0.0735,0.06099999999999999,-0.039714285714285716,0.01800000000000001,0.024500000000000004,0.07999999999999999,-0.012500000000000004,-0.1007142857142857,0.057714285714285725,-0.19999999999999998,2.0,False,False,True,,,0,DESCRIPTIVE_ONLY
RecentB,robustness,11,Strategy,11.0,11_AJ_SatB,,trade_weighted,False,0,,False,DESCRIPTIVE_ONLY,-0.1886631015882353,0.03999999999999999,0.36000000008333327,0.11038961035714283,-0.03636363646666667,0.1522994651215686,0.22866310158823527,0.3200000000833333,-0.24961038972619043,-0.1467532468238095,0.3,2.0,False,False,True,,,0,DESCRIPTIVE_ONLY
RecentB,robustness,12,Strategy,12.0,12_UJ_Short_Core,,trade_weighted,False,0,,True,DESCRIPTIVE_ONLY,0.241,0.18616666666666667,0.6470588235294118,-0.10064000000000001,0.8145714285714287,0.5735714285714287,-0.05483333333333332,0.4608921568627451,-0.7476988235294117,0.9152114285714288,0.3,2.0,False,False,True,,,0,DESCRIPTIVE_ONLY
RecentB,robustness,13,Strategy,13.0,13_UJ_Fix_MidWeek,,trade_weighted,False,0,,False,DESCRIPTIVE_ONLY,0.08070175425,0.38947368419999995,0.021520467666666664,-0.046315789499999996,0.539736842,0.45903508775000007,0.30877192994999997,-0.3679532165333333,-0.06783625716666666,0.5860526315000001,0.09999999999999999,2.0,False,False,True,,,0,DESCRIPTIVE_ONLY
RecentB,robustness,14,Strategy,14.0,14_UJ_Sat_3rd,,trade_weighted,False,0,,False,DESCRIPTIVE_ONLY,1.1173333336,0.703703704,0.037777778,0.703703704,0.317777778,-0.7995555556,-0.41362962959999994,-0.665925926,0.665925926,-0.38592592600000003,-0.6155870112510925,1.0,False,False,True,,,0,DESCRIPTIVE_ONLY
RecentB,robustness,15,Strategy,15.0,15_UJ_Sat_Aug,,trade_weighted,False,0,,False,DESCRIPTIVE_ONLY,,,0.1,,0.8333333333333334,,,,,,,,False,False,False,,,0,DESCRIPTIVE_ONLY
RecentB,robustness,16,Strategy,16.0,16_UJ_T10A,,trade_weighted,False,0,,False,DESCRIPTIVE_ONLY,,0.1744444445,0.15111111099999996,-0.027777777999999996,0.8111111110000001,,,-0.023333333500000025,-0.17888888899999997,0.8388888890000001,,,False,False,False,,,0,DESCRIPTIVE_ONLY
RecentB,robustness,17,Strategy,17.0,17_EA_1B_Wed_Short,,trade_weighted,False,0,,False,DESCRIPTIVE_ONLY,0.1865306122857143,0.16349206355555554,0.2723809523333333,-0.11528571429999998,0.03587301588888889,-0.1506575963968254,-0.02303854873015876,0.10888888877777778,-0.38766666663333327,0.15115873018888887,-0.6,2.0,False,False,True,,,0,DESCRIPTIVE_ONLY
RecentB,robustness,18,Strategy,18.0,18_EA_2_MonWed_Short,,trade_weighted,True,1,18,False,DESCRIPTIVE_ONLY,0.03573333338000001,-0.03894586894871795,-0.0784343434090909,0.10577777776000001,0.24713261651612903,0.21139928313612902,-0.07467920232871797,-0.03948847446037295,0.18421212116909091,0.14135483875612903,0.6,2.0,False,False,True,,,0,DESCRIPTIVE_ONLY
RecentB,robustness,19,Strategy,19.0,19_EA_3_WedThu_Long,,trade_weighted,False,0,,False,DESCRIPTIVE_ONLY,-0.033955555559999996,0.16783950619444443,0.01322222219999999,-0.05888888899999999,0.17714975852173914,0.21110531408173913,0.20179506175444442,-0.15461728399444444,-0.07211111119999998,0.23603864752173914,0.3,2.0,False,False,True,,,0,DESCRIPTIVE_ONLY
RecentB,robustness,20,Strategy,20.0,20_EA_1A_MonTue_Short,,trade_weighted,False,0,,False,DESCRIPTIVE_ONLY,-0.16716666666666666,-0.12937500000000002,-0.010736842105263161,0.21788888888888888,0.28350000000000003,0.45066666666666666,0.03779166666666664,0.11863815789473686,0.22862573099415204,0.06561111111111115,0.9999999999999999,4.0,True,True,True,,,0,DESCRIPTIVE_ONLY
RecentB,robustness,21,Strategy,21.0,21_GA_B_3,,trade_weighted,False,0,,False,DESCRIPTIVE_ONLY,0.029120234612903226,-0.07308080805555554,0.07756684494117648,0.015575757533333338,-0.0034848483809523908,-0.032605082993855616,-0.10220104266845877,0.15064765299673202,-0.06199108740784314,-0.01906060591428573,-0.19999999999999998,1.0,False,False,True,,,0,DESCRIPTIVE_ONLY
RecentB,robustness,22,Strategy,22.0,22_GA_C_2,,trade_weighted,False,0,,False,DESCRIPTIVE_ONLY,-0.10965986404761907,0.06333333341666668,0.021428571428571436,-0.06357142849999997,-0.1464285713333333,-0.03676870728571424,0.17299319746428576,-0.04190476198809524,-0.08499999992857141,-0.08285714283333334,-0.39999999999999997,1.0,False,False,True,,,0,DESCRIPTIVE_ONLY
RecentB,robustness,23,Strategy,23.0,23_GA_F_2,,trade_weighted,False,0,,True,DESCRIPTIVE_ONLY,0.09207729460869565,-0.06837606838461537,0.011388888875000003,0.050718954117647055,0.11549019605882353,0.02341290145012788,-0.16045336299331103,0.07976495725961537,0.03933006524264705,0.06477124194117648,0.39999999999999997,3.0,False,False,True,,,0,DESCRIPTIVE_ONLY
RecentB,robustness,24,Strategy,24.0,24_GA_D_1,,trade_weighted,False,0,,False,DESCRIPTIVE_ONLY,0.17458937204347827,-0.053333333384615406,-0.155138889125,-0.06477124176470589,-0.1292810457647059,-0.30387041780818413,-0.22792270542809367,-0.1018055557403846,0.09036764736029412,-0.064509804,-0.7,1.0,False,False,True,,,0,DESCRIPTIVE_ONLY
RecentB,robustness,25,Strategy,25.0,25_AU_China_Demand,,trade_weighted,False,0,,False,DESCRIPTIVE_ONLY,-0.027676056338028165,0.0819736842105263,0.05919642857142857,0.11374999999999999,0.10214285714285716,0.1298189134808853,0.10964974054855446,-0.022777255639097722,0.05455357142857142,-0.01160714285714283,0.7999999999999999,2.0,False,False,True,,,0,DESCRIPTIVE_ONLY
RecentB,robustness,26,Strategy,26.0,26_AJ_China_Demand,,trade_weighted,False,0,,False,DESCRIPTIVE_ONLY,0.19238095223809523,0.18222222216666664,0.11037037033333331,-0.12047619057142857,0.20833333337499998,0.015952381136904753,-0.01015873007142859,-0.07185185183333333,-0.23084656090476188,0.32880952394642854,0.0,1.0,False,False,True,,,0,DESCRIPTIVE_ONLY
RecentB,robustness,27,Strategy,27.0,27_EA_China_Demand,,trade_weighted,False,0,,False,DESCRIPTIVE_ONLY,0.14422222226666662,0.16919999992,0.015714285785714283,0.20066666669999997,0.26070175442105264,0.11647953215438603,0.024977777653333394,-0.15348571413428572,0.18495238091428567,0.06003508772105268,0.7,3.0,False,False,True,,,0,DESCRIPTIVE_ONLY
RecentB,robustness,28,Strategy,28.0,28_GA_China_Demand,,trade_weighted,False,0,,False,DESCRIPTIVE_ONLY,0.10431372547058824,0.2975555555,0.1438095237857143,0.1905964912105263,0.23311999988,0.12880627440941178,0.19324183002941175,-0.15374603171428572,0.046786967424812004,0.042523508669473714,0.39999999999999997,3.0,False,False,True,,,0,DESCRIPTIVE_ONLY
RecentB,robustness,Portfolio,Group,,,Portfolio,trade_weighted,True,6,1|2|3|4|5|18,False,DESCRIPTIVE_ONLY,0.06766911170740306,0.07358675666932271,0.09677064768819599,0.12659766942643924,0.15644860331630647,0.08877949160890342,0.005917644961919655,0.023183891018873276,0.029827021738243253,0.02985093388986723,0.9999999999999999,4.0,True,True,True,,,0,DESCRIPTIVE_ONLY
RecentB,robustness,Portfolio,Group,,,Portfolio,strategy_equal_weighted,True,6,1|2|3|4|5|18,False,DESCRIPTIVE_ONLY,0.079758926485685,0.07336933339249972,0.062234063857915016,0.19158358265695677,0.07964974976667856,-0.00010917671900644021,-0.006389593093185278,-0.011135269534584706,0.12934951879904175,-0.11193383289027821,0.09999999999999999,1.0,False,False,True,,,0,DESCRIPTIVE_ONLY
RecentB,robustness,JPY,Group,,,JPY,trade_weighted,True,5,1|2|3|4|5,False,DESCRIPTIVE_ONLY,0.10690160273596674,0.10398230555719556,0.1372285670958904,0.16398119499312716,0.1828034577814815,0.07590185504551475,-0.0029192971787711797,0.03324626153869484,0.026752627897236758,0.018822262788354333,0.8999999999999998,3.0,False,False,True,,,0,DESCRIPTIVE_ONLY
RecentB,robustness,JPY,Group,,,JPY,strategy_equal_weighted,True,5,1|2|3|4|5,False,DESCRIPTIVE_ONLY,0.088564045106822,0.09583237386074325,0.0903677453113162,0.20874474363634815,0.04615317641678846,-0.04241086869003354,0.007268328753921249,-0.0054646285494270586,0.11837699832503196,-0.1625915672195597,-0.09999999999999999,2.0,False,False,True,,,0,DESCRIPTIVE_ONLY
RecentB,robustness,AUD_nonJPY,Group,,,AUD_nonJPY,trade_weighted,True,1,18,False,DESCRIPTIVE_ONLY,0.01666687337027027,0.03792790927272726,0.021524071464968157,0.06548190571910113,0.1266753367656904,0.11000846339542013,0.02126103590245699,-0.016403837807759104,0.04395783425413298,0.06119343104658927,0.8999999999999998,3.0,False,False,True,,,0,DESCRIPTIVE_ONLY
RecentB,robustness,AUD_nonJPY,Group,,,AUD_nonJPY,strategy_equal_weighted,True,1,18,False,DESCRIPTIVE_ONLY,0.03573333338000001,-0.03894586894871795,-0.0784343434090909,0.10577777776000001,0.24713261651612903,0.21139928313612902,-0.07467920232871797,-0.03948847446037295,0.18421212116909091,0.14135483875612903,0.6,2.0,False,False,True,,,0,DESCRIPTIVE_ONLY
RecentB,robustness,Long,Group,,,Long,trade_weighted,True,4,1|2|3|4,False,DESCRIPTIVE_ONLY,0.07607780498616602,0.12504137822569444,0.0601860816534296,0.11850841408203126,0.15385775760563383,0.07777995261946781,0.04896357323952842,-0.06485529657226485,0.058322332428601666,0.03534934352360257,0.49999999999999994,3.0,False,False,True,,,0,DESCRIPTIVE_ONLY
RecentB,robustness,Long,Group,,,Long,strategy_equal_weighted,True,4,1|2|3|4,False,DESCRIPTIVE_ONLY,0.10383494682718947,0.14280262010717906,0.08116675234369071,0.20662253952502702,0.07390879077833852,-0.029926156048850946,0.038967673279989595,-0.06163586776348835,0.12545578718133632,-0.1327137487466885,-0.3,2.0,False,False,True,,,0,DESCRIPTIVE_ONLY
RecentB,robustness,Short,Group,,,Short,trade_weighted,True,2,5|18,False,DESCRIPTIVE_ONLY,0.0553363615652174,0.0043394155093457835,0.15568881508139534,0.13631996692957749,0.15971882634666665,0.10438246478144925,-0.050996946055871614,0.15134939957204957,-0.019368848151817858,0.023398859417089163,0.7999999999999999,2.0,False,False,True,,,0,DESCRIPTIVE_ONLY
RecentB,robustness,Short,Group,,,Short,strategy_equal_weighted,True,2,5|18,False,DESCRIPTIVE_ONLY,0.03160688580267606,-0.06549724003685899,0.02436868688636363,0.1615056689208163,0.09113166774335862,0.059524781940682565,-0.09710412583953504,0.08986592692322262,0.13713698203445268,-0.07037400117745768,0.6,2.0,False,False,True,,,0,DESCRIPTIVE_ONLY
Monitor2026,primary,1,Strategy,1.0,1_EJ_Log1,,trade_weighted,False,0,,True,DESCRIPTIVE_ONLY,-0.17578231299999997,0.26160714287500003,-0.7871428572,0.66999999975,0.41457142849999995,0.5903537415,0.437389455875,-1.048750000075,1.45714285695,-0.25542857125000007,0.6,2.0,False,False,True,,,0,DESCRIPTIVE_ONLY
Monitor2026,primary,2,Strategy,2.0,2_EJ_NightBlitz_20,,trade_weighted,False,0,,False,DESCRIPTIVE_ONLY,0.04535353531818182,0.08177777789999999,0.3715555556,-0.16666666675,-0.007450980294117661,-0.052804515612299485,0.036424242581818166,0.2897777777,-0.53822222235,0.15921568645588233,-0.49999999999999994,3.0,False,False,True,,,0,DESCRIPTIVE_ONLY
Monitor2026,primary,3,Strategy,3.0,3_EJ_NightBlitz_21,,trade_weighted,False,0,,False,DESCRIPTIVE_ONLY,0.005393939318181814,0.0786666667,0.01679999999999998,0.06700000025000001,0.12705882352941178,0.12166488421122996,0.07327272738181818,-0.06186666670000002,0.05020000025000003,0.06005882327941177,0.7,3.0,False,False,True,,,0,DESCRIPTIVE_ONLY
Monitor2026,primary,4,Strategy,4.0,4_GJ_Port_Log1,,trade_weighted,False,0,,False,DESCRIPTIVE_ONLY,0.018461538450000002,0.07269230766666666,-0.0006923076000000028,0.10730769216666665,0.09676923075,0.07830769230000001,0.05423076921666666,-0.07338461526666666,0.10799999976666665,-0.010538461416666645,0.6,2.0,False,False,True,,,0,DESCRIPTIVE_ONLY
Monitor2026,primary,5,Strategy,5.0,5_GJ_Port_Log2,,trade_weighted,False,0,,False,DESCRIPTIVE_ONLY,0.04472222221428571,0.00259259266666668,-0.24283950611111113,-0.26129629633333334,-0.0071296295833333245,-0.05185185179761904,-0.042129629547619035,-0.2454320987777778,-0.018456790222222214,0.25416666675,-0.7,1.0,False,False,True,,,0,DESCRIPTIVE_ONLY
Monitor2026,primary,6,Strategy,6.0,6_GJ_Old_Mon,,trade_weighted,False,0,,True,DESCRIPTIVE_ONLY,-0.4613333333333334,0.8716666666666666,-0.068,0.6315999999999999,0.43,0.8913333333333333,1.333,-0.9396666666666667,0.6996,-0.20159999999999995,0.3,2.0,False,False,True,,,0,DESCRIPTIVE_ONLY
Monitor2026,primary,7,Strategy,7.0,7_GJ_Mon_Blitz,,trade_weighted,False,0,,False,DESCRIPTIVE_ONLY,0.02871794875000001,0.09164835171428572,0.11769230775,0.027230769199999994,0.07951923075,0.05080128199999999,0.0629304029642857,0.026043956035714286,-0.09046153855000001,0.05228846155000001,-0.09999999999999999,3.0,False,False,True,,,0,DESCRIPTIVE_ONLY
Monitor2026,primary,8,Strategy,8.0,8_AJ_Core1,,trade_weighted,False,0,,False,DESCRIPTIVE_ONLY,0.25952380966666666,0.015000000000000013,-0.2326530612857143,0.5711428570000001,-0.09634920644444447,-0.3558730161111111,-0.24452380966666665,-0.24765306128571432,0.8037959182857144,-0.6674920634444446,-0.19999999999999998,1.0,False,False,True,,,0,DESCRIPTIVE_ONLY
Monitor2026,primary,9,Strategy,9.0,9_AJ_Core2,,trade_weighted,False,0,,False,DESCRIPTIVE_ONLY,-0.6173333334000001,-0.333333333,0.2066666665,-0.4333333332857143,0.6806666668,1.2980000002,0.28400000040000006,0.5399999995,-0.6399999997857143,1.1140000000857142,0.7,3.0,False,False,True,,,0,DESCRIPTIVE_ONLY
Monitor2026,primary,10,Strategy,10.0,10_AJ_SatA,,trade_weighted,False,0,,False,DESCRIPTIVE_ONLY,0.051333333333333335,0.014666666666666666,-0.05666666666666668,-0.01933333333333334,-0.1437142857142857,-0.19504761904761905,-0.03666666666666667,-0.07133333333333335,0.037333333333333336,-0.12438095238095237,-0.8999999999999998,1.0,False,False,True,,,0,DESCRIPTIVE_ONLY
Monitor2026,primary,11,Strategy,11.0,11_AJ_SatB,,trade_weighted,False,0,,False,DESCRIPTIVE_ONLY,0.02939393933333333,-0.12424242433333332,-0.10121212133333331,-0.5833333333333334,0.20779220785714284,0.1783982685238095,-0.15363636366666666,0.023030303000000016,-0.4821212120000001,0.7911255411904762,0.09999999999999999,2.0,False,False,True,,,0,DESCRIPTIVE_ONLY
Monitor2026,primary,12,Strategy,12.0,12_UJ_Short_Core,,trade_weighted,False,0,,True,DESCRIPTIVE_ONLY,-0.011250000000000001,-0.30100000000000005,-0.27399999999999997,-0.06800000000000003,,,-0.28975000000000006,0.02700000000000008,0.20599999999999993,,,,False,False,False,,,0,DESCRIPTIVE_ONLY
Monitor2026,primary,13,Strategy,13.0,13_UJ_Fix_MidWeek,,trade_weighted,False,0,,False,DESCRIPTIVE_ONLY,-0.24150375942857144,0.11421052599999999,0.1057894735,0.255263158,,,0.3557142854285714,-0.008421052499999998,0.14947368449999998,,,,False,False,False,,,0,DESCRIPTIVE_ONLY
Monitor2026,primary,14,Strategy,14.0,14_UJ_Sat_3rd,,trade_weighted,False,0,,False,DESCRIPTIVE_ONLY,-0.5255555555,1.555555556,,0.04370370366666667,,,2.0811111115000003,,,,,,False,False,False,,,0,DESCRIPTIVE_ONLY
Monitor2026,primary,15,Strategy,15.0,15_UJ_Sat_Aug,,trade_weighted,False,0,,False,DESCRIPTIVE_ONLY,,,,1.75,0.8333333333333334,,,,,-0.9166666666666666,,,False,False,False,,,0,DESCRIPTIVE_ONLY
Monitor2026,primary,16,Strategy,16.0,16_UJ_T10A,,trade_weighted,False,0,,False,DESCRIPTIVE_ONLY,-0.328888889,0.928888889,-1.0,,0.675555556,1.0044444449999999,1.257777778,-1.928888889,,,,,False,False,False,,,0,DESCRIPTIVE_ONLY
Monitor2026,primary,17,Strategy,17.0,17_EA_1B_Wed_Short,,trade_weighted,False,0,,False,DESCRIPTIVE_ONLY,-0.050634920666666666,0.14714285700000002,,0.24999999966666667,-0.40666666666666673,-0.3560317460000001,0.19777777766666668,,,-0.6566666663333334,,,False,False,False,,,0,DESCRIPTIVE_ONLY
Monitor2026,primary,18,Strategy,18.0,18_EA_2_MonWed_Short,,trade_weighted,False,0,,False,DESCRIPTIVE_ONLY,0.04059259256666667,0.19175925916666667,0.17972222225,0.235277778,-0.023030303,-0.06362289556666667,0.1511666666,-0.01203703691666666,0.055555555749999985,-0.25830808099999997,-0.09999999999999999,2.0,False,False,True,,,0,DESCRIPTIVE_ONLY
Monitor2026,primary,19,Strategy,19.0,19_EA_3_WedThu_Long,,trade_weighted,False,0,,False,DESCRIPTIVE_ONLY,-0.04469696977272727,-0.10833333330000001,-1.0,0.12999999999999998,0.2864444444,0.33114141417272724,-0.06363636352727275,-0.8916666666999999,1.13,0.15644444440000002,0.6,2.0,False,False,True,,,0,DESCRIPTIVE_ONLY
Monitor2026,primary,20,Strategy,20.0,20_EA_1A_MonTue_Short,,trade_weighted,False,0,,False,DESCRIPTIVE_ONLY,-0.028689655172413796,0.042363636363636374,0.10500000000000001,0.706,-0.21688888888888888,-0.1881992337164751,0.07105329153605017,0.06263636363636363,0.601,-0.9228888888888889,0.0,3.0,False,False,True,,,0,DESCRIPTIVE_ONLY
Monitor2026,primary,21,Strategy,21.0,21_GA_B_3,,trade_weighted,False,0,,False,DESCRIPTIVE_ONLY,0.04841991347619047,0.03331168842857143,,-0.236590909,0.049545454600000004,0.0011255411238095328,-0.015108225047619044,,,0.2861363636,,,False,False,False,,,0,DESCRIPTIVE_ONLY
Monitor2026,primary,22,Strategy,22.0,22_GA_C_2,,trade_weighted,False,0,,False,DESCRIPTIVE_ONLY,-0.23828571439999996,-0.3153061224285714,,0.24500000000000005,0.6017142858,0.8400000001999999,-0.07702040802857146,,,0.3567142857999999,,,False,False,False,,,0,DESCRIPTIVE_ONLY
Monitor2026,primary,23,Strategy,23.0,23_GA_F_2,,trade_weighted,False,0,,True,DESCRIPTIVE_ONLY,0.0242361111875,0.10800000000000001,-0.134444444,,-0.086222222,-0.11045833318750001,0.08376388881250002,-0.242444444,,,,,False,False,False,,,0,DESCRIPTIVE_ONLY
Monitor2026,primary,24,Strategy,24.0,24_GA_D_1,,trade_weighted,False,0,,False,DESCRIPTIVE_ONLY,0.006597222187500003,0.1488888888,-1.0,,0.1877777778,0.1811805556125,0.1422916666125,-1.1488888888,,,,,False,False,False,,,0,DESCRIPTIVE_ONLY
Monitor2026,primary,25,Strategy,25.0,25_AU_China_Demand,,trade_weighted,False,0,,False,DESCRIPTIVE_ONLY,-0.038,0.07291666666666667,0.15833333333333333,-0.279,0.10999999999999996,0.14799999999999996,0.11091666666666666,0.08541666666666665,-0.43733333333333335,0.389,0.19999999999999998,3.0,False,False,True,,,0,DESCRIPTIVE_ONLY
Monitor2026,primary,26,Strategy,26.0,26_AJ_China_Demand,,trade_weighted,False,0,,False,DESCRIPTIVE_ONLY,0.2317777779,0.0408888888,0.28,-0.33444444433333337,0.3288888888,0.09711111089999999,-0.19088888910000001,0.23911111120000003,-0.6144444443333335,0.6633333331333333,0.3,2.0,False,False,True,,,0,DESCRIPTIVE_ONLY
Monitor2026,primary,27,Strategy,27.0,27_EA_China_Demand,,trade_weighted,False,0,,False,DESCRIPTIVE_ONLY,-0.052962962833333335,0.1450000002,0.04555555566666666,0.3333333333333333,-0.35527777783333336,-0.302314815,0.19796296303333333,-0.09944444453333334,0.2877777776666667,-0.6886111111666666,-0.09999999999999999,2.0,False,False,True,,,0,DESCRIPTIVE_ONLY
Monitor2026,primary,28,Strategy,28.0,28_GA_China_Demand,,trade_weighted,False,0,,False,DESCRIPTIVE_ONLY,-0.0589629628888889,-0.05809523814285714,,0.30888888900000006,0.014476190285714277,0.07343915317460317,0.0008677247460317575,,,-0.29441269871428577,,,False,False,False,,,0,DESCRIPTIVE_ONLY
Monitor2026,primary,Portfolio,Group,,,Portfolio,trade_weighted,False,0,,False,DESCRIPTIVE_ONLY,-0.02850822708415842,0.07779530294578313,-0.05857881915217391,0.032074589710526305,0.09203124628767126,0.12053947337182969,0.10630353002994156,-0.13637412209795705,0.09065340886270021,0.059956656577144954,0.49999999999999994,3.0,False,False,True,,,0,DESCRIPTIVE_ONLY
Monitor2026,primary,Portfolio,Group,,,Portfolio,strategy_equal_weighted,False,0,,False,DESCRIPTIVE_ONLY,,,,,,,,,,,,,False,False,False,,,0,DESCRIPTIVE_ONLY
Monitor2026,primary,JPY,Group,,,JPY,trade_weighted,False,0,,False,DESCRIPTIVE_ONLY,-0.030026265179999997,0.12155579705747126,-0.08630960107246376,0.03627876356,0.13214752483211678,0.1621737900121168,0.15158206223747125,-0.20786539812993501,0.12258836463246375,0.09586876127211677,0.49999999999999994,3.0,False,False,True,,,0,DESCRIPTIVE_ONLY
Monitor2026,primary,JPY,Group,,,JPY,strategy_equal_weighted,False,0,,False,DESCRIPTIVE_ONLY,,,,,,,,,,,,,False,False,False,,,0,DESCRIPTIVE_ONLY
Monitor2026,primary,AUD_nonJPY,Group,,,AUD_nonJPY,trade_weighted,False,0,,False,DESCRIPTIVE_ONLY,-0.02701995444117647,0.029603366392405062,0.02461352660869565,0.023989639999999982,0.025007707743902433,0.0520276621850789,0.05662332083358153,-0.004989839783709413,-0.0006238866086956674,0.001018067743902451,0.3,2.0,False,False,True,,,0,DESCRIPTIVE_ONLY
Monitor2026,primary,AUD_nonJPY,Group,,,AUD_nonJPY,strategy_equal_weighted,False,0,,False,DESCRIPTIVE_ONLY,,,,,,,,,,,,,False,False,False,,,0,DESCRIPTIVE_ONLY
Monitor2026,primary,Long,Group,,,Long,trade_weighted,False,0,,False,DESCRIPTIVE_ONLY,-0.03315348584792626,0.09980623286458334,-0.05770839813333332,0.06349584013636363,0.15046100784848487,0.18361449369641114,0.1329597187125096,-0.15751463099791665,0.12120423826969695,0.08696516771212125,0.49999999999999994,3.0,False,False,True,,,0,DESCRIPTIVE_ONLY
Monitor2026,primary,Long,Group,,,Long,strategy_equal_weighted,False,0,,False,DESCRIPTIVE_ONLY,,,,,,,,,,,,,False,False,False,,,0,DESCRIPTIVE_ONLY
Monitor2026,primary,Short,Group,,,Short,trade_weighted,False,0,,False,DESCRIPTIVE_ONLY,-0.02311773964171122,0.04760888477142858,-0.0602108585625,-0.011129629625000012,0.0033791942643678226,0.026496933906079042,0.0707266244131398,-0.10781974333392857,0.049081228937499985,0.014508823889367835,0.19999999999999998,3.0,False,False,True,,,0,DESCRIPTIVE_ONLY
Monitor2026,primary,Short,Group,,,Short,strategy_equal_weighted,False,0,,False,DESCRIPTIVE_ONLY,,,,,,,,,,,,,False,False,False,,,0,DESCRIPTIVE_ONLY
Monitor2026,robustness,1,Strategy,1.0,1_EJ_Log1,,trade_weighted,False,0,,True,DESCRIPTIVE_ONLY,-0.11340659346153846,0.09489795914285713,-0.13238095266666666,-0.576904762,0.44130952375000004,0.5547161172115385,0.2083045526043956,-0.2272789118095238,-0.4445238093333333,1.01821428575,0.09999999999999999,2.0,False,False,True,,,0,DESCRIPTIVE_ONLY
Monitor2026,robustness,2,Strategy,2.0,2_EJ_NightBlitz_20,,trade_weighted,False,0,,False,DESCRIPTIVE_ONLY,0.04412698414285713,0.09305555556249999,0.18814814800000002,0.13907407416666664,-0.11230769223076925,-0.15643467637362637,0.04892857141964286,0.09509259243750003,-0.04907407383333337,-0.2513817663974359,-0.09999999999999999,2.0,False,False,True,,,0,DESCRIPTIVE_ONLY
Monitor2026,robustness,3,Strategy,3.0,3_EJ_NightBlitz_21,,trade_weighted,False,0,,False,DESCRIPTIVE_ONLY,-0.05295238107142857,0.0724166666875,0.192888889,0.099888889,0.094051282,0.14700366307142856,0.12536904775892857,0.1204722223125,-0.09300000000000001,-0.005837606999999995,0.6,2.0,False,False,True,,,0,DESCRIPTIVE_ONLY
Monitor2026,robustness,4,Strategy,4.0,4_GJ_Port_Log1,,trade_weighted,False,0,,False,DESCRIPTIVE_ONLY,0.016623931611111118,0.01839160836363636,0.08980769233333334,0.030769230714285715,0.11307692307142855,0.09645299146031744,0.0017676767525252428,0.07141608396969698,-0.059038461619047626,0.08230769235714283,0.8999999999999998,3.0,False,False,True,,,0,DESCRIPTIVE_ONLY
Monitor2026,robustness,5,Strategy,5.0,5_GJ_Port_Log2,,trade_weighted,False,0,,False,DESCRIPTIVE_ONLY,-0.1895370370416667,0.39277777785714285,-0.03466666666666665,0.08010101009090909,-0.26348148140000005,-0.07394444435833336,0.5823148148988095,-0.4274444445238095,0.11476767675757574,-0.34358249149090914,-0.3,2.0,False,False,True,,,0,DESCRIPTIVE_ONLY
Monitor2026,robustness,6,Strategy,6.0,6_GJ_Old_Mon,,trade_weighted,False,0,,True,DESCRIPTIVE_ONLY,-0.416,0.7582857142857142,0.36599999999999994,0.813,-0.04600000000000002,0.36999999999999994,1.1742857142857142,-0.3922857142857143,0.447,-0.859,0.3,2.0,False,False,True,,,0,DESCRIPTIVE_ONLY
Monitor2026,robustness,7,Strategy,7.0,7_GJ_Mon_Blitz,,trade_weighted,False,0,,False,DESCRIPTIVE_ONLY,-0.024871794833333332,0.1773626372857143,0.07984615400000002,0.012692307666666666,0.13512820516666665,0.15999999999999998,0.20223443211904762,-0.09751648328571429,-0.06715384633333335,0.12243589749999999,0.3,2.0,False,False,True,,,0,DESCRIPTIVE_ONLY
Monitor2026,robustness,8,Strategy,8.0,8_AJ_Core1,,trade_weighted,False,0,,False,DESCRIPTIVE_ONLY,0.3044444445555556,0.10253968244444445,0.10599999999999998,-0.39959183685714283,0.2316666666666667,-0.0727777778888889,-0.20190476211111114,0.0034603175555555366,-0.5055918368571428,0.6312585035238095,-0.3,2.0,False,False,True,,,0,DESCRIPTIVE_ONLY
Monitor2026,robustness,9,Strategy,9.0,9_AJ_Core2,,trade_weighted,False,0,,False,DESCRIPTIVE_ONLY,-0.30000000000000004,0.004000000000000048,-1.0,0.8711111113333333,-0.354,-0.05399999999999994,0.3040000000000001,-1.004,1.8711111113333332,-1.2251111113333333,-0.09999999999999999,2.0,False,False,True,,,0,DESCRIPTIVE_ONLY
Monitor2026,robustness,10,Strategy,10.0,10_AJ_SatA,,trade_weighted,False,0,,False,DESCRIPTIVE_ONLY,0.07171428571428572,-0.07999999999999999,0.04,0.2035,-0.35520000000000007,-0.4269142857142858,-0.1517142857142857,0.12,0.16349999999999998,-0.5587000000000001,-0.3,2.0,False,False,True,,,0,DESCRIPTIVE_ONLY
Monitor2026,robustness,11,Strategy,11.0,11_AJ_SatB,,trade_weighted,False,0,,False,DESCRIPTIVE_ONLY,0.14805194785714287,-0.3488311688571429,-0.196363636,-0.06590909100000002,-0.0967272726,-0.24477922045714287,-0.49688311671428576,0.15246753285714287,0.13045454499999998,-0.03081818159999998,-0.09999999999999999,2.0,False,False,True,,,0,DESCRIPTIVE_ONLY
Monitor2026,robustness,12,Strategy,12.0,12_UJ_Short_Core,,trade_weighted,False,0,,True,DESCRIPTIVE_ONLY,-0.1177,-0.1356666666666667,0.07139999999999999,-0.15699999999999997,,,-0.017966666666666714,0.2070666666666667,-0.22839999999999996,,,,False,False,False,,,0,DESCRIPTIVE_ONLY
Monitor2026,robustness,13,Strategy,13.0,13_UJ_Fix_MidWeek,,trade_weighted,False,0,,False,DESCRIPTIVE_ONLY,-0.06406015042857142,-0.1268421055,0.255263158,-0.041578947500000005,,,-0.06278195507142857,0.38210526349999996,-0.2968421055,,,,False,False,False,,,0,DESCRIPTIVE_ONLY
Monitor2026,robustness,14,Strategy,14.0,14_UJ_Sat_3rd,,trade_weighted,False,0,,False,DESCRIPTIVE_ONLY,-0.5255555555,1.555555556,0.106666667,0.513333333,-0.488888889,0.0366666665,2.0811111115000003,-1.448888889,0.40666666599999995,-1.0022222219999999,0.09999999999999999,2.0,False,False,True,,,0,DESCRIPTIVE_ONLY
Monitor2026,robustness,15,Strategy,15.0,15_UJ_Sat_Aug,,trade_weighted,False,0,,False,DESCRIPTIVE_ONLY,,,,,1.2,,,,,,,,False,False,False,,,0,DESCRIPTIVE_ONLY
Monitor2026,robustness,16,Strategy,16.0,16_UJ_T10A,,trade_weighted,False,0,,False,DESCRIPTIVE_ONLY,-0.6644444445,0.928888889,,0.675555556,,,1.5933333335,,,,,,False,False,False,,,0,DESCRIPTIVE_ONLY
Monitor2026,robustness,17,Strategy,17.0,17_EA_1B_Wed_Short,,trade_weighted,False,0,,False,DESCRIPTIVE_ONLY,-0.03619047633333333,0.04071428566666667,-0.405,0.3182142855,-0.23392857150000004,-0.1977380951666667,0.076904762,-0.4457142856666667,0.7232142855000001,-0.5521428570000001,-0.09999999999999999,2.0,False,False,True,,,0,DESCRIPTIVE_ONLY
Monitor2026,robustness,18,Strategy,18.0,18_EA_2_MonWed_Short,,trade_weighted,False,0,,False,DESCRIPTIVE_ONLY,0.1014285715,0.05888888875000001,0.23377777770000008,0.06346405235294117,-0.07722222224999999,-0.17865079374999998,-0.04253968274999999,0.17488888895000007,-0.1703137253470589,-0.14068627460294114,-0.49999999999999994,1.0,False,False,True,,,0,DESCRIPTIVE_ONLY
Monitor2026,robustness,19,Strategy,19.0,19_EA_3_WedThu_Long,,trade_weighted,False,0,,False,DESCRIPTIVE_ONLY,-0.04800000009999998,-0.1347407407333333,-0.025185185333333332,0.004722222250000019,0.21055555550000002,0.2585555556,-0.08674074063333333,0.10955555539999998,0.02990740758333335,0.20583333325,0.8999999999999998,3.0,False,False,True,,,0,DESCRIPTIVE_ONLY
Monitor2026,robustness,20,Strategy,20.0,20_EA_1A_MonTue_Short,,trade_weighted,False,0,,False,DESCRIPTIVE_ONLY,-0.10488888888888889,0.10775,0.213,-0.09876923076923079,-0.2024,-0.0975111111111111,0.21263888888888888,0.10525,-0.3117692307692308,-0.1036307692307692,-0.3,2.0,False,False,True,,,0,DESCRIPTIVE_ONLY
Monitor2026,robustness,21,Strategy,21.0,21_GA_B_3,,trade_weighted,False,0,,False,DESCRIPTIVE_ONLY,0.02663636366666667,0.025194805428571432,0.06280303033333333,-0.029090909000000005,0.1086363635,0.08199999983333334,-0.001441558238095237,0.0376082249047619,-0.09189393933333334,0.1377272725,0.3,2.0,False,False,True,,,0,DESCRIPTIVE_ONLY
Monitor2026,robustness,22,Strategy,22.0,22_GA_C_2,,trade_weighted,False,0,,False,DESCRIPTIVE_ONLY,-0.180714285875,-0.02946428574999997,-0.38464285725,-0.11595238083333333,0.5442857143333334,0.7250000002083334,0.151250000125,-0.35517857150000004,0.2686904764166667,0.6602380951666668,0.49999999999999994,3.0,False,False,True,,,0,DESCRIPTIVE_ONLY
Monitor2026,robustness,23,Strategy,23.0,23_GA_F_2,,trade_weighted,False,0,,True,DESCRIPTIVE_ONLY,-0.045777777699999994,0.16288888899999998,-0.022222222166666666,0.025185185333333342,0.02111111133333333,0.06688888903333333,0.20866666669999998,-0.18511111116666665,0.04740740750000001,-0.004074074000000011,0.3,2.0,False,False,True,,,0,DESCRIPTIVE_ONLY
Monitor2026,robustness,24,Strategy,24.0,24_GA_D_1,,trade_weighted,False,0,,False,DESCRIPTIVE_ONLY,-0.0644444444,0.1306666664,0.05796296300000001,-0.30592592599999996,0.45,0.5144444444,0.1951111108,-0.07270370339999999,-0.363888889,0.755925926,0.3,2.0,False,False,True,,,0,DESCRIPTIVE_ONLY
Monitor2026,robustness,25,Strategy,25.0,25_AU_China_Demand,,trade_weighted,False,0,,False,DESCRIPTIVE_ONLY,-0.028500000000000015,-0.006250000000000022,-0.10083333333333333,-0.06425,0.12299999999999998,0.1515,0.022249999999999992,-0.09458333333333331,0.03658333333333333,0.18724999999999997,0.19999999999999998,3.0,False,False,True,,,0,DESCRIPTIVE_ONLY
Monitor2026,robustness,26,Strategy,26.0,26_AJ_China_Demand,,trade_weighted,False,0,,False,DESCRIPTIVE_ONLY,0.4982222224,-0.026419753055555543,-0.19,0.704444444,0.235,-0.26322222240000004,-0.5246419754555556,-0.16358024694444445,0.8944444439999999,-0.46944444399999996,0.09999999999999999,1.0,False,False,True,,,0,DESCRIPTIVE_ONLY
Monitor2026,robustness,27,Strategy,27.0,27_EA_China_Demand,,trade_weighted,False,0,,False,DESCRIPTIVE_ONLY,0.013333333500000006,-0.007142857142857158,0.14033333360000003,-0.0007575757272727347,-1.0,-1.0133333335,-0.020476190642857165,0.14747619074285717,-0.14109090932727275,-0.9992424242727272,-0.49999999999999994,1.0,False,False,True,,,0,DESCRIPTIVE_ONLY
Monitor2026,robustness,28,Strategy,28.0,28_GA_China_Demand,,trade_weighted,False,0,,False,DESCRIPTIVE_ONLY,-0.02388888883333334,0.19426666669999998,-0.28955555566666663,0.06899999999999998,-0.21155555566666664,-0.1876666668333333,0.21815555553333332,-0.4838222223666666,0.35855555566666664,-0.2805555556666666,-0.3,2.0,False,False,True,,,0,DESCRIPTIVE_ONLY
Monitor2026,robustness,Portfolio,Group,,,Portfolio,trade_weighted,False,0,,False,DESCRIPTIVE_ONLY,-0.04668820502777777,0.07578752762288136,0.020206230968992253,0.023154268548022595,0.052571082121212136,0.0992592871489899,0.12247573265065914,-0.05558129665388911,0.0029480375790303416,0.02941681357318954,0.39999999999999997,3.0,False,False,True,,,0,DESCRIPTIVE_ONLY
Monitor2026,robustness,Portfolio,Group,,,Portfolio,strategy_equal_weighted,False,0,,False,DESCRIPTIVE_ONLY,,,,,,,,,,,,,False,False,False,,,0,DESCRIPTIVE_ONLY
Monitor2026,robustness,JPY,Group,,,JPY,trade_weighted,False,0,,False,DESCRIPTIVE_ONLY,-0.058350638303571435,0.10388406611888111,0.02480549295384616,0.06859645913253011,0.06496770305504587,0.1233183413586173,0.16223470442245255,-0.07907857316503494,0.04379096617868395,-0.003628756077484238,0.3,2.0,False,False,True,,,0,DESCRIPTIVE_ONLY
Monitor2026,robustness,JPY,Group,,,JPY,strategy_equal_weighted,False,0,,False,DESCRIPTIVE_ONLY,,,,,,,,,,,,,False,False,False,,,0,DESCRIPTIVE_ONLY
Monitor2026,robustness,AUD_nonJPY,Group,,,AUD_nonJPY,trade_weighted,False,0,,False,DESCRIPTIVE_ONLY,-0.030360798441666666,0.03258532326881721,0.015535105515625001,-0.016970218882978713,0.028441944946428568,0.058802743388095234,0.06294612171048387,-0.01705021775319221,-0.032505324398603715,0.045412163829407284,0.3,2.0,False,False,True,,,0,DESCRIPTIVE_ONLY
Monitor2026,robustness,AUD_nonJPY,Group,,,AUD_nonJPY,strategy_equal_weighted,False,0,,False,DESCRIPTIVE_ONLY,,,,,,,,,,,,,False,False,False,,,0,DESCRIPTIVE_ONLY
Monitor2026,robustness,Long,Group,,,Long,trade_weighted,False,0,,False,DESCRIPTIVE_ONLY,-0.02783900094230769,0.06829166732432433,0.039474390825396825,-0.015568041360000005,0.15655578288461539,0.18439478382692306,0.09613066826663202,-0.028817276498927506,-0.05504243218539683,0.1721238242446154,0.6,2.0,False,False,True,,,0,DESCRIPTIVE_ONLY
Monitor2026,robustness,Long,Group,,,Long,strategy_equal_weighted,False,0,,False,DESCRIPTIVE_ONLY,,,,,,,,,,,,,False,False,False,,,0,DESCRIPTIVE_ONLY
Monitor2026,robustness,Short,Group,,,Short,trade_weighted,False,0,,False,DESCRIPTIVE_ONLY,-0.06896453712878788,0.08839420176136364,0.0018138965606060641,0.07344298271428569,-0.12471430934426228,-0.055749772215474405,0.1573587388901515,-0.08658030520075757,0.07162908615367962,-0.19815729205854798,-0.3,2.0,False,False,True,,,0,DESCRIPTIVE_ONLY
Monitor2026,robustness,Short,Group,,,Short,strategy_equal_weighted,False,0,,False,DESCRIPTIVE_ONLY,,,,,,,,,,,,,False,False,False,,,0,DESCRIPTIVE_ONLY
